         1         1   0.0000000000000
         1         2   0.9002710758949
         1         3   1.8006486248882
         1         4   2.7012602552260
         1         5   3.6022343822093
         1         6   4.5037005866394
         1         7   5.4057899537178
         1         8   6.3086353859438
         1         9   7.2123718835913
         1        10   8.1171367864120
         1        11   9.0230699702984
         1        12   9.9303139927630
         1        13  10.8390141812624
         1        14  11.7493186586103
         1        15  12.6613783000128
         1        16  13.5753466166147
         1        17  14.4913795608926
         1        18  15.4096352497688
         1        19  16.3302736019666
         1        20  17.2534558868899
         1        21  18.1793441831924
         1        22  19.1081007462183
         1        23  20.0398872846351
         1        24  20.9748641478591
         1        25  21.9131894272712
         1        26  22.8550179757398
         1        27  23.8005003515861
         1        28  24.7497816948280
         1        29  25.7030005452944
         1        30  26.6602876139789
         1        31  27.6217645207595
         1        32  28.5875425133106
         1        33  29.5577211836118
         1        34  30.5323871998762
         1        35  31.5116130729061
         1        36  32.4954559767965
         1        37  33.4839566444654
         1        38  34.4771383586765
         1        39  35.4750060589542
         1        40  36.4775455840673
         1        41  37.4847230685352
         1        42  38.4964845098929
         1        43  39.5127555212388
         1        44  40.5334412809176
         1        45  41.5584266881011
         1        46  42.5875767295841
         1        47  43.6207370593957
         1        48  44.6577347889232
         1        49  45.6983794812732
         1        50  46.7424643396425
         1        51  47.7897675756732
         1        52  48.8400539402140
         1        53  49.8930763957100
         1        54  50.9485779066904
         1        55  52.0062933225777
         1        56  53.0659513253771
         1        57  54.1272764137375
         1        58  55.1899908944354
         1        59  56.2538168525075
         1        60  57.3184780720219
         1        61  58.3837018807943
         1        62  59.4492208941627
         1        63  60.5147746351668
         1        64  61.5801110110636
         1        65  62.6449876289581
         1        66  63.7091729363693
         1        67  64.7724471756930
         1        68  65.8346031446950
         1        69  66.8954467582999
         1        70  67.9547974099602
         1        71  69.0124881337598
         1        72  70.0683655710608
         1        73  71.1222897479208
         1        74  72.1741336716622
         1        75  73.2237827568418
         1        76  74.2711340924482
         1        77  75.3160955634435
         1        78  76.3585848407690
         1        79  77.3985282546668
         1        80  78.4358595666482
         1        81  79.4705186556860
         1        82  80.5024501342413
         1        83  81.5316019095886
         1        84  82.5579237055978
         1        85  83.5813655596913
         1        86  84.6018763091536
         1        87  85.6194020803464
         1        88  86.6338847936950
         1        89  87.6452606965958
         1        90  88.6534589356483
         1        91  89.6584001788713
         1        92  90.6599952978195
         1        93  91.6581441187985
         1        94  92.6527342516710
         1        95  93.6436400040759
         1        96  94.6307213882350
         1        97  95.6138232268982
         1        98  96.5927743643791
         1        99  97.5673869880467
         1       100  98.5374560650567
         1       101  99.5027588985253
         1       102 100.4630548067462
         1       103 101.4180849284289
         1       104 102.3675721562672
         1       105 103.3112212004263
         1       106 104.2487187827432
         1       107 105.1797339615562
         1       108 106.1039185860924
         1       109 107.0209078782296
         1       110 107.9303211381874
         1       111 108.8317625692528
         1       112 109.7248222149823
         1       113 110.6090770003834
         1       114 111.4840918662964
         1       115 112.3494209834793
         1       116 113.2046090295943
         1       117 114.0491925082135
         1       118 114.8827010838053
         1       119 115.7046588999856
         1       120 116.5145858394765
         1       121 117.3119986721889
         1       122 118.0964120210830
         1       123 118.8673390514789
         1       124 119.6242917543077
         1       125 120.3667806407827
         1       126 121.0943135838999
         1       127 121.8063934113313
         1       128 122.5025136388799
         1       129 123.1821513661398
         1       130 123.8447557025664
         1       131 124.4897288729911
         1       132 125.1163947415128
         1       133 125.7239443787263
         1       134 126.3113364524660
         1       135 126.8770996899060
         1       136 127.4188955466892
         1       137 127.9324025353395
         1       138 128.4079653254418
         1       139 128.8187729487273
         1       140 129.0731276417113

         2         1   0.0000000000000
         2         2   0.8998038453547
         2         3   1.7997145188458
         2         4   2.6998600028938
         2         5   3.6003690926640
         2         6   4.5013717573284
         2         7   5.4029994817494
         2         8   6.3053855821130
         2         9   7.2086654890820
         2        10   8.1129769920930
         2        11   9.0184604385126
         2        12   9.9252588814840
         2        13  10.8335181704619
         2        14  11.7433869786480
         2        15  12.6550167618231
         2        16  13.5685616434208
         2        17  14.4841782211330
         2        18  15.4020252908695
         2        19  16.3222634845371
         2        20  17.2450548188632
         2        21  18.1705621533692
         2        22  19.0989485566111
         2        23  20.0303765809515
         2        24  20.9650074474004
         2        25  21.9030001434713
         2        26  22.8445104385211
         2        27  23.7896898226725
         2        28  24.7386843771322
         2        29  25.6916335854875
         2        30  26.6486690973622
         2        31  27.6099134575937
         2        32  28.5754788158136
         2        33  29.5454656329238
         2        34  30.5199614024027
         2        35  31.4990394055946
         2        36  32.4827575210696
         2        37  33.4711571087332
         2        38  34.4642619895676
         2        39  35.4620775416448
         2        40  36.4645899323364
         2        41  37.4717655054291
         2        42  38.4835503401345
         2        43  39.4998699967554
         2        44  40.5206294610826
         2        45  41.5457132964716
         2        46  42.5749860090689
         2        47  43.6082926278938
         2        48  44.6454594975325
         2        49  45.6862952771667
         2        50  46.7305921356630
         2        51  47.7781271285886
         2        52  48.8286637394200
         2        53  49.8819535639670
         2        54  50.9377381142396
         2        55  51.9957507157158
         2        56  53.0557184702753
         2        57  54.1173642559943
         2        58  55.1804087345488
         2        59  56.2445723371601
         2        60  57.3095772007960
         2        61  58.3751490276798
         2        62  59.4410188429965
         2        63  60.5069246279514
         2        64  61.5726128079557
         2        65  62.6378395786001
         2        66  63.7023720551530
         2        67  64.7659892344986
         2        68  65.8284827616327
         2        69  66.8896574959976
         2        70  67.9493318759829
         2        71  69.0073380828098
         2        72  70.0635220076900
         2        73  71.1177430285861
         2        74  72.1698736050605
         2        75  73.2197987015785
         2        76  74.2674150512117
         2        77  75.3126302729808
         2        78  76.3553618570735
         2        79  77.3955360329112
         2        80  78.4330865355019
         2        81  79.4679532857645
         2        82  80.5000810005310
         2        83  81.5294177477820
         2        84  82.5559134623532
         2        85  83.5795184369041
         2        86  84.6001818023911
         2        87  85.6178500116485
         2        88  86.6324653389954
         2        89  87.6439644080510
         2        90  88.6522767591949
         2        91  89.6573234673541
         2        92  90.6590158200514
         2        93  91.6572540649206
         2        94  92.6519262351908
         2        95  93.6429070609596
         2        96  94.6300569734263
         2        97  95.6132212086323
         2        98  96.5922290166497
         2        99  97.5668929815721
         2       100  98.5370084570820
         2       101  99.5023531217824
         2       102 100.4626866578840
         2       103 101.4177505562136
         2       104 102.3672680498465
         2       105 103.3109441779453
         2       106 104.2484659806019
         2       107 105.1795028246046
         2       108 106.1037068590766
         2       109 107.0207135988315
         2       110 107.9301426320423
         2       111 108.8315984473989
         2       112 109.7246713742874
         2       113 110.6089386276308
         2       114 111.4839654467986
         2       115 112.3493063153535
         2       116 113.2045062452053
         2       117 114.0491021048202
         2       118 114.8826239661985
         2       119 115.7045964390031
         2       120 116.5145399518860
         2       121 117.3119719298284
         2       122 118.0964078007908
         2       123 118.8673617429979
         2       124 119.6243470523152
         2       125 120.3668759617948
         2       126 121.0944586732619
         2       127 121.8066012478611
         2       128 122.5028018208918
         2       129 123.1825443056339
         2       130 123.8452882373476
         2       131 124.4904525020901
         2       132 125.1173890413851
         2       133 125.7253395233706
         2       134 126.3133621048236
         2       135 126.8802048227535
         2       136 127.4240875392338
         2       137 127.9423647271007
         2       138 128.4312924541712
         2       139 128.8879260112697
         2       140 129.3274823346952

         3         1   0.0000000000000
         3         2   0.8984218474491
         3         3   1.7969515571215
         3         4   2.6957182025062
         3         5   3.5948516869637
         3         6   4.4944831134661
         3         7   5.3947451346628
         3         8   6.2957722767619
         3         9   7.1977012307484
         3        10   8.1006711045124
         3        11   9.0048236295373
         3        12   9.9103033159055
         3        13  10.8172575495330
         3        14  11.7258366257474
         3        15  12.6361937135891
         3        16  13.5484847455579
         3        17  14.4628682279515
         3        18  15.3795049674657
         3        19  16.2985577103551
         3        20  17.2201906912035
         3        21  18.1445690892266
         3        22  19.0718583910378
         3        23  20.0022236599543
         3        24  20.9358287132051
         3        25  21.8728352098201
         3        26  22.8134016535267
         3        27  23.7576823166381
         3        28  24.7058260926717
         3        29  25.6579752872535
         3        30  26.6142643587212
         3        31  27.5748186216861
         3        32  28.5397529286080
         3        33  29.5091703461312
         3        34  30.4831608444565
         3        35  31.4618000193285
         3        36  32.4451478672401
         3        37  33.4332476351248
         3        38  34.4261247660832
         3        39  35.4237859625000
         3        40  36.4262183872350
         3        41  37.4333890223679
         3        42  38.4452442032487
         3        43  39.4617093433459
         3        44  40.4826888626279
         3        45  41.5080663290044
         3        46  42.5377048187570
         3        47  43.5714474979896
         3        48  44.6091184230255
         3        49  45.6505235534872
         3        50  46.6954519676233
         3        51  47.7436772654317
         3        52  48.7949591413694
         3        53  49.8490451050617
         3        54  50.9056723255116
         3        55  51.9645695719492
         3        56  53.0254592227115
         3        57  54.0880593124327
         3        58  55.1520855873862
         3        59  56.2172535390199
         3        60  57.2832803865653
         3        61  58.3498869810050
         3        62  59.4167996046133
         3        63  60.4837516426487
         3        64  61.5504851065052
         3        65  62.6167519906289
         3        66  63.6823154486902
         3        67  64.7469507777901
         3        68  65.8104462027795
         3        69  66.8726034560223
         3        70  67.9332381510625
         3        71  68.9921799516088
         3        72  70.0492725399822
         3        73  71.1043733916507
         3        74  72.1573533646674
         3        75  73.2080961147278
         3        76  74.2564973481557
         3        77  75.3024639264216
         3        78  76.3459128367918
         3        79  77.3867700444304
         3        80  78.4249692417313
         3        81  79.4604505108759
         3        82  80.4931589156207
         3        83  81.5230430381358
         3        84  82.5500534763753
         3        85  83.5741413169867
         3        86  84.5952565981891
         3        87  85.6133467763879
         3        88  86.6283552095780
         3        89  87.6402196698324
         3        90  88.6488708964021
         3        91  89.6542312001751
         3        92  90.6562131294795
         3        93  91.6547182064658
         3        94  92.6496357425855
         3        95  93.6408417409874
         3        96  94.6281978929927
         3        97  95.6115506751755
         3        98  96.5907305529621
         3        99  97.5655512960727
         3       100  98.5358094105412
         3       101  99.5012836914670
         3       102 100.4617349000538
         3       103 101.4169055678716
         3       104 102.3665199306221
         3       105 103.3102839929753
         3       106 104.2478857252798
         3       107 105.1789953920892
         3       108 106.1032660115005
         3       109 107.0203339432347
         3       110 107.9298196021862
         3       111 108.8313282928091
         3       112 109.7244511581487
         3       113 110.6087662355475
         3       114 111.4838396089785
         3       115 112.3492266455361
         3       116 113.2044733007269
         3       117 114.0491174737193
         3       118 114.8826903894236
         3       119 115.7047179788912
         3       120 116.5147222226220
         3       121 117.3122224123337
         3       122 118.0967362746551
         3       123 118.8677808837133
         3       124 119.6248732666528
         3       125 120.3675305737224
         3       126 121.0952696381498
         3       127 121.8076056838812
         3       128 122.5040498418856
         3       129 123.1841049958713
         3       130 123.8472592848165
         3       131 124.4929763498711
         3       132 125.1206812158805
         3       133 125.7297409300179
         3       134 126.3194411461910
         3       135 126.8889685149382
         3       136 127.4374396127452
         3       137 127.9641188283043
         3       138 128.4692767822745
         3       139 128.9569388519330
         3       140 129.4423215416419

         4         1   0.0000000000000
         4         2   0.8961221296216
         4         3   1.7923538273730
         4         4   2.6888259664615
         4         5   3.5856702785659
         4         6   4.4830197377421
         4         7   5.3810089245006
         4         8   6.2797743634817
         4         9   7.1794548281769
         4        10   8.0801916061800
         4        11   8.9821287185142
         4        12   9.8854130866709
         4        13  10.7901946411292
         4        14  11.6966263653056
         4        15  12.6048642691263
         4        16  13.5150672867343
         4        17  14.4273970932403
         4        18  15.3420178359317
         4        19  16.2590957759585
         4        20  17.1787988372505
         4        21  18.1012960602771
         4        22  19.0267569592658
         4        23  19.9553507826422
         4        24  20.8872456777455
         4        25  21.8226077623173
         4        26  22.7616001068407
         4        27  23.7043816335137
         4        28  24.6511059394587
         4        29  25.6019200536706
         4        30  26.5569631391559
         4        31  27.5163651536772
         4        32  28.4802454844392
         4        33  29.4487115738818
         4        34  30.4218575554189
         4        35  31.3997629194186
         4        36  32.3824912308827
         4        37  33.3700889210977
         4        38  34.3625841759187
         4        39  35.3599859432610
         4        40  36.3622830817654
         4        41  37.3694436714301
         4        42  38.3814145052615
         4        43  39.3981207786792
         4        44  40.4194659905464
         4        45  41.4453320663383
         4        46  42.4755797101678
         4        47  43.5100489882564
         4        48  44.5485601420789
         4        49  45.5909146249355
         4        50  46.6368963512544
         4        51  47.6862731436289
         4        52  48.7387983585749
         4        53  49.7942126683803
         4        54  50.8522459733102
         4        55  51.9126194159178
         4        56  52.9750474673562
         4        57  54.0392400544281
         4        58  55.1049046956614
         4        59  56.1717486149526
         4        60  57.2394808022408
         4        61  58.3078139922071
         4        62  59.3764665340724
         4        63  60.4451641281075
         4        64  61.5136414073812
         4        65  62.5816433464612
         4        66  63.6489264821556
         4        67  64.7152599348513
         4        68  65.7804262224733
         4        69  66.8442218624935
         4        70  67.9064577606768
         4        71  68.9669593883232
         4        72  70.0255667525834
         4        73  71.0821341669806
         4        74  72.1365298315113
         4        75  73.1886352336371
         4        76  74.2383443830864
         4        77  75.2855628946862
         4        78  76.3302069344306
         4        79  77.3722020446961
         4        80  78.4114818649412
         4        81  79.4479867644170
         4        82  80.4816624033799
         4        83  81.5124582390758
         4        84  82.5403259923802
         4        85  83.5652180904596
         4        86  84.5870861001964
         4        87  85.6058791664157
         4        88  86.6215424681890
         4        89  87.6340157057011
         4        90  88.6432316293480
         4        91  89.6491146219297
         4        92  90.6515793439977
         4        93  91.6505294516443
         4        94  92.6458563952719
         4        95  93.6374383071660
         4        96  94.6251389850130
         4        97  95.6088069778547
         4        98  96.5882747803479
         4        99  97.5633581405944
         4       100  98.5338554862194
         4       101  99.4995474727880
         4       102 100.4601966580558
         4       103 101.4155473049392
         4       104 102.3653253154411
         4       105 103.3092382970804
         4       106 104.2469757626236
         4       107 105.1782094630963
         4       108 106.1025938531411
         4       109 107.0197666867828
         4       110 107.9293497405289
         4       111 108.8309496594698
         4       112 109.7241589206162
         4       113 110.6085569061025
         4       114 111.4837110770511
         4       115 112.3491782367970
         4       116 113.2045058697524
         4       117 114.0492335393633
         4       118 114.8828943252798
         4       119 115.7050162758675
         4       120 116.5151238473648
         4       121 117.3127392950772
         4       122 118.0973839747207
         4       123 118.8685795030501
         4       124 119.6258487159742
         4       125 120.3687163494957
         4       126 121.0967093549025
         4       127 121.8093567478525
         4       128 122.5061888900507
         4       129 123.1867361343053
         4       130 123.8505268831582
         4       131 124.4970854492430
         4       132 125.1259309774884
         4       133 125.7365808497685
         4       134 126.3285672201710
         4       135 126.9014876582641
         4       136 127.4551386339321
         4       137 127.9898369112016
         4       138 128.5071197962617
         4       139 129.0110124955496
         4       140 129.5097609563394

         5         1   0.0000000000000
         5         2   0.8928998571055
         5         3   1.7859116479161
         5         4   2.6791687401902
         5         5   3.5728054002909
         5         6   4.4669571969823
         5         7   5.3617613851955
         5         8   6.2573572631059
         5         9   7.1538864958678
         5        10   8.0514933993728
         5        11   8.9503251774354
         5        12   9.8505321058732
         5        13  10.7522676570546
         5        14  11.6556885586354
         5        15  12.5609547804156
         5        16  13.4682294435322
         5        17  14.3776786465691
         5        18  15.2894712036331
         5        19  16.2037782900218
         5        20  17.1207729918161
         5        21  18.0406297565693
         5        22  18.9635237432538
         5        23  19.8896300707738
         5        24  20.8191229656572
         5        25  21.7521748110074
         5        26  22.6889551004249
         5        27  23.6296293023788
         5        28  24.5743576424191
         5        29  25.5232938126284
         5        30  26.4765836198035
         5        31  27.4343635859742
         5        32  28.3967595169721
         5        33  29.3638850567869
         5        34  30.3358402473344
         5        35  31.3127101149301
         5        36  32.2945633061431
         5        37  33.2814507967152
         5        38  34.2734046978065
         5        39  35.2704371838815
         5        40  36.2725395660484
         5        41  37.2796815335388
         5        42  38.2918105842614
         5        43  39.3088516629690
         5        44  40.3307070225627
         5        45  41.3572563204844
         5        46  42.3883569580713
         5        47  43.4238446662854
         5        48  44.4635343364874
         5        49  45.5072210900528
         5        50  46.5546815757568
         5        51  47.6056754791511
         5        52  48.6599472237577
         5        53  49.7172278399459
         5        54  50.7772369739685
         5        55  51.8396850068998
         5        56  52.9042752512125
         5        57  53.9707061915023
         5        58  55.0386737354189
         5        59  56.1078734411883
         5        60  57.1780026891594
         5        61  58.2487627665283
         5        62  59.3198608366921
         5        63  60.3910117674774
         5        64  61.4619397956712
         5        65  62.5323800087449
         5        66  63.6020796283068
         5        67  64.6707990835434
         5        68  65.7383128666195
         5        69  66.8044101656238
         5        70  67.8688952740962
         5        71  68.9315877793971
         5        72  69.9923225351330
         5        73  71.0509494254990
         5        74  72.1073329317175
         5        75  73.1613515127308
         5        76  74.2128968139423
         5        77  75.2618727190967
         5        78  76.3081942613709
         5        79  77.3517864104138
         5        80  78.3925827524672
         5        81  79.4305240808351
         5        82  80.4655569138806
         5        83  81.4976319574469
         5        84  82.5267025281494
         5        85  83.5527229534061
         5        86  84.5756469633831
         5        87  85.5954260892667
         5        88  86.6120080814536
         5        89  87.6253353603964
         5        90  88.6353435119800
         5        91  89.6419598384395
         5        92  90.6451019749911
         5        93  91.6446765815256
         5        94  92.6405781179335
         5        95  93.6326877108821
         5        96  94.6208721191576
         5        97  95.6049828040126
         5        98  96.5848551103182
         5        99  97.5603075637064
         5       100  98.5311412882927
         5       101  99.4971395489777
         5       102 100.4580674217377
         5       103 101.4136715947111
         5       104 102.3636803022526
         5       105 103.3078033934651
         5       106 104.2457325359948
         5       107 105.1771415551013
         5       108 106.1016869071536
         5       109 107.0190082857692
         5       110 107.9287293577736
         5       111 108.8304586250156
         5       112 109.7237904068091
         5       113 110.6083059363792
         5       114 111.4835745631509
         5       115 112.3491550510266
         5       116 113.2045969609331
         5       117 114.0494421038797
         5       118 114.8832260485414
         5       119 115.7054796649968
         5       120 116.5157306837458
         5       121 117.3135052466691
         5       122 118.0983294244500
         5       123 118.8697306738105
         5       124 119.6272392089692
         5       125 120.3703892675198
         5       126 121.0987202663945
         5       127 121.8117778784097
         5       128 122.5091151332399
         5       129 123.1902937963844
         5       130 123.8548865807404
         5       131 124.5024813456862
         5       132 125.1326896252729
         5       133 125.7451641372140
         5       134 126.3396342785857
         5       135 126.9159762757909
         5       136 127.4743461429202
         5       137 128.0154136187415
         5       138 128.5407159576515
         5       139 129.0530114958645
         5       140 129.5565314030083

         6         1   0.0000000000000
         6         2   0.8887483917088
         6         3   1.7776117251806
         6         4   2.6667265380699
         6         5   3.5562303183766
         6         6   4.4462619339085
         6         7   5.3369620414761
         6         8   6.2284734690573
         6         9   7.1209415641582
         6        10   8.0145145015877
         6        11   8.9093435438734
         6        12   9.8055832475782
         6        13  10.7033916088390
         6        14  11.6029301415618
         6        15  12.5043638818727
         6        16  13.4078613126571
         6        17  14.3135942023483
         6        18  15.2217373525380
         6        19  16.1324682495272
         6        20  17.0459666155940
         6        21  17.9624138565714
         6        22  18.8819924032970
         6        23  19.8048849456328
         6        24  20.7312735590748
         6        25  21.6613387254682
         6        26  22.5952582510281
         6        27  23.5332060867193
         6        28  24.4753510580705
         6        29  25.4218555136523
         6        30  26.3728739037111
         6        31  27.3285513027831
         6        32  28.2890218924491
         6        33  29.2544074226829
         6        34  30.2248156724120
         6        35  31.2003389318720
         6        36  32.1810525310050
         6        37  33.1670134394452
         6        38  34.1582589644514
         6        39  35.1548055734142
         6        40  36.1566478672043
         6        41  37.1637577295875
         6        42  38.1760836761639
         6        43  39.1935504238030
         6        44  40.2160586983372
         6        45  41.2434852944135
         6        46  42.2756833969577
         6        47  43.3124831687880
         6        48  44.3536926036706
         6        49  45.3990986386829
         6        50  46.4484685143258
         6        51  47.5015513655661
         6        52  48.5580800220783
         6        53  49.6177729915356
         6        54  50.6803365960275
         6        55  51.7454672286524
         6        56  52.8128536951352
         6        57  53.8821796039979
         6        58  54.9531257683713
         6        59  56.0253725829619
         6        60  57.0986023409227
         6        61  58.1725014573466
         6        62  59.2467625687104
         6        63  60.3210864807285
         6        64  61.3951839406257
         6        65  62.4687772136659
         6        66  63.5416014477826
         6        67  64.6134058142228
         6        68  65.6839544161392
         6        69  66.7530269609660
         6        70  67.8204191961024
         6        71  68.8859431108577
         6        72  69.9494269107296
         6        73  71.0107147728538
         6        74  72.0696663938747
         6        75  73.1261563435166
         6        76  74.1800732387969
         6        77  75.2313187551197
         6        78  76.2798064914431
         6        79  77.3254607073414
         6        80  78.3682149501220
         6        81  79.4080105902241
         6        82  80.4447952829653
         6        83  81.4785213743382
         6        84  82.5091442680283
         6        85  83.5366207701600
         6        86  84.5609074275035
         6        87  85.5819588740314
         6        88  86.5997261998115
         6        89  87.6141553552992
         6        90  88.6251856031560
         6        91  89.6327480287995
         6        92  90.6367641199832
         6        93  91.6371444248381
         6        94  92.6337872969767
         6        95  93.6265777354708
         6        96  94.6153863267762
         6        97  95.6000682949711
         6        98  96.5804626660169
         6        99  97.5563915511190
         6       100  98.5276595536562
         6       101  99.4940533035594
         6       102 100.4553411224287
         6       103 101.4112728220880
         6       104 102.3615796386583
         6       105 103.3059743035943
         6       106 104.2441512524430
         6       107 105.1757869713520
         6       108 106.1005404805639
         6       109 107.0180539532741
         6       110 107.9279534672988
         6       111 108.8298498859915
         6       112 109.7233398637651
         6       113 110.6080069704160
         6       114 111.4834229272282
         6       115 112.3491489465668
         6       116 113.2047371653898
         6       117 114.0497321618644
         6       118 114.8836725431630
         6       119 115.7060925916865
         6       120 116.5165239566723
         6       121 117.3144973788282
         6       122 118.0995444380355
         6       123 118.8711993195439
         6       124 119.6290006046420
         6       125 120.3724931113179
         6       126 121.1012298455685
         6       127 121.8147741863499
         6       128 122.5127025369506
         6       129 123.1946078679431
         6       130 123.8601049116816
         6       131 124.5088383437106
         6       132 125.1404962508855
         6       133 125.7548327248593
         6       134 126.3517056370654
         6       135 126.9311381276078
         6       136 127.4934128525275
         6       137 128.0391995725033
         6       138 128.5696825473553
         6       139 129.0865676687665
         6       140 129.5921760835973

         7         1   0.0000000000000
         7         2   0.8836594006429
         7         3   1.7674373712153
         7         4   2.6514742693222
         7         5   3.5359114663423
         7         6   4.4208918083909
         7         7   5.3065600567554
         7         8   6.1930633009300
         7         9   7.0805513373354
         7        10   7.9691770067738
         7        11   8.8590964836397
         7        12   9.7504695098976
         7        13  10.6434595668547
         7        14  11.5382339778148
         7        15  12.4349639348082
         7        16  13.3338244427727
         7        17  14.2349941748204
         7        18  15.1386552325879
         7        19  16.0449928061463
         7        20  16.9541947285633
         7        21  17.8664509209777
         7        22  18.7819527249865
         7        23  19.7008921202688
         7        24  20.6234608266959
         7        25  21.5498492917044
         7        26  22.4802455654568
         7        27  23.4148340682604
         7        28  24.3537942568704
         7        29  25.2972991986327
         7        30  26.2455140648996
         7        31  27.1985945577424
         7        32  28.1566852866211
         7        33  29.1199181142967
         7        34  30.0884104937980
         7        35  31.0622638205960
         7        36  32.0415618261872
         7        37  33.0263690409449
         7        38  34.0167293552490
         7        39  35.0126647084515
         7        40  36.0141739350821
         7        41  37.0212317967711
         7        42  38.0337882266114
         7        43  39.0517678100780
         7        44  40.0750695231834
         7        45  41.1035667443191
         7        46  42.1371075513100
         7        47  43.1755153097127
         7        48  44.2185895524816
         7        49  45.2661071449906
         7        50  46.3178237232419
         7        51  47.3734753871141
         7        52  48.4327806249164
         7        53  49.4954424405028
         7        54  50.5611506499291
         7        55  51.6295843112316
         7        56  52.7004142484643
         7        57  53.7733056296998
         7        58  54.8479205582809
         7        59  55.9239206371798
         7        60  57.0009694678092
         7        61  58.0787350469333
         7        62  59.1568920283433
         7        63  60.2351238195401
         7        64  61.3131244876874
         7        65  62.3906004534009
         7        66  63.4672719554116
         7        67  64.5428742736344
         7        68  65.6171587025997
         7        69  66.6898932714500
         7        70  67.7608632106936
         7        71  68.8298711695876
         7        72  69.8967371913321
         7        73  70.9612984561736
         7        74  72.0234088050286
         7        75  73.0829380583252
         7        76  74.1397711464471
         7        77  75.1938070694520
         7        78  76.2449577046556
         7        79  77.2931464812462
         7        80  78.3383069413547
         7        81  79.3803812069929
         7        82  80.4193183720090
         7        83  81.4550728377518
         7        84  82.4876026104945
         7        85  83.5168675779018
         7        86  84.5428277809489
         7        87  85.5654416967524
         7        88  86.5846645467790
         7        89  87.6004466438820
         7        90  88.6127317905924
         7        91  89.6214557400964
         7        92  90.6265447303481
         7        93  91.6279141008387
         7        94  92.6254670006546
         7        95  93.6190931956202
         7        96  94.6086679815354
         7        97  95.5940512097861
         7        98  96.5750864309130
         7        99  97.5516001610777
         7       100  98.5234012757415
         7       101  99.4902805342809
         7       102 100.4520102386756
         7       103 101.4083440288201
         7       104 102.3590168164200
         7       105 103.3037448588165
         7       106 104.2422259734435
         7       107 105.1741398929359
         7       108 106.0991487601885
         7       109 107.0168977618878
         7       110 107.9270158982184
         7       111 108.8291168855805
         7       112 109.7228001882514
         7       113 110.6076521740020
         7       114 111.4832473877661
         7       115 112.3491499366039
         7       116 113.2049149784553
         7       117 114.0500903066677
         7       118 114.8842180221432
         7       119 115.7068362854484
         7       120 116.5174811427304
         7       121 117.3156884224001
         7       122 118.1009957052282
         7       123 118.8729443802645
         7       124 119.6310818152639
         7       125 120.3749636969661
         7       126 121.1041566398156
         7       127 121.8182412313037
         7       128 122.5168157932164
         7       129 123.1995013132453
         7       130 123.8659482718507
         7       131 124.5158464912977
         7       132 125.1489396905473
         7       133 125.7650470930627
         7       134 126.3640949350406
         7       135 126.9461602354755
         7       136 127.5115257362161
         7       137 128.0607346653635
         7       138 128.5946117919753
         7       139 129.1141831258733
         7       140 129.6208730517002

         8         1   0.0000000000000
         8         2   0.8776229946120
         8         3   1.7553687796840
         8         4   2.6333821515718
         8         5   3.5118089955986
         8         6   4.3907967844078
         8         7   5.2704950555317
         8         8   6.1510558611827
         8         9   7.0326341832045
         8        10   7.9153883060484
         8        11   8.7994801405669
         8        12   9.6850754913559
         8        13  10.5723442603361
         8        14  11.4614605792585
         8        15  12.3526028638623
         8        16  13.2459537825154
         8        17  14.1417001323578
         8        18  15.0400326162528
         8        19  15.9411455142571
         8        20  16.8452362438684
         8        21  17.7525048040208
         8        22  18.6631530986877
         8        23  19.5773841370551
         8        24  20.4954011085438
         8        25  21.4174063325192
         8        26  22.3436000843313
         8        27  23.2741793013821
         8        28  24.2093361752223
         8        29  25.1492566382085
         8        30  26.0941187559906
         8        31  27.0440910399970
         8        32  27.9993306970874
         8        33  28.9599818365820
         8        34  29.9261736578489
         8        35  30.8980186444536
         8        36  31.8756107934051
         8        37  32.8590239101648
         8        38  33.8483100016729
         8        39  34.8434978005677
         8        40  35.8445914539054
         8        41  36.8515694089333
         8        42  37.8643835267477
         8        43  38.8829584519455
         8        44  39.9071912626595
         8        45  40.9369514206926
         8        46  41.9720810359485
         8        47  43.0123954531266
         8        48  44.0576841619041
         8        49  45.1077120247903
         8        50  46.1622208097400
         8        51  47.2209310077249
         8        52  48.2835439090118
         8        53  49.3497439061322
         8        54  50.4192009866244
         8        55  51.4915733747635
         8        56  52.5665102787493
         8        57  53.6436546982698
         8        58  54.7226462469867
         8        59  55.8031239452579
         8        60  56.8847289402350
         8        61  57.9671071132216
         8        62  59.0499115377138
         8        63  60.1328047557001
         8        64  61.2154608444098
         8        65  62.2975672506033
         8        66  63.3788263745377
         8        67  64.4589568907731
         8        68  65.5376947978914
         8        69  66.6147941938634
         8        70  67.6900277781553
         8        71  68.7631870856268
         8        72  69.8340824608158
         8        73  70.9025427842867
         8        74  71.9684149653356
         8        75  73.0315632174981
         8        76  74.0918681350063
         8        77  75.1492255896028
         8        78  76.2035454679953
         8        79  77.2547502707247
         8        80  78.3027735933902
         8        81  79.3475585110481
         8        82  80.3890558862261
         8        83  81.4272226204035
         8        84  82.4620198680491
         8        85  83.4934112314095
         8        86  84.5213609532432
         8        87  85.5458321236278
         8        88  86.5667849158567
         8        89  87.5841748653219
         8        90  88.5979512041536
         8        91  89.6080552632982
         8        92  90.6144189526557
         8        93  91.6169633288881
         8        94  92.6155972595593
         8        95  93.6102161913696
         8        96  94.6007010294188
         8        97  95.5869171336520
         8        98  96.5687134379242
         8        99  97.5459216964457
         8       100  98.5183558617353
         8       101  99.4858115976059
         8       102 100.4480659301241
         8       103 101.4048770389087
         8       104 102.3559841905640
         8       105 103.3011078154524
         8       106 104.2399497284151
         8       107 105.1721934934134
         8       108 106.0975049314132
         8       109 107.0155327701389
         8       110 107.9259094336157
         8       111 108.8282519686814
         8       112 109.7221631049185
         8       113 110.6072324437509
         8       114 111.4830377718107
         8       115 112.3491464931723
         8       116 113.2051171747627
         8       117 114.0505011993224
         8       118 114.8848445209027
         8       119 115.7076895193358
         8       120 116.5185769528284
         8       121 117.3170480124413
         8       122 118.1026464896898
         8       123 118.8749210802358
         8       124 119.6334278647747
         8       125 120.3777330358328
         8       126 121.1074159807649
         8       127 121.8220728929634
         8       128 122.5213211731366
         8       129 123.2048050093111
         8       130 123.8722026939202
         8       131 124.5232364418610
         8       132 125.1576856705942
         8       133 125.7754047607791
         8       134 126.3763459229737
         8       135 126.9605863280438
         8       136 127.5283550749024
         8       137 128.0800486503261
         8       138 128.6162132824064
         8       139 129.1374641323518
         8       140 129.6447869564152

         9         1   0.0000000000000
         9         2   0.8706278941643
         9         3   1.7413833583595
         9         4   2.6124162090993
         9         5   3.4838774388804
         9         6   4.3559197578700
         9         7   5.2286981145752
         9         8   6.1023701883856
         9         9   6.9770968467762
         9        10   7.8530425598421
         9        11   8.7303757647141
         9        12   9.6092691722801
         9        13  10.4899000085334
         9        14  11.3724501827827
         9        15  12.2571063749217
         9        16  13.1440600339722
         9        17  14.0335072802078
         9        18  14.9256487033588
         9        19  15.8206890497129
         9        20  16.7188367913832
         9        21  17.6203035716475
         9        22  18.5253035210892
         9        23  19.4340524403235
         9        24  20.3467668463948
         9        25  21.2636628815023
         9        26  22.1849550845743
         9        27  23.1108550283735
         9        28  24.0415698272816
         9        29  24.9773005236702
         9        30  25.9182403637986
         9        31  26.8645729774389
         9        32  27.8164704788704
         9        33  28.7740915104173
         9        34  29.7375792532363
         9        35  30.7070594334667
         9        36  31.6826383550058
         9        37  32.6644009929008
         9        38  33.6524091835074
         9        39  34.6466999489788
         9        40  35.6472839941713
         9        41  36.6541444135459
         9        42  37.6672356440021
         9        43  38.6864826967439
         9        44  39.7117806972323
         9        45  40.7429947570750
         9        46  41.7799601954447
         9        47  42.8224831204851
         9        48  43.8703413733646
         9        49  44.9232858294605
         9        50  45.9810420428796
         9        51  47.0433122124748
         9        52  48.1097774399885
         9        53  49.1801002442364
         9        54  50.2539272895669
         9        55  51.3308922823852
         9        56  52.4106189864373
         9        57  53.4927243058594
         9        58  54.5768213847137
         9        59  55.6625226727803
         9        60  56.7494429096368
         9        61  57.8372019823822
         9        62  58.9254276165665
         9        63  60.0137578647624
         9        64  61.1018433625793
         9        65  62.1893493275557
         9        66  63.2759572821079
         9        67  64.3613664873934
         9        68  65.4452950804242
         9        69  66.5274809119333
         9        70  67.6076820872613
         9        71  68.6856772168281
         9        72  69.7612653865473
         9        73  70.8342658618009
         9        74  71.9045175413227
         9        75  72.9718781795404
         9        76  74.0362233976293
         9        77  75.0974455047563
         9        78  76.1554521517869
         9        79  77.2101648401225
         9        80  78.2615173083799
         9        81  79.3094538193677
         9        82  80.3539273692865
         9        83  81.3948978403474
         9        84  82.4323301170869
         9        85  83.4661921856105
         9        86  84.4964532338531
         9        87  85.5230817697366
         9        88  86.5460437728625
         9        89  87.5653008941276
         9        90  88.5808087164193
         9        91  89.5925150883411
         9        92  90.6003585417696
         9        93  91.6042668029471
         9        94  92.6041554057842
         9        95  93.5999264150897
         9        96  94.5914672665523
         9        97  95.5786497294802
         9        98  96.5613289975455
         9        99  97.5393429120799
         9       100  98.5125113218169
         9       101  99.4806355823632
         9       102 100.4434981980973
         9       103 101.4008626086304
         9       104 102.3524731214089
         9       105 103.2980549914789
         9       106 104.2373146488725
         9       107 105.1699400734945
         9       108 106.0956013167967
         9       109 107.0139511689144
         9       110 107.9246259693277
         9       111 108.8272465584934
         9       112 109.7214193673097
         9       113 110.6067376407523
         9       114 111.4827827916010
         9       115 112.3491258799433
         9       116 113.2053292141825
         9       117 114.0509480697469
         9       118 114.8855325227826
         9       119 115.7086293981088
         9       120 116.5197843340199
         9       121 117.3185439716956
         9       122 118.1044582848322
         9       123 118.8770830767311
         9       124 119.6359826889721
         9       125 120.3807329899198
         9       126 121.1109247450390
         9       127 121.8261675168699
         9       128 122.5260943022972
         9       129 123.2103671872112
         9       130 123.8786843747291
         9       131 124.5307889963113
         9       132 125.1664800841496
         9       133 125.7856258452812
         9       134 126.3881787160574
         9       135 126.9741902671719
         9       136 127.5438215334964
         9       137 128.0973407596784
         9       138 128.6350971011233
         9       139 129.1574593355453
         9       140 129.6651857283211

        10         1   0.0000000000000
        10         2   0.8626616230848
        10         3   1.7254561156882
        10         4   2.5885388521670
        10         5   3.4520664817230
        10         6   4.3161975194068
        10         7   5.1810929159229
        10         8   6.0469165990216
        10         9   6.9138359791227
        10        10   7.7820224116510
        10        11   8.6516516083812
        10        12   9.5229039898988
        10        13  10.3959649710972
        10        14  11.2710251714610
        10        15  12.1482805417460
        10        16  13.0279323985802
        10        17  13.9101873584919
        10        18  14.7952571629474
        10        19  15.6833583861785
        10        20  16.5747120179261
        10        21  17.4695429137497
        10        22  18.3680791062900
        10        23  19.2705509718542
        10        24  20.1771902479525
        10        25  21.0882288989839
        10        26  22.0038978291759
        10        27  22.9244254441468
        10        28  23.8500360650958
        10        29  24.7809482026307
        10        30  25.7173727006072
        10        31  26.6595107640335
        10        32  27.6075518890455
        10        33  28.5616717170813
        10        34  29.5220298395876
        10        35  30.4887675837254
        10        36  31.4620058134512
        10        37  32.4418427838442
        10        38  33.4283520894391
        10        39  34.4215807493840
        10        40  35.4215474732973
        10        41  36.4282411515404
        10        42  37.4416196121337
        10        43  38.4616086836031
        10        44  39.4881015986408
        10        45  40.5209587676220
        10        46  41.5600079438733
        10        47  42.6050447943256
        10        48  43.6558338800851
        10        49  44.7121100418446
        10        50  45.7735801753080
        10        51  46.8399253722937
        10        52  47.9108033943105
        10        53  48.9858514374881
        10        54  50.0646891411139
        10        55  51.1469217868773
        10        56  52.2321436324156
        10        57  53.3199413209363
        10        58  54.4098973085490
        10        59  55.5015932523660
        10        60  56.5946133052883
        10        61  57.6885472674502
        10        62  58.7829935493562
        10        63  59.8775619075231
        10        64  60.9718759197296
        10        65  62.0655751735086
        10        66  63.1583171481096
        10        67  64.2497787766040
        10        68  65.3396576809636
        10        69  66.4276730786817
        10        70  67.5135663647438
        10        71  68.5971013774214
        10        72  69.6780643604227
        10        73  70.7562636373844
        10        74  71.8315290175178
        10        75  72.9037109534666
        10        76  73.9726794741124
        10        77  75.0383229162270
        10        78  76.1005464795577
        10        79  77.1592706301952
        10        80  78.2144293769699
        10        81  79.2659684451889
        10        82  80.3138433713378
        10        83  81.3580175414464
        10        84  82.3984601947359
        10        85  83.4351444129349
        10        86  84.4680451143485
        10        87  85.4971370703872
        10        88  86.5223929608760
        10        89  87.5437814830691
        10        90  88.5612655279332
        10        91  89.5748004359397
        10        92  90.5843323433470
        10        93  91.5897966287610
        10        94  92.5911164686486
        10        95  93.5882015094469
        10        96  94.5809466629573
        10        97  95.5692310308424
        10        98  96.5529169632438
        10        99  97.5318492558098
        10       100  98.5058544887463
        10       101  99.4747405108833
        10       102 100.4382960711617
        10       103 101.3962905993916
        10       104 102.3484741375898
        10       105 103.2945774226790
        10       106 104.2343121207993
        10       107 105.1673712129543
        10       108 106.0934295311748
        10       109 107.0121444438492
        10       110 107.9231566883318
        10       111 108.8260913484345
        10       112 109.7205589739347
        10       113 110.6061568388517
        10       114 111.4824703349828
        10       115 112.3490744971446
        10       116 113.2055356568052
        10       117 114.0514132214796
        10       118 114.8862615785558
        10       119 115.7096321243740
        10       120 116.5210754227305
        10       121 117.3201435019413
        10       122 118.1063923067506
        10       123 118.8793843313963
        10       124 119.6386914738630
        10       125 120.3838981696026
        10       126 121.1146048863723
        10       127 121.8304320901119
        10       128 122.5310248227404
        10       129 123.2160580599580
        10       130 123.8852430261033
        10       131 124.5383346051233
        10       132 125.1751398504850
        10       133 125.7955272804951
        10       134 126.3994360375602
        10       135 126.9868829819047
        10       136 127.5579643822457
        10       137 128.1128473990318
        10       138 128.6517460714954
        10       139 129.1748789985979
        10       140 129.6828790886923

        11         1   0.0000000000000
        11         2   0.8537107273898
        11         3   1.7075600985538
        11         4   2.5617095331435
        11         5   3.4163218363325
        11         6   4.2715618451364
        11         7   5.1275970534339
        11         8   5.9845982083940
        11         9   6.8427398708311
        11        10   7.7022009317873
        11        11   8.5631650773933
        11        12   9.4258211937923
        11        13  10.2903637036294
        11        14  11.1569928253419
        11        15  12.0259147462292
        11        16  12.8973417000727
        11        17  13.7714919399227
        11        18  14.6485895966083
        11        19  15.5288644135793
        11        20  16.4125513488911
        11        21  17.2998900355311
        11        22  18.1911240918989
        11        23  19.0865002751270
        11        24  19.9862674711182
        11        25  20.8906755167100
        11        26  21.7999738513056
        11        27  22.7144099976601
        11        28  23.6342278743149
        11        29  24.5596659454365
        11        30  25.4909552175403
        11        31  26.4283170967330
        11        32  27.3719611246434
        11        33  28.3220826160372
        11        34  29.2788602261139
        11        35  30.2424534805064
        11        36  31.2130003058558
        11        37  32.1906146032908
        11        38  33.1753839109601
        11        39  34.1673672046825
        11        40  35.1665928875374
        11        41  36.1730570195708
        11        42  37.1867218375472
        11        43  38.2075146116829
        11        44  39.2353268814958
        11        45  40.2700141063242
        11        46  41.3113957578391
        11        47  42.3592558722320
        11        48  43.4133440690390
        11        49  44.4733770321638
        11        50  45.5390404370629
        11        51  46.6099912967282
        11        52  47.6858606885369
        11        53  48.7662568146607
        11        54  49.8507683409120
        11        55  50.9389679529132
        11        56  52.0304160644916
        11        57  53.1246646112695
        11        58  54.2212608625035
        11        59  55.3197511861834
        11        60  56.4196847060245
        11        61  57.5206167940099
        11        62  58.6221123482625
        11        63  59.7237488129507
        11        64  60.8251189043468
        11        65  61.9258330147925
        11        66  63.0255212739199
        11        67  64.1238352538362
        11        68  65.2204493119174
        11        69  66.3150615712496
        11        70  67.4073945445184
        11        71  68.4971954122083
        11        72  69.5842359703208
        11        73  70.6683122664443
        11        74  71.7492439459269
        11        75  72.8268733321589
        11        76  73.9010642665977
        11        77  74.9717007352278
        11        78  76.0386853086958
        11        79  77.1019374234545
        11        80  78.1613915309523
        11        81  79.2169951412790
        11        82  80.2687067867702
        11        83  81.3164939299518
        11        84  82.3603308389082
        11        85  83.4001964517368
        11        86  84.4360722502473
        11        87  85.4679401615166
        11        88  86.4957805043430
        11        89  87.5195699960991
        11        90  88.5392798339703
        11        91  89.5548738631138
        11        92  90.5663068428936
        11        93  91.5735228210488
        11        94  92.5764536244464
        11        95  93.5750174739571
        11        96  94.5691177299687
        11        97  95.5586417741299
        11        98  96.5434600320647
        11        99  97.5234251410404
        11       100  98.4983712658712
        11       101  99.4681135657030
        11       102 100.4324478137374
        11       103 101.3911501714014
        11       104 102.3439771179442
        11       105 103.2906655359361
        11       106 104.2309329526525
        11       107 105.1644779368312
        11       108 106.0909806498104
        11       109 107.0101035495727
        11       110 107.9214922457610
        11       111 108.8247765032948
        11       112 109.7195713918394
        11       113 110.6054785780875
        11       114 111.4820877576558
        11       115 112.3489782234452
        11       116 113.2057205676396
        11       117 114.0518785152531
        11       118 114.8870108884063
        11       119 115.7106737025225
        11       120 116.5224223986063
        11       121 117.3218142199785
        11       122 118.1084107476106
        11       123 118.8817806158339
        11       124 119.6415024399288
        11       125 120.3871679988977
        11       126 121.1183857299708
        11       127 121.8347846042992
        11       128 122.5360184618520
        11       129 123.2217708800036
        11       130 123.8917606208637
        11       131 124.5457476245249
        11       132 125.1835393558307
        11       133 125.8049970288937
        11       134 126.4100407880749
        11       135 126.9986523164824
        11       136 127.5708726818729
        11       137 128.1267928379512
        11       138 128.6665347010462
        11       139 129.1902229415256
        11       140 129.6984174199468

        12         1   0.0000000000000
        12         2   0.8437610182609
        12         3   1.6876668779322
        12         4   2.5318854744925
        12         5   3.3765862113328
        12         6   4.2219407073709
        12         7   5.0681234833858
        12         8   5.9153126197291
        12         9   6.7636903778421
        12        10   7.6134437777236
        12        11   8.4647651231708
        12        12   9.3178524662615
        12        13  10.1729100021648
        12        14  11.0301483849784
        12        15  11.8897849549093
        12        16  12.7520438667586
        12        17  13.6171561093625
        12        18  14.4853594054120
        12        19  15.3568979809530
        12        20  16.2320221938929
        12        21  17.1109880110483
        12        22  17.9940563237208
        12        23  18.8814920925102
        12        24  19.7735633131517
        12        25  20.6705397966185
        12        26  21.5726917586494
        12        27  22.4802882162654
        12        28  23.3935951917956
        12        29  24.3128737284522
        12        30  25.2383777256035
        12        31  26.1703516065682
        12        32  27.1090278369520
        12        33  28.0546243171900
        12        34  29.0073416789096
        12        35  29.9673605208244
        12        36  30.9348386258808
        12        37  31.9099082070426
        12        38  32.8926732341100
        12        39  33.8832068979941
        12        40  34.8815492715783
        12        41  35.8877052273614
        12        42  36.9016426712274
        12        43  37.9232911487090
        12        44  38.9525408748952
        12        45  39.9892422316929
        12        46  41.0332057666206
        12        47  42.0842027159790
        12        48  43.1419660625005
        12        49  44.2061921239588
        12        50  45.2765426552897
        12        51  46.3526474331680
        12        52  47.4341072793046
        12        53  48.5204974675251
        12        54  49.6113714504247
        12        55  50.7062648344030
        12        56  51.8046995273523
        12        57  52.9061879812711
        12        58  54.0102374525086
        12        59  55.1163542050313
        12        60  56.2240475867411
        12        61  57.3328339151284
        12        62  58.4422401160340
        12        63  59.5518070676179
        12        64  60.6610926104505
        12        65  61.7696741935863
        12        66  62.8771511352822
        12        67  63.9831464854340
        12        68  65.0873084846394
        12        69  66.1893116219200
        12        70  67.2888572994621
        12        71  68.3856741182181
        12        72  69.4795178028309
        12        73  70.5701707881297
        12        74  71.6574414924195
        12        75  72.7411633050096
        12        76  73.8211933169604
        12        77  74.8974108249338
        12        78  75.9697156383951
        12        79  77.0380262202909
        12        80  78.1022776907987
        12        81  79.1624197228752
        12        82  80.2184143571807
        12        83  81.2702337625894
        12        84  82.3178579669666
        12        85  83.3612725812427
        12        86  84.4004665381005
        12        87  85.4354298648338
        12        88  86.4661515081920
        12        89  87.4926172272958
        12        90  88.5148075690471
        12        91  89.5326959388559
        12        92  90.5462467779997
        12        93  91.5554138575176
        12        94  92.5601386972369
        12        95  93.5603491173264
        12        96  94.5559579286795
        12        97  95.5468617674398
        12        98  96.5329400780891
        12        99  97.5140542487165
        12       100  98.4900469013638
        12       101  99.4607413396904
        12       102 100.4259411556067
        12       103 101.3854299959766
        12       104 102.3389714899794
        12       105 103.2863093372344
        12       106 104.2271675563255
        12       107 105.1612508929109
        12       108 106.0882453861575
        12       109 107.0078190918111
        12       110 107.9196229598051
        12       111 108.8232918639296
        12       112 109.7184457807655
        12       113 110.6046911148462
        12       114 111.4816221668963
        12       115 112.3488227420633
        12       116 113.2058678953689
        12       117 114.0523258122535
        12       118 114.8877598231709
        12       119 115.7117305528343
        12       120 116.5237982070525
        12       121 117.3235250032603
        12       122 118.1104777549379
        12       123 118.8842306251449
        12       124 119.6443680701780
        12       125 120.3904880003406
        12       126 121.1222051897518
        12       127 121.8391549686515
        12       128 122.5409972256139
        12       129 123.2274207266110
        12       130 123.8981477125908
        12       131 124.5529386527443
        12       132 125.1915968898011
        12       133 125.8139727016959
        12       134 126.4199660208115
        12       135 127.0095267361357
        12       136 127.5826512665245
        12       137 128.1393741517898
        12       138 128.6797540730999
        12       139 129.2038552546065
        12       140 129.7121928501978

        13         1   0.0000000000000
        13         2   0.8327978370359
        13         3   1.6657470786824
        13         4   2.4990224630337
        13         5   3.3328003699984
        13         6   4.1672595961239
        13         7   5.0025821083132
        13         8   5.8389537690940
        13         9   6.6765650258169
        13        10   7.5156115558134
        13        11   8.3562948591415
        13        12   9.1988227900932
        13        13  10.0434100181461
        13        14  10.8902784085246
        13        15  11.7396573120015
        13        16  12.5917837530531
        13        17  13.4469025049898
        13        18  14.3052660402560
        13        19  15.1671343437611
        13        20  16.0327745769108
        13        21  16.9024605799941
        13        22  17.7764722008146
        13        23  18.6550944379814
        13        24  19.5386163881693
        13        25  20.4273299879932
        13        26  21.3215285429803
        13        27  22.2215050385490
        13        28  23.1275502309671
        13        29  24.0399505200329
        13        30  24.9589856097145
        13        31  25.8849259682206
        13        32  26.8180301049161
        13        33  27.7585416880669
        13        34  28.7066865344732
        13        35  29.6626695094271
        13        36  30.6266713828681
        13        37  31.5988456947773
        13        38  32.5793156893800
        13        39  33.5681713831974
        13        40  34.5654668359683
        13        41  35.5712176955223
        13        42  36.5853990874398
        13        43  37.6079439174962
        13        44  38.6387416492588
        13        45  39.6776376107780
        13        46  40.7244328732204
        13        47  41.7788847308752
        13        48  42.8407077967178
        13        49  43.9095757112950
        13        50  44.9851234458435
        13        51  46.0669501640779
        13        52  47.1546225917524
        13        53  48.2476788296267
        13        54  49.3456325344281
        13        55  50.4479773842064
        13        56  51.5541917393609
        13        57  52.6637434086095
        13        58  53.7760944301512
        13        59  54.8907057819401
        13        60  56.0070419409871
        13        61  57.1245752194392
        13        62  58.2427898143987
        13        63  59.3611855185262
        13        64  60.4792810489831
        13        65  61.5966169627993
        13        66  62.7127581369694
        13        67  63.8272958012061
        13        68  64.9398491201315
        13        69  66.0500663296041
        13        70  67.1576254388137
        13        71  68.2622345156720
        13        72  69.3636315779080
        13        73  70.4615841161809
        13        74  71.5558882785026
        13        75  72.6463677474008
        13        76  73.7328723426266
        13        77  74.8152763829133
        13        78  75.8934768404029
        13        79  76.9673913209690
        13        80  78.0369559028517
        13        81  79.1021228648628
        13        82  80.1628583339894
        13        83  81.2191398805745
        13        84  82.2709540874610
        13        85  83.3182941175808
        13        86  84.3611573025161
        13        87  85.3995427725863
        13        88  86.4334491470562
        13        89  87.4628723011541
        13        90  88.4878032247457
        13        91  89.5082259857623
        13        92  90.5241158098309
        13        93  91.5354372860240
        13        94  92.5421427072305
        13        95  93.5441705523566
        13        96  94.5414441163964
        13        97  95.5338702933559
        13        98  96.5213385160707
        13        99  97.5037198561166
        13       100  98.4808662862613
        13       101  99.4526101072362
        13       102 100.4187635400032
        13       103 101.3791184841489
        13       104 102.3334464425349
        13       105 103.2814986118659
        13       106 104.2230061383950
        13       107 105.1576805375635
        13       108 106.0852142759622
        13       109 107.0052815136111
        13       110 107.9175390041822
        13       111 108.8216271504503
        13       112 109.7171712119649
        13       113 110.6037826617159
        13       114 111.4810606884492
        13       115 112.3485938413152
        13       116 113.2059618137547
        13       117 114.0527373639989
        13       118 114.8884883703453
        13       119 115.7127800205331
        13       120 116.5251771361353
        13       121 117.3252466349120
        13       122 118.1125601364997
        13       123 118.8866967194327
        13       124 119.6472458399158
        13       125 120.3938104241697
        13       126 121.1260101451905
        13       127 121.8434848891064
        13       128 122.5458984025026
        13       129 123.2329420850950
        13       130 123.9043388453982
        13       131 124.5598468630921
        13       132 125.1992629945007
        13       133 125.8224254169624
        13       134 126.4292149487205
        13       135 127.0195543454028
        13       136 127.5934048441179
        13       137 128.1507594245277
        13       138 128.6916328143608
        13       139 129.2160492327075
        13       140 129.7244952913661

        14         1   0.0000000000000
        14         2   0.8208063401506
        14         3   1.6417709492815
        14         4   2.4630757042224
        14         5   3.2849042687084
        14         6   4.1074429412071
        14         7   4.9308814820039
        14         8   5.7554139122728
        14         9   6.5812392775156
        14        10   7.4085623673426
        14        11   8.2375943830749
        14        12   9.0685535440925
        14        13   9.9016656232380
        14        14  10.7371644009206
        14        15  11.5752920268729
        14        16  12.4162992778013
        14        17  13.2604456984730
        14        18  14.1079996131248
        14        19  14.9592379934959
        14        20  15.8144461693279
        14        21  16.6739173668893
        14        22  17.5379520610336
        14        23  18.4068571265605
        14        24  19.2809447752984
        14        25  20.1605312664552
        14        26  21.0459353794809
        14        27  21.9374766410534
        14        28  22.8354733009225
        14        29  23.7402400553185
        14        30  24.6520855215046
        14        31  25.5713094728701
        14        32  26.4981998507141
        14        33  27.4330295764927
        14        34  28.3760531966778
        14        35  29.3275034012896
        14        36  30.2875874663326
        14        37  31.2564836794054
        14        38  32.2343378162143
        14        39  33.2212597430708
        14        40  34.2173202261290
        14        41  35.2225480315598
        14        42  36.2369274015279
        14        43  37.2603959883218
        14        44  38.2928433229922
        14        45  39.3341098853074
        14        46  40.3839868288689
        14        47  41.4422163992549
        14        48  42.5084930646787
        14        49  43.5824653587111
        14        50  44.6637384140688
        14        51  45.7518771463674
        14        52  46.8464100280729
        14        53  47.9468333765787
        14        54  49.0526160671217
        14        55  50.1632045716350
        14        56  51.2780282188837
        14        57  52.3965045693492
        14        58  53.5180448001103
        14        59  54.6420590000056
        14        60  55.7679612831374
        14        61  56.8951746386655
        14        62  58.0231354462267
        14        63  59.1512975985745
        14        64  60.2791361856150
        14        65  61.4061507064348
        14        66  62.5318677877872
        14        67  63.6558433985212
        14        68  64.7776645594076
        14        69  65.8969505565944
        14        70  67.0133536744707
        14        71  68.1265594700084
        14        72  69.2362866157499
        14        73  70.3422863425629
        14        74  71.4443415161982
        14        75  72.5422653836610
        14        76  73.6359000265441
        14        77  74.7251145588886
        14        78  75.8098031069348
        14        79  76.8898826073987
        14        80  77.9652904597650
        14        81  79.0359820665851
        14        82  80.1019282940155
        14        83  81.1631128828664
        14        84  82.2195298383385
        14        85  83.2711808244424
        14        86  84.3180725868799
        14        87  85.3602144259509
        14        88  86.3976157388728
        14        89  87.4302836487891
        14        90  88.4582207357213
        14        91  89.4814228828049
        14        92  90.4998772493572
        14        93  91.5135603806636
        14        94  92.5224364628417
        14        95  93.5264557297553
        14        96  94.5255530276988
        14        97  95.5196465424478
        14        98  96.5086366922792
        14        99  97.4924051896755
        14       100  98.4708142736539
        14       101  99.4437061139664
        14       102 100.4109023878106
        14       103 101.3722040291433
        14       104 102.3273911501965
        14       105 103.2762231343420
        14       106 104.2184388990321
        14       107 105.1537573271424
        14       108 106.0818778646648
        14       109 107.0024812823358
        14       110 107.9152305984373
        14       111 108.8197721596911
        14       112 109.7157368768835
        14       113 110.6027416116283
        14       114 111.4803907105253
        14       115 112.3482776829188
        14       116 113.2059870185491
        14       117 114.0530961416322
        14       118 114.8891774983513
        14       119 115.7138007753844
        14       120 116.5265352479379
        14       121 117.3269522567318
        14       122 118.1146278143364
        14       123 118.8891453419257
        14       124 119.6500985373705
        14       125 120.3970943738387
        14       126 121.1297562234505
        14       127 121.8477270911964
        14       128 122.5506729277759
        14       129 123.2382859630843
        14       130 123.9102879613474
        14       131 124.5664332416653
        14       132 125.2065112339716
        14       133 125.8303482563256
        14       134 126.4378081221773
        14       135 127.0287911490662
        14       136 127.6032311944000
        14       137 128.1610905506945
        14       138 128.7023529360464
        14       139 129.2270153924417
        14       140 129.7355456369608

        15         1   0.0000000000000
        15         2   0.8077718017061
        15         3   1.6157089668669
        15         4   2.4240007295365
        15         5   3.2328382664848
        15         6   4.0424156236222
        15         7   4.8529306222875
        15         8   5.6645857382663
        15         9   6.4775889460093
        15        10   7.2921545200355
        15        11   8.1085037849227
        15        12   8.9268658046214
        15        13   9.7474780010806
        15        14  10.5705866913543
        15        15  11.3964475314826
        15        16  12.2253258545209
        15        17  13.0574968891571
        15        18  13.8932458444316
        15        19  14.7328678452013
        15        20  15.5766677022114
        15        21  16.4249595000154
        15        22  17.2780659855888
        15        23  18.1363177403889
        15        24  19.0000521189310
        15        25  19.8696119377741
        15        26  20.7453439002669
        15        27  21.6275967446166
        15        28  22.5167191059399
        15        29  23.4130570870548
        15        30  24.3169515379856
        15        31  25.2287350505473
        15        32  26.1487286819929
        15        33  27.0772384304982
        15        34  28.0145514951327
        15        35  28.9609323636900
        15        36  29.9166187830186
        15        37  30.8818176778611
        15        38  31.8567010951114
        15        39  32.8414022601902
        15        40  33.8360118401805
        15        41  34.8405745137049
        15        42  35.8550859495509
        15        43  36.8794902941460
        15        44  37.9136782617233
        15        45  38.9574859102236
        15        46  40.0106941707839
        15        47  41.0730291795191
        15        48  42.1441634380043
        15        49  43.2237178044633
        15        50  44.3112642924349
        15        51  45.4063296289691
        15        52  46.5083995015248
        15        53  47.6169234028936
        15        54  48.7313199675837
        15        55  49.8509826818142
        15        56  50.9752858428734
        15        57  52.1035906420509
        15        58  53.2352512483211
        15        59  54.3696207768722
        15        60  55.5060570367101
        15        61  56.6439279641091
        15        62  57.7826166628235
        15        63  58.9215259869299
        15        64  60.0600826172666
        15        65  61.1977405970993
        15        66  62.3339843064257
        15        67  63.4683308669233
        15        68  64.6003319807263
        15        69  65.7295752158936
        15        70  66.8556847595710
        15        71  67.9783216664875
        15        72  69.0971836356517
        15        73  70.2120043520311
        15        74  71.3225524327428
        15        75  72.4286300189870
        15        76  73.5300710557644
        15        77  74.6267393014565
        15        78  75.7185261087439
        15        79  76.8053480172081
        15        80  77.8871441964086
        15        81  78.9638737763374
        15        82  80.0355131000233
        15        83  81.1020529307394
        15        84  82.1634956438476
        15        85  83.2198524308207
        15        86  84.2711405404895
        15        87  85.3173805800863
        15        88  86.3585938962461
        15        89  87.3948000538048
        15        90  88.4260144280183
        15        91  89.4522459237457
        15        92  90.4734948331932
        15        93  91.4897508420223
        15        94  92.5009911919839
        15        95  93.5071790067526
        15        96  94.5082617863010
        15        97  95.5041700739617
        15        98  96.4948162992731
        15        99  97.4800937987804
        15       100  98.4598760161517
        15       101  99.4340158822617
        15       102 100.4023453752742
        15       103 101.3646752602086
        15       104 102.3207950069896
        15       105 103.2704728855395
        15       106 104.2134562360699
        15       107 105.1494719123508
        15       108 106.0782268953810
        15       109 106.9994090745388
        15       110 107.9126881929641
        15       111 108.8177169536140
        15       112 109.7141322821448
        15       113 110.6015567425194
        15       114 111.4796001010322
        15       115 112.3478610342942
        15       116 113.2059289766497
        15       117 114.0533861025056
        15       118 114.8898094391533
        15       119 115.7147731058220
        15       120 116.5278506748764
        15       121 117.3286176511538
        15       122 118.1166540652337
        15       123 118.8915471756391
        15       124 119.6528942731100
        15       125 120.4003055764428
        15       126 121.1334072029811
        15       127 121.8518441863537
        15       128 122.5552834979263
        15       129 123.2434170049991
        15       130 123.9159642667922
        15       131 124.5726750287112
        15       132 125.2133312290200
        15       133 125.8377482873272
        15       134 126.4457754156197
        15       135 127.0372947024977
        15       136 127.6122187984769
        15       137 128.1704872012373
        15       138 128.7120614115584
        15       139 129.2369195670004
        15       140 129.7455164800299

        16         1   0.0000000000000
        16         2   0.7936799311175
        16         3   1.5875324725162
        16         4   2.3817543494106
        16         5   3.1765443956153
        16         6   3.9721045638793
        16         7   4.7686409169701
        16         8   5.5663645926047
        16         9   6.3654927348809
        16        10   7.1662493842934
        16        11   7.9688663177522
        16        12   8.7735838292334
        16        13   9.5806514408105
        16        14  10.3903285328253
        16        15  11.2028848808868
        16        16  12.0186010862389
        16        17  12.8377688848371
        16        18  13.6606913192505
        16        19  14.4876827562931
        16        20  15.3190687321364
        16        21  16.1551856056282
        16        22  16.9963799997120
        16        23  17.8430080103074
        16        24  18.6954341618813
        16        25  19.5540300893396
        16        26  20.4191729269599
        16        27  21.2912433870056
        16        28  22.1706235136049
        16        29  23.0576941015980
        16        30  23.9528317755183
        16        31  24.8564057308107
        16        32  25.7687741478850
        16        33  26.6902802996715
        16        34  27.6212483849062
        16        35  28.5619791322255
        16        36  29.5127452339443
        16        37  30.4737866826240
        16        38  31.4453060975385
        16        39  32.4274641410911
        16        40  33.4203751361941
        16        41  34.4241030035819
        16        42  35.4386576420228
        16        43  36.4639918735389
        16        44  37.4999990694114
        16        45  38.5465115606023
        16        46  39.6032999183588
        16        47  40.6700731677156
        16        48  41.7464799693551
        16        49  42.8321107752112
        16        50  43.9265009319565
        16        51  45.0291346758941
        16        52  46.1394499345332
        16        53  47.2568438258172
        16        54  48.3806787268033
        16        55  49.5102887703563
        16        56  50.6449866214208
        16        57  51.7840703835602
        16        58  52.9268304911582
        16        59  54.0725564521742
        16        60  55.2205433196216
        16        61  56.3700977859135
        16        62  57.5205438118515
        16        63  58.6712277203272
        16        64  59.8215227029437
        16        65  60.9708327050696
        16        66  62.1185956708240
        16        67  63.2642861438091
        16        68  64.4074172318910
        16        69  65.5475419548918
        16        70  66.6842540027345
        16        71  67.8171879384674
        16        72  68.9460188858251
        16        73  70.0704617447296
        16        74  71.1902699805689
        16        75  72.3052340344001
        16        76  73.4151794015711
        16        77  74.5199644258083
        16        78  75.6194778547186
        16        79  76.7136362010312
        16        80  77.8023809518779
        16        81  78.8856756660715
        16        82  79.9635029967891
        16        83  81.0358616743586
        16        84  82.1027634810630
        16        85  83.1642302470579
        16        86  84.2202908937017
        16        87  85.2709785478492
        16        88  86.3163277480083
        16        89  87.3563717607095
        16        90  88.3911400230340
        16        91  89.4206557249835
        16        92  90.4449335432792
        16        93  91.4639775362441
        16        94  92.4777792076681
        16        95  93.4863157459662
        16        96  94.4895484435202
        16        97  95.4874212998345
        16        98  96.4798598110298
        16        99  97.4667699472296
        16       100  98.4480373185544
        16       101  99.4235265297086
        16       102 100.3930807225185
        16       103 101.3565213052275
        16       104 102.3136478668764
        16       105 103.2642382746719
        16       106 104.2080489518519
        16       107 105.1448153332085
        16       108 106.0742524950792
        16       109 106.9960559563017
        16       110 107.9099026463044
        16       111 108.8154520361966
        16       112 109.7123474284231
        16       113 110.6002174002592
        16       114 111.4786773961492
        16       115 112.3473314636428
        16       116 113.2057741274542
        16       117 114.0535923959563
        16       118 114.8903678942096
        16       119 115.7156791173674
        16       120 116.5291037979291
        16       121 117.3302213797054
        16       122 118.1186155903249
        16       123 118.8938771023673
        16       124 119.6556062703449
        16       125 120.4034159262361
        16       126 121.1369342093866
        16       127 121.8558073965509
        16       128 122.5597026837918
        16       129 123.2483108532995
        16       130 123.9213487349297
        16       131 124.5785613456827
        16       132 125.2197235638895
        16       133 125.8446411751295
        16       134 126.4531511242839
        16       135 127.0451208364337
        16       136 127.6204465430381
        16       137 128.1790506780431
        16       138 128.7208785852748
        16       139 129.2458949724511
        16       140 129.7545455971782

        17         1   0.0000000000000
        17         2   0.7785172030863
        17         3   1.5572143312664
        17         4   2.3362956435128
        17         5   3.1159676825071
        17         6   3.8964403738127
        17         7   4.6779281070039
        17         8   5.4606507921956
        17         9   6.2448348849124
        17        10   7.0307143716035
        17        11   7.8185317073392
        17        12   8.6085386963308
        17        13   9.4009973048830
        17        14  10.1961803952313
        17        15  10.9943723674341
        17        16  11.7958696950953
        17        17  12.6009813392074
        17        18  13.4100290228379
        17        19  14.2233473477916
        17        20  15.0412837327933
        17        21  15.8641981512241
        17        22  16.6924626450955
        17        23  17.5264605908480
        17        24  18.3665856918562
        17        25  19.2132406723545
        17        26  20.0668356480458
        17        27  20.9277861501197
        17        28  21.7965107820144
        17        29  22.6734284922276
        17        30  23.5589554520556
        17        31  24.4535015345214
        17        32  25.3574664000999
        17        33  26.2712352062564
        17        34  27.1951739712582
        17        35  28.1296246380185
        17        36  29.0748999005493
        17        37  30.0312778733523
        17        38  30.9989967019806
        17        39  31.9782492300388
        17        40  32.9691778528483
        17        41  33.9718696995742
        17        42  34.9863522924315
        17        43  36.0125898324507
        17        44  37.0504802552094
        17        45  38.0998531863843
        17        46  39.1604689059435
        17        47  40.2320184018889
        17        48  41.3141245609254
        17        49  42.4063445060660
        17        50  43.5081730521897
        17        51  44.6190472123437
        17        52  45.7383516524644
        17        53  46.8654249622429
        17        54  47.9995665866547
        17        55  49.1400442471775
        17        56  50.2861016742686
        17        57  51.4369664729657
        17        58  52.5918579507277
        17        59  53.7499947496737
        17        60  54.9106021428370
        17        61  56.0729188744854
        17        62  57.2362034465960
        17        63  58.3997397759970
        17        64  59.5628421684776
        17        65  60.7248595765719
        17        66  61.8851791261827
        17        67  63.0432289134177
        17        68  64.1984800868146
        17        69  65.3504482415273
        17        70  66.4986941611438
        17        71  67.6428239497752
        17        72  68.7824886021168
        17        73  69.9173830625678
        17        74  71.0472448264455
        17        75  72.1718521370724
        17        76  73.2910218322554
        17        77  74.4046068926137
        17        78  75.5124937425026
        17        79  76.6145993520765
        17        80  77.7108681864564
        17        81  78.8012690451214
        17        82  79.8857918316146
        17        83  80.9644442905255
        17        84  82.0372487455315
        17        85  83.1042388691176
        17        86  84.1654565114771
        17        87  85.2209486130699
        17        88  86.2707642224057
        17        89  87.3149516378499
        17        90  88.3535556896422
        17        91  89.3866151758812
        17        92  90.4141604639738
        17        93  91.4362112669853
        17        94  92.4527746024484
        17        95  93.4638429395056
        17        96  94.4693925387506
        17        97  95.4693819878134
        17        98  96.4637509345641
        17        99  97.4524190188061
        17       100  98.4352850024559
        17       101  99.4122260974608
        17       102 100.3830974900648
        17       103 101.3477320594865
        17       104 102.3059402885942
        17       105 103.2575103637526
        17       106 104.2022084606389
        17       107 105.1397792124889
        17       108 106.0699463569104
        17       109 106.9924135570883
        17       110 107.9068653929025
        17       111 108.8129685171614
        17       112 109.7103729718460
        17       113 110.5987136589285
        17       114 111.4776119600033
        17       115 112.3466774986157
        17       116 113.2055100388122
        17       117 114.0537015130269
        17       118 114.8908381719513
        17       119 115.7165028484486
        17       120 116.5302773267955
        17       121 117.3317448074495
        17       122 118.1204924559724
        17       123 118.8961140224659
        17       124 119.6582125145807
        17       125 120.4064029024664
        17       126 121.1403148275118
        17       127 121.8595952779464
        17       128 122.5639111830386
        17       129 123.2529518637349
        17       130 123.9264312617816
        17       131 124.5840898533209
        17       132 125.2256961398295
        17       133 125.8510476040871
        17       134 126.4599710284874
        17       135 127.0523221051847
        17       136 127.6279843287425
        17       137 128.1868672533315
        17       138 128.7289043092707
        17       139 129.2540504852230
        17       140 129.7627450339729

        18         1   0.0000000000000
        18         2   0.7622711969285
        18         3   1.5247296109570
        18         4   2.2875869795374
        18         5   3.0510575070867
        18         6   3.8153590574242
        18         7   4.5807143297360
        18         8   5.3473520119833
        18         9   6.1155079051125
        18        10   6.8854260107213
        18        11   7.6573595739797
        18        12   8.4315720725902
        18        13   9.2083381414020
        18        14   9.9879444209569
        18        15  10.7706903167468
        18        16  11.5568886543132
        18        17  12.3468662135124
        18        18  13.1409641233470
        18        19  13.9395380967333
        18        20  14.7429584825000
        18        21  15.5516101098341
        18        22  16.3658918984180
        18        23  17.1862162057189
        18        24  18.0130078814573
        18        25  18.8467029983644
        18        26  19.6877472281423
        18        27  20.5365938323222
        18        28  21.3937012397492
        18        29  22.2595301860075
        18        30  23.1345403955683
        18        31  24.0191867950877
        18        32  24.9139152563857
        18        33  25.8191578803900
        18        34  26.7353278487988
        18        35  27.6628138883148
        18        36  28.6019744126734
        18        37  29.5531314297458
        18        38  30.5165643237965
        18        39  31.4925036452884
        18        40  32.4811250609050
        18        41  33.4825436329690
        18        42  34.4968086083223
        18        43  35.5238989002807
        18        44  36.5637194420328
        18        45  37.6160985749287
        18        46  38.6807866103230
        18        47  39.7574556696770
        18        48  40.8457008660615
        18        49  41.9450428434070
        18        50  43.0549316407681
        18        51  44.1747518007557
        18        52  45.3038285972935
        18        53  46.4414352207409
        18        54  47.5868007302374
        18        55  48.7391185650766
        18        56  49.8975553992908
        18        57  51.0612601258923
        18        58  52.2293727681456
        18        59  53.4010331331841
        18        60  54.5753890463199
        18        61  55.7516040306072
        18        62  56.9288643238390
        18        63  58.1063851526469
        18        64  59.2834162095416
        18        65  60.4592463027011
        18        66  61.6332071695320
        18        67  62.8046764632131
        18        68  63.9730799365125
        18        69  65.1378928592628
        18        70  66.2986407151908
        18        71  67.4548992306127
        18        72  68.6062937921494
        18        73  69.7524983133938
        18        74  70.8932336117033
        18        75  72.0282653562552
        18        76  73.1574016474654
        18        77  74.2804902860369
        18        78  75.3974157874640
        18        79  76.5080961949339
        18        80  77.6124797403569
        18        81  78.7105413998451
        18        82  79.8022793864127
        18        83  80.8877116190825
        18        84  81.9668722039937
        18        85  83.0398079595761
        18        86  84.1065750144128
        18        87  85.1672355031039
        18        88  86.2218543822745
        18        89  87.2704963858780
        18        90  88.3132231361382
        18        91  89.3500904238624
        18        92  90.3811456694500
        18        93  91.4064255737255
        18        94  92.4259539657325
        18        95  93.4397398528431
        18        96  94.4477756769522
        18        97  95.4500357791290
        18        98  96.4464750738864
        18        99  97.4370279331775
        18       100  98.4216072793285
        18       101  99.4001038853549
        18       102 100.3723858804582
        18       103 101.3382984579508
        18       104 102.2976637823906
        18       105 103.2502810923013
        18       106 104.1959269944995
        18       107 105.1343559457257
        18       108 106.0653009169716
        18       109 106.9884742355991
        18       110 107.9035686000465
        18       111 108.8102582616074
        18       112 109.7082003674363
        18       113 110.5970364585853
        18       114 111.4763941164860
        18       115 112.3458887508714
        18       116 113.2051255216463
        18       117 114.0537013866633
        18       118 114.8912072666971
        18       119 115.7172303180883
        18       120 116.5313563024782
        18       121 117.3331720416780
        18       122 118.1222679438680
        18       123 118.8982405848431
        18       124 119.6606953246855
        18       125 120.4092489358352
        18       126 121.1435322128084
        18       127 121.8631925266369
        18       128 122.5678962784682
        18       129 123.2573311970298
        18       130 123.9312084146438
        18       131 124.5892642478006
        18       132 125.2312616034737
        18       133 125.8569909349018
        18       134 126.4662706846489
        18       135 127.0589471823876
        18       136 127.6348940122292
        18       137 128.1940109278036
        18       138 128.7362224646495
        18       139 129.2614764636743
        18       140 129.7702074076124

        19         1   0.0000000000000
        19         2   0.7449309420924
        19         3   1.4900562735793
        19         4   2.2355950510810
        19         5   2.9817689882520
        19         6   3.7288037452762
        19         7   4.4769302038633
        19         8   5.2263857222761
        19         9   5.9774153643136
        19        10   6.7302730954094
        19        11   7.4852229380644
        19        12   8.2425400777135
        19        13   9.0025119088162
        19        14   9.7654390094525
        19        15  10.5316360309915
        19        16  11.3014324874781
        19        17  12.0751734272579
        19        18  12.8532199670342
        19        19  13.6359496660577
        19        20  14.4237567155110
        19        21  15.2170519154388
        19        22  16.0162624088556
        19        23  16.8218311400655
        19        24  17.6342160018856
        19        25  18.4538886345862
        19        26  19.2813328381752
        19        27  20.1170425594641
        19        28  20.9615194165012
        19        29  21.8152697258337
        19        30  22.6788010030960
        19        31  23.5526179150545
        19        32  24.4372176718787
        19        33  25.3330848624186
        19        34  26.2406857528526
        19        35  27.1604620902622
        19        36  28.0928244772165
        19        37  29.0381454106975
        19        38  29.9967521076219
        19        39  30.9689192683112
        19        40  31.9548619565987
        19        41  32.9547287985227
        19        42  33.9685957182533
        19        43  34.9964604375681
        19        44  36.0382379616993
        19        45  37.0937572582910
        19        46  38.1627593070348
        19        47  39.2448966560277
        19        48  40.3397345690038
        19        49  41.4467537884786
        19        50  42.5653548775219
        19        51  43.6948640417731
        19        52  44.8345402777620
        19        53  45.9835836473040
        19        54  47.1411444434264
        19        55  48.3063329924073
        19        56  49.4782298292678
        19        57  50.6558959894918
        19        58  51.8383831760065
        19        59  53.0247435851488
        19        60  54.2140392058284
        19        61  55.4053504398104
        19        62  56.5977839256920
        19        63  57.7904794828461
        19        64  58.9826161229483
        19        65  60.1734171047334
        19        66  61.3621540318213
        19        67  62.5481500136190
        19        68  63.7307819255195
        19        69  64.9094818171474
        19        70  66.0837375266092
        19        71  67.2530925650324
        19        72  68.4171453395559
        19        73  69.5755477847987
        19        74  70.7280034730681
        19        75  71.8742652725251
        19        76  73.0141326204899
        19        77  74.1474484763031
        19        78  75.2740960148511
        19        79  76.3939951181924
        19        80  77.5070987188085
        19        81  78.6133890439585
        19        82  79.7128738065251
        19        83  80.8055823836532
        19        84  81.8915620204776
        19        85  82.9708740923217
        19        86  84.0435904549870
        19        87  85.1097899091506
        19        88  86.1695548014707
        19        89  87.2229677817852
        19        90  88.2701087327887
        19        91  89.3110518857910
        19        92  90.3458631336083
        19        93  91.3745975493107
        19        94  92.3972971174522
        19        95  93.4139886825318
        19        96  94.4246821177710
        19        97  95.4293687158366
        19        98  96.4280198018728
        19        99  97.4205855681177
        19       100  98.4069941284592
        19       101  99.3871507904977
        19       102 100.3609375420357
        19       103 101.3282127483617
        19       104 102.2888110562390
        19       105 103.2425435001180
        19       106 104.1891978057527
        19       107 105.1285388860962
        19       108 106.0603095240644
        19       109 106.9842312364777
        19       110 107.9000053131984
        19       111 108.8073140251782
        19       112 109.7058219947926
        19       113 110.5951777214622
        19       114 111.4750152551449
        19       115 112.3449560097887
        19       116 113.2046107082826
        19       117 114.0535814497757
        19       118 114.8914638894432
        19       119 115.7178495198074
        19       120 116.5323280415194
        19       121 117.3344898099843
        19       122 118.1239283422815
        19       123 118.9002428663699
        19       124 119.6630408914477
        19       125 120.4119407744444
        19       126 121.1465742528780
        19       127 121.8665889087243
        19       128 122.5716505217105
        19       129 123.2614452640043
        19       130 123.9356816824682
        19       131 124.5940924108035
        19       132 125.2364355538849
        19       133 125.8624956926597
        19       134 126.4720844725459
        19       135 127.0650407631085
        19       136 127.6412304121544
        19       137 128.2005456607262
        19       138 128.7429043305982
        19       139 129.2682489330012
        19       140 129.7770103891713

        20         1   0.0000000000000
        20         2   0.7264872665080
        20         3   1.4531758724358
        20         4   2.1802919245984
        20         5   2.9080643821164
        20         6   3.6367264459851
        20         7   4.3665169365552
        20         8   5.0976816542233
        20         9   5.8304747179907
        20        10   6.5651598757273
        20        11   7.3020117789703
        20        12   8.0413172138701
        20        13   8.7833762784602
        20        14   9.5285034947561
        20        15  10.2770288422652
        20        16  11.0292986973006
        20        17  11.7856766600331
        20        18  12.5465442484782
        20        19  13.3123014356147
        20        20  14.0833670025917
        20        21  14.8601786775386
        20        22  15.6431930259357
        20        23  16.4328850549271
        20        24  17.2297474905236
        20        25  18.0342896835527
        20        26  18.8470360977468
        20        27  19.6685243318441
        20        28  20.4993026274441
        20        29  21.3399268160888
        20        30  22.1909566631969
        20        31  23.0529515736580
        20        32  23.9264656347137
        20        33  24.8120419867681
        20        34  25.7102065324288
        20        35  26.6214610186000
        20        36  27.5462755557180
        20        37  28.4850806716754
        20        38  29.4382590344924
        20        39  30.4061370155945
        20        40  31.3889763022178
        20        41  32.3869657999699
        20        42  33.4002140915335
        20        43  34.4287427314100
        20        44  35.4724806563379
        20        45  36.5312599742769
        20        46  37.6048133606251
        20        47  38.6927732393262
        20        48  39.7946728612307
        20        49  40.9099493167242
        20        50  42.0379484397298
        20        51  43.1779314818745
        20        52  44.3290833648589
        20        53  45.4905222609710
        20        54  46.6613102098225
        20        55  47.8404644555338
        20        56  49.0269691827089
        20        57  50.2197873399749
        20        58  51.4178722638287
        20        59  52.6201788495563
        20        60  53.8256740564375
        20        61  55.0333465778828
        20        62  56.2422155506358
        20        63  57.4513382184181
        20        64  58.6598165027749
        20        65  59.8668024664308
        20        66  61.0715026817483
        20        67  62.2731815388885
        20        68  63.4711635453096
        20        69  64.6648346807795
        20        70  65.8536428807229
        20        71  67.0370977260853
        20        72  68.2147694205715
        20        73  69.3862871366640
        20        74  70.5513368107157
        20        75  71.7096584650613
        20        76  72.8610431318364
        20        77  74.0053294493009
        20        78  75.1423999971542
        20        79  76.2721774327646
        20        80  77.3946204855488
        20        81  78.5097198620134
        20        82  79.6174941092940
        20        83  80.7179854804458
        20        84  81.8112558402914
        20        85  82.8973826463538
        20        86  83.9764550353143
        20        87  85.0485700415548
        20        88  86.1138289706850
        20        89  87.1723339475330
        20        90  88.2241846548918
        20        91  89.2694752763745
        20        92  90.3082916540405
        20        93  91.3407086690105
        20        94  92.3667878510836
        20        95  93.3865752214101
        20        96  94.4000993705379
        20        97  95.4073697726324
        20        98  96.4083753353641
        20        99  97.4030831838327
        20       100  98.3914376759528
        20       101  99.3733596459298
        20       102 100.3487458717982
        20       103 101.3174687624506
        20       104 102.2793762591351
        20       105 103.2342919460257
        20       106 104.1820153641488
        20       107 105.1223225226661
        20       108 106.0549666012501
        20       109 106.9796788370250
        20       110 107.8961695892768
        20       111 108.8041295748349
        20       112 109.7032312666960
        20       113 110.5931304480781
        20       114 111.4734679136443
        20       115 112.3438713091222
        20       116 113.2039570999276
        20       117 114.0533326586804
        20       118 114.8915984606332
        20       119 115.7183503749905
        20       120 116.5331820388313
        20       121 117.3356872988041
        20       122 118.1254627038759
        20       123 118.9021100301207
        20       124 119.6652388157623
        20       125 120.4144688814084
        20       126 121.1494328066407
        20       127 121.8697783299693
        20       128 122.5751706348721
        20       129 123.2652944806754
        20       130 123.9398561341220
        20       131 124.5985850566150
        20       132 125.2412353046142
        20       133 125.8675866078855
        20       134 126.4774451035271
        20       135 127.0706437235208
        20       136 127.6470422594194
        20       137 128.2065271572639
        20       138 128.7490111244857
        20       139 129.2744326521754
        20       140 129.7832199602687

        21         1   0.0000000000000
        21         2   0.7069331442352
        21         3   1.4140742480564
        21         4   2.1216560848979
        21         5   2.8299144790646
        21         6   3.5390897974587
        21         7   4.2494284320905
        21         8   4.9611842696092
        21         9   5.6746201434230
        21        10   6.3900092631228
        21        11   7.1076366148568
        21        12   7.8278003250141
        21        13   8.5508129780301
        21        14   9.2770028773108
        21        15  10.0067152361580
        21        16  10.7403132831333
        21        17  11.4781792635149
        21        18  12.2207153153436
        21        19  12.9683441950340
        21        20  13.7215098236324
        21        21  14.4806776205743
        21        22  15.2463345872814
        21        23  16.0189890982412
        21        24  16.7991703524713
        21        25  17.5874274337101
        21        26  18.3843279235710
        21        27  19.1904560086477
        21        28  20.0064100206373
        21        29  20.8327993485698
        21        30  21.6702406648898
        21        31  22.5193534132457
        21        32  23.3807545162483
        21        33  24.2550522770229
        21        34  25.1428394698614
        21        35  26.0446856432057
        21        36  26.9611286927361
        21        37  27.8926658030874
        21        38  28.8397439025487
        21        39  29.8027498239916
        21        40  30.7820004142405
        21        41  31.7777328792273
        21        42  32.7900956889566
        21        43  33.8191403896061
        21        44  34.8648146753680
        21        45  35.9269570562625
        21        46  37.0052934182619
        21        47  38.0994357091236
        21        48  39.2088829005219
        21        49  40.3330242800750
        21        50  41.4711450233604
        21        51  42.6224338946009
        21        52  43.7859928337890
        21        53  44.9608481146114
        21        54  46.1459627064178
        21        55  47.3402494467438
        21        56  48.5425846280145
        21        57  49.7518216202860
        21        58  50.9668041869729
        21        59  52.1863791974595
        21        60  53.4094084942524
        21        61  54.6347797283376
        21        62  55.8614160309361
        21        63  57.0882844401503
        21        64  58.3144030453091
        21        65  59.5388468492235
        21        66  60.7607523788689
        21        67  61.9793210984922
        21        68  63.1938216964436
        21        69  64.4035913289534
        21        70  65.6080359114918
        21        71  66.8066295521212
        21        72  67.9989132221560
        21        73  69.1844927581832
        21        74  70.3630362866346
        21        75  71.5342711581183
        21        76  72.6979804739777
        21        77  73.8539992823467
        21        78  75.0022105155111
        21        79  76.1425407348420
        21        80  77.2749557440338
        21        81  78.3994561259530
        21        82  79.5160727531222
        21        83  80.6248623167815
        21        84  81.7259029145934
        21        85  82.8192897324248
        21        86  83.9051308512408
        21        87  84.9835432060093
        21        88  86.0546487196334
        21        89  87.1185706313119
        21        90  88.1754300353754
        21        91  89.2253426435683
        21        92  90.2684157809203
        21        93  91.3047456228092
        21        94  92.3344146785135
        21        95  93.3574895245194
        21        96  94.3740187890412
        21        97  95.3840313876527
        21        98  96.3875350085704
        21        99  97.3845148449848
        21       100  98.3749325708656
        21       101  99.3587255558650
        21       102 100.3358063142862
        21       103 101.3060621825422
        21       104 102.2693552190997
        21       105 103.2255223205408
        21       106 104.1743755470820
        21       107 105.1157026506266
        21       108 106.0492677981906
        21       109 106.9748124833027
        21       110 107.8920566177294
        21       111 108.8006997955966
        21       112 109.7004227216537
        21       113 110.5908887950505
        21       114 111.4717458395468
        21       115 112.3426279705423
        21       116 113.2031575886853
        21       117 114.0529474890674
        21       118 114.8916030741237
        21       119 115.7187246573021
        21       120 116.5339098433120
        21       121 117.3367559692749
        21       122 118.1268625893448
        21       123 118.9038339833142
        21       124 119.6672816673531
        21       125 120.4168268823673
        21       126 121.1521030325691
        21       127 121.8727580438863
        21       128 122.5784566090484
        21       129 123.2688822839934
        21       130 123.9437393992078
        21       131 124.6027547504748
        21       132 125.2456790370961
        21       133 125.8722880227875
        21       134 126.4823834056941
        21       135 127.0757933993717
        21       136 127.6523730453071
        21       137 128.2120042976441
        21       138 128.7545959391513
        21       139 129.2800834002185
        21       140 129.7888928238225

        22         1   0.0000000000000
        22         2   0.6862640387197
        22         3   1.3727422155027
        22         4   2.0596734681519
        22         5   2.7472999849792
        22         6   3.4358687996775
        22         7   4.1256333803284
        22         8   4.8168552098937
        22         9   5.5098053548685
        22        10   6.2047660178942
        22        11   6.9020320690379
        22        12   7.6019125490972
        22        13   8.3047321366691
        22        14   9.0108325687920
        22        15   9.7205740026869
        22        16  10.4343363034575
        22        17  11.1525202395165
        22        18  11.8755485639455
        22        19  12.6038669559470
        22        20  13.3379447919837
        22        21  14.0782757111238
        22        22  14.8253779335584
        22        23  15.5797942852857
        22        24  16.3420918757110
        22        25  17.1128613685781
        22        26  17.8927157805341
        22        27  18.6822887361416
        22        28  19.4822321038544
        22        29  20.2932129350570
        22        30  21.1159096286252
        22        31  21.9510072476218
        22        32  22.7991919238635
        22        33  23.6611443014231
        22        34  24.5375319928578
        22        35  25.4290010530993
        22        36  26.3361665160984
        22        37  27.2596020884540
        22        38  28.1998291513705
        22        39  29.1573052852069
        22        40  30.1324125960076
        22        41  31.1254461857423
        22        42  32.1366031612853
        22        43  33.1659726144842
        22        44  34.2135270201328
        22        45  35.2791154845756
        22        46  36.3624592316785
        22        47  37.4631496349727
        22        48  38.5806489988635
        22        49  39.7142941656451
        22        50  40.8633028894838
        22        51  42.0267827857846
        22        52  43.2037425463900
        22        53  44.3931050176919
        22        54  45.5937216763451
        22        55  46.8043880082443
        22        56  48.0238592993038
        22        57  49.2508663768357
        22        58  50.4841308914945
        22        59  51.7223797946105
        22        60  52.9643587372707
        22        61  54.2088441897120
        22        62  55.4546541477910
        22        63  56.7006573543182
        22        64  57.9457810150762
        22        65  59.1890170317213
        22        66  60.4294268066961
        22        67  61.6661446995356
        22        68  62.8983802306367
        22        69  64.1254191389356
        22        70  65.3466234052271
        22        71  66.5614303542252
        22        72  67.7693509468960
        22        73  68.9699673709330
        22        74  70.1629300321638
        22        75  71.3479540436962
        22        76  72.5248153031278
        22        77  73.6933462414367
        22        78  74.8534313204446
        22        79  76.0050023491337
        22        80  77.1480336826883
        22        81  78.2825373619786
        22        82  79.4085582453291
        22        83  80.5261691788454
        22        84  81.6354662462949
        22        85  82.7365641345740
        22        86  83.8295916461226
        22        87  84.9146873852779
        22        88  85.9919956414821
        22        89  87.0616624884756
        22        90  88.1238321151134
        22        91  89.1786434002316
        22        92  90.2262267410701
        22        93  91.2667011421087
        22        94  92.3001715688001
        22        95  93.3267265685766
        22        96  94.3464361596496
        22        97  95.3593499865088
        22        98  96.3654957396451
        22        99  97.3648778358436
        22       100  98.3574763544150
        22       101  99.3432462239237
        22       102 100.3221166533133
        22       103 101.2939908008060
        22       104 102.2587456735281
        22       105 103.2162322504814
        22       106 104.1662758212084
        22       107 105.1086765322642
        22       108 106.0432101334027
        22       109 106.9696289151735
        22       110 107.8876628294063
        22       111 108.7970207838016
        22       112 109.6973921015477
        22       113 110.5884481365231
        22       114 111.4698440342046
        22       115 112.3412206278820
        22       116 113.2022064591534
        22       117 114.0524199109363
        22       118 114.8914714403553
        22       119 115.7189658978467
        22       120 116.5345049176259
        22       121 117.3376893632879
        22       122 118.1281218107362
        22       123 118.9054090488554
        22       124 119.6691645763830
        22       125 120.4190110713358
        22       126 121.1545828072014
        22       127 121.8755279880735
        22       128 122.5815109732354
        22       129 123.2722143606986
        22       130 123.9473408993379
        22       131 124.6066152010058
        22       132 125.2497852279006
        22       133 125.8766235369255
        22       134 126.4869282720078
        22       135 127.0805239071396
        22       136 127.6572617564365
        22       137 128.2170202813052
        22       138 128.7597052367525
        22       139 129.2852497065329
        22       140 129.7940782180707

        23         1   0.0000000000000
        23         2   0.6644782378263
        23         3   1.3291762354119
        23         4   1.9943384709757
        23         5   2.6602128714207
        23         6   3.3270525100749
        23         7   3.9951173023976
        23         8   4.6646756983020
        23         9   5.3360063690748
        23        10   6.0093998860090
        23        11   6.6851603867611
        23        12   7.3636072240872
        23        13   8.0450765899479
        23        14   8.7299231059656
        23        15   9.4185213688194
        23        16  10.1112674363126
        23        17  10.8085802364888
        23        18  11.5109028782496
        23        19  12.2187038373701
        23        20  12.9324779865814
        23        21  13.6527474324418
        23        22  14.3800621150566
        23        23  15.1150001193436
        23        24  15.8581676385852
        23        25  16.6101985226134
        23        26  17.3717533344332
        23        27  18.1435178308186
        23        28  18.9262007750155
        23        29  19.7205309839647
        23        30  20.5272535094587
        23        31  21.3471248536754
        23        32  22.1809071261089
        23        33  23.0293610627812
        23        34  23.8932378515526
        23        35  24.7732697410516
        23        36  25.6701594565216
        23        37  26.5845685043285
        23        38  27.5171045173985
        23        39  28.4683078743143
        23        40  29.4386379110329
        23        41  30.4284591299038
        23        42  31.4380278875092
        23        43  32.4674801010241
        23        44  33.5168205421432
        23        45  34.5859142792239
        23        46  35.6744807762808
        23        47  36.7820910607452
        23        48  37.9081682352369
        23        49  39.0519914426901
        23        50  40.2127032144086
        23        51  41.3893199548006
        23        52  42.5807451618812
        23        53  43.7857848630515
        23        54  45.0031646697312
        23        55  46.2315478246255
        23        56  47.4695536285832
        23        57  48.7157756827276
        23        58  49.9687994559721
        23        59  51.2272187776816
        23        60  52.4896509504752
        23        61  53.7547502710904
        23        62  55.0212198321601
        23        63  56.2878215511644
        23        64  57.5533844331154
        23        65  58.8168111205610
        23        66  60.0770828191767
        23        67  61.3332627110323
        23        68  62.5844979823842
        23        69  63.8300206003631
        23        70  65.0691469749044
        23        71  66.3012766401932
        23        72  67.5258900849943
        23        73  68.7425458545063
        23        74  69.9508770385506
        23        75  71.1505872525585
        23        76  72.3414462093147
        23        77  73.5232849710404
        23        78  74.6959909632973
        23        79  75.8595028244743
        23        80  77.0138051573168
        23        81  78.1589232420953
        23        82  79.2949177645750
        23        83  80.4218796059276
        23        84  81.5399247360992
        23        85  82.6491892468970
        23        86  83.7498245561552
        23        87  84.8419928097835
        23        88  85.9258625042660
        23        89  87.0016043482604
        23        90  88.0693873783381
        23        91  89.1293753405981
        23        92  90.1817233468751
        23        93  91.2265748115419
        23        94  92.2640586724649
        23        95  93.2942868975088
        23        96  94.3173522760837
        23        97  95.3333264935786
        23        98  96.3422584851140
        23        99  97.3441730638511
        23       100  98.3390698181059
        23       101  99.3269222707050
        23       102 100.3076772933701
        23       103 101.2812547684034
        23       104 102.2475474895450
        23       105 103.2064212935648
        23       106 104.1577154139042
        23       107 105.1012430474878
        23       108 106.0367921256470
        23       109 106.9641262799252
        23       110 107.8829859933469
        23       111 108.7930899275117
        23       112 109.6941364156056
        23       113 110.5858051110878
        23       114 111.4677587814089
        23       115 112.3396452356148
        23       116 113.2010993740999
        23       117 114.0517453480663
        23       118 114.8911988154182
        23       119 115.7190692788638
        23       120 116.5349624909004
        23       121 117.3384829091194
        23       122 118.1292361838915
        23       123 118.9068316589922
        23       124 119.6708848641403
        23       125 120.4210199768077
        23       126 121.1568722291202
        23       127 121.8780902343505
        23       128 122.5843382066119
        23       129 123.2752980471529
        23       130 123.9506712714444
        23       131 124.6101807533660
        23       132 125.2535722665560
        23       133 125.8806158085776
        23       134 126.4911067009927
        23       135 127.0848664674084
        23       136 127.6617435013965
        23       137 128.2216135457687
        23       138 128.7643800126193
        23       139 129.2899741782984
        23       140 129.7988193014693

        24         1   0.0000000000000
        24         2   0.6415771767157
        24         3   1.2833790609130
        24         4   1.9256549237850
        24         5   2.5686576790711
        24         6   3.2126456819502
        24         7   3.8578845302039
        24         8   4.5046488677795
        24         9   5.1532241902476
        24        10   5.8039086508169
        24        11   6.4570148644978
        24        12   7.1128717066713
        24        13   7.7718261006631
        24        14   8.4342447868979
        24        15   9.1005160637495
        24        16   9.7710514872330
        24        17  10.4462875131316
        24        18  11.1266870609191
        24        19  11.8127409738404
        24        20  12.5049693436562
        24        21  13.2039226617601
        24        22  13.9101827505780
        24        23  14.6243634203232
        24        24  15.3471107863477
        24        25  16.0791031715985
        24        26  16.8210505073025
        24        27  17.5736931333472
        24        28  18.3377998885209
        24        29  19.1141653706916
        24        30  19.9036062393500
        24        31  20.7069564292875
        24        32  21.5250611464756
        24        33  22.3587695277845
        24        34  23.2089258675912
        24        35  24.0763593492253
        24        36  24.9618722699584
        24        37  25.8662268164940
        24        38  26.7901305339441
        24        39  27.7342207333259
        24        40  28.6990481961785
        24        41  29.6850606522550
        24        42  30.6925866163599
        24        43  31.7218202595426
        24        44  32.7728080430090
        24        45  33.8454378462930
        24        46  34.9394312643796
        24        47  36.0543396283015
        24        48  37.1895441258142
        24        49  38.3442601778924
        24        50  39.5175459853072
        24        51  40.7083149236262
        24        52  41.9153512599448
        24        53  43.1373285104750
        24        54  44.3728296663009
        24        55  45.6203684872864
        24        56  46.8784110950302
        24        57  48.1453971727763
        24        58  49.4197601882595
        24        59  50.6999461794410
        24        60  51.9844307697508
        24        61  53.2717341986423
        24        62  54.5604342582684
        24        63  55.8491771143513
        24        64  57.1366860578503
        24        65  58.4217682846949
        24        66  59.7033198356506
        24        67  60.9803288498919
        24        68  62.2518772967876
        24        69  63.5171413533089
        24        70  64.7753905916061
        24        71  66.0259861345118
        24        72  67.2683779275035
        24        73  68.5021012650864
        24        74  69.7267726984508
        24        75  70.9420854401543
        24        76  72.1478043708304
        24        77  73.3437607427376
        24        78  74.5298466654380
        24        79  75.7060094500533
        24        80  76.8722458803924
        24        81  78.0285964717219
        24        82  79.1751397710192
        24        83  80.3119867461537
        24        84  81.4392753055255
        24        85  82.5571649842225
        24        86  83.6658318276862
        24        87  84.7654634991831
        24        88  85.8562546330310
        24        89  86.9384024515221
        24        90  88.0121026597932
        24        91  89.0775456295159
        24        92  90.1349128792048
        24        93  91.1843738561644
        24        94  92.2260830226074
        24        95  93.2601772462692
        24        96  94.2867734939079
        24        97  95.3059668243996
        24        98  96.3178286767067
        24        99  97.3224054467904
        24       100  98.3197173465426
        24       101  99.3097575370042
        24       102 100.2924915274949
        24       103 101.2678568317830
        24       104 102.2357628720450
        24       105 103.1960911210824
        24       106 104.1486954730502
        24       107 105.0934028327921
        24       108 106.0300139137368
        24       109 106.9583042341796
        24       110 107.8780253016263
        24       111 108.7889059746965
        24       112 109.6906539918560
        24       113 110.5829576559569
        24       114 111.4654876631981
        24       115 112.3378990646676
        24       116 113.1998333480773
        24       117 114.0509206266545
        24       118 114.8907819213906
        24       119 115.7190315219786
        24       120 116.5352794107873
        24       121 117.3391337331342
        24       122 118.1302032959408
        24       123 118.9081000756146
        24       124 119.6724417147446
        24       125 120.4228539859845
        24       126 121.1589732004335
        24       127 121.8804485370265
        24       128 122.5869442690937
        24       129 123.2781418645198
        24       130 123.9537419370642
        24       131 124.6134660285892
        24       132 125.2570582053587
        24       133 125.8842864562909
        24       134 126.4949438869769
        24       135 127.0888497101289
        24       136 127.6658500403271
        24       137 128.2258185077255
        24       138 128.7686567107855
        24       139 129.2942945311960
        24       140 129.8031542236937

        25         1   0.0000000000000
        25         2   0.6175657445621
        25         3   1.2353603524131
        25         4   1.8536370164315
        25         5   2.4726527584369
        25         6   3.0926703259182
        25         7   3.7139600957802
        25         8   4.3368019868913
        25         9   4.9614873826482
        25        10   5.5883210639986
        25        11   6.2176231523742
        25        12   6.8497310607168
        25        13   7.4850014491963
        25        14   8.1238121802380
        25        15   8.7665642650373
        25        16   9.4136837907390
        25        17  10.0656238137988
        25        18  10.7228662006086
        25        19  11.3859233911179
        25        20  12.0553400547937
        25        21  12.7316946006793
        25        22  13.4156004944135
        25        23  14.1077073247447
        25        24  14.8087015502554
        25        25  15.5193068437233
        25        26  16.2402839369214
        25        27  16.9724298530188
        25        28  17.7165763976544
        25        29  18.4735877641083
        25        30  19.2443570941096
        25        31  20.0298018255157
        25        32  20.8308576537791
        25        33  21.6484709387892
        25        34  22.4835894058918
        25        35  23.3371510235557
        25        36  24.2100709941899
        25        37  25.1032268722988
        25        38  26.0174419273647
        25        39  26.9534669968706
        25        40  27.9119612233840
        25        41  28.8934722295343
        25        42  29.8984164417412
        25        43  30.9270604085900
        25        44  31.9795040506428
        25        45  33.0556668033291
        25        46  34.1552775562214
        25        47  35.2778691429800
        25        48  36.4227779024873
        25        49  37.5891485338280
        25        50  38.7759441386827
        25        51  39.9819610236838
        25        52  41.2058475602059
        25        53  42.4461261989906
        25        54  43.7012176273620
        25        55  44.9694660382766
        25        56  46.2491645412550
        25        57  47.5385798655169
        25        58  48.8359756623928
        25        59  50.1396338854583
        25        60  51.4478738948788
        25        61  52.7590690844306
        25        62  54.0716609581027
        25        63  55.3841706850916
        25        64  56.6952082377518
        25        65  58.0034792691969
        25        66  59.3077899194715
        25        67  60.6070497555933
        25        68  61.9002730552173
        25        69  63.1865786396610
        25        70  64.4651884524106
        25        71  65.7354250662385
        25        72  66.9967082873799
        25        73  68.2485510100158
        25        74  69.4905544593776
        25        75  70.7224029476048
        25        76  71.9438582533148
        25        77  73.1547537237823
        25        78  74.3549881876806
        25        79  75.5445197564461
        25        80  76.7233595833990
        25        81  77.8915656416801
        25        82  79.0492365747421
        25        83  80.1965056664646
        25        84  81.3335349718625
        25        85  82.4605096437537
        25        86  83.5776324855950
        25        87  84.6851187559288
        25        88  85.7831912454881
        25        89  86.8720756439550
        25        90  87.9519962096332
        25        91  89.0231717518865
        25        92  90.0858119330814
        25        93  91.1401138939615
        25        94  92.1862592038632
        25        95  93.2244111349461
        25        96  94.2547122576485
        25        97  95.2772823528843
        25        98  96.2922166350480
        25        99  97.2995842786819
        25       100  98.2994272406629
        25       101  99.2917593689625
        25       102 100.2765657884080
        25       103 101.2538025533917
        25       104 102.2233965571244
        25       105 103.1852456867751
        25       106 104.1392192136676
        25       107 105.0851584075768
        25       108 106.0228773640765
        25       109 106.9521640338033
        25       110 107.8727814424003
        25       111 108.7844690897740
        25       112 109.6869445171207
        25       113 110.5799050299356
        25       114 111.4630295649077
        25       115 112.3359806882046
        25       116 113.1984067121655
        25       117 114.0499439168379
        25       118 114.8902188621179
        25       119 115.7188507754772
        25       120 116.5354539994040
        25       121 117.3396404817476
        25       122 118.1310222911720
        25       123 118.9092141389135
        25       124 119.6738358870628
        25       125 120.4245150227013
        25       126 121.1608890765161
        25       127 121.8826079640964
        25       128 122.5893362281074
        25       129 123.2807551600943
        25       130 123.9565647819240
        25       131 124.6164856689713
        25       132 125.2602606001632
        25       133 125.8876560239231
        25       134 126.4984633337851
        25       135 127.0924999527091
        25       136 127.6696102304960
        25       137 128.2296661636250
        25       138 128.7725679506667
        25       139 129.2982443985801
        25       140 129.8071169635223

        26         1   0.0000000000000
        26         2   0.5924525711357
        26         3   1.1851372522965
        26         4   1.7783101641617
        26         5   2.3722314318474
        26         6   2.9671671743970
        26         7   3.5633915064277
        26         8   4.1611885555434
        26         9   4.7608544986341
        26        10   5.3626996195176
        26        11   5.9670503895075
        26        12   6.5742515713554
        26        13   7.1846683455618
        26        14   7.7986884562043
        26        15   8.4167243711024
        26        16   9.0392154482157
        26        17   9.6666300965355
        26        18  10.2994679152203
        26        19  10.9382617891762
        26        20  11.5835799125047
        26        21  12.2360277030165
        26        22  12.8962495611310
        26        23  13.5649304147268
        26        24  14.2427969777058
        26        25  14.9306186340500
        26        26  15.6292078409840
        26        27  16.3394199246707
        26        28  17.0621521201087
        26        29  17.7983416843741
        26        30  18.5489628904118
        26        31  19.3150226892178
        26        32  20.0975548143022
        26        33  20.8976120975167
        26        34  21.7162567743980
        26        35  22.5545485856522
        26        36  23.4135305353382
        26        37  24.2942122514913
        26        38  25.1975510158442
        26        39  26.1244306875362
        26        40  27.0756389380571
        26        41  28.0518434312799
        26        42  29.0535678053329
        26        43  30.0811685160191
        26        44  31.1348137519648
        26        45  32.2144656953392
        26        46  33.3198673497505
        26        47  34.4505349732641
        26        48  35.6057568445278
        26        49  36.7845986825702
        26        50  37.9859155852609
        26        51  39.2083699078306
        26        52  40.4504541290498
        26        53  41.7105174915752
        26        54  42.9867950750426
        26        55  44.2774379626788
        26        56  45.5805432727771
        26        57  46.8941830127952
        26        58  48.2164309409793
        26        59  49.5453868569110
        26        60  50.8791979642916
        26        61  52.2160771412801
        26        62  53.5543181083202
        26        63  54.8923075993591
        26        64  56.2285347225848
        26        65  57.5615977465517
        26        66  58.8902085730033
        26        67  60.2131951649210
        26        68  61.5295021927687
        26        69  62.8381901480412
        26        70  64.1384331545690
        26        71  65.4295156871454
        26        72  66.7108283857123
        26        73  67.9818631327281
        26        74  69.2422075421150
        26        75  70.4915389906885
        26        76  71.7296183072976
        26        77  72.9562832210118
        26        78  74.1714416574289
        26        79  75.3750649613801
        26        80  76.5671811147669
        26        81  77.7478680098023
        26        82  78.9172468303713
        26        83  80.0754755874292
        26        84  81.2227428481908
        26        85  82.3592616932491
        26        86  83.4852639306011
        26        87  84.6009945908112
        26        88  85.7067067231628
        26        89  86.8026565086024
        26        90  87.8890987015624
        26        91  88.9662824093299
        26        92  90.0344472145160
        26        93  91.0938196433563
        26        94  92.1446099800437
        26        95  93.1870094250416
        26        96  94.2211875933539
        26        97  95.2472903470180
        26        98  96.2654379546339
        26        99  97.2757235695248
        26       100  98.2782120171324
        26       101  99.2729388814569
        26       102 100.2599098797358
        26       103 101.2391005141046
        26       104 102.2104559886532
        26       105 103.1738913800744
        26       106 104.1292920499664
        26       107 105.0765142867678
        26       108 106.0153861652594
        26       109 106.9457086115280
        26       110 107.8672566612402
        26       111 108.7797808990004
        26       112 109.6830090664409
        26       113 110.5766478265144
        26       114 111.4603846712048
        26       115 112.3338899595425
        26       116 113.1968190723918
        26       117 114.0488146699781
        26       118 114.8895090375322
        26       119 115.7185265037610
        26       120 116.5354859161193
        26       121 117.3400031560669
        26       122 118.1316936766848
        26       123 118.9101750442185
        26       124 119.6750694643687
        26       125 120.4260062735190
        26       126 121.1626243746466
        26       127 121.8845745975037
        26       128 122.5915219628659
        26       129 123.2831478313448
        26       130 123.9591519185294
        26       131 124.6192541601478
        26       132 125.2631964135430
        26       133 125.8907439850158
        26       134 126.5016869763669
        26       135 127.0958414480672
        26       136 127.6730504005627
        26       137 128.2331845788985
        26       138 128.7761431086874
        26       139 129.3018539730822
        26       140 129.8107379912299

        27         1   0.0000000000000
        27         2   0.5662502895536
        27         3   1.1327349121248
        27         4   1.6997118027416
        27         5   2.2674430617971
        27         6   2.8361970303292
        27         7   3.4062503829224
        27         8   3.9778902438064
        27         9   4.5514163313531
        27        10   5.1271431356549
        27        11   5.7054021331650
        27        12   6.2865440414371
        27        13   6.8709411157664
        27        14   7.4589894879067
        27        15   8.0511115449405
        27        16   8.6477583436674
        27        17   9.2494120524139
        27        18   9.8565884077690
        27        19  10.4698391681983
        27        20  11.0897545395385
        27        21  11.7169655387375
        27        22  12.3521462515658
        27        23  12.9960159270439
        27        24  13.6493408356708
        27        25  14.3129357998875
        27        26  14.9876652833439
        27        27  15.6744439003862
        27        28  16.3742361789386
        27        29  17.0880553792312
        27        30  17.8169611388306
        27        31  18.5620556831950
        27        32  19.3244783136277
        27        33  20.1053978654963
        27        34  20.9060028249109
        27        35  21.7274888092566
        27        36  22.5710431649122
        27        37  23.4378265235879
        27        38  24.3289512956297
        27        39  25.2454572700886
        27        40  26.1882847372406
        27        41  27.1582458403053
        27        42  28.1559951778811
        27        43  29.1820009818595
        27        44  30.2365184398386
        27        45  31.3195668625470
        27        46  32.4309123662619
        27        47  33.5700575169729
        27        48  34.7362389683777
        27        49  35.9284335599806
        27        50  37.1453726998515
        27        51  38.3855642332084
        27        52  39.6473204830280
        27        53  40.9287908067442
        27        54  42.2279968701926
        27        55  43.5428688847283
        27        56  44.8712812462801
        27        57  46.2110863026596
        27        58  47.5601453041021
        27        59  48.9163559172730
        27        60  50.2776759738027
        27        61  51.6421433635858
        27        62  53.0078921648679
        27        63  54.3731652300046
        27        64  55.7363235249919
        27        65  57.0958525618682
        27        66  58.4503662755023
        27        67  59.7986086888084
        27        68  61.1394536902744
        27        69  62.4719032204359
        27        70  63.7950841336192
        27        71  65.1082439706885
        27        72  66.4107458494016
        27        73  67.7020626522710
        27        74  68.9817706680056
        27        75  70.2495428217185
        27        76  71.5051416110101
        27        77  72.7484118494841
        27        78  73.9792733059152
        27        79  75.1977133158247
        27        80  76.4037794323131
        27        81  77.5975721743793
        27        82  78.7792379233693
        27        83  79.9489620114551
        27        84  81.1069620399793
        27        85  82.2534814599988
        27        86  83.3887834423195
        27        87  84.5131450596727
        27        88  85.6268517993936
        27        89  86.7301924209926
        27        90  87.8234541693439
        27        91  88.9069183508374
        27        92  89.9808562767507
        27        93  91.0455255752907
        27        94  92.1011668712231
        27        95  93.1480008297610
        27        96  94.1862255594056
        27        97  95.2160143667184
        27        98  96.2375138545512
        27        99  97.2508423540407
        27       100  98.2560886796933
        27       101  99.2533111960978
        27       102 100.2425371842120
        27       103 101.2237624947361
        27       104 102.1969514757887
        27       105 103.1620371619212
        27       106 104.1189217114076
        27       107 105.0674770787143
        27       108 106.0075459090566
        27       109 106.9389426419653
        27       110 107.8614548107950
        27       111 108.7748445250909
        27       112 109.6788501226696
        27       113 110.5731879781524
        27       114 111.4575544545078
        27       115 112.3316279838976
        27       116 113.1950712637849
        27       117 114.0475335538432
        27       118 114.8886530587105
        27       119 115.7180593810717
        27       120 116.5353760289362
        27       121 117.3402229603245
        27       122 118.1322191479233
        27       123 118.9109851456342
        27       124 119.6761456383824
        27       125 120.4273319561186
        27       126 121.1641845326964
        27       127 121.8863552903236
        27       128 122.5935099306252
        27       129 123.2853301141098
        27       130 123.9615155110464
        27       131 124.6217857084883
        27       132 125.2658819604143
        27       133 125.8935687706645
        27       134 126.5046353014011
        27       135 127.0988966030648
        27       136 127.6761946649756
        27       137 128.2363992885680
        27       138 128.7794087874738
        27       139 129.3051505200138
        27       140 129.8140447972622

        28         1   0.0000000000000
        28         2   0.5389757725734
        28         3   1.0781869670554
        28         4   1.6178921047430
        28         5   2.1583540148029
        28         6   2.6998419863590
        28         7   3.2426339439021
        28         8   3.7870186536724
        28         9   4.3332979684427
        28        10   4.8817891177975
        28        11   5.4328270505251
        28        12   5.9867668350590
        28        13   6.5439861229641
        28        14   7.1048876791736
        28        15   7.6699019809311
        28        16   8.2394898850557
        28        17   8.8141453600491
        28        18   9.3943982754911
        28        19   9.9808172358784
        28        20  10.5740124392348
        28        21  11.1746385320955
        28        22  11.7833974214186
        28        23  12.4010409901230
        28        24  13.0283736457570
        28        25  13.6662546107305
        28        26  14.3155998370621
        28        27  14.9773833982971
        28        28  15.6526381759396
        28        29  16.3424556176311
        28        30  17.0479843002369
        28        31  17.7704269847840
        28        32  18.5110358049974
        28        33  19.2711051919790
        28        34  20.0519621115811
        28        35  20.8549531880578
        28        36  21.6814283200023
        28        37  22.5327204768320
        28        38  23.4101215111114
        28        39  24.3148540465695
        28        40  25.2480398100927
        28        41  26.2106651626812
        28        42  27.2035450259324
        28        43  28.2272868513432
        28        44  29.2822566713049
        28        45  30.3685495191437
        28        46  31.4859665274515
        28        47  32.6340007501016
        28        48  33.8118331940946
        28        49  35.0183397485116
        28        50  36.2521087764743
        28        51  37.5114682434459
        28        52  38.7945205353675
        28        53  40.0991826710666
        28        54  41.4232294673849
        28        55  42.7643373425731
        28        56  44.1201267718817
        28        57  45.4882018513421
        28        58  46.8661859000932
        28        59  48.2517524762522
        28        60  49.6426515578939
        28        61  51.0367309323842
        28        62  52.4319530434801
        28        63  53.8264076757651
        28        64  55.2183209245447
        28        65  56.6060609217488
        28        66  57.9881407789403
        28        67  59.3632191790417
        28        68  60.7300990079947
        28        69  62.0877243728070
        28        70  63.4351763076926
        28        71  64.7716674279708
        28        72  66.0965357534699
        28        73  67.4092378899800
        28        74  68.7093417288060
        28        75  69.9965188003883
        28        76  71.2705363977759
        28        77  72.5312495689110
        28        78  73.7785930626460
        28        79  75.0125733016662
        28        80  76.2332604455626
        28        81  77.4407805988235
        28        82  78.6353082111661
        28        83  79.8170587111652
        28        84  80.9862814083603
        28        85  82.1432526937860
        28        86  83.2882695640787
        28        87  84.4216434898750
        28        88  85.5436946451040
        28        89  86.6547465099407
        28        90  87.7551208566284
        28        91  88.8451331240769
        28        92  89.9250881841096
        28        93  90.9952764994563
        28        94  92.0559706710853
        28        95  93.1074223702281
        28        96  94.1498596484776
        28        97  95.1834846176320
        28        98  96.2084714895022
        28        99  97.2249649646900
        28       100  98.2330789583653
        28       101  99.2328956502993
        28       102 100.2244648458380
        28       103 101.2078036340863
        28       104 102.1828963293138
        28       105 103.1496946814434
        28       106 104.1081183414312
        28       107 105.0580555673615
        28       108 105.9993641571309
        28       109 106.9318725936740
        28       110 107.8553813887480
        28       111 108.7696646113428
        28       112 109.6744715867881
        28       113 110.5695287525844
        28       114 111.4545416568696
        28       115 112.3291970852545
        28       116 113.1931653015021
        28       117 114.0461023871939
        28       118 114.8876526651283
        28       119 115.7174511907388
        28       120 116.5351262953150
        28       121 117.3403021642872
        28       122 118.1326014333100
        28       123 118.9116477843983
        28       124 119.6770685239577
        28       125 120.4284971242704
        28       126 121.1655757098855
        28       127 121.8879574704921
        28       128 122.5953089822631
        28       129 123.2873124204122
        28       130 123.9636676468420
        28       131 124.6240941582895
        28       132 125.2683328822961
        28       133 125.8961478105890
        28       134 126.5073274619625
        28       135 127.1016861693639
        28       136 127.6790651884345
        28       137 128.2393336270403
        28       138 128.7823891971555
        28       139 129.3081587916737
        28       140 129.8170623179095

        29         1   0.0000000000000
        29         2   0.5106503433313
        29         3   1.0215359592155
        29         4   1.5329146194256
        29         5   2.0450485237103
        29         6   2.5582065176218
        29         7   3.0726663394815
        29         8   3.5887169062868
        29         9   4.1066606483179
        29        10   4.6268159020983
        29        11   5.1495193711604
        29        12   5.6751286637230
        29        13   6.2040249158270
        29        14   6.7366155076323
        29        15   7.2733368793227
        29        16   7.8146574512726
        29        17   8.3610806506075
        29        18   8.9131480428136
        29        19   9.4714425623320
        29        20  10.0365918297448
        29        21  10.6092715347862
        29        22  11.1902088534485
        29        23  11.7801858532639
        29        24  12.3800428226863
        29        25  12.9906814375367
        29        26  13.6130676488225
        29        27  14.2482341410151
        29        28  14.8972821673100
        29        29  15.5613825180704
        29        30  16.2417753207313
        29        31  16.9397683050960
        29        32  17.6567330999606
        29        33  18.3940990603835
        29        34  19.1533440678054
        29        35  19.9359817096519
        29        36  20.7435442474799
        29        37  21.5775608440525
        29        38  22.4395306639399
        29        39  23.3308907133457
        29        40  24.2529786611012
        29        41  25.2069913881552
        29        42  26.1939406265701
        29        43  27.2146077151495
        29        44  28.2695001213293
        29        45  29.3588128276776
        29        46  30.4823978148106
        29        47  31.6397445779150
        29        48  32.8299738550008
        29        49  34.0518455967148
        29        50  35.3037808561634
        29        51  36.5838959725376
        29        52  37.8900464005056
        29        53  39.2198769497867
        29        54  40.5708750806647
        29        55  41.9404241825619
        29        56  43.3258543141599
        29        57  44.7244885611649
        29        58  46.1336838493961
        29        59  47.5508656527294
        29        60  48.9735565140144
        29        61  50.3993986414160
        29        62  51.8261710632565
        29        63  53.2518019431684
        29        64  54.6743766995018
        29        65  56.0921425623488
        29        66  57.5035101582440
        29        67  58.9070526518836
        29        68  60.3015029069553
        29        69  61.6857490614834
        29        70  63.0588288512158
        29        71  64.4199229596387
        29        72  65.7683476259561
        29        73  67.1035467026628
        29        74  68.4250833215472
        29        75  69.7326313002013
        29        76  71.0259663994382
        29        77  72.3049575245219
        29        78  73.5695579489573
        29        79  74.8197966280615
        29        80  76.0557696600429
        29        81  77.2776319443624
        29        82  78.4855890803638
        29        83  79.6798895432389
        29        84  80.8608171691143
        29        85  82.0286839762595
        29        86  83.1838233450001
        29        87  84.3265835747991
        29        88  85.4573218331147
        29        89  86.5763985070104
        29        90  87.6841719650853
        29        91  88.7809937341099
        29        92  89.8672040917974
        29        93  90.9431280744220
        29        94  92.0090718955246
        29        95  93.0653197697298
        29        96  94.1121311337356
        29        97  95.1497382548358
        29        98  96.1783442158835
        29        99  97.1981212644002
        29       100  98.2092095125631
        29       101  99.2117159740447
        29       102 100.2057139231231
        29       103 101.1912425610946
        29       104 102.1683069747859
        29       105 103.1368783718559
        29       106 104.0968945775635
        29       107 105.0482607777417
        29       108 105.9908504928262
        29       109 106.9245067679159
        29       110 107.8490435639789
        29       111 108.7642473354261
        29       112 109.6698787793517
        29       113 110.5656747417677
        29       114 111.4513502661217
        29       115 112.3266007692859
        29       116 113.1911043300320
        29       117 114.0445240747647
        29       118 114.8865106449805
        29       119 115.7167047305621
        29       120 116.5347396526208
        29       121 117.3402439791899
        29       122 118.1328441566668
        29       123 118.9121671395402
        29       124 119.6778430006492
        29       125 120.4295075040556
        29       126 121.1668046225968
        29       127 121.8893889823856
        29       128 122.5969282169669
        29       129 123.2891052145700
        29       130 123.9656202429313
        29       131 124.6261929375168
        29       132 125.2705641406280
        29       133 125.8984975807783
        29       134 126.5097813838195
        29       135 127.1042294094496
        29       136 127.6816824088448
        29       137 128.2420090010605
        29       138 128.7851064674302
        29       139 129.3109013643416
        29       140 129.8198132808624

        30         1   0.0000000000000
        30         2   0.4812999719861
        30         3   0.9628337328129
        30         4   1.4448568700272
        30         5   1.9276294928527
        30         6   2.4114185025639
        30         7   2.8964998977936
        30         8   3.3831611267568
        30         9   3.8717034985351
        30        10   4.3624446657281
        30        11   4.8557211909030
        30        12   5.3518912093258
        30        13   5.8513372003764
        30        14   6.3544688797566
        30        15   6.8617262239900
        30        16   7.3735826376484
        30        17   7.8905482720327
        30        18   8.4131735014510
        30        19   8.9420525594558
        30        20   9.4778273320298
        30        21  10.0211912972325
        30        22  10.5728935905972
        30        23  11.1337431618042
        30        24  11.7046129698869
        30        25  12.2864441402939
        30        26  12.8802499762135
        30        27  13.4871196771944
        30        28  14.1082215687636
        30        29  14.7448055860808
        30        30  15.3982046817461
        30        31  16.0698347426947
        30        32  16.7611925053151
        30        33  17.4738508557962
        30        34  18.2094508024735
        30        35  18.9696893222685
        30        36  19.7563022348279
        30        37  20.5710412742288
        30        38  21.4156446453416
        30        39  22.2918006110398
        30        40  23.2011040961277
        30        41  24.1450069382799
        30        42  25.1247632573834
        30        43  26.1413723916338
        30        44  27.1955228317826
        30        45  28.2875413749604
        30        46  29.4173520771787
        30        47  30.5844492948402
        30        48  31.7878880720757
        30        49  33.0262934479284
        30        50  34.2978882275036
        30        51  35.6005368097989
        30        52  36.9318011909604
        30        53  38.2890045020254
        30        54  39.6692974183090
        30        55  41.0697233433134
        30        56  42.4872791878392
        30        57  43.9189695998339
        30        58  45.3618534723161
        30        59  46.8130823585529
        30        60  48.2699310145964
        30        61  49.7298206751188
        30        62  51.1903358812834
        30        63  52.6492357610358
        30        64  54.1044606537693
        30        65  55.5541349075491
        30        66  56.9965665844836
        30        67  58.4302447069534
        30        68  59.8538345761355
        30        69  61.2661716014157
        30        70  62.6662539981210
        30        71  64.0532346424467
        30        72  65.4264123160260
        30        73  66.7852225270591
        30        74  68.1292280587300
        30        75  69.4581093672051
        30        76  70.7716549293039
        30        77  72.0697516226511
        30        78  73.3523752076203
        30        79  74.6195809697436
        30        80  75.8714945727528
        30        81  77.1083031654457
        30        82  78.3302467797131
        30        83  79.5376100519746
        30        84  80.7307142957306
        30        85  81.9099099487718
        30        86  83.0755694146920
        30        87  84.2280803146610
        30        88  85.3678391618880
        30        89  86.4952454678430
        30        90  87.6106962860949
        30        91  88.7145811965858
        30        92  89.8072777303125
        30        93  90.8891472317381
        30        94  91.9605311538279
        30        95  93.0217477784178
        30        96  94.0730893526734
        30        97  95.1148196307016
        30        98  96.1471718079347
        30        99  97.1703468346988
        30       100  98.1845120944199
        30       101  99.1898004311687
        30       102 100.1863095107066
        30       103 101.1741014988312
        30       104 102.1532030406150
        30       105 103.1236055240573
        30       106 104.0852656117016
        30       107 105.0381060238786
        30       108 105.9820165574014
        30       109 106.9168553237265
        30       110 107.8424501907908
        30       111 108.7586004129176
        30       112 109.6650784333270
        30       113 110.5616318438933
        30       114 111.4479854868279
        30       115 112.3238436829498
        30       116 113.1888925711150
        30       117 114.0428025432207
        30       118 114.8852307589892
        30       119 115.7158237244720
        30       120 116.5342199179181
        30       121 117.3400524463414
        30       122 118.1329517158222
        30       123 118.9125480983161
        30       124 119.6784745775557
        30       125 120.4303693565466
        30       126 121.1678784092204
        30       127 121.8906579590470
        30       128 122.5983768678594
        30       129 123.2907189188339
        30       130 123.9673849785132
        30       131 124.6280950239562
        30       132 125.2725900225337
        30       133 125.9006336535223
        30       134 126.5120138624215
        30       135 127.1065442407441
        30       136 127.6840652258249
        30       137 128.2444451168455
        30       138 128.7875809046988
        30       139 129.3133989144476
        30       140 129.8223184879044

        31         1   0.0000000000000
        31         2   0.4509554985758
        31         3   0.9021418812946
        31         4   1.3538110281700
        31         5   1.8062194042439
        31         6   2.2596303672014
        31         7   2.7143165155348
        31         8   3.1705620913940
        31         9   3.6286654526482
        31        10   4.0889416291447
        31        11   4.5517249786484
        31        12   5.0173719584565
        31        13   5.4862640291567
        31        14   5.9588107073701
        31        15   6.4354527844950
        31        16   6.9166657283228
        31        17   7.4029632837523
        31        18   7.8949012874502
        31        19   8.3930817088775
        31        20   8.8981569261996
        31        21   9.4108342396718
        31        22   9.9318806164181
        31        23  10.4621276481666
        31        24  11.0024766862945
        31        25  11.5539040949855
        31        26  12.1174665316123
        31        27  12.6943061214887
        31        28  13.2856553394409
        31        29  13.8928413406299
        31        30  14.5172893951980
        31        31  15.1605249737131
        31        32  15.8241739025696
        31        33  16.5099598627043
        31        34  17.2196983480103
        31        35  17.9552860454630
        31        36  18.7186844709690
        31        37  19.5118966298698
        31        38  20.3369355201469
        31        39  21.1957835244663
        31        40  22.0903422156886
        31        41  23.0223728913926
        31        42  23.9934292815101
        31        43  25.0047852899104
        31        44  26.0573621726200
        31        45  27.1516609253597
        31        46  28.2877064486947
        31        47  29.4650098746171
        31        48  30.6825540357145
        31        49  31.9388045399898
        31        50  33.2317457822266
        31        51  34.5589382277845
        31        52  35.9175911435653
        31        53  37.3046439969622
        31        54  38.7168499692313
        31        55  40.1508561153469
        31        56  41.6032762210603
        31        57  43.0707539792105
        31        58  44.5500154752072
        31        59  46.0379110133899
        31        60  47.5314470125164
        31        61  49.0278090932020
        31        62  50.5243776426777
        31        63  52.0187371453405
        31        64  53.5086804735854
        31        65  54.9922091897909
        31        66  56.4675307498051
        31        67  57.9330533413107
        31        68  59.3873789483275
        31        69  60.8292951108633
        31        70  62.2577657473790
        31        71  63.6719213260764
        31        72  65.0710486066778
        31        73  66.4545801246038
        31        74  67.8220835515281
        31        75  69.1732510377241
        31        76  70.5078886202800
        31        77  71.8259057653753
        31        78  73.1273051009659
        31        79  74.4121723872873
        31        80  75.6806667657105
        31        81  76.9330113210151
        31        82  78.1694839876147
        31        83  79.3904088263310
        31        84  80.5961476947489
        31        85  81.7870923308231
        31        86  82.9636568661708
        31        87  84.1262707823204
        31        88  85.2753723200723
        31        89  86.4114023490815
        31        90  87.5347987017971
        31        91  88.6459909730288
        31        92  89.7453957836787
        31        93  90.8334125046111
        31        94  91.9104194342519
        31        95  92.9767704213521
        31        96  94.0327919224117
        31        97  95.0787804815714
        31        98  96.1150006193328
        31        99  97.1416831152655
        31       100  98.1590236688969
        31       101  99.1671819222410
        31       102 100.1662808268906
        31       103 101.1564063382569
        31       104 102.1376074193598
        31       105 103.1098963365325
        31       106 104.0732492294785
        31       107 105.0276069382730
        31       108 105.9728760701212
        31       109 106.9089302889331
        31       110 107.8356118110341
        31       111 108.7527330905820
        31       112 109.6600786784776
        31       113 110.5574072387353
        31       114 111.4444537063991
        31       115 112.3209315711493
        31       116 113.1865352707427
        31       117 114.0409426783569
        31       118 114.8838176677880
        31       119 115.7148127402769
        31       120 116.5335716965332
        31       121 117.3397323373111
        31       122 118.1329291756780
        31       123 118.9127961439459
        31       124 119.6789692781231
        31       125 120.4310893627281
        31       126 121.1688045189198
        31       127 121.8917727191584
        31       128 122.5996642120634
        31       129 123.2921638417751
        31       130 123.9689732469882
        31       131 124.6298129258881
        31       132 125.2744241544843
        31       133 125.9025707472498
        31       134 126.5140406505159
        31       135 127.1086473606523
        31       136 127.6862311606401
        31       137 128.2466601701209
        31       138 128.7898312053404
        31       139 129.3156704465311
        31       140 129.8245970478907

        32         1   0.0000000000000
        32         2   0.4196529938277
        32         3   0.8395324694491
        32         4   1.2598849982225
        32         5   1.6809617657578
        32         6   2.1030208994170
        32         7   2.5263298416303
        32         8   2.9511677852276
        32         9   3.3778281876210
        32        10   3.8066213814541
        32        11   4.2378773002369
        32        12   4.6719483385063
        32        13   5.1092123671487
        32        14   5.5500759256554
        32        15   5.9949776141735
        32        16   6.4443917091664
        32        17   6.8988320271575
        32        18   7.3588560611799
        32        19   7.8250694139041
        32        20   8.2981305495492
        32        21   8.7787558830373
        32        22   9.2677252186668
        32        23   9.7658875408351
        32        24  10.2741671446815
        32        25  10.7935700731842
        32        26  11.3251907969598
        32        27  11.8702190309218
        32        28  12.4299465245686
        32        29  13.0057735858633
        32        30  13.5992149978626
        32        31  14.2119048578039
        32        32  14.8455997063982
        32        33  15.5021791189324
        32        34  16.1836427023720
        32        35  16.8921021949672
        32        36  17.6297671208139
        32        37  18.3989222541270
        32        38  19.2018950640494
        32        39  20.0410114361686
        32        40  20.9185384216164
        32        41  21.8366136760593
        32        42  22.7971627152671
        32        43  23.8018071323225
        32        44  24.8517693178419
        32        45  25.9477815759533
        32        46  27.0900091673359
        32        47  28.2779969685587
        32        48  29.5106475632910
        32        49  30.7862347281577
        32        50  32.1024512930018
        32        51  33.4564856229927
        32        52  34.8451177510616
        32        53  36.2648250704704
        32        54  37.7118882908213
        32        55  39.1824903929830
        32        56  40.6728038172972
        32        57  42.1790634818620
        32        58  43.6976251127671
        32        59  45.2250096676367
        32        60  46.7579353916532
        32        61  48.2933393777665
        32        62  49.8283905419227
        32        63  51.3604957859755
        32        64  52.8873008937432
        32        65  54.4066874493887
        32        66  55.9167668183658
        32        67  57.4158720088403
        32        68  58.9025480435579
        32        69  60.3755413194704
        32        70  61.8337883121936
        32        71  63.2764038900068
        32        72  64.7026694326698
        32        73  66.1120208991133
        32        74  67.5040369509290
        32        75  68.8784272120853
        32        76  70.2350207266463
        32        77  71.5737546632806
        32        78  72.8946633063301
        32        79  74.1978673669121
        32        80  75.4835636429992
        32        81  76.7520150540116
        32        82  78.0035410726672
        32        83  79.2385085743661
        32        84  80.4573231220240
        32        85  81.6604207018840
        32        86  82.8482599233806
        32        87  84.0213146935780
        32        88  85.1800673740615
        32        89  86.3250024254669
        32        90  87.4566005421270
        32        91  88.5753332766255
        32        92  89.6816581514509
        32        93  90.7760142524519
        32        94  91.8588182964689
        32        95  92.9304611633750
        32        96  93.9913048808348
        32        97  95.0416800483934
        32        98  96.0818836860579
        32        99  97.1121774913222
        32       100  98.1327864876193
        32       101  99.1438980464470
        32       102 100.1456612648873
        32       103 101.1381866799144
        32       104 102.1215463007275
        32       105 103.0957739403370
        32       106 104.0608658277414
        32       107 105.0167814822383
        32       108 105.9634448316777
        32       109 106.9007455567784
        32       110 107.8285406439469
        32       111 108.7466561293609
        32       112 109.6548890173653
        32       113 110.5530093564866
        32       114 111.4407624565654
        32       115 112.3178712306515
        32       116 113.1840386453812
        32       117 114.0389502635718
        32       118 114.8822768627304
        32       119 115.7136771130841
        32       120 116.5328002986211
        32       121 117.3392890644935
        32       122 118.1327821740072
        32       123 118.9129172583187
        32       124 119.6793335419173
        32       125 120.4316745270055
        32       126 121.1695906200358
        32       127 121.8927416839442
        32       128 122.6007995000504
        32       129 123.2934501242004
        32       130 123.9703961225121
        32       131 124.6313586730339
        32       132 125.2760795207548
        32       133 125.9043227746517
        32       134 126.5158765368223
        32       135 127.1105543551580
        32       136 127.6881964924277
        32       137 128.2486710060083
        32       138 128.7918746337646
        32       139 129.3177334827254
        32       140 129.8266665701367

        33         1   0.0000000000000
        33         2   0.3874345289465
        33         3   0.7750895714530
        33         4   1.1632047204701
        33         5   1.5520241747606
        33         6   1.9417990669935
        33         7   2.3327898423877
        33         8   2.7252687060173
        33         9   3.1195221577791
        33        10   3.5158536351295
        33        11   3.9145862850319
        33        12   4.3160658881132
        33        13   4.7206639598004
        33        14   5.1287810551765
        33        15   5.5408503064080
        33        16   5.9573412238040
        33        17   6.3787637937350
        33        18   6.8056729086276
        33        19   7.2386731657858
        33        20   7.6784240725268
        33        21   8.1256456945215
        33        22   8.5811247815648
        33        23   9.0457213992231
        33        24   9.5203760844829
        33        25  10.0061175266871
        33        26  10.5040707490452
        33        27  11.0154657273307
        33        28  11.5416463264648
        33        29  12.0840793567489
        33        30  12.6443634424904
        33        31  13.2242372484713
        33        32  13.8255864154143
        33        33  14.4504483063931
        33        34  15.1010133574996
        33        35  15.7796214613774
        33        36  16.4887514096219
        33        37  17.2310010224556
        33        38  18.0090552815827
        33        39  18.8256396844167
        33        40  19.6834563408185
        33        41  20.5851012681903
        33        42  21.5329631384109
        33        43  22.5291065242487
        33        44  23.5751463643939
        33        45  24.6721243649566
        33        46  25.8204013032995
        33        47  27.0195802512308
        33        48  28.2684733387589
        33        49  29.5651186459555
        33        50  30.9068455997693
        33        51  32.2903795247600
        33        52  33.7119711370107
        33        53  35.1675356776534
        33        54  36.6527884180848
        33        55  38.1633670187163
        33        56  39.6949353035637
        33        57  41.2432665052178
        33        58  42.8043065431647
        33        59  44.3742194097324
        33        60  45.9494174391766
        33        61  47.5265793730550
        33        62  49.1026589341925
        33        63  50.6748862536340
        33        64  52.2407640745326
        33        65  53.7980602514802
        33        66  55.3447977072262
        33        67  56.8792427133008
        33        68  58.3998921265300
        33        69  59.9054600333328
        33        70  61.3948641191717
        33        71  62.8672119824996
        33        72  64.3217875427773
        33        73  65.7580376436549
        33        74  67.1755589195818
        33        75  68.5740849725239
        33        76  69.9534738917571
        33        77  71.3136961413500
        33        78  72.6548228351052
        33        79  73.9770144160662
        33        80  75.2805097562801
        33        81  76.5656156916927
        33        82  77.8326970064220
        33        83  79.0821668799337
        33        84  80.3144778096938
        33        85  81.5301130206056
        33        86  82.7295783709598
        33        87  83.9133947627455
        33        88  85.0820910620423
        33        89  86.2361975328912
        33        90  87.3762397856060
        33        91  88.5027332379902
        33        92  89.6161780854402
        33        93  90.7170547735051
        33        94  91.8058199641760
        33        95  92.8829029850544
        33        96  93.9487027486155
        33        97  95.0035851270746
        33        98  96.0478807668970
        33        99  97.0818833257602
        33       100  98.1058481138026
        33       101  99.1199911202399
        33       102 100.1244884059115
        33       103 101.1194758419964
        33       104 102.1050491750003
        33       105 103.0812643981323
        33       106 104.0481384093336
        33       107 105.0056499364678
        33       108 105.9537407104997
        33       109 106.8923168678563
        33       110 107.8212505635473
        33       111 108.7403817770075
        33       112 109.6495202929887
        33       113 110.5484478401515
        33       114 111.4369203702884
        33       115 112.3146704613256
        33       116 113.1814098274101
        33       117 114.0368319194880
        33       118 114.8806145998162
        33       119 115.7124228738468
        33       120 116.5319116628800
        33       121 117.3387286008217
        33       122 118.1325168383212
        33       123 118.9129178375306
        33       124 119.6795741407335
        33       125 120.4321320961702
        33       126 121.1702445245600
        33       127 121.8935733101078
        33       128 122.6017919002005
        33       129 123.2945876985654
        33       130 123.9716643373831
        33       131 124.6327438147090
        33       132 125.2775684845737
        33       133 125.9059028882568
        33       134 126.5175354164512
        33       135 127.1122797933184
        33       136 127.6899763747347
        33       137 128.2504932543135
        33       138 128.7937271720205
        33       139 129.3196042213537
        33       140 129.8285433260752

        34         1   0.0000000000000
        34         2   0.3543499420997
        34         3   0.7089127987611
        34         4   1.0639194500220
        34         5   1.4196053323549
        34         6   1.7762127462503
        34         7   2.1339932183725
        34         8   2.4932099381006
        34         9   2.8541402893958
        34        10   3.2170785003685
        34        11   3.5823384346801
        34        12   3.9502565510233
        34        13   4.3211950593959
        34        14   4.6955453057230
        34        15   5.0737314195966
        34        16   5.4562142634620
        34        17   5.8434957254420
        34        18   6.2361234020479
        34        19   6.6346957211256
        34        20   7.0398675592375
        34        21   7.4523564108796
        34        22   7.8729491688181
        34        23   8.3025095744667
        34        24   8.7419863931982
        34        25   9.1924223598045
        34        26   9.6549639211301
        34        27  10.1308717722337
        34        28  10.6215321338112
        34        29  11.1284686446691
        34        30  11.6533546340825
        34        31  12.1980253825879
        34        32  12.7644897612315
        34        33  13.3549403417752
        34        34  13.9717606774881
        34        35  14.6175279546606
        34        36  15.2950086113596
        34        37  16.0071438428655
        34        38  16.7570212428306
        34        39  17.5478283227348
        34        40  18.3827835719446
        34        41  19.2650414464223
        34        42  20.1975696693555
        34        43  21.1830009128868
        34        44  22.2234664230220
        34        45  23.3204258697143
        34        46  24.4745140049202
        34        47  25.6854279053386
        34        48  26.9518758516606
        34        49  28.2715992258860
        34        50  29.6414647167229
        34        51  31.0576110214559
        34        52  32.5156268391538
        34        53  34.0107365245739
        34        54  35.5379744645989
        34        55  37.0923360879998
        34        56  38.6688999967358
        34        57  40.2629207205323
        34        58  41.8698947384578
        34        59  43.4856039457026
        34        60  45.1061411409010
        34        61  46.7279218257887
        34        62  48.3476859956520
        34        63  49.9624928864563
        34        64  51.5697109635592
        34        65  53.1670048489234
        34        66  54.7523204076545
        34        67  56.3238688465448
        34        68  57.8801104027219
        34        69  59.4197380018913
        34        70  60.9416611260453
        34        71  62.4449900351459
        34        72  63.9290204242502
        34        73  65.3932185575025
        34        74  66.8372068963738
        34        75  68.2607502262757
        34        76  69.6637422794851
        34        77  71.0461928505057
        34        78  72.4082154007171
        34        79  73.7500151511440
        34        80  75.0718776645897
        34        81  76.3741579206714
        34        82  77.6572698891646
        34        83  78.9216766083339
        34        84  80.1678807755377
        34        85  81.3964158573487
        34        86  82.6078377257842
        34        87  83.8027168260626
        34        88  84.9816308796942
        34        89  86.1451581247677
        34        90  87.2938710931164
        34        91  88.4283309217197
        34        92  89.5490821933200
        34        93  90.6566482988713
        34        94  91.7515273121632
        34        95  92.8341883648269
        34        96  93.9050685079783
        34        97  94.9645700450155
        34        98  96.0130583185829
        34        99  97.0508599334594
        34       100  98.0782613961204
        34       101  99.0955081509581
        34       102 100.1028039926134
        34       103 101.1003108335506
        34       104 102.0881488058798
        34       105 103.0663966764676
        34       106 104.0350925545521
        34       107 104.9942348713628
        34       108 105.9437836116115
        34       109 106.8836617771390
        34       110 107.8137570634494
        34       111 108.7339237303125
        34       112 109.6439846480483
        34       113 110.5437335015088
        34       114 111.4329371341231
        34       115 112.3113380146676
        34       116 113.1786568096653
        34       117 114.0345950444844
        34       118 114.8788378363334
        34       119 115.7110566824147
        34       120 116.5309122865282
        34       121 117.3380574074313
        34       122 118.1321397122591
        34       123 118.9128046183333
        34       124 119.6796981067397
        34       125 120.4324694911715
        34       126 121.1707741257273
        34       127 121.8942760356443
        34       128 122.6026504553551
        34       129 123.2955862587871
        34       130 123.9727882674901
        34       131 124.6339794229738
        34       132 125.2789028105579
        34       133 125.9073235230717
        34       134 126.5190303538572
        34       135 127.1138373097200
        34       136 127.6915849356886
        34       137 128.2521414446749
        34       138 128.7954036463328
        34       139 129.3212976705863
        34       140 129.8302423853376

        35         1   0.0000000000000
        35         2   0.3204607430808
        35         3   0.6411250991122
        35         4   0.9622134290845
        35         5   1.2839505569609
        35         6   1.6065680339019
        35         7   1.9303064602129
        35         8   2.2554178862563
        35         9   2.5821683149099
        35        10   2.9108403298936
        35        11   3.2417358764557
        35        12   3.5751792235581
        35        13   3.9115201398564
        35        14   4.2511373194967
        35        15   4.5944420980774
        35        16   4.9418825040990
        35        17   5.2939476968683
        35        18   5.6511728481314
        35        19   6.0141445316277
        35        20   6.3835066921596
        35        21   6.7599672733909
        35        22   7.1443055909795
        35        23   7.5373805440728
        35        24   7.9401397624602
        35        25   8.3536297869828
        35        26   8.7790073743784
        35        27   9.2175520005248
        35        28   9.6706796020710
        35        29  10.1399575371819
        35        30  10.6271206495710
        35        31  11.1340881696956
        35        32  11.6629809610944
        35        33  12.2161382905956
        35        34  12.7961328356396
        35        35  13.4057820057137
        35        36  14.0481528203927
        35        37  14.7265565507846
        35        38  15.4445281468919
        35        39  16.2057842971866
        35        40  17.0141531244317
        35        41  17.8734685750930
        35        42  18.7874243295591
        35        43  19.7593865172631
        35        44  20.7921724075116
        35        45  21.8878133245021
        35        46  23.0473320675143
        35        47  24.2705732618316
        35        48  25.5561230422526
        35        49  26.9013386510104
        35        50  28.3024831630963
        35        51  29.7549373721714
        35        52  31.2534496921984
        35        53  32.7923870240487
        35        54  34.3659598432089
        35        55  35.9684071352859
        35        56  37.5941371697845
        35        57  39.2378269421490
        35        58  40.8944866188999
        35        59  42.5594964010188
        35        60  44.2286228550972
        35        61  45.8980207087895
        35        62  47.5642248534548
        35        63  49.2241361088115
        35        64  50.8750033000795
        35        65  52.5144034077233
        35        66  54.1402209585215
        35        67  55.7506274010094
        35        68  57.3440609119537
        35        69  58.9192068807280
        35        70  60.4749791885531
        35        71  62.0105023188543
        35        72  63.5250942879863
        35        73  65.0182503610538
        35        74  66.4896275075162
        35        75  67.9390295501664
        35        76  69.3663929651144
        35        77  70.7717732970717
        35        78  72.1553321618496
        35        79  73.5173248155309
        35        80  74.8580882766188
        35        81  76.1780299932719
        35        82  77.4776170523541
        35        83  78.7573659304406
        35        84  80.0178327891773
        35        85  81.2596043185985
        35        86  82.4832891322973
        35        87  83.6895097178574
        35        88  84.8788949448429
        35        89  86.0520731310360
        35        90  87.2096656656632
        35        91  88.3522811861615
        35        92  89.4805103027246
        35        93  90.5949208625343
        35        94  91.6960537432929
        35        95  92.7844191635069
        35        96  93.8604934949699
        35        97  94.9247165611069
        35        98  95.9774894032840
        35        99  97.0191724958865
        35       100  98.0500843899189
        35       101  99.0705007640867
        35       102 100.0806538617658
        35       103 101.0807322919382
        35       104 102.0708811720441
        35       105 103.0512025907539
        35       106 104.0217563688611
        35       107 104.9825610968167
        35       108 105.9335954278339
        35       109 106.8747996059625
        35       110 107.8060772090337
        35       111 108.7272970868932
        35       112 109.6382954758377
        35       113 110.5388782706427
        35       114 111.4288234359968
        35       115 112.3078835395269
        35       116 113.1757883889140
        35       117 114.0322477558482
        35       118 114.8769541697659
        35       119 115.7095857644489
        35       120 116.5298091606714
        35       121 117.3372823681462
        35       122 118.1316576900901
        35       123 118.9125846137929
        35       124 119.6797126706743
        35       125 120.4326942494573
        35       126 121.1711873462951
        35       127 121.8948582359890
        35       128 122.6033840488248
        35       129 123.2964552380638
        35       130 123.9737779237453
        35       131 124.6350760991977
        35       132 125.2800936875106
        35       133 125.9085964361746
        35       134 126.5203736391431
        35       135 127.1152396766827
        35       136 127.6930353645438
        35       137 128.2536291051659
        35       138 128.7969178348316
        35       139 129.3228277618634
        35       140 129.8317777311121

        36         1   0.0000000000000
        36         2   0.2858481282979
        36         3   0.5718887702946
        36         4   0.8583298664622
        36         5   1.1453836792999
        36         6   1.4332689895087
        36         7   1.7222133520280
        36         8   2.0124554342753
        36         9   2.3042474604459
        36        10   2.5978577877350
        36        11   2.8935736428867
        36        12   3.1917040506190
        36        13   3.4925829892790
        36        14   3.7965728136500
        36        15   4.1040679902426
        36        16   4.4154991967708
        36        17   4.7313378449497
        36        18   5.0521010943643
        36        19   5.3783574350361
        36        20   5.7107329275161
        36        21   6.0499182018243
        36        22   6.3966763301866
        36        23   6.7518517028890
        36        24   7.1163800509289
        36        25   7.4912997721354
        36        26   7.8777647268117
        36        27   8.2770586710722
        36        28   8.6906114851647
        36        29   9.1200173213722
        36        30   9.5670547282517
        36        31  10.0337086853695
        36        32  10.5221942770366
        36        33  11.0349814053604
        36        34  11.5748194393777
        36        35  12.1447599517746
        36        36  12.7481746328964
        36        37  13.3887640260995
        36        38  14.0705508757901
        36        39  14.7978497109229
        36        40  15.5752021250979
        36        41  16.4072657790023
        36        42  17.2986457283394
        36        43  18.2536611642892
        36        44  19.2760511633767
        36        45  20.3686406947468
        36        46  21.5330107117583
        36        47  22.7692355064068
        36        48  24.0757528063947
        36        49  25.4494058996873
        36        50  26.8856487274576
        36        51  28.3788618527598
        36        52  29.9227109969153
        36        53  31.5104895122162
        36        54  33.1354082254561
        36        55  34.7908180267450
        36        56  36.4703662140173
        36        57  38.1680960724881
        36        58  39.8785021456805
        36        59  41.5965533138392
        36        60  43.3176938949886
        36        61  45.0378306556621
        36        62  46.7533114540148
        36        63  48.4608994655144
        36        64  50.1577455927859
        36        65  51.8413606863101
        36        66  53.5095885274930
        36        67  55.1605800766051
        36        68  56.7927692017252
        36        69  58.4048499308292
        36        70  59.9957551702456
        36        71  61.5646367825225
        36        72  63.1108468972477
        36        73  64.6339203274039
        36        74  66.1335579733989
        36        75  67.6096111117657
        36        76  69.0620664823841
        36        77  70.4910321048984
        36        78  71.8967237706321
        36        79  73.2794521700867
        36        80  74.6396106278123
        36        81  75.9776634259752
        36        82  77.2941347054358
        36        83  78.5895979387292
        36        84  79.8646659732358
        36        85  81.1199816452424
        36        86  82.3562089667715
        36        87  83.5740248871934
        36        88  84.7741116309571
        36        89  85.9571496114517
        36        90  87.1238109192260
        36        91  88.2747533806889
        36        92  89.4106151811229
        36        93  90.5320100434898
        36        94  91.6395229521632
        36        95  92.7337064084933
        36        96  93.8150772030307
        36        97  94.8841136873702
        36        98  95.9412535269475
        36        99  96.9868919147472
        36       100  98.0213802247830
        36       101  99.0450250833625
        36       102 100.0580878355703
        36       103 101.0607843840505
        36       104 102.0532853770398
        36       105 103.0357167226567
        36       106 104.0081604066725
        36       107 104.9706555913354
        36       108 105.9231999732652
        36       109 106.8657513789570
        36       110 107.7982295769849
        36       111 108.7205182865753
        36       112 109.6324673627824
        36       113 110.5338951390412
        36       114 111.4245909083682
        36       115 112.3043175249275
        36       116 113.1728141080649
        36       117 114.0297988312347
        36       118 114.8749717785097
        36       119 115.7080178515708
        36       120 116.5286097102401
        36       121 117.3364107297515
        36       122 118.1310779580687
        36       123 118.9122650566760
        36       124 119.6796252084027
        36       125 120.4328139760111
        36       126 121.1714920955103
        36       127 121.8953281884506
        36       128 122.6040013778472
        36       129 123.2972037928597
        36       130 123.9746429479454
        36       131 124.6360439828988
        36       132 125.2811517509910
        36       133 125.9097327433240
        36       134 126.5215768384973
        36       135 127.1164988677514
        36       136 127.6943399868671
        36       137 128.2549688472599
        36       138 128.7982825598926
        36       139 129.3242074468244
        36       140 129.8331623586305

        37         1   0.0000000000000
        37         2   0.2506280923196
        37         3   0.5014356638761
        37         4   0.7526161941345
        37         5   1.0043672918245
        37         6   1.2568927961009
        37         7   1.5104049385746
        37         8   1.7651265892741
        37         9   2.0212936112312
        37        10   2.2791573506056
        37        11   2.5389872921254
        37        12   2.8010739131861
        37        13   3.0657317743441
        37        14   3.3333028892540
        37        15   3.6041604235089
        37        16   3.8787127795110
        37        17   4.1574081336371
        37        18   4.4407395028092
        37        19   4.7292504303872
        37        20   5.0235413963479
        37        21   5.3242770742614
        37        22   5.6321945778490
        37        23   5.9481128629974
        37        24   6.2729434768955
        37        25   6.6077028738888
        37        26   6.9535265464244
        37        27   7.3116852465732
        37        28   7.6836035945227
        37        29   8.0708813773941
        37        30   8.4753178219543
        37        31   8.8989390577215
        37        32   9.3440288404182
        37        33   9.8131623306260
        37        34  10.3092422462216
        37        35  10.8355359266345
        37        36  11.3957106241326
        37        37  11.9938625044197
        37        38  12.6345322272990
        37        39  13.3226964977163
        37        40  14.0637207847358
        37        41  14.8632542086526
        37        42  15.7270451068639
        37        43  16.6606582015073
        37        44  17.6690863204134
        37        45  18.7562760427073
        37        46  19.9246278571524
        37        47  21.1745757055843
        37        48  22.5043687800682
        37        49  23.9101355335711
        37        50  25.3862111848244
        37        51  26.9256257431104
        37        52  28.5206293304387
        37        53  30.1631622926771
        37        54  31.8452238724154
        37        55  33.5591309520205
        37        56  35.2976801779437
        37        57  37.0542350888802
        37        58  38.8227600234636
        37        59  40.5978190836472
        37        60  42.3745539715904
        37        61  44.1486503792373
        37        62  45.9162992784988
        37        63  47.6741570216892
        37        64  49.4193064999997
        37        65  51.1492205320911
        37        66  52.8617279850100
        37        67  54.5549827289918
        37        68  56.2274353025059
        37        69  57.8778070510135
        37        70  59.5050664596534
        37        71  61.1084073977800
        37        72  62.6872290133365
        37        73  64.2411170458177
        37        74  65.7698263610734
        37        75  67.2732645454164
        37        76  68.7514764282509
        37        77  70.2046294306587
        37        78  71.6329996616824
        37        79  73.0369587044222
        37        80  74.4169610507260
        37        81  75.7735321565295
        37        82  77.1072571001705
        37        83  78.4187698336443
        37        84  79.7087430221583
        37        85  80.9778784708422
        37        86  82.2268981393982
        37        87  83.4565357461246
        37        88  84.6675289623900
        37        89  85.8606121974993
        37        90  87.0365099721893
        37        91  88.1959308768981
        37        92  89.3395621086202
        37        93  90.4680645777252
        37        94  91.5820685736813
        37        95  92.6821699762821
        37        96  93.7689269967866
        37        97  94.8428574314094
        37        98  95.9044364078662
        37        99  96.9540946042228
        37       100  97.9922169181125
        37       101  99.0191415634871
        37       102 100.0351595714329
        37       103 101.0405146712061
        37       104 102.0354035274896
        37       105 103.0199763099319
        37       106 103.9943375712546
        37       107 104.9585474105839
        37       108 105.9126228991476
        37       109 106.8565397460320
        37       110 107.7902341823077
        37       111 108.7136050424610
        37       112 109.6265160226981
        37       113 110.5287980962956
        37       114 111.4202520667360
        37       115 112.3006512398851
        37       116 113.1697441969218
        37       117 114.0272576501262
        37       118 114.8728993639610
        37       119 115.7063611241574
        37       120 116.5273217377409
        37       121 117.3354500471208
        37       122 118.1304079415321
        37       123 118.9118533492784
        37       124 119.6794431943920
        37       125 120.4328363015247
        37       126 121.1716962331279
        37       127 121.8956940432813
        37       128 122.6045109329142
        37       129 123.2978407916286
        37       130 123.9753926118937
        37       131 124.6368927620467
        37       132 125.2820871052905
        37       133 125.9107429527385
        37       134 126.5226508394951
        37       135 127.1176261137862
        37       136 127.6955103302355
        37       137 128.2561724395226
        37       138 128.7995097678358
        37       139 129.3254487807320
        37       140 129.8344083598574

        38         1   0.0000000000000
        38         2   0.2149774827209
        38         3   0.4301192817292
        38         4   0.6456021790810
        38         5   0.8616068353525
        38         6   1.0783197656806
        38         7   1.2959353764302
        38         8   1.5146580858176
        38         9   1.7347045535135
        38        10   1.9563060466206
        38        11   2.1797109725214
        38        12   2.4051876130102
        38        13   2.6330270989756
        38        14   2.8635466708507
        38        15   3.0970932773005
        38        16   3.3340475734102
        38        17   3.5748283902898
        38        18   3.8198977608732
        38        19   4.0697666022153
        38        20   4.3250011732834
        38        21   4.5862304497055
        38        22   4.8541545838337
        38        23   5.1295546505311
        38        24   5.4133039169714
        38        25   5.7063809190052
        38        26   6.0098846774570
        38        27   6.3250524444383
        38        28   6.6532804302436
        38        29   6.9961480207648
        38        30   7.3554460439613
        38        31   7.7332096641029
        38        32   8.1317564432988
        38        33   8.5537299589391
        38        34   9.0021490174351
        38        35   9.4804618232806
        38        36   9.9926032413427
        38        37  10.5430512319624
        38        38  11.1368752506976
        38        39  11.7797644487685
        38        40  12.4780165769605
        38        41  13.2384598357148
        38        42  14.0682711999732
        38        43  14.9746504465627
        38        44  15.9643179880562
        38        45  17.0428394906251
        38        46  18.2138518139910
        38        47  19.4783631473119
        38        48  20.8343681378709
        38        49  22.2769538175293
        38        50  23.7988530460667
        38        51  25.3912274699785
        38        52  27.0444512192572
        38        53  28.7487540612359
        38        54  30.4946769578498
        38        55  32.2733531825891
        38        56  34.0766537665281
        38        57  35.8972395429212
        38        58  37.7285550508477
        38        59  39.5647897198860
        38        60  41.4008230646197
        38        61  43.2321642506970
        38        62  45.0548920844480
        38        63  46.8655986409909
        38        64  48.6613379400273
        38        65  50.4395800061855
        38        66  52.1981700774714
        38        67  53.9352924615054
        38        68  55.6494384494129
        38        69  57.3393776981977
        38        70  59.0041325378554
        38        71  60.6429547244187
        38        72  62.2553042308352
        38        73  63.8408297364921
        38        74  65.3993505393364
        38        75  66.9308396701681
        38        76  68.4354080363697
        38        77  69.9132894623707
        38        78  71.3648265271786
        38        79  72.7904571261120
        38        80  74.1907017052460
        38        81  75.5661511337984
        38        82  76.9174551924343
        38        83  78.2453116648830
        38        84  79.5504560268999
        38        85  80.8336517309495
        38        86  82.0956810874669
        38        87  83.3373367445425
        38        88  84.5594137676900
        38        89  85.7627023202802
        38        90  86.9479809434946
        38        91  88.1160104324757
        38        92  89.2675283028970
        38        93  90.4032438396000
        38        94  91.5238337163512
        38        95  92.6299381732763
        38        96  93.7221577361854
        38        97  94.8010504598895
        38        98  95.8671296757479
        38        99  96.9208622221123
        38       100  97.9626671350577
        38       101  98.9929147758085
        38       102 100.0119263705742
        38       103 101.0199739380887
        38       104 102.0172805799679
        38       105 103.0040211090481
        38       106 103.9803229910954
        38       107 104.9462675756665
        38       108 105.9018915924076
        38       109 106.8471888896791
        38       110 107.7821123930480
        38       111 108.7065762618739
        38       112 109.6204582229063
        38       113 110.5236020604776
        38       114 111.4158202435112
        38       115 112.2968966701471
        38       116 113.1665895113111
        38       117 114.0246341350155
        38       118 114.8707460935737
        38       119 115.7046241562501
        38       120 116.5259533701478
        38       121 117.3344081323786
        38       122 118.1296552567747
        38       123 118.9113570185960
        38       124 119.6791741608936
        38       125 120.4327688464082
        38       126 121.1718075391425
        38       127 121.8959638000576
        38       128 122.6049209817193
        38       129 123.2983748071779
        38       130 123.9760358189061
        38       131 124.6376316842531
        38       132 125.2829093446047
        38       133 125.9116369962567
        38       134 126.5236058919202
        38       135 127.1186319527685
        38       136 127.6965571819918
        38       137 128.2572508719518
        38       138 128.8006105981952
        38       139 129.3265629947956
        38       140 129.8355269968481

        39         1   0.0000000000000
        39         2   0.1791749249746
        39         3   0.3584966376074
        39         4   0.5381227466157
        39         5   0.7182144218357
        39         6   0.8989382106635
        39         7   1.0804679134570
        39         8   1.2629865409518
        39         9   1.4466883784334
        39        10   1.6317811838595
        39        11   1.8184885503795
        39        12   2.0070524678482
        39        13   2.1977361231096
        39        14   2.3908269852439
        39        15   2.5866402298488
        39        16   2.7855225661050
        39        17   2.9878565422271
        39        18   3.1940654194363
        39        19   3.4046187224139
        39        20   3.6200385960738
        39        21   3.8409071253652
        39        22   4.0678748078429
        39        23   4.3016704093038
        39        24   4.5431124825398
        39        25   4.7931228900834
        39        26   5.0527427457693
        39        27   5.3231512789777
        39        28   5.6056882310273
        39        29   5.9018805153135
        39        30   6.2134740082129
        39        31   6.5424714768008
        39        32   6.8911777702229
        39        33   7.2622534602120
        39        34   7.6587780300541
        39        35   8.0843233315492
        39        36   8.5430370991417
        39        37   9.0397344038460
        39        38   9.5799913795823
        39        39  10.1702293962321
        39        40  10.8177678809820
        39        41  11.5308091455149
        39        42  12.3182991517008
        39        43  13.1895884466790
        39        44  14.1538106621716
        39        45  15.2189291055278
        39        46  16.3905143323005
        39        47  17.6705251553366
        39        48  19.0565847977666
        39        49  20.5421763500958
        39        50  22.1176434553365
        39        51  23.7714986150020
        39        52  25.4916058088798
        39        53  27.2660403801302
        39        54  29.0836149166445
        39        55  30.9341435435433
        39        56  32.8085302313263
        39        57  34.6987514666970
        39        58  36.5977836165603
        39        59  38.4995077226564
        39        60  40.3986106123247
        39        61  42.2904916155638
        39        62  44.1711785802819
        39        63  46.0372540996340
        39        64  47.8857916024631
        39        65  49.7143003829961
        39        66  51.5206784034005
        39        67  53.3031716589362
        39        68  55.0603389740192
        39        69  56.7910212368917
        39        70  58.4943142368286
        39        71  60.1695444167451
        39        72  61.8162469858856
        39        73  63.4341459497345
        39        74  65.0231357083265
        39        75  66.5832639517339
        39        76  68.1147156448576
        39        77  69.6177979448770
        39        78  71.0929259357232
        39        79  72.5406090964238
        39        80  73.9614384455592
        39        81  75.3560743236010
        39        82  76.7252347895947
        39        83  78.0696846193816
        39        84  79.3902249000405
        39        85  80.6876832200958
        39        86  81.9629044578023
        39        87  83.2167421709036
        39        88  84.4500505910682
        39        89  85.6636772250262
        39        90  86.8584560625432
        39        91  88.0352013890002
        39        92  89.1947021976834
        39        93  90.3377171940900
        39        94  91.4649703817474
        39        95  92.5771472163348
        39        96  93.6748913123618
        39        97  94.7588016843589
        39        98  95.8294305025213
        39        99  96.8872813410293
        39       100  97.9328078958751
        39       101  98.9664131479494
        39       102  99.9884489463684
        39       103 100.9992159865441
        39       104 101.9989641572888
        39       105 102.9878932312661
        39       106 103.9661538733287
        39       107 104.9338489416826
        39       108 105.8910350573459
        39       109 106.8377244180055
        39       110 107.7738868330714
        39       111 108.6994519574653
        39       112 109.6143117024257
        39       113 110.5183228023397
        39       114 111.4113095173120
        39       115 112.2930664518278
        39       116 113.1633614704585
        39       117 114.0219386920809
        39       118 114.8685215445444
        39       119 115.7028158621119
        39       120 116.5245130083442
        39       121 117.3332930073864
        39       122 118.1288276668730
        39       123 118.9107836759091
        39       124 119.6788256618144
        39       125 120.4326191895646
        39       126 121.1718336881398
        39       127 121.8961452883062
        39       128 122.6052395567362
        39       129 123.2988141118194
        39       130 123.9765811070436
        39       131 124.6382695684403
        39       132 125.2836275732938
        39       133 125.9124242581060
        39       134 126.5244516446943
        39       135 127.1195262742639
        39       136 127.6974906403384
        39       137 128.2582144125372
        39       138 128.8015954443581
        39       139 129.3275605593297
        39       140 129.8365287657612

        40         1   0.0000000000000
        40         2   0.1436590541792
        40         3   0.2874447854537
        40         4   0.4314929393573
        40         5   0.5759424277269
        40         6   0.7209369456357
        40         7   0.8666266439224
        40         8   1.0131698793961
        40         9   1.1607350664235
        40        10   1.3095026560472
        40        11   1.4596672720817
        40        12   1.6114400378648
        40        13   1.7650511326751
        40        14   1.9207526234627
        40        15   2.0788216257786
        40        16   2.2395638579836
        40        17   2.4033176654441
        40        18   2.5704586070941
        40        19   2.7414047162164
        40        20   2.9166225715748
        40        21   3.0966343453799
        40        22   3.2820260326189
        40        23   3.4734571141094
        40        24   3.6716719659078
        40        25   3.8775134037703
        40        26   4.0919388474328
        40        27   4.3160397107024
        40        28   4.5510647757973
        40        29   4.7984485007924
        40        30   5.0598454438906
        40        31   5.3371722717190
        40        32   5.6326591481542
        40        33   5.9489126564636
        40        34   6.2889927378339
        40        35   6.6565063128957
        40        36   7.0557200396035
        40        37   7.4916935645637
        40        38   7.9704317485575
        40        39   8.4990481261674
        40        40   9.0859197741350
        40        41   9.7407922263043
        40        42  10.4747583179000
        40        43  11.2999862803001
        40        44  12.2290227398874
        40        45  13.2734893264891
        40        46  14.4421293361662
        40        47  15.7385722485904
        40        48  17.1598503615065
        40        49  18.6968097484422
        40        50  20.3360664636515
        40        51  22.0622779228876
        40        52  23.8599270522501
        40        53  25.7144169958934
        40        54  27.6125913260985
        40        55  29.5428813632162
        40        56  31.4952556699539
        40        57  33.4610836132777
        40        58  35.4329707582640
        40        59  37.4045936241702
        40        60  39.3705477234190
        40        61  41.3262154474931
        40        62  43.2676551291346
        40        63  45.1915093740355
        40        64  47.0949295262391
        40        65  48.9755131645351
        40        66  50.8312520108990
        40        67  52.6604881358465
        40        68  54.4618767574480
        40        69  56.2343542616829
        40        70  57.9771103456649
        40        71  59.6895634138537
        40        72  61.3713385458933
        40        73  63.0222475076325
        40        74  64.6422703993655
        40        75  66.2315386326456
        40        76  67.7903190039470
        40        77  69.3189986939672
        40        78  70.8180710687024
        40        79  72.2881221951948
        40        80  73.7298180130953
        40        81  75.1438921245734
        40        82  76.5311341809684
        40        83  77.8923788559769
        40        84  79.2284954030051
        40        85  80.5403777992774
        40        86  81.8289354819984
        40        87  83.0950846827856
        40        88  84.3397403661579
        40        89  85.5638087763976
        40        90  86.7681805949192
        40        91  87.9537247075893
        40        92  89.1212825784693
        40        93  90.2716632233526
        40        94  91.4056387733753
        40        95  92.5239406160031
        40        96  93.6272560979241
        40        97  94.7162257718590
        40        98  95.7914411670921
        40        99  96.8534430616470
        40       100  97.9027202324942
        40       101  98.9397086589852
        40       102  99.9647911538460
        40       103 100.9782973955140
        40       104 101.9805043353421
        40       105 102.9716369531857
        40       106 103.9518693351081
        40       107 104.9213260473374
        40       108 105.8800837811577
        40       109 106.8281732440825
        40       110 107.7655812733890
        40       111 108.6922531488817
        40       112 109.6080950825477
        40       113 110.5129768635552
        40       114 111.4067346378062
        40       115 112.2891738019659
        40       116 113.1600719925417
        40       117 114.0191821511766
        40       118 114.8662356478380
        40       119 115.7009454440382
        40       120 116.5230092786152
        40       121 117.3321128589455
        40       122 118.1279330407572
        40       123 118.9101409799929
        40       124 119.6784052404313
        40       125 120.4323948410472
        40       126 121.1717822273811
        40       127 121.8962461515175
        40       128 122.6054744456488
        40       129 123.2991666746463
        40       130 123.9770366535770
        40       131 124.6388148167031
        40       132 125.2842504251884
        40       133 125.9131136015089
        40       134 126.5251971794276
        40       135 127.1203183593408
        40       136 127.6983201598265
        40       137 128.2590726573240
        40       138 128.8024740070306
        40       139 129.3284512393159
        40       140 129.8374234531315

        41         1   0.0000000000000
        41         2   0.1091028306741
        41         3   0.2183096004781
        41         4   0.3277314720369
        41         5   0.4374822921535
        41         6   0.5476799642647
        41         7   0.6584478710194
        41         8   0.7699163671923
        41         9   0.8822243646324
        41        10   0.9955210332859
        41        11   1.1099676455158
        41        12   1.2257395950623
        41        13   1.3430286272217
        41        14   1.4620453233652
        41        15   1.5830218911159
        41        16   1.7062153217176
        41        17   1.8319109889147
        41        18   1.9604267796825
        41        19   2.0921178673033
        41        20   2.2273822627386
        41        21   2.3666673125457
        41        22   2.5104773527544
        41        23   2.6593827808575
        41        24   2.8140308759683
        41        25   2.9751587850326
        41        26   3.1436092071546
        41        27   3.3203494570828
        41        28   3.5064947839850
        41        29   3.7033370775409
        41        30   3.9123804290016
        41        31   4.1353854534989
        41        32   4.3744248481232
        41        33   4.6319533836423
        41        34   4.9108964184788
        41        35   5.2147620521043
        41        36   5.5477830662148
        41        37   5.9150954615623
        41        38   6.3229598045515
        41        39   6.7790278476893
        41        40   7.2926461801958
        41        41   7.8751638785464
        41        42   8.5401607807763
        41        43   9.3034213210831
        41        44  10.1823400886020
        41        45  11.1942945631142
        41        46  12.3535577866890
        41        47  13.6669730724516
        41        48  15.1305515631703
        41        49  16.7304694968616
        41        50  18.4472664349850
        41        51  20.2599121866725
        41        52  22.1483650024458
        41        53  24.0947645352223
        41        54  26.0837788964955
        41        55  28.1025011202195
        41        56  30.1401431996104
        41        57  32.1876854736630
        41        58  34.2375637312105
        41        59  36.2834158224318
        41        60  38.3198798024564
        41        61  40.3424311494608
        41        62  42.3472507871390
        41        63  44.3311187015693
        41        64  46.2913287223464
        41        65  48.2256201892310
        41        66  50.1321226731993
        41        67  52.0093106406211
        41        68  53.8559656768634
        41        69  55.6711444783335
        41        70  57.4541512658119
        41        71  59.2045136003623
        41        72  60.9219608299707
        41        73  62.6064045835493
        41        74  64.2579208740096
        41        75  65.8767334840481
        41        76  67.4631983946634
        41        77  69.0177890829679
        41        78  70.5410825669629
        41        79  72.0337461139569
        41        80  73.4965245588205
        41        81  74.9302282002589
        41        82  76.3357212593245
        41        83  77.7139108956940
        41        84  79.0657367847871
        41        85  80.3921612633901
        41        86  81.6941600536981
        41        87  82.9727135761423
        41        88  84.2287988604424
        41        89  85.4633820623837
        41        90  86.6774115911641
        41        91  87.8718118490257
        41        92  89.0474775814995
        41        93  90.2052688331022
        41        94  91.3460064998784
        41        95  92.4704684668864
        41        96  93.5793863156579
        41        97  94.6734425838953
        41        98  95.7532685572339
        41        99  96.8194425708272
        41       100  97.8724887968145
        41       101  98.9128764924033
        41       102  99.9410196823317
        41       103 100.9572772488460
        41       104 101.9619534020070
        41       105 102.9552985030986
        41       106 103.9375102141052
        41       107 104.9087349466266
        41       108 105.8690695841589
        41       109 106.8185634523559
        41       110 107.7572205126589
        41       111 108.6850017555086
        41       112 109.6018277702017
        41       113 110.5075814692975
        41       114 111.4021109462982
        41       115 112.2852324460981
        41       116 113.1567334284097
        41       117 114.0163757050239
        41       118 114.8638986323397
        41       119 115.6990223411078
        41       120 116.5214509857762
        41       121 117.3308759962161
        41       122 118.1269793149490
        41       123 118.9094366033067
        41       124 119.6779204002511
        41       125 120.4321032178729
        41       126 121.1716605578974
        41       127 121.8962738338615
        41       128 122.6056331840134
        41       129 123.2994401604236
        41       130 123.9774102803095
        41       131 124.6392754261633
        41       132 125.2847860819427
        41       133 125.9137133933463
        41       134 126.5258510410369
        41       135 127.1210169166102
        41       136 127.6990545921165
        41       137 128.2598345750307
        41       138 128.8032553417159
        41       139 129.3292441436413
        41       140 129.8382201857037

        42         1   0.0000000000000
        42         2   0.0764969355849
        42         3   0.1530728285151
        42         4   0.2298119646461
        42         5   0.3068007426790
        42         6   0.3841287560322
        42         7   0.4618899168203
        42         8   0.5401836391588
        42         9   0.6191161002995
        42        10   0.6988016001881
        42        11   0.7793640429016
        42        12   0.8609385671745
        42        13   0.9436733579985
        42        14   1.0277316773028
        42        15   1.1132941593093
        42        16   1.2005614256934
        42        17   1.2897570877209
        42        18   1.3811312177661
        42        19   1.4749643919941
        42        20   1.5715724307565
        42        21   1.6713119950985
        42        22   1.7745872389670
        42        23   1.8818577703594
        42        24   1.9936482450024
        42        25   2.1105600090676
        42        26   2.2332853310737
        42        27   2.3626249288962
        42        28   2.4995097217259
        42        29   2.6450280415017
        42        30   2.8004599557103
        42        31   2.9673209284859
        42        32   3.1474178424264
        42        33   3.3429215053534
        42        34   3.5564612870335
        42        35   3.7912496058998
        42        36   4.0512467442839
        42        37   4.3413799415043
        42        38   4.6678345715193
        42        39   5.0384381323512
        42        40   5.4631560227269
        42        41   5.9547020725399
        42        42   6.5292161848217
        42        43   7.2068305671860
        42        44   8.0116746604234
        42        45   8.9703590730214
        42        46  10.1074660943474
        42        47  11.4368089195846
        42        48  12.9525113649420
        42        49  14.6317393759790
        42        50  16.4445249770103
        42        51  18.3612860917981
        42        52  20.3562425518688
        42        53  22.4080617349998
        42        54  24.4993761079504
        42        55  26.6161174824254
        42        56  28.7469233754210
        42        57  30.8826063331339
        42        58  33.0156847081170
        42        59  35.1400024457459
        42        60  37.2504470368542
        42        61  39.3427479906323
        42        62  41.4133303385984
        42        63  43.4592038251069
        42        64  45.4778764856847
        42        65  47.4672861830289
        42        66  49.4257458285516
        42        67  51.3518990252686
        42        68  53.2446835654958
        42        69  55.1033008128935
        42        70  56.9271894920024
        42        71  58.7160027907722
        42        72  60.4695879673664
        42        73  62.1879678646173
        42        74  63.8713238938292
        42        75  65.5199801687176
        42        76  67.1343885602781
        42        77  68.7151145115222
        42        78  70.2628235025210
        42        79  71.7782680949209
        42        80  73.2622755139307
        42        81  74.7157357468947
        42        82  76.1395901526480
        42        83  77.5348205861769
        42        84  78.9024390497060
        42        85  80.2434778850027
        42        86  81.5589805230867
        42        87  82.8499928071781
        42        88  84.1175549030499
        42        89  85.3626938083302
        42        90  86.5864164690119
        42        91  87.7897035077297
        42        92  88.9735035644561
        42        93  90.1387282463077
        42        94  91.2862476792900
        42        95  92.4168866511285
        42        96  93.5314213309445
        42        97  94.6305765484641
        42        98  95.7150236127683
        42        99  96.7853786482991
        42       100  97.8422014239624
        42       101  98.8859946496875
        42       102  99.9172037137158
        42       103 100.9362168331692
        42       104 101.9433655900610
        42       105 102.9389258248213
        42       106 103.9231188595808
        42       107 104.8961130238505
        42       108 105.8580254557984
        42       109 106.8089241530368
        42       110 107.7488302476326
        42       111 108.6777204809235
        42       112 109.5955298546172
        42       113 110.5021544355468
        42       114 111.3974542923302
        42       115 112.2812565430100
        42       116 113.1533584935230
        42       117 114.0135308475572
        42       118 114.8615209689854
        42       119 115.6970561786301
        42       120 116.5198470676083
        42       121 117.3295908099391
        42       122 118.1259744574830
        42       123 118.9086782006246
        42       124 119.6773785784406
        42       125 120.4317516224047
        42       126 121.1714759180125
        42       127 121.8962355690558
        42       128 122.6057230496671
        42       129 123.2996419296949
        42       130 123.9777094594800
        42       131 124.6396590006811
        42       132 125.2852422904597
        42       133 125.9142315270801
        42       134 126.5264212658132
        42       135 127.1216301149501
        42       136 127.6997022227326
        42       137 128.2605085470849
        42       138 128.8039479011751
        42       139 129.3299477690466
        42       140 129.8389274748860

        43         1   0.0000000000000
        43         2   0.0472282999120
        43         3   0.0945095074437
        43         4   0.1419000002581
        43         5   0.1894576270609
        43         6   0.2372424620523
        43         7   0.2853175907594
        43         8   0.3337499402556
        43         9   0.3826111677654
        43        10   0.4319786233002
        43        11   0.4819364042794
        43        12   0.5325765231147
        43        13   0.5840002126166
        43        14   0.6363193990039
        43        15   0.6896583785408
        43        16   0.7441557417381
        43        17   0.7999665991293
        43        18   0.8572651755099
        43        19   0.9162478560759
        43        20   0.9771367892994
        43        21   1.0401841792460
        43        22   1.1056774365940
        43        23   1.1739454059477
        43        24   1.2453659514950
        43        25   1.3203752697962
        43        26   1.3994794163353
        43        27   1.4832686941861
        43        28   1.5724357774645
        43        29   1.6677987568040
        43        30   1.7703307403203
        43        31   1.8811982839315
        43        32   2.0018118547848
        43        33   2.1338928971598
        43        34   2.2795640966182
        43        35   2.4414724702986
        43        36   2.6229594691683
        43        37   2.8282991139312
        43        38   3.0630352873825
        43        39   3.3344636278606
        43        40   3.6523219258393
        43        41   4.0297700811363
        43        42   4.4847388500272
        43        43   5.0416289888674
        43        44   5.7330300707614
        43        45   6.5999971346572
        43        46   7.6875243093112
        43        47   9.0268003777390
        43        48  10.6081474096496
        43        49  12.3903146737645
        43        50  14.3252148041280
        43        51  16.3701316376914
        43        52  18.4912819485880
        43        53  20.6635061490410
        43        54  22.8682860879262
        43        55  25.0915910817263
        43        56  27.3223836670413
        43        57  29.5518009614523
        43        58  31.7726866908622
        43        59  33.9792438247170
        43        60  36.1667440912927
        43        61  38.3312980438407
        43        62  40.4696864665569
        43        63  42.5792404698247
        43        64  44.6577547465853
        43        65  46.7034224100473
        43        66  48.7147843069951
        43        67  50.6906885309994
        43        68  52.6302573453569
        43        69  54.5328595430980
        43        70  56.3980868022929
        43        71  58.2257329800588
        43        72  60.0157755754464
        43        73  61.7683588039385
        43        74  63.4837778833203
        43        75  65.1624642469703
        43        76  66.8049714871225
        43        77  68.4119618951535
        43        78  69.9841935140012
        43        79  71.5225076534004
        43        80  73.0278168446539
        43        81  74.5010932303155
        43        82  75.9433573970793
        43        83  77.3556676686138
        43        84  78.7391098800270
        43        85  80.0947876578691
        43        86  81.4238132297056
        43        87  82.7272987858164
        43        88  84.0063484129150
        43        89  85.2620506162801
        43        90  86.4954714426232
        43        91  87.7076482116219
        43        92  88.8995838595202
        43        93  90.0722418936935
        43        94  91.2265419527205
        43        95  92.3633559624071
        43        96  93.4835048744314
        43        97  94.5877559708960
        43        98  95.6768207151025
        43        99  96.7513531263434
        43       100  97.8119486544191
        43       101  98.8591435279534
        43       102  99.8934145493561
        43       103 100.9151793084557
        43       104 101.9247967863643
        43       105 102.9225683209890
        43       106 103.9087389057495
        43       107 104.8834987934379
        43       108 105.8469853777259
        43       109 106.7992853255527
        43       110 107.7404369344556
        43       111 108.6704326898100
        43       112 109.5892219978893
        43       113 110.4967140715962
        43       114 111.3927809466501
        43       115 112.2772606068964
        43       116 113.1499601982372
        43       117 114.0106593114426
        43       118 114.8591133147935
        43       119 115.6950567181207
        43       120 116.5182065503498
        43       121 117.3282657331400
        43       122 118.1249264336288
        43       123 118.9078733796780
        43       124 119.6767871213673
        43       125 120.4313472228243
        43       126 121.1712353688236
        43       127 121.8961383709462
        43       128 122.6057510584948
        43       129 123.2997790397964
        43       130 123.9779413200352
        43       131 124.6399727623311
        43       132 125.2856263794309
        43       133 125.9146754441187
        43       134 126.5269154072700
        43       135 127.1221656133829
        43       136 127.7002708044100
        43       137 128.2611024037829
        43       138 128.8045595736595
        43       139 129.3305700396285
        43       140 129.8395532566817

        44         1   0.0000000000000
        44         2   0.0231333529439
        44         3   0.0462948797750
        44         4   0.0695145521726
        44         5   0.0928231579630
        44         6   0.1162527203904
        44         7   0.1398369360712
        44         8   0.1636116394763
        44         9   0.1876153023921
        44        10   0.2118895778577
        44        11   0.2364798995601
        44        12   0.2614361496241
        44        13   0.2868134102592
        44        14   0.3126728179438
        44        15   0.3390825429423
        44        16   0.3661189222075
        44        17   0.3938677804779
        44        18   0.4224259830971
        44        19   0.4519032754120
        44        20   0.4824244784310
        44        21   0.5141321299693
        44        22   0.5471896865051
        44        23   0.5817854358592
        44        24   0.6181373181067
        44        25   0.6564989169093
        44        26   0.6971669732233
        44        27   0.7404908992228
        44        28   0.7868849491603
        44        29   0.8368439616327
        44        30   0.8909639647321
        44        31   0.9499694959147
        44        32   1.0147503356639
        44        33   1.0864116585177
        44        34   1.1663436523707
        44        35   1.2563199346905
        44        36   1.3586394489342
        44        37   1.4763354459479
        44        38   1.6134902862727
        44        39   1.7757207955519
        44        40   1.9709438149554
        44        41   2.2106072890697
        44        42   2.5116978299138
        44        43   2.8999732640297
        44        44   3.4150800638885
        44        45   4.1168140343813
        44        46   5.0908621096165
        44        47   6.4196581806698
        44        48   8.0837204342852
        44        49   9.9966672719884
        44        50  12.0799292380313
        44        51  14.2767222005608
        44        52  16.5461692326457
        44        53  18.8584270723527
        44        54  21.1924655445915
        44        55  23.5339557953959
        44        56  25.8729063261978
        44        57  28.2018346677800
        44        58  30.5147679362891
        44        59  32.8068033759165
        44        60  35.0738972494144
        44        61  37.3127166451271
        44        62  39.5205148750107
        44        63  41.6950308550365
        44        64  43.8344126989362
        44        65  45.9371607596195
        44        66  48.0020843761556
        44        67  50.0282679166577
        44        68  52.0150432031855
        44        69  53.9619664153214
        44        70  55.8687981768159
        44        71  57.7354859126949
        44        72  59.5621478269341
        44        73  61.3490580401689
        44        74  63.0966325656318
        44        75  64.8054159035082
        44        76  66.4760681090276
        44        77  68.1093522449404
        44        78  69.7061221696628
        44        79  71.2673106419307
        44        80  72.7939177439307
        44        81  74.2869996395116
        44        82  75.7476576936835
        44        83  77.1770279853011
        44        84  78.5762712474659
        44        85  79.9465632704589
        44        86  81.2890858004859
        44        87  82.6050179646186
        44        88  83.8955282484388
        44        89  85.1617670483265
        44        90  86.4048598153429
        44        91  87.6259008024636
        44        92  88.8259474216811
        44        93  90.0060152123748
        44        94  91.1670734174564
        44        95  92.3100411592220
        44        96  93.4357842026682
        44        97  94.5451122902837
        44        98  95.6387770290594
        44        99  96.7174703076811
        44       100  97.7818232195682
        44       101  98.8324054656097
        44       102  99.8697252090803
        44       103 100.8942293542872
        44       104 101.9063042199464
        44       105 102.9062765780892
        44       106 103.8944150294038
        44       107 104.8709316862758
        44       108 105.8359841353650
        44       109 106.7896776522908
        44       110 107.7320676418583
        44       111 108.6631622781952
        44       112 109.5829253201523
        44       113 110.4912790783173
        44       114 111.3881075109686
        44       115 112.2732594272357
        44       116 113.1465517766215
        44       117 114.0077730048545
        44       118 114.8566864567856
        44       119 115.6930338077074
        44       120 116.5165385050676
        44       121 117.3269092030691
        44       122 118.1238431731142
        44       123 118.9070296734649
        44       124 119.6761532618755
        44       125 120.4308970353157
        44       126 121.1709457812676
        44       127 121.8959890254526
        44       128 122.6057239612531
        44       129 123.2998582465388
        44       130 123.9781126541150
        44       131 124.6402235625816
        44       132 125.2859452750363
        44       133 125.9150521537872
        44       134 126.5273405600491
        44       135 127.1226305884963
        44       136 127.7007675875274
        44       137 128.2616234571543
        44       138 128.8050977175618
        44       139 129.3311183425817
        44       140 129.8401049278024

        45         1   0.0000000000000
        45         2   0.0065011621123
        45         3   0.0130110156841
        45         4   0.0195387912907
        45         5   0.0260939834234
        45         6   0.0326864862541
        45         7   0.0393267359302
        45         8   0.0460258621758
        45         9   0.0527958521833
        45        10   0.0596497301769
        45        11   0.0666017565899
        45        12   0.0736676515495
        45        13   0.0808648483247
        45        14   0.0882127836420
        45        15   0.0957332333699
        45        16   0.1034507041390
        45        17   0.1113928941419
        45        18   0.1195912398526
        45        19   0.1280815699947
        45        20   0.1369048941768
        45        21   0.1461083617416
        45        22   0.1557464373522
        45        23   0.1658823547979
        45        24   0.1765899311256
        45        25   0.1879558519827
        45        26   0.2000825797334
        45        27   0.2130920942304
        45        28   0.2271307610097
        45        29   0.2423757473072
        45        30   0.2590435956116
        45        31   0.2774018554150
        45        32   0.2977851307249
        45        33   0.3206176355365
        45        34   0.3464455616818
        45        35   0.3759846214045
        45        36   0.4101917311124
        45        37   0.4503763325294
        45        38   0.4983791201584
        45        39   0.5568699308612
        45        40   0.6298654157656
        45        41   0.7236707239624
        45        42   0.8486801431033
        45        43   1.0229843592587
        45        44   1.2801436796868
        45        45   1.6848157163470
        45        46   2.3801288524849
        45        47   3.6270364113507
        45        48   5.4040064050324
        45        49   7.5052840168941
        45        50   9.7806122088869
        45        51  12.1491817288198
        45        52  14.5718542733502
        45        53  17.0253428232625
        45        54  19.4914675318918
        45        55  21.9557980905373
        45        56  24.4079165035424
        45        57  26.8406755918635
        45        58  29.2490045788387
        45        59  31.6290213613663
        45        60  33.9775805436528
        45        61  36.2920794081246
        45        62  38.5703628166722
        45        63  40.8106586331014
        45        64  43.0115266056297
        45        65  45.1718179806483
        45        66  47.2906440796627
        45        67  49.3673515144158
        45        68  51.4015019517615
        45        69  53.3928549175095
        45        70  55.3413526247306
        45        71  57.2471061467739
        45        72  59.1103824736064
        45        73  60.9315921389325
        45        74  62.7112772115653
        45        75  64.4500995216121
        45        76  66.1488290483603
        45        77  67.8083324377683
        45        78  69.4295616470506
        45        79  71.0135427348026
        45        80  72.5613648294550
        45        81  74.0741693180998
        45        82  75.5531393030085
        45        83  76.9994893753490
        45        84  78.4144557553749
        45        85  79.7992868462724
        45        86  81.1552342453342
        45        87  82.4835442515781
        45        88  83.7854499036306
        45        89  85.0621635759274
        45        90  86.3148701552601
        45        91  87.5447208136033
        45        92  88.7528273871466
        45        93  89.9402573656677
        45        94  91.1080294909023
        45        95  92.2571099574921
        45        96  93.3884092054765
        45        97  94.5027792891744
        45        98  95.6010118037164
        45        99  96.6838363474331
        45       100  97.7519194957845
        45       101  98.8058642605115
        45       102  99.8462100061765
        45       103 100.8734327952087
        45       104 101.8879461319300
        45       105 102.8901020757762
        45       106 103.8801926939942
        45       107 104.8584518244319
        45       108 105.8250571196099
        45       109 106.7801323440105
        45       110 107.7237498974007
        45       111 108.6559335379787
        45       112 109.5766612801545
        45       113 110.4858684428226
        45       114 111.3834508250052
        45       115 112.2692679867450
        45       116 113.1431466140615
        45       117 114.0048839476566
        45       118 114.8542512558486
        45       119 115.6909973329325
        45       120 116.5148520047978
        45       121 117.3255296242050
        45       122 118.1227325386209
        45       123 118.9061545139622
        45       124 119.6754840980120
        45       125 120.4304079076567
        45       126 121.1706138244756
        45       127 121.8957940836055
        45       128 122.6056482412143
        45       129 123.2998860063744
        45       130 123.9782299236323
        45       131 124.6404178931396
        45       132 125.2862055158544
        45       133 125.9153682520436
        45       134 126.5277033821191
        45       135 127.1230317597340
        45       136 127.7011993480334
        45       137 128.2620785310063
        45       138 128.8055691930120
        45       139 129.3315995607421
        45       140 129.8405893785320

        46         1   0.0000000000000
        46         2   0.0000000000000
        46         3   0.0000000000000
        46         4   0.0000000000000
        46         5   0.0000000000000
        46         6   0.0000000000000
        46         7   0.0000000000000
        46         8   0.0000000000000
        46         9   0.0000000000000
        46        10   0.0000000000000
        46        11   0.0000000000000
        46        12   0.0000000000000
        46        13   0.0000000000000
        46        14   0.0000000000000
        46        15   0.0000000000000
        46        16   0.0000000000000
        46        17   0.0000000000000
        46        18   0.0000000000000
        46        19   0.0000000000000
        46        20   0.0000000000000
        46        21   0.0000000000000
        46        22   0.0000000000000
        46        23   0.0000000000000
        46        24   0.0000000000000
        46        25   0.0000000000000
        46        26   0.0000000000000
        46        27   0.0000000000000
        46        28   0.0000000000000
        46        29   0.0000000000000
        46        30   0.0000000000000
        46        31   0.0000000000000
        46        32   0.0000000000000
        46        33   0.0000000000000
        46        34   0.0000000000000
        46        35   0.0000000000000
        46        36   0.0000000000000
        46        37   0.0000000000000
        46        38   0.0000000000000
        46        39   0.0000000000000
        46        40   0.0000000000000
        46        41   0.0000000000000
        46        42   0.0000000000000
        46        43   0.0000000000000
        46        44   0.0000000000000
        46        45   0.0000000000000
        46        46   0.0000000000000
        46        47   0.7986746653805
        46        48   2.5367733781100
        46        49   4.7884040241617
        46        50   7.3014015733840
        46        51   9.9125457187039
        46        52  12.5433911587057
        46        53  15.1678919018407
        46        54  17.7787520058265
        46        55  20.3710288233292
        46        56  22.9391272156032
        46        57  25.4779231360277
        46        58  27.9834755902212
        46        59  30.4528856087046
        46        60  32.8839307325185
        46        61  35.2748151199491
        46        62  37.6240541092998
        46        63  39.9304260481356
        46        64  42.1929466938563
        46        65  44.4108503612699
        46        66  46.5835743263370
        46        67  48.7107456894907
        46        68  50.7921700207047
        46        69  52.8278211064100
        46        70  54.8178312709369
        46        71  56.7624819208153
        46        72  58.6621940940876
        46        73  60.5175188881996
        46        74  62.3291277028465
        46        75  64.0978022786164
        46        76  65.8244245441791
        46        77  67.5099663074889
        46        78  69.1554788422163
        46        79  70.7620824309863
        46        80  72.3309559331513
        46        81  73.8633264476594
        46        82  75.3604591417802
        46        83  76.8236473145735
        46        84  78.2542027604710
        46        85  79.6534464935658
        46        86  81.0226998874824
        46        87  82.3632762792970
        46        88  83.6764730791378
        46        89  84.9635644200151
        46        90  86.2257943752873
        46        91  87.4643707641206
        46        92  88.6804595584687
        46        93  89.8751798985933
        46        94  91.0495997180640
        46        95  92.2047319735631
        46        96  93.3415314697588
        46        97  94.4608922649968
        46        98  95.5636456396469
        46        99  96.6505586056034
        46       100  97.7223329326875
        46       101  98.7796046655036
        46       102  99.8229441026321
        46       103 100.8528562088699
        46       104 101.8697814304996
        46       105 102.8740968832404
        46       106 103.8661178825586
        46       107 104.8460997863286
        46       108 105.8142401204061
        46       109 106.7706809584243
        46       110 107.7155115280351
        46       111 108.6487710168138
        46       112 109.5704515521133
        46       113 110.4805013302382
        46       114 111.3788278713862
        46       115 112.2653013778498
        46       116 113.1397581739620
        46       117 114.0020042071928
        46       118 114.8518185906459
        46       119 115.6889571679738
        46       120 116.5131560824080
        46       121 117.3241353322110
        46       122 118.1216022953961
        46       123 118.9052552070425
        46       124 119.6747865729746
        46       125 120.4298865039853
        46       126 121.1702459551848
        46       127 121.8955598554585
        46       128 122.6055301124459
        46       129 123.2998684789078
        46       130 123.9782992668626
        46       131 124.6405618964392
        46       132 125.2864132670322
        46       133 125.9156299390665
        46       134 126.5280101154679
        46       135 127.1233754128271
        46       136 127.7015724132007
        46       137 128.2624739885399
        46       138 128.8059803908524
        46       139 129.3320201023884
        46       140 129.8410130228093

        47         1   0.0000000000000
        47         2   0.0000000000000
        47         3   0.0000000000000
        47         4   0.0000000000000
        47         5   0.0000000000000
        47         6   0.0000000000000
        47         7   0.0000000000000
        47         8   0.0000000000000
        47         9   0.0000000000000
        47        10   0.0000000000000
        47        11   0.0000000000000
        47        12   0.0000000000000
        47        13   0.0000000000000
        47        14   0.0000000000000
        47        15   0.0000000000000
        47        16   0.0000000000000
        47        17   0.0000000000000
        47        18   0.0000000000000
        47        19   0.0000000000000
        47        20   0.0000000000000
        47        21   0.0000000000000
        47        22   0.0000000000000
        47        23   0.0000000000000
        47        24   0.0000000000000
        47        25   0.0000000000000
        47        26   0.0000000000000
        47        27   0.0000000000000
        47        28   0.0000000000000
        47        29   0.0000000000000
        47        30   0.0000000000000
        47        31   0.0000000000000
        47        32   0.0000000000000
        47        33   0.0000000000000
        47        34   0.0000000000000
        47        35   0.0000000000000
        47        36   0.0000000000000
        47        37   0.0000000000000
        47        38   0.0000000000000
        47        39   0.0000000000000
        47        40   0.0000000000000
        47        41   0.0000000000000
        47        42   0.0000000000000
        47        43   0.0000000000000
        47        44   0.0000000000000
        47        45   0.0000000000000
        47        46   0.0000000000000
        47        47   0.0298532441734
        47        48   0.9502949220397
        47        49   2.7097845158496
        47        50   5.0614022452936
        47        51   7.7295440583637
        47        52  10.5118684604335
        47        53  13.3034481153618
        47        54  16.0664440318873
        47        55  18.7919739561360
        47        56  21.4782843659736
        47        57  24.1238760228311
        47        58  26.7269463297630
        47        59  29.2858846568813
        47        60  31.7994305477684
        47        61  34.2665996716426
        47        62  36.6865969621793
        47        63  39.0587766850528
        47        64  41.3826329732097
        47        65  43.6578001427193
        47        66  45.8840537893495
        47        67  48.0613105990355
        47        68  50.1896268273265
        47        69  52.2691956143405
        47        70  54.3003432229167
        47        71  56.2835242572731
        47        72  58.2193159289367
        47        73  60.1084114526468
        47        74  61.9516126667503
        47        75  63.7498219801129
        47        76  65.5040337520638
        47        77  67.2153252141399
        47        78  68.8848470427342
        47        79  70.5138136904141
        47        80  72.1034935808250
        47        81  73.6551992679344
        47        82  75.1702776550722
        47        83  76.6501003629737
        47        84  78.0960543290025
        47        85  79.5095327121013
        47        86  80.8919261699533
        47        87  82.2446145664943
        47        88  83.5689591594539
        47        89  84.8662953091562
        47        90  86.1379257415105
        47        91  87.3851143900807
        47        92  88.6090808344480
        47        93  89.8109953448451
        47        94  90.9919745363310
        47        95  92.1530776296282
        47        96  93.2953033102141
        47        97  94.4195871723563
        47        98  95.5267997305278
        47        99  96.6177449770223
        47       100  97.6931594615996
        47       101  98.7537118666055
        47       102  99.8000030491853
        47       103 100.8325665209140
        47       104 101.8518693343469
        47       105 102.8583133456018
        47       106 103.8522368220594
        47       107 104.8339163645691
        47       108 105.8035691141010
        47       109 106.7613552135536
        47       110 107.7073804963492
        47       111 108.6416993744835
        47       112 109.5643178997964
        47       113 110.4751969733619
        47       114 111.3742556790175
        47       115 112.2613747181520
        47       116 113.1363999239097
        47       117 113.9991458339426
        47       118 114.8493993017388
        47       119 115.6869231273646
        47       120 116.5114596891866
        47       121 117.3227345587886
        47       122 118.1204600818732
        47       123 118.9043389084552
        47       124 119.6740674561210
        47       125 120.4293392905649
        47       126 121.1698484080310
        47       127 121.8952924047116
        47       128 122.6053755185844
        47       129 123.2998115296429
        47       130 123.9783265049800
        47       131 124.6406613757618
        47       132 125.2865743337587
        47       133 125.9158430358183
        47       134 126.5282666054526
        47       135 127.1236674215885
        47       136 127.7018926854844
        47       137 128.2628157578541
        47       138 128.8063372593421
        47       139 129.3323859286745
        47       140 129.8413818259079

        48         1   0.0000000000000
        48         2   0.0000000000000
        48         3   0.0000000000000
        48         4   0.0000000000000
        48         5   0.0000000000000
        48         6   0.0000000000000
        48         7   0.0000000000000
        48         8   0.0000000000000
        48         9   0.0000000000000
        48        10   0.0000000000000
        48        11   0.0000000000000
        48        12   0.0000000000000
        48        13   0.0000000000000
        48        14   0.0000000000000
        48        15   0.0000000000000
        48        16   0.0000000000000
        48        17   0.0000000000000
        48        18   0.0000000000000
        48        19   0.0000000000000
        48        20   0.0000000000000
        48        21   0.0000000000000
        48        22   0.0000000000000
        48        23   0.0000000000000
        48        24   0.0000000000000
        48        25   0.0000000000000
        48        26   0.0000000000000
        48        27   0.0000000000000
        48        28   0.0000000000000
        48        29   0.0000000000000
        48        30   0.0000000000000
        48        31   0.0000000000000
        48        32   0.0000000000000
        48        33   0.0000000000000
        48        34   0.0000000000000
        48        35   0.0000000000000
        48        36   0.0000000000000
        48        37   0.0000000000000
        48        38   0.0000000000000
        48        39   0.0000000000000
        48        40   0.0000000000000
        48        41   0.0000000000000
        48        42   0.0000000000000
        48        43   0.0000000000000
        48        44   0.0000000000000
        48        45   0.0000000000000
        48        46   0.0000000000000
        48        47  -0.1523190673854
        48        48   0.2163757655380
        48        49   1.3820877134598
        48        50   3.3152267020313
        48        51   5.8034894753034
        48        52   8.5913598884044
        48        53  11.4848658485608
        48        54  14.3792048841266
        48        55  17.2335813967703
        48        56  20.0372712368643
        48        57  22.7888454149908
        48        58  25.4883551225789
        48        59  28.1357132654471
        48        60  30.7307264371492
        48        61  33.2732227631583
        48        62  35.7630771112498
        48        63  38.2002078298658
        48        64  40.5845831255520
        48        65  42.9162359272681
        48        66  45.1952792963705
        48        67  47.4219185538132
        48        68  49.5964595612555
        48        69  51.7193136640734
        48        70  53.7909998867784
        48        71  55.8121448467862
        48        72  57.7834807484368
        48        73  59.7058417540559
        48        74  61.5801589864286
        48        75  63.4074543866704
        48        76  65.1888336283524
        48        77  66.9254782703964
        48        78  68.6186373160806
        48        79  70.2696183323519
        48        80  71.8797782717119
        48        81  73.4505141277346
        48        82  74.9832535444274
        48        83  76.4794454889958
        48        84  77.9405510870056
        48        85  79.3680347084387
        48        86  80.7633553827165
        48        87  82.1279586104803
        48        88  83.4632686298269
        48        89  84.7706811848821
        48        90  86.0515568351360
        48        91  87.3072148349358
        48        92  88.5389276040090
        48        93  89.7479158019312
        48        94  90.9353440121199
        48        95  92.1023170342530
        48        96  93.2498767780215
        48        97  94.3789997458340
        48        98  95.4905950875040
        48        99  96.5855032060562
        48       100  97.6644948905656
        48       101  98.7282709493666
        48       102  99.7774623149912
        48       103 100.8126305907801
        48       104 101.8342690082003
        48       105 102.8428037634440
        48       106 103.8385957018206
        48       107 104.8219423187289
        48       108 105.7930800465463
        48       109 106.7521867975495
        48       110 107.6993847339229
        48       111 108.6347432369773
        48       112 109.5582820488381
        48       113 110.4699745610359
        48       114 111.3697512256038
        48       115 112.2575030654304
        48       116 113.1330852617085
        48       117 113.9963207973427
        48       118 114.8470041361235
        48       119 115.6849049183316
        48       120 116.5097716542094
        48       121 117.3213353974223
        48       122 118.1193133812482
        48       123 118.9034126007802
        48       124 119.6733333249215
        48       125 120.4287725224157
        48       126 121.1694271865892
        48       127 121.8949975439210
        48       128 122.6051901319973
        48       129 123.2997207328884
        48       130 123.9783171484948
        48       131 124.6407218049862
        48       132 125.2866941740870
        48       133 125.9160129996761
        48       134 126.5284783189483
        48       135 127.1239132682581
        48       136 127.7021656647125
        48       137 128.2631093556038
        48       138 128.8066453288784
        48       139 129.3327025789979
        48       140 129.8417013300244

        49         1   0.0000000000000
        49         2   0.0000000000000
        49         3   0.0000000000000
        49         4   0.0000000000000
        49         5   0.0000000000000
        49         6   0.0000000000000
        49         7   0.0000000000000
        49         8   0.0000000000000
        49         9   0.0000000000000
        49        10   0.0000000000000
        49        11   0.0000000000000
        49        12   0.0000000000000
        49        13   0.0000000000000
        49        14   0.0000000000000
        49        15   0.0000000000000
        49        16   0.0000000000000
        49        17   0.0000000000000
        49        18   0.0000000000000
        49        19   0.0000000000000
        49        20   0.0000000000000
        49        21   0.0000000000000
        49        22   0.0000000000000
        49        23   0.0000000000000
        49        24   0.0000000000000
        49        25   0.0000000000000
        49        26   0.0000000000000
        49        27   0.0000000000000
        49        28   0.0000000000000
        49        29   0.0000000000000
        49        30   0.0000000000000
        49        31   0.0000000000000
        49        32   0.0000000000000
        49        33   0.0000000000000
        49        34   0.0000000000000
        49        35   0.0000000000000
        49        36   0.0000000000000
        49        37   0.0000000000000
        49        38   0.0000000000000
        49        39   0.0000000000000
        49        40   0.0000000000000
        49        41   0.0000000000000
        49        42   0.0000000000000
        49        43   0.0000000000000
        49        44   0.0000000000000
        49        45   0.0000000000000
        49        46   0.0000000000000
        49        47  -0.1858390673634
        49        48  -0.1073296843712
        49        49   0.5990324654295
        49        50   2.0716269294372
        49        51   4.2373340501267
        49        52   6.8843788385330
        49        53   9.7802035524307
        49        54  12.7547093146313
        49        55  15.7166365418789
        49        56  18.6295438204678
        49        57  21.4832528458302
        49        58  24.2765026515204
        49        59  27.0099683472768
        49        60  29.6844088449447
        49        61  32.3004313670401
        49        62  34.8585393667753
        49        63  37.3591764359394
        49        64  39.8027561259157
        49        65  42.1896899429515
        49        66  44.5204138612175
        49        67  46.7954106113640
        49        68  49.0152266396063
        49        69  51.1804840771050
        49        70  53.2918885142723
        49        71  55.3502333396300
        49        72  57.3564012595243
        49        73  59.3113634904782
        49        74  61.2161770258004
        49        75  63.0719803131818
        49        76  64.8799876317684
        49        77  66.6414824201363
        49        78  68.3578097772254
        49        79  70.0303683342583
        49        80  71.6606016753222
        49        81  73.2499894664924
        49        82  74.8000384373277
        49        83  76.3122733437661
        49        84  77.7882280275310
        49        85  79.2294366739332
        49        86  80.6374253572882
        49        87  82.0137039510220
        49        88  83.3597584678842
        49        89  84.6770438845609
        49        90  85.9669774944017
        49        91  87.2309328219937
        49        92  88.4702341239775
        49        93  89.6861514918404
        49        94  90.8798965644826
        49        95  92.0526188511567
        49        96  93.2054026589442
        49        97  94.3392646132635
        49        98  95.4551517549943
        49        99  96.5539401936409
        49       100  97.6364342925084
        49       101  98.7033663591054
        49       102  99.7553968118621
        49       103 100.7931147927214
        49       104 101.8170391941649
        49       105 102.8276200687132
        49       106 103.8252403888419
        49       107 104.8102181255043
        49       108 105.7828086140020
        49       109 106.7432071767299
        49       110 107.6915519732847
        49       111 108.6279270495244
        49       112 109.5523655583382
        49       113 110.4648531261037
        49       114 111.3653313400252
        49       115 112.2537013327418
        49       116 113.1298274417316
        49       117 113.9935409221116
        49       118 114.8446436924261
        49       119 115.6829120939159
        49       120 116.5081006445775
        49       121 117.3199457700479
        49       122 118.1181694939989
        49       123 118.9024830713065
        49       124 119.6725905477802
        49       125 120.4281922307256
        49       126 121.1689880550668
        49       127 121.8946808302054
        49       128 122.6049793532547
        49       129 123.2996013747624
        49       130 123.9782764035631
        49       131 124.6407483379690
        49       132 125.2867779111436
        49       133 125.9161449392080
        49       134 126.5286503614100
        49       135 127.1241180625496
        49       136 127.7023964687923
        49       137 128.2633599090214
        49       138 128.8069097349728
        49       139 129.3329751945504
        49       140 129.8419766780254

        50         1   0.0000000000000
        50         2   0.0000000000000
        50         3   0.0000000000000
        50         4   0.0000000000000
        50         5   0.0000000000000
        50         6   0.0000000000000
        50         7   0.0000000000000
        50         8   0.0000000000000
        50         9   0.0000000000000
        50        10   0.0000000000000
        50        11   0.0000000000000
        50        12   0.0000000000000
        50        13   0.0000000000000
        50        14   0.0000000000000
        50        15   0.0000000000000
        50        16   0.0000000000000
        50        17   0.0000000000000
        50        18   0.0000000000000
        50        19   0.0000000000000
        50        20   0.0000000000000
        50        21   0.0000000000000
        50        22   0.0000000000000
        50        23   0.0000000000000
        50        24   0.0000000000000
        50        25   0.0000000000000
        50        26   0.0000000000000
        50        27   0.0000000000000
        50        28   0.0000000000000
        50        29   0.0000000000000
        50        30   0.0000000000000
        50        31   0.0000000000000
        50        32   0.0000000000000
        50        33   0.0000000000000
        50        34   0.0000000000000
        50        35   0.0000000000000
        50        36   0.0000000000000
        50        37   0.0000000000000
        50        38   0.0000000000000
        50        39   0.0000000000000
        50        40   0.0000000000000
        50        41   0.0000000000000
        50        42   0.0000000000000
        50        43   0.0000000000000
        50        44   0.0000000000000
        50        45   0.0000000000000
        50        46   0.0000000000000
        50        47  -0.1836255524812
        50        48  -0.2510016590345
        50        49   0.1477031845686
        50        50   1.2267295101571
        50        51   3.0324753787641
        50        52   5.4433170689370
        50        53   8.2455840657071
        50        54  11.2334512218732
        50        55  14.2661412151440
        50        56  17.2706248379653
        50        57  20.2179538971770
        50        58  23.0999952872369
        50        59  25.9159468615015
        50        60  28.6668127952084
        50        61  31.3537714991358
        50        62  33.9778661699378
        50        63  36.5400038411899
        50        64  39.0409955511987
        50        65  41.4815952681877
        50        66  43.8625347320469
        50        67  46.1845532057337
        50        68  48.4484212160741
        50        69  50.6549583497131
        50        70  52.8050458259793
        50        71  54.8996347167209
        50        72  56.9397505919661
        50        73  58.9264952318689
        50        74  60.8610459265668
        50        75  62.7446527950666
        50        76  64.5786344861693
        50        77  66.3643725722454
        50        78  68.1033049056531
        50        79  69.7969181744840
        50        80  71.4467398668527
        50        81  73.0543298294890
        50        82  74.6212715858380
        50        83  76.1491635604150
        50        84  77.6396103392852
        50        85  79.0942140808645
        50        86  80.5145661765539
        50        87  81.9022392468732
        50        88  83.2587795456850
        50        89  84.5856998327581
        50        90  85.8844727633059
        50        91  87.1565248322729
        50        92  88.4032309010350
        50        93  89.6259093248681
        50        94  90.8258176910288
        50        95  92.0041491696122
        50        96  93.1620294724905
        50        97  94.3005144096172
        50        98  95.4205880267602
        50        99  96.5231613043165
        50       100  97.6090713931968
        50       101  98.6790813608365
        50       102  99.7338804181257
        50       103 100.7740845964138
        50       104 101.8002378426636
        50       105 102.8128135002578
        50       106 103.8122161428202
        50       107 104.7987837286526
        50       108 105.7727900439330
        50       109 106.7344474036196
        50       110 107.6839095799892
        50       111 108.6212749298688
        50       112 109.5465896928260
        50       113 110.4598514338496
        50       114 111.3610126053083
        50       115 112.2499842042222
        50       116 113.1266395020655
        50       117 113.9908178254447
        50       118 114.8423283670299
        50       119 115.6809540070660
        50       120 116.5064551266486
        50       121 117.3185733947124
        50       122 118.1170355113664
        50       123 118.9015568908184
        50       124 119.6718452676842
        50       125 120.4276042109811
        50       126 121.1685365305837
        50       127 121.8943475613820
        50       128 122.6047483108548
        50       129 123.2994584562570
        50       130 123.9782091781487
        50       131 124.6407458175646
        50       132 125.2868303447586
        50       133 125.9162436281588
        50       134 126.5287874929463
        50       135 127.1242865595256
        50       136 127.7025898530880
        50       137 128.2635721764796
        50       138 128.8071352396688
        50       139 129.3332085402543
        50       140 129.8422126355604

        51         1   0.0000000000000
        51         2   0.0000000000000
        51         3   0.0000000000000
        51         4   0.0000000000000
        51         5   0.0000000000000
        51         6   0.0000000000000
        51         7   0.0000000000000
        51         8   0.0000000000000
        51         9   0.0000000000000
        51        10   0.0000000000000
        51        11   0.0000000000000
        51        12   0.0000000000000
        51        13   0.0000000000000
        51        14   0.0000000000000
        51        15   0.0000000000000
        51        16   0.0000000000000
        51        17   0.0000000000000
        51        18   0.0000000000000
        51        19   0.0000000000000
        51        20   0.0000000000000
        51        21   0.0000000000000
        51        22   0.0000000000000
        51        23   0.0000000000000
        51        24   0.0000000000000
        51        25   0.0000000000000
        51        26   0.0000000000000
        51        27   0.0000000000000
        51        28   0.0000000000000
        51        29   0.0000000000000
        51        30   0.0000000000000
        51        31   0.0000000000000
        51        32   0.0000000000000
        51        33   0.0000000000000
        51        34   0.0000000000000
        51        35   0.0000000000000
        51        36   0.0000000000000
        51        37   0.0000000000000
        51        38   0.0000000000000
        51        39   0.0000000000000
        51        40   0.0000000000000
        51        41   0.0000000000000
        51        42   0.0000000000000
        51        43   0.0000000000000
        51        44   0.0000000000000
        51        45   0.0000000000000
        51        46   0.0000000000000
        51        47  -0.1740473052536
        51        48  -0.3158580634114
        51        49  -0.1145311805600
        51        50   0.6628952208415
        51        51   2.1358286127739
        51        52   4.2721566063560
        51        53   6.9117462766311
        51        54   9.8481275733833
        51        55  12.9067201158097
        51        56  15.9769659630976
        51        57  19.0041594330780
        51        58  21.9672388921706
        51        59  24.8605429944485
        51        60  27.6838735768779
        51        61  30.4384524212855
        51        62  33.1256654847230
        51        63  35.7467858077064
        51        64  38.3029568085035
        51        65  40.7952261177505
        51        66  43.2245838174854
        51        67  45.5919966225900
        51        68  47.8984361369073
        51        69  50.1449008797061
        51        70  52.3324325619731
        51        71  54.4621274166677
        51        72  56.5351434066620
        51        73  58.5527040317116
        51        74  60.5160993360595
        51        75  62.4266846162395
        51        76  64.2858772485003
        51        77  66.0951519929142
        51        78  67.8560350820095
        51        79  69.5700973620499
        51        80  71.2389467222687
        51        81  72.8642200195622
        51        82  74.4475746820341
        51        83  75.9906801533969
        51        84  77.4952093209229
        51        85  78.9628300519341
        51        86  80.3951969474212
        51        87  81.7939434060850
        51        88  83.1606740777772
        51        89  84.4969577719138
        51        90  85.8043208739050
        51        91  87.0842413109881
        51        92  88.3381430980584
        51        93  89.5673914841842
        51        94  90.7732887114693
        51        95  91.9570703897959
        51        96  93.1199024837421
        51        97  94.2628789016146
        51        98  95.3870196710430
        51        99  96.4932696809303
        51       100  97.5824979657003
        51       101  98.6554975046895
        51       102  99.7129855071421
        51       103 100.7556041515303
        51       104 101.7839217467717
        51       105 102.7984342822922
        51       106 103.7995673337129
        51       107 104.7876782911667
        51       108 105.7630588777951
        51       109 106.7259379267886
        51       110 107.6764843863459
        51       111 108.6148105230831
        51       112 109.5409752956778
        51       113 110.4549878718315
        51       114 111.3568112629469
        51       115 112.2463660522015
        51       116 113.1235341929395
        51       117 113.9881628554676
        51       118 114.8400683014301
        51       119 115.6790397659235
        51       120 116.5048433284135
        51       121 117.3172257543198
        51       122 118.1159182898494
        51       123 118.9006403933049
        51       124 119.6711033866676
        51       125 120.4270140117871
        51       126 121.1680778760011
        51       127 121.8940027724922
        51       128 122.6045018611660
        51       129 123.2992966963361
        51       130 123.9781200880277
        51       131 124.6407187842915
        51       132 125.2868559625507
        51       133 125.9163135187047
        51       134 126.5288941434843
        51       135 127.1244231764054
        51       136 127.7027502285910
        51       137 128.2637505667356
        51       138 128.8073262515611
        51       139 129.3334070252477
        51       140 129.8424136117056

        52         1   0.0000000000000
        52         2   0.0000000000000
        52         3   0.0000000000000
        52         4   0.0000000000000
        52         5   0.0000000000000
        52         6   0.0000000000000
        52         7   0.0000000000000
        52         8   0.0000000000000
        52         9   0.0000000000000
        52        10   0.0000000000000
        52        11   0.0000000000000
        52        12   0.0000000000000
        52        13   0.0000000000000
        52        14   0.0000000000000
        52        15   0.0000000000000
        52        16   0.0000000000000
        52        17   0.0000000000000
        52        18   0.0000000000000
        52        19   0.0000000000000
        52        20   0.0000000000000
        52        21   0.0000000000000
        52        22   0.0000000000000
        52        23   0.0000000000000
        52        24   0.0000000000000
        52        25   0.0000000000000
        52        26   0.0000000000000
        52        27   0.0000000000000
        52        28   0.0000000000000
        52        29   0.0000000000000
        52        30   0.0000000000000
        52        31   0.0000000000000
        52        32   0.0000000000000
        52        33   0.0000000000000
        52        34   0.0000000000000
        52        35   0.0000000000000
        52        36   0.0000000000000
        52        37   0.0000000000000
        52        38   0.0000000000000
        52        39   0.0000000000000
        52        40   0.0000000000000
        52        41   0.0000000000000
        52        42   0.0000000000000
        52        43   0.0000000000000
        52        44   0.0000000000000
        52        45   0.0000000000000
        52        46   0.0000000000000
        52        47  -0.1640824119619
        52        48  -0.3448626834506
        52        49  -0.2701175299738
        52        50   0.2865949135112
        52        51   1.4796144021600
        52        52   3.3445674739224
        52        53   5.7844138274544
        52        54   8.6181417939995
        52        55  11.6582181124154
        52        56  14.7639192186018
        52        57  17.8528207872911
        52        58  20.8863001033005
        52        59  23.8501758130388
        52        60  26.7410341392404
        52        61  29.5592457573831
        52        62  32.3061785426296
        52        63  34.9833144520626
        52        64  37.5920424210261
        52        65  40.1336440666350
        52        66  42.6093226399130
        52        67  45.0202369736845
        52        68  47.3675316308006
        52        69  49.6523613534861
        52        70  51.8759097589858
        52        71  54.0394028570908
        52        72  56.1441181403888
        52        73  58.1913899725160
        52        74  60.1826119080198
        52        75  62.1192364808387
        52        76  64.0027729158823
        52        77  65.8347831516150
        52        78  67.6168765081047
        52        79  69.3507032915136
        52        80  71.0379475899050
        52        81  72.6803194846225
        52        82  74.2795468749551
        52        83  75.8373670903405
        52        84  77.3555184432582
        52        85  78.8357318567205
        52        86  80.2797226825356
        52        87  81.6891828100646
        52        88  83.0657731498685
        52        89  84.4111165623573
        52        90  85.7267912882504
        52        91  87.0143249253281
        52        92  88.2751889845657
        52        93  89.5107940483178
        52        94  90.7224855437417
        52        95  91.9115401361268
        52        96  93.0791627392167
        52        97  94.2264841329629
        52        98  95.3545591734081
        52        99  96.4643655745343
        52       100  97.5568032378831
        52       101  98.6326941025235
        52       102  99.6927824854399
        52       103 100.7377358805914
        52       104 101.7681461836829
        52       105 102.7845313090213
        52       106 103.7873371646408
        52       107 104.7769399520974
        52       108 105.7536487578866
        52       109 106.7177084042675
        52       110 107.6693025283146
        52       111 108.6085568592100
        52       112 109.5355426650794
        52       113 110.4502803420201
        52       114 111.3527431193269
        52       115 112.2428608562549
        52       116 113.1205239069440
        52       117 113.9855870313470
        52       118 114.8378733311272
        52       119 115.6771781905327
        52       120 116.5032732031867
        52       121 117.3159100665774
        52       122 118.1148244267814
        52       123 118.8997396566258
        52       124 119.6703705510990
        52       125 120.4264269243676
        52       126 121.1676170932755
        52       127 121.8936512326910
        52       128 122.6042445885625
        52       129 123.2991205350499
        52       130 123.9780134626298
        52       131 124.6406714846574
        52       132 125.2868589504953
        52       133 125.9163587540211
        52       134 126.5289744270922
        52       135 127.1245320083905
        52       136 127.7028816789885
        52       137 128.2638991569748
        52       138 128.8074868445399
        52       139 129.3335747220513
        52       140 129.8425836782751

        53         1   0.0000000000000
        53         2   0.0000000000000
        53         3   0.0000000000000
        53         4   0.0000000000000
        53         5   0.0000000000000
        53         6   0.0000000000000
        53         7   0.0000000000000
        53         8   0.0000000000000
        53         9   0.0000000000000
        53        10   0.0000000000000
        53        11   0.0000000000000
        53        12   0.0000000000000
        53        13   0.0000000000000
        53        14   0.0000000000000
        53        15   0.0000000000000
        53        16   0.0000000000000
        53        17   0.0000000000000
        53        18   0.0000000000000
        53        19   0.0000000000000
        53        20   0.0000000000000
        53        21   0.0000000000000
        53        22   0.0000000000000
        53        23   0.0000000000000
        53        24   0.0000000000000
        53        25   0.0000000000000
        53        26   0.0000000000000
        53        27   0.0000000000000
        53        28   0.0000000000000
        53        29   0.0000000000000
        53        30   0.0000000000000
        53        31   0.0000000000000
        53        32   0.0000000000000
        53        33   0.0000000000000
        53        34   0.0000000000000
        53        35   0.0000000000000
        53        36   0.0000000000000
        53        37   0.0000000000000
        53        38   0.0000000000000
        53        39   0.0000000000000
        53        40   0.0000000000000
        53        41   0.0000000000000
        53        42   0.0000000000000
        53        43   0.0000000000000
        53        44   0.0000000000000
        53        45   0.0000000000000
        53        46   0.0000000000000
        53        47  -0.1552479237812
        53        48  -0.3566860228818
        53        49  -0.3643727459278
        53        50   0.0331777181189
        53        51   1.0021178783285
        53        52   2.6216241493484
        53        53   4.8514832457534
        53        54   7.5493654377090
        53        55  10.5332567667909
        53        56  13.6438532587482
        53        57  16.7737429506109
        53        58  19.8646036174799
        53        59  22.8906893666704
        53        60  25.8431804893864
        53        61  28.7204180223329
        53        62  31.5232122783200
        53        63  34.2530167320117
        53        64  36.9113487278110
        53        65  39.4996525880355
        53        66  42.0192935861579
        53        67  44.4715830435646
        53        68  46.8578068178388
        53        69  49.1792501588186
        53        70  51.4372174488940
        53        71  53.6330469118983
        53        72  55.7681208442199
        53        73  57.8438720199128
        53        74  59.8617868853764
        53        75  61.8234060851548
        53        76  63.7303227857901
        53        77  65.5841792001889
        53        78  67.3866616614638
        53        79  69.1394945508811
        53        80  70.8444333473080
        53        81  72.5032570337014
        53        82  74.1177600684213
        53        83  75.6897441045233
        53        84  77.2210096179940
        53        85  78.7133475856494
        53        86  80.1685313347671
        53        87  81.5883086692393
        53        88  82.9743943609604
        53        89  84.3284630801982
        53        90  85.6521428247927
        53        91  86.9470088951477
        53        92  88.2145784501125
        53        93  89.4563056679908
        53        94  90.6735775270577
        53        95  91.8677102111081
        53        96  93.0399461376881
        53        97  94.1914515997627
        53        98  95.3233150056153
        53        99  96.4365456967348
        53       100  97.5320733192666
        53       101  98.6107477212501
        53       102  99.6733393452713
        53       103 100.7205400842636
        53       104 101.7529645669313
        53       105 102.7711518385693
        53       106 103.7755674028514
        53       107 104.7666055903708
        53       108 105.7445922202863
        53       109 106.7097875222742
        53       110 107.6623892870553
        53       111 108.6025362149944
        53       112 109.5303114335996
        53       113 110.4457461561409
        53       114 111.3488234550073
        53       115 112.2394821248062
        53       116 113.1176206115412
        53       117 113.9831009854649
        53       118 114.8357529363780
        53       119 115.6753777712223
        53       120 116.5017523947931
        53       121 117.3146332552732
        53       122 118.1137602370769
        53       123 118.8988604841893
        53       124 119.6696521378193
        53       125 120.4258479727542
        53       126 121.1671589173360
        53       127 121.8932974424909
        53       128 122.6039808057432
        53       129 123.2989341366610
        53       130 123.9778933507202
        53       131 124.6406078791558
        53       132 125.2868432030003
        53       133 125.9163831802064
        53       134 126.5290321555166
        53       135 127.1246168435772
        53       136 127.7029879767111
        53       137 128.2640217097473
        53       138 128.8076207753654
        53       139 129.3337153845260
        53       140 129.8427265879101

        54         1   0.0000000000000
        54         2   0.0000000000000
        54         3   0.0000000000000
        54         4   0.0000000000000
        54         5   0.0000000000000
        54         6   0.0000000000000
        54         7   0.0000000000000
        54         8   0.0000000000000
        54         9   0.0000000000000
        54        10   0.0000000000000
        54        11   0.0000000000000
        54        12   0.0000000000000
        54        13   0.0000000000000
        54        14   0.0000000000000
        54        15   0.0000000000000
        54        16   0.0000000000000
        54        17   0.0000000000000
        54        18   0.0000000000000
        54        19   0.0000000000000
        54        20   0.0000000000000
        54        21   0.0000000000000
        54        22   0.0000000000000
        54        23   0.0000000000000
        54        24   0.0000000000000
        54        25   0.0000000000000
        54        26   0.0000000000000
        54        27   0.0000000000000
        54        28   0.0000000000000
        54        29   0.0000000000000
        54        30   0.0000000000000
        54        31   0.0000000000000
        54        32   0.0000000000000
        54        33   0.0000000000000
        54        34   0.0000000000000
        54        35   0.0000000000000
        54        36   0.0000000000000
        54        37   0.0000000000000
        54        38   0.0000000000000
        54        39   0.0000000000000
        54        40   0.0000000000000
        54        41   0.0000000000000
        54        42   0.0000000000000
        54        43   0.0000000000000
        54        44   0.0000000000000
        54        45   0.0000000000000
        54        46   0.0000000000000
        54        47  -0.1476822890855
        54        48  -0.3598301964182
        54        49  -0.4221336255795
        54        50  -0.1393569953946
        54        51   0.6545592348193
        54        52   2.0633964893094
        54        53   4.0912029182754
        54        54   6.6369938071300
        54        55   9.5369105104049
        54        56  12.6250384910958
        54        57  15.7747769696039
        54        58  18.9085537716376
        54        59  21.9872136411861
        54        60  24.9945842155143
        54        61  27.9256875287199
        54        62  30.7800955487874
        54        63  33.5589112534117
        54        64  36.2636259727327
        54        65  38.8957615129879
        54        66  41.4567887134796
        54        67  43.9481290127035
        54        68  46.3711758539787
        54        69  48.7273174927994
        54        70  51.0179563296081
        54        71  53.2445237995932
        54        72  55.4084909928026
        54        73  57.5113754992508
        54        74  59.5547450273766
        54        75  61.5402183099567
        54        76  63.4694637548935
        54        77  65.3441962420523
        54        78  67.1661724177634
        54        79  68.9371847961989
        54        80  70.6590549404850
        54        81  72.3336259648617
        54        82  73.9627545713834
        54        83  75.5483028097627
        54        84  77.0921297263726
        54        85  78.5960830477234
        54        86  80.0619910245909
        54        87  81.4916545451975
        54        88  82.8868396092906
        54        89  84.2492702395378
        54        90  85.5806218923189
        54        91  86.8825154167116
        54        92  88.1565115982297
        54        93  89.4041063126767
        54        94  90.6267263053151
        54        95  91.8257256014294
        54        96  93.0023825462456
        54        97  94.1578974650699
        54        98  95.2933909283738
        54        99  96.4099026013617
        54       100  97.5083906532584
        54       101  98.5897316981016
        54       102  99.6547212361511
        54       103 100.7040745630822
        54       104 101.7384281128269
        54       105 102.7583411992139
        54       106 103.7642981213428
        54       107 104.7567105978516
        54       108 105.7359204958195
        54       109 106.7022028209225
        54       110 107.6557689365579
        54       111 108.5967699809235
        54       112 109.5253004524089
        54       113 110.4414019350918
        54       114 111.3450669375829
        54       115 112.2362428198907
        54       116 113.1148357843624
        54       117 113.9807149080557
        54       118 114.8337161951235
        54       119 115.6736466289057
        54       120 116.5002882044408
        54       121 117.3134019230233
        54       122 118.1127317312462
        54       123 118.8980083877030
        54       124 119.6689532411686
        54       125 120.4252819046814
        54       126 121.1667078104903
        54       127 121.8929456313589
        54       128 122.6037145542305
        54       129 123.2987413927801
        54       130 123.9777635259248
        54       131 124.6405316499463
        54       132 125.2868123325149
        54       133 125.9163903575954
        54       134 126.5290708509793
        54       135 127.1246811770160
        54       136 127.7030725980288
        54       137 128.2641216888740
        54       138 128.8077315001549
        54       139 129.3338324647087
        54       140 129.8428457910332

        55         1   0.0000000000000
        55         2   0.0000000000000
        55         3   0.0000000000000
        55         4   0.0000000000000
        55         5   0.0000000000000
        55         6   0.0000000000000
        55         7   0.0000000000000
        55         8   0.0000000000000
        55         9   0.0000000000000
        55        10   0.0000000000000
        55        11   0.0000000000000
        55        12   0.0000000000000
        55        13   0.0000000000000
        55        14   0.0000000000000
        55        15   0.0000000000000
        55        16   0.0000000000000
        55        17   0.0000000000000
        55        18   0.0000000000000
        55        19   0.0000000000000
        55        20   0.0000000000000
        55        21   0.0000000000000
        55        22   0.0000000000000
        55        23   0.0000000000000
        55        24   0.0000000000000
        55        25   0.0000000000000
        55        26   0.0000000000000
        55        27   0.0000000000000
        55        28   0.0000000000000
        55        29   0.0000000000000
        55        30   0.0000000000000
        55        31   0.0000000000000
        55        32   0.0000000000000
        55        33   0.0000000000000
        55        34   0.0000000000000
        55        35   0.0000000000000
        55        36   0.0000000000000
        55        37   0.0000000000000
        55        38   0.0000000000000
        55        39   0.0000000000000
        55        40   0.0000000000000
        55        41   0.0000000000000
        55        42   0.0000000000000
        55        43   0.0000000000000
        55        44   0.0000000000000
        55        45   0.0000000000000
        55        46   0.0000000000000
        55        47  -0.1412084836667
        55        48  -0.3583653799019
        55        49  -0.4572862291860
        55        50  -0.2576914292897
        55        51   0.4010353352900
        55        52   1.6346548156706
        55        53   3.4785517287523
        55        54   5.8693427894647
        55        55   8.6678268166509
        55        56  11.7114129091088
        55        57  14.8613220934888
        55        58  18.0231999550493
        55        59  21.1440129475072
        55        60  24.1988453581497
        55        61  27.1781966984942
        55        62  30.0796549430010
        55        63  32.9035825253687
        55        64  35.6512521898054
        55        65  38.3241621019872
        55        66  40.9238267785334
        55        67  43.4517336467801
        55        68  45.9093492245845
        55        69  48.2981366100750
        55        70  50.6195727920195
        55        71  52.8751627117820
        55        72  55.0664495460963
        55        73  57.1950214353331
        55        74  59.2625150867287
        55        75  61.2706167091496
        55        76  63.2210607072939
        55        77  65.1156265208923
        55        78  66.9561339524095
        55        79  68.7444372886934
        55        80  70.4824184883335
        55        81  72.1719796765839
        55        82  73.8150351628793
        55        83  75.4135031716273
        55        84  76.9692974546321
        55        85  78.4843189328536
        55        86  79.9604474959886
        55        87  81.3995340704179
        55        88  82.8033930492848
        55        89  84.1737951628003
        55        90  85.5124608522640
        55        91  86.8210541977500
        55        92  88.1011774369116
        55        93  89.3543661009217
        55        94  90.5820847831852
        55        95  91.7857235471252
        55        96  92.9665949710593
        55        97  94.1259318209143
        55        98  95.2648853352596
        55        99  96.3845241018306
        55       100  97.4858335003245
        55       101  98.5697156827187
        55       102  99.6369900596388
        55       103 100.6883942593149
        55       104 101.7245855243431
        55       105 102.7461425107436
        55       106 103.7535674535957
        55       107 104.7472886637701
        55       108 105.7276633208805
        55       109 106.6949805284849
        55       110 107.6494645987043
        55       111 108.5912785347317
        55       112 109.5205276811261
        55       113 110.4372635132649
        55       114 111.3414875388266
        55       115 112.2331552856539
        55       116 113.1121803517727
        55       117 113.9784384946964
        55       118 114.8317717384047
        55       119 115.6719924775464
        55       120 116.4988875594701
        55       121 117.3122223256324
        55       122 118.1117445947818
        55       123 118.8971885710740
        55       124 119.6682786609492
        55       125 120.4247331832194
        55       126 121.1662679573767
        55       127 121.8925997556745
        55       128 122.6034496050532
        55       129 123.2985459255162
        55       130 123.9776274921076
        55       131 124.6404462082322
        55       132 125.2867696786904
        55       133 125.9163835714925
        55       134 126.5290937582738
        55       135 127.1247282239632
        55       136 127.7031387372514
        55       137 128.2642022743859
        55       138 128.8078221898510
        55       139 129.3339291285978
        55       140 129.8429444517427

        56         1   0.0000000000000
        56         2   0.0000000000000
        56         3   0.0000000000000
        56         4   0.0000000000000
        56         5   0.0000000000000
        56         6   0.0000000000000
        56         7   0.0000000000000
        56         8   0.0000000000000
        56         9   0.0000000000000
        56        10   0.0000000000000
        56        11   0.0000000000000
        56        12   0.0000000000000
        56        13   0.0000000000000
        56        14   0.0000000000000
        56        15   0.0000000000000
        56        16   0.0000000000000
        56        17   0.0000000000000
        56        18   0.0000000000000
        56        19   0.0000000000000
        56        20   0.0000000000000
        56        21   0.0000000000000
        56        22   0.0000000000000
        56        23   0.0000000000000
        56        24   0.0000000000000
        56        25   0.0000000000000
        56        26   0.0000000000000
        56        27   0.0000000000000
        56        28   0.0000000000000
        56        29   0.0000000000000
        56        30   0.0000000000000
        56        31   0.0000000000000
        56        32   0.0000000000000
        56        33   0.0000000000000
        56        34   0.0000000000000
        56        35   0.0000000000000
        56        36   0.0000000000000
        56        37   0.0000000000000
        56        38   0.0000000000000
        56        39   0.0000000000000
        56        40   0.0000000000000
        56        41   0.0000000000000
        56        42   0.0000000000000
        56        43   0.0000000000000
        56        44   0.0000000000000
        56        45   0.0000000000000
        56        46   0.0000000000000
        56        47  -0.1356075586645
        56        48  -0.3543224723581
        56        49  -0.4778154251138
        56        50  -0.3387636211419
        56        51   0.2160471750107
        56        52   1.3067037408075
        56        53   2.9892208083493
        56        54   5.2312694266119
        56        55   7.9199805520444
        56        56  10.9030229172877
        56        57  14.0361998377415
        56        58  17.2120311841414
        56        59  20.3643607736353
        56        60  23.4588414790609
        56        61  26.4804949513839
        56        62  29.4242054585349
        56        63  32.2891701953812
        56        64  35.0762199744028
        56        65  37.7867125340393
        56        66  40.4221385665076
        56        67  42.9840061261713
        56        68  45.4738203946880
        56        69  47.8930914263577
        56        70  50.2433475119655
        56        71  52.5261473774643
        56        72  54.7430894422987
        56        73  56.8958179161037
        56        74  58.9860259800008
        56        75  61.0154564215339
        56        76  62.9859001038779
        56        77  64.8991926270627
        56        78  66.7572095074598
        56        79  68.5618601700711
        56        80  70.3150810185593
        56        81  72.0188278207822
        56        82  73.6750676226164
        56        83  75.2857703797488
        56        84  76.8529004755945
        56        85  78.3784082733491
        56        86  79.8642218312503
        56        87  81.3122388923120
        56        88  82.7243192430366
        56        89  84.1022775198908
        56        90  85.4478765276297
        56        91  86.7628211198847
        56        92  88.0487526797956
        56        93  89.3072442268847
        56        94  90.5397961658451
        56        95  91.7478326834473
        56        96  92.9326987913534
        56        97  94.0956580052526
        56        98  95.2378906443648
        56        99  96.3604927299713
        56       100  97.4644754571739
        56       101  98.5507652105062
        56       102  99.6202040912588
        56       103 100.6735509223739
        56       104 101.7114826954320
        56       105 102.7345964235319
        56       106 103.7434113636684
        56       107 104.7383715724723
        56       108 105.7198487598090
        56       109 106.6881454056771
        56       110 107.6434981070239
        56       111 108.5860811224463
        56       112 109.5160100842099
        56       113 110.4333458485510
        56       114 111.3380984567679
        56       115 112.2302311811356
        56       116 113.1096646311524
        56       117 113.9762808970200
        56       118 114.8299277085683
        56       119 115.6704225890299
        56       120 116.4975569841643
        56       121 117.3111003482101
        56       122 118.1108041690217
        56       123 118.8964059155317
        56       124 119.6676328913790
        56       125 120.4242059791774
        56       126 121.1658432604823
        56       127 121.8922634970633
        56       128 122.6031894596240
        56       129 123.2983510906487
        56       130 123.9774884886086
        56       131 124.6403547013489
        56       132 125.2867183171130
        56       133 125.9163658423482
        56       134 126.5291038561923
        56       135 127.1247609323649
        56       136 127.7031893200776
        56       137 128.2642663765475
        56       138 128.8078957447252
        56       139 129.3340082709448
        56       140 129.8430254627035

        57         1   0.0000000000000
        57         2   0.0000000000000
        57         3   0.0000000000000
        57         4   0.0000000000000
        57         5   0.0000000000000
        57         6   0.0000000000000
        57         7   0.0000000000000
        57         8   0.0000000000000
        57         9   0.0000000000000
        57        10   0.0000000000000
        57        11   0.0000000000000
        57        12   0.0000000000000
        57        13   0.0000000000000
        57        14   0.0000000000000
        57        15   0.0000000000000
        57        16   0.0000000000000
        57        17   0.0000000000000
        57        18   0.0000000000000
        57        19   0.0000000000000
        57        20   0.0000000000000
        57        21   0.0000000000000
        57        22   0.0000000000000
        57        23   0.0000000000000
        57        24   0.0000000000000
        57        25   0.0000000000000
        57        26   0.0000000000000
        57        27   0.0000000000000
        57        28   0.0000000000000
        57        29   0.0000000000000
        57        30   0.0000000000000
        57        31   0.0000000000000
        57        32   0.0000000000000
        57        33   0.0000000000000
        57        34   0.0000000000000
        57        35   0.0000000000000
        57        36   0.0000000000000
        57        37   0.0000000000000
        57        38   0.0000000000000
        57        39   0.0000000000000
        57        40   0.0000000000000
        57        41   0.0000000000000
        57        42   0.0000000000000
        57        43   0.0000000000000
        57        44   0.0000000000000
        57        45   0.0000000000000
        57        46   0.0000000000000
        57        47  -0.1306827835477
        57        48  -0.3487395728434
        57        49  -0.4884433165157
        57        50  -0.3934349214771
        57        51   0.0817580721046
        57        52   1.0572069230033
        57        53   2.6016166480157
        57        54   4.7066936118306
        57        55   7.2844616233697
        57        56  10.1968355507934
        57        57  13.2998404383268
        57        58  16.4769295558965
        57        59  19.6504712622191
        57        60  22.7766940050994
        57        61  25.8345316288408
        57        62  28.8155524565123
        57        63  31.7173703168978
        57        64  34.5401344080520
        57        65  37.2849329217775
        57        66  39.9531600848787
        57        67  42.5462983150056
        57        68  45.0658577423963
        57        69  47.5133684766150
        57        70  49.8903876489559
        57        71  52.1985086282478
        57        72  54.4393685984390
        57        73  56.6146535605270
        57        74  58.7261007306787
        57        75  60.7754985815589
        57        76  62.7646848437411
        57        77  64.6955427870363
        57        78  66.5699960834800
        57        79  68.3900025299162
        57        80  70.1575468836543
        57        81  71.8746330410242
        57        82  73.5432757661652
        57        83  75.1654921560438
        57        84  76.7432930074204
        57        85  78.2786742322010
        57        86  79.7736084492669
        57        87  81.2300368634422
        57        88  82.6498615257394
        57        89  84.0349380534280
        57        90  85.3870688738224
        57        91  86.7079970420113
        57        92  87.9994006700851
        57        93  89.2628879937739
        57        94  90.4999930918142
        57        95  91.7121722638261
        57        96  92.9008010639934
        57        97  94.0671719804019
        57        98  95.2124927434635
        57        99  96.3378852414235
        57       100  97.4443850164508
        57       101  98.5329413112091
        57       102  99.6044176330341
        57       103 100.6595928008246
        57       104 101.6991624384376
        57       105 102.7237408776642
        57       106 103.7338634336947
        57       107 104.7299890162659
        57       108 105.7125030403587
        57       109 106.6817206012928
        57       110 107.6378898802882
        57       111 108.5811957479618
        57       112 109.5117635347397
        57       113 110.4296629387441
        57       114 111.3349120433083
        57       115 112.2274814178455
        57       116 113.1072982773187
        57       117 113.9742506769983
        57       118 114.8281917205413
        57       119 115.6689437606632
        57       120 116.4963025728014
        57       121 117.3100414831796
        57       122 118.1099154335950
        57       123 118.8956649660504
        57       124 119.6670201110870
        57       125 120.4237041643161
        57       126 121.1654373362538
        57       127 121.8919402611216
        57       128 122.6029373508206
        57       129 123.2981599808320
        57       130 123.9773494953541
        57       131 124.6402600195759
        57       132 125.2866610676236
        57       133 125.9163399354030
        57       134 126.5291038683103
        57       135 127.1247819946062
        57       136 127.7032270161312
        57       137 128.2643166490041
        57       138 128.8079548079631
        57       139 129.3340725291012
        57       140 129.8430914590822

        58         1   0.0000000000000
        58         2   0.0000000000000
        58         3   0.0000000000000
        58         4   0.0000000000000
        58         5   0.0000000000000
        58         6   0.0000000000000
        58         7   0.0000000000000
        58         8   0.0000000000000
        58         9   0.0000000000000
        58        10   0.0000000000000
        58        11   0.0000000000000
        58        12   0.0000000000000
        58        13   0.0000000000000
        58        14   0.0000000000000
        58        15   0.0000000000000
        58        16   0.0000000000000
        58        17   0.0000000000000
        58        18   0.0000000000000
        58        19   0.0000000000000
        58        20   0.0000000000000
        58        21   0.0000000000000
        58        22   0.0000000000000
        58        23   0.0000000000000
        58        24   0.0000000000000
        58        25   0.0000000000000
        58        26   0.0000000000000
        58        27   0.0000000000000
        58        28   0.0000000000000
        58        29   0.0000000000000
        58        30   0.0000000000000
        58        31   0.0000000000000
        58        32   0.0000000000000
        58        33   0.0000000000000
        58        34   0.0000000000000
        58        35   0.0000000000000
        58        36   0.0000000000000
        58        37   0.0000000000000
        58        38   0.0000000000000
        58        39   0.0000000000000
        58        40   0.0000000000000
        58        41   0.0000000000000
        58        42   0.0000000000000
        58        43   0.0000000000000
        58        44   0.0000000000000
        58        45   0.0000000000000
        58        46   0.0000000000000
        58        47  -0.1262689910036
        58        48  -0.3421452611313
        58        49  -0.4920287060403
        58        50  -0.4287699303492
        58        51  -0.0142684764922
        58        52   0.8692139081989
        58        53   2.2975536999843
        58        54   4.2801896252488
        58        55   6.7509711741881
        58        56   9.5876572908529
        58        57  12.6506692275903
        58        58  15.8182662656463
        58        59  19.0034995111044
        58        60  22.1537611662193
        58        61  25.2416606947325
        58        62  28.2550028092393
        58        63  31.1894459741160
        58        64  34.0442200900730
        58        65  36.8200085281143
        58        66  39.5180328060357
        58        67  42.1397029680777
        58        68  44.6865014662841
        58        69  47.1599530412367
        58        70  49.5616225452774
        58        71  51.8931199112531
        58        72  54.1561054002807
        58        73  56.3522930947366
        58        74  58.4834522029232
        58        75  60.5514062553526
        58        76  62.5580304283636
        58        77  64.5052472684520
        58        78  66.3950210890714
        58        79  68.2293512970697
        58        80  70.0102648873187
        58        81  71.7398083244790
        58        82  73.4200390112506
        58        83  75.0530165232402
        58        84  76.6407937718569
        58        85  78.1854082384987
        58        86  79.6888734057683
        58        87  81.1531704946088
        58        88  82.5802406001350
        58        89  83.9719773036170
        58        90  85.3302198235984
        58        91  86.6567467555697
        58        92  87.9532704370035
        58        93  89.2214319629397
        58        94  90.4627968667174
        58        95  91.6788514708952
        58        96  92.8709999049006
        58        97  94.0405617784823
        58        98  95.1887704936029
        58        99  96.3167721719561
        58       100  97.4256251707907
        58       101  98.5163001561233
        58       102  99.5896806996464
        58       103 100.6465643636475
        58       104 101.6876642369444
        58       105 102.7136108841679
        58       106 103.7249546705780
        58       107 104.7221684249307
        58       108 105.7056504036236
        58       109 106.6757275203755
        58       110 107.6326588069684
        58       111 108.5766390720216
        58       112 109.5078027263386
        58       113 110.4262277449869
        58       114 111.3319397379229
        58       115 112.2249161025873
        58       116 113.1050902334681
        58       117 113.9723557651096
        58       118 114.8265708264331
        58       119 115.6675622855130
        58       120 116.4951299651097
        58       121 117.3090508103086
        58       122 118.1090829905468
        58       123 118.8949699191456
        58       124 119.6664441742068
        58       125 120.4232313054060
        58       126 121.1650535118261
        58       127 121.8916331765500
        58       128 122.6026962442851
        58       129 123.2979754288412
        58       130 123.9772132378469
        58       131 124.6401648026823
        58       132 125.2866005022406
        58       133 125.9163083698137
        58       134 126.5290962731514
        58       135 127.1247938585495
        58       136 127.7032542507137
        58       137 128.2643555010886
        58       138 128.8080017783658
        58       139 129.3341242959558
        58       140 129.8431448315669

        59         1   0.0000000000000
        59         2   0.0000000000000
        59         3   0.0000000000000
        59         4   0.0000000000000
        59         5   0.0000000000000
        59         6   0.0000000000000
        59         7   0.0000000000000
        59         8   0.0000000000000
        59         9   0.0000000000000
        59        10   0.0000000000000
        59        11   0.0000000000000
        59        12   0.0000000000000
        59        13   0.0000000000000
        59        14   0.0000000000000
        59        15   0.0000000000000
        59        16   0.0000000000000
        59        17   0.0000000000000
        59        18   0.0000000000000
        59        19   0.0000000000000
        59        20   0.0000000000000
        59        21   0.0000000000000
        59        22   0.0000000000000
        59        23   0.0000000000000
        59        24   0.0000000000000
        59        25   0.0000000000000
        59        26   0.0000000000000
        59        27   0.0000000000000
        59        28   0.0000000000000
        59        29   0.0000000000000
        59        30   0.0000000000000
        59        31   0.0000000000000
        59        32   0.0000000000000
        59        33   0.0000000000000
        59        34   0.0000000000000
        59        35   0.0000000000000
        59        36   0.0000000000000
        59        37   0.0000000000000
        59        38   0.0000000000000
        59        39   0.0000000000000
        59        40   0.0000000000000
        59        41   0.0000000000000
        59        42   0.0000000000000
        59        43   0.0000000000000
        59        44   0.0000000000000
        59        45   0.0000000000000
        59        46   0.0000000000000
        59        47  -0.1222288069116
        59        48  -0.3347942428988
        59        49  -0.4903302376123
        59        50  -0.4494304312263
        59        51  -0.0807324533475
        59        52   0.7300277197468
        59        53   2.0622124416597
        59        54   3.9378326746284
        59        55   6.3089170831802
        59        56   9.0689842550861
        59        57  12.0855797964862
        59        58  15.2350988281637
        59        59  18.4236060209721
        59        60  21.5906614027909
        59        61  24.7026589901942
        59        62  27.7433842056165
        59        63  30.7062451537982
        59        64  33.5893352844345
        59        65  36.3927996825982
        59        66  39.1176099151393
        59        67  41.7650571642032
        59        68  44.3365649803884
        59        69  46.8336291066157
        59        70  49.2578026977963
        59        71  51.6106955964523
        59        72  53.8939765808407
        59        73  56.1093749728207
        59        74  58.2586805883945
        59        75  60.3437418824860
        59        76  62.3664624214472
        59        77  64.3287959020963
        59        78  66.2327399549732
        59        79  68.0803289654244
        59        80  69.8736261338610
        59        81  71.6147149812180
        59        82  73.3056904891573
        59        83  74.9486500476395
        59        84  76.5456843655105
        59        85  78.0988684829018
        59        86  79.6102530076972
        59        87  81.0818556821988
        59        88  82.5156533705443
        59        89  83.9135745424989
        59        90  85.2774923150498
        59        91  86.6092180998667
        59        92  87.9104958922120
        59        93  89.1829972253631
        59        94  90.4283168040731
        59        95  91.6479688210870
        59        96  92.8433839522522
        59        97  94.0159070183202
        59        98  95.1667952951108
        59        99  96.2972174482773
        59       100  97.4082530644281
        59       101  98.5008927467755
        59       102  99.5760387407423
        59       103 100.6345060529863
        59       104 101.6770240260354
        59       105 102.7042383300857
        59       106 103.7167133334142
        59       107 104.7149348132363
        59       108 105.6993129695948
        59       109 106.6701857059481
        59       110 107.6278221414453
        59       111 108.5724263213766
        59       112 109.5041410938992
        59       113 110.4230521228220
        59       114 111.3291920079219
        59       115 112.2225444859352
        59       116 113.1030486869770
        59       117 113.9706034226707
        59       118 114.8250714836945
        59       119 115.6662839257659
        59       120 116.4940443242776
        59       121 117.3081329788759
        59       122 118.1083110502314
        59       123 118.8943246121097
        59       124 119.6659086026156
        59       125 120.4227906591678
        59       126 121.1646948223934
        59       127 121.8913450947136
        59       128 122.6024688399540
        59       129 123.2978000108706
        59       130 123.9770821920476
        59       131 124.6400714462188
        59       132 125.2865389526967
        59       133 125.9162734272794
        59       134 126.5290833137490
        59       135 127.1247987378856
        59       136 127.7032732157975
        59       137 128.2643851093140
        59       138 128.8080388221968
        59       139 129.3341657319942
        59       140 129.8431877384986

        60         1   0.0000000000000
        60         2   0.0000000000000
        60         3   0.0000000000000
        60         4   0.0000000000000
        60         5   0.0000000000000
        60         6   0.0000000000000
        60         7   0.0000000000000
        60         8   0.0000000000000
        60         9   0.0000000000000
        60        10   0.0000000000000
        60        11   0.0000000000000
        60        12   0.0000000000000
        60        13   0.0000000000000
        60        14   0.0000000000000
        60        15   0.0000000000000
        60        16   0.0000000000000
        60        17   0.0000000000000
        60        18   0.0000000000000
        60        19   0.0000000000000
        60        20   0.0000000000000
        60        21   0.0000000000000
        60        22   0.0000000000000
        60        23   0.0000000000000
        60        24   0.0000000000000
        60        25   0.0000000000000
        60        26   0.0000000000000
        60        27   0.0000000000000
        60        28   0.0000000000000
        60        29   0.0000000000000
        60        30   0.0000000000000
        60        31   0.0000000000000
        60        32   0.0000000000000
        60        33   0.0000000000000
        60        34   0.0000000000000
        60        35   0.0000000000000
        60        36   0.0000000000000
        60        37   0.0000000000000
        60        38   0.0000000000000
        60        39   0.0000000000000
        60        40   0.0000000000000
        60        41   0.0000000000000
        60        42   0.0000000000000
        60        43   0.0000000000000
        60        44   0.0000000000000
        60        45   0.0000000000000
        60        46   0.0000000000000
        60        47  -0.1184468564810
        60        48  -0.3267882320261
        60        49  -0.4844362212358
        60        50  -0.4585306313563
        60        51  -0.1237588986360
        60        52   0.6301869372649
        60        53   1.8837568647227
        60        54   3.6675326333100
        60        55   5.9481268979374
        60        56   8.6336959305297
        60        57  11.6004069424379
        60        58  14.7254222803084
        60        59  17.9100698219546
        60        60  21.0873252791482
        60        61  24.2177584289079
        60        62  27.2810719458345
        60        63  30.2682242796828
        60        64  33.1759914364648
        60        65  36.0038569129602
        60        66  38.7524674318400
        60        67  41.4229501377433
        60        68  44.0166401955263
        60        69  46.5349827229713
        60        70  48.9795016841818
        60        71  51.3517918471138
        60        72  53.6535173201921
        60        73  55.8864109221182
        60        74  58.0522725608350
        60        75  60.1529661638173
        60        76  62.1904151636179
        60        77  64.1665966938416
        60        78  66.0835346958485
        60        79  67.9432921445632
        60        80  69.7479625962626
        60        81  71.4996612502882
        60        82  73.2005157032720
        60        83  74.8526565599040
        60        84  76.4582080490785
        60        85  78.0192787787961
        60        86  79.5379527477119
        60        87  81.0162807159129
        60        88  82.4562720225498
        60        89  83.8598869234867
        60        90  85.2290295082942
        60        91  86.5655412428115
        60        92  87.8711951712243
        60        93  89.1476908002309
        60        94  90.3966496774495
        60        95  91.6196116667926
        60        96  92.8180319151274
        60        97  93.9932784971538
        60        98  95.1466307190553
        60        99  96.2792780560879
        60       100  97.3923196948341
        60       101  98.4867646473063
        60       102  99.5635324013873
        60       103 100.6234540701719
        60       104 101.6672740015539
        60       105 102.6956518088115
        60       106 103.7091647828982
        60       107 104.7083106475735
        60       108 105.6935106193235
        60       109 106.6651127351535
        60       110 107.6233954127127
        60       111 108.5685712087622
        60       112 109.5007907436675
        60       113 110.4201467613258
        60       114 111.3266782956829
        60       115 112.2203749167076
        60       116 113.1011810303492
        60       117 113.9690002085725
        60       118 114.8236995270291
        60       119 115.6651138892712
        60       120 116.4930503176418
        60       121 117.3072921920784
        60       122 118.1076034190527
        60       123 118.8937325137483
        60       124 119.6654165793635
        60       125 120.4223851681255
        60       126 121.1643640092463
        60       127 121.8910785896450
        60       128 122.6022575738291
        60       129 123.2976360498929
        60       130 123.9769585891554
        60       131 124.6399821075614
        60       132 125.2864785175998
        60       133 125.9162371601767
        60       134 126.5290670066216
        60       135 127.1247986218134
        60       136 127.7032858802805
        60       137 128.2644074280721
        60       138 128.8080678841990
        60       139 129.3341987765053
        60       140 129.8432221171431

        61         1   0.0000000000000
        61         2   0.0000000000000
        61         3   0.0000000000000
        61         4   0.0000000000000
        61         5   0.0000000000000
        61         6   0.0000000000000
        61         7   0.0000000000000
        61         8   0.0000000000000
        61         9   0.0000000000000
        61        10   0.0000000000000
        61        11   0.0000000000000
        61        12   0.0000000000000
        61        13   0.0000000000000
        61        14   0.0000000000000
        61        15   0.0000000000000
        61        16   0.0000000000000
        61        17   0.0000000000000
        61        18   0.0000000000000
        61        19   0.0000000000000
        61        20   0.0000000000000
        61        21   0.0000000000000
        61        22   0.0000000000000
        61        23   0.0000000000000
        61        24   0.0000000000000
        61        25   0.0000000000000
        61        26   0.0000000000000
        61        27   0.0000000000000
        61        28   0.0000000000000
        61        29   0.0000000000000
        61        30   0.0000000000000
        61        31   0.0000000000000
        61        32   0.0000000000000
        61        33   0.0000000000000
        61        34   0.0000000000000
        61        35   0.0000000000000
        61        36   0.0000000000000
        61        37   0.0000000000000
        61        38   0.0000000000000
        61        39   0.0000000000000
        61        40   0.0000000000000
        61        41   0.0000000000000
        61        42   0.0000000000000
        61        43   0.0000000000000
        61        44   0.0000000000000
        61        45   0.0000000000000
        61        46   0.0000000000000
        61        47  -0.1148246639956
        61        48  -0.3181408931511
        61        49  -0.4750149045597
        61        50  -0.4581691229668
        61        51  -0.1476916808799
        61        52   0.5626438032533
        61        53   1.7528428972289
        61        54   3.4590555524749
        61        55   5.6592525360974
        61        56   8.2745682700985
        61        57  11.1903453787634
        61        58  14.2864334961165
        61        59  17.4614307442631
        61        60  20.6430697018901
        61        61  23.7866907235215
        61        62  26.8680223963569
        61        63  29.8754761671919
        61        64  32.8043766081156
        61        65  35.6534399417309
        61        66  38.4229190949475
        61        67  41.1137346446743
        61        68  43.7271060293104
        61        69  46.2644082609940
        61        70  48.7271206657649
        61        71  51.1168097669715
        61        72  53.4351233496481
        61        73  55.6837872490616
        61        74  57.8646019748121
        61        75  59.9794383025957
        61        76  62.0302316726383
        61        77  64.0189754750764
        61        78  65.9477133819171
        61        79  67.8185309077705
        61        80  69.6335463833165
        61        81  71.3949015189404
        61        82  73.1047517256565
        61        83  74.7652563481530
        61        84  76.3785689513554
        61        85  77.9468277878201
        61        86  79.4721465588673
        61        87  80.9566055678968
        61        88  82.4022433500388
        61        89  83.8110488483472
        61        90  85.1849541933105
        61        91  86.5258281296660
        61        92  87.8354701224765
        61        93  89.1156051632442
        61        94  90.3678792865708
        61        95  91.5938557985739
        61        96  92.7950122099601
        61        97  93.9727378593608
        61        98  95.1283322062307
        61        99  96.2630037672957
        61       100  97.3778696661560
        61       101  98.4739557621746
        61       102  99.5521973221440
        61       103 100.6134401963607
        61       104 101.6584424595776
        61       105 102.6878764767718
        61       106 103.7023313536835
        61       107 104.7023157325643
        61       108 105.6882608944524
        61       109 106.6605241304815
        61       110 107.6193923461662
        61       111 108.5650858642128
        61       112 109.4977623931326
        61       113 110.4175211307109
        61       114 111.3244069731813
        61       115 112.2184148027170
        61       116 113.0994938275468
        61       117 113.9675519506171
        61       118 114.8224601442213
        61       119 115.6640568093988
        61       120 116.4921521001644
        61       121 117.3065321937578
        61       122 118.1069634891156
        61       123 118.8931967166627
        61       124 119.6649709433280
        61       125 120.4220174573996
        61       126 121.1640635184922
        61       127 121.8908359585017
        61       128 122.6020646200000
        61       129 123.2974856190869
        61       130 123.9768444202925
        61       131 124.6398987117163
        61       132 125.2864210692260
        61       133 125.9162013992164
        61       134 126.5290491501701
        61       135 127.1247952840620
        61       136 127.7032939995163
        61       137 128.2644241995578
        61       138 128.8080906977987
        61       139 129.3342251579529
        61       140 129.8432496941199

        62         1   0.0000000000000
        62         2   0.0000000000000
        62         3   0.0000000000000
        62         4   0.0000000000000
        62         5   0.0000000000000
        62         6   0.0000000000000
        62         7   0.0000000000000
        62         8   0.0000000000000
        62         9   0.0000000000000
        62        10   0.0000000000000
        62        11   0.0000000000000
        62        12   0.0000000000000
        62        13   0.0000000000000
        62        14   0.0000000000000
        62        15   0.0000000000000
        62        16   0.0000000000000
        62        17   0.0000000000000
        62        18   0.0000000000000
        62        19   0.0000000000000
        62        20   0.0000000000000
        62        21   0.0000000000000
        62        22   0.0000000000000
        62        23   0.0000000000000
        62        24   0.0000000000000
        62        25   0.0000000000000
        62        26   0.0000000000000
        62        27   0.0000000000000
        62        28   0.0000000000000
        62        29   0.0000000000000
        62        30   0.0000000000000
        62        31   0.0000000000000
        62        32   0.0000000000000
        62        33   0.0000000000000
        62        34   0.0000000000000
        62        35   0.0000000000000
        62        36   0.0000000000000
        62        37   0.0000000000000
        62        38   0.0000000000000
        62        39   0.0000000000000
        62        40   0.0000000000000
        62        41   0.0000000000000
        62        42   0.0000000000000
        62        43   0.0000000000000
        62        44   0.0000000000000
        62        45   0.0000000000000
        62        46   0.0000000000000
        62        47  -0.1112767008862
        62        48  -0.3088142467157
        62        49  -0.4624650323643
        62        50  -0.4497660078940
        62        51  -0.1556332430626
        62        52   0.5221349476905
        62        53   1.6621359928816
        62        54   3.3038787577363
        62        55   5.4339530543201
        62        56   7.9846194427753
        62        57  10.8502888909346
        62        58  13.9147793495720
        62        59  17.0756423034855
        62        60  20.2566862285659
        62        61  23.4087417765124
        62        62  26.5038118827200
        62        63  29.5277613143421
        62        64  32.4743816411267
        62        65  35.3415393822598
        62        66  38.1290339897972
        62        67  40.8375410269080
        62        68  43.4681394802627
        62        69  46.0221170453460
        62        70  48.5008950585322
        62        71  50.9060005047201
        62        72  53.2390548107540
        62        73  55.5017677106992
        62        74  57.6959319566167
        62        75  59.8234174803957
        62        76  61.8861646370008
        62        77  63.8861765200877
        62        78  65.8255104650206
        62        79  67.7062688946380
        62        80  69.5305896729551
        62        81  71.3006361298776
        62        82  73.0185869125819
        62        83  74.6866258090423
        62        84  76.3069316773925
        62        85  77.8816686020271
        62        86  79.4129763839840
        62        87  80.9029614595221
        62        88  82.3536883271846
        62        89  83.7671715502279
        62        90  85.1453683882930
        62        91  86.4901720997530
        62        92  87.8034059444186
        62        93  89.0868179053252
        62        94  90.3420761382466
        62        95  91.5707651484311
        62        96  92.7743826858833
        62        97  93.9543373433276
        62        98  95.1119468347875
        62        99  96.2484369274908
        62       100  97.3649409955154
        62       101  98.4625001601919
        62       102  99.5420639797212
        62       103 100.6044916486692
        62       104 101.6505536669203
        62       105 102.6809339372011
        62       106 103.6962322503762
        62       107 104.6969671182647
        62       108 105.6835789146708
        62       109 106.6564332865738
        62       110 107.6158247989159
        62       111 108.5619807780971
        62       112 109.4950653210607
        62       113 110.4151834386894
        62       114 111.3223853040723
        62       115 112.2166705780128
        62       116 113.0979927858859
        62       117 113.9662637216067
        62       118 114.8213578560042
        62       119 115.6631167283129
        62       120 116.4913533007761
        62       121 117.3058562575136
        62       122 118.1063942298378
        62       123 118.8927199311192
        62       124 119.6645741851218
        62       125 120.4216898324572
        62       126 121.1637955004711
        62       127 121.8906192224879
        62       128 122.6018918929223
        62       129 123.2973505453365
        62       130 123.9767414410979
        62       131 124.6398229568884
        62       132 125.2863682599494
        62       133 125.9161677606259
        62       134 126.5290313325079
        62       135 127.1247902912649
        62       136 127.7032991241317
        62       137 128.2644369629314
        62       138 128.8081087945129
        62       139 129.3342464035287
        62       140 129.8432719950058

        63         1   0.0000000000000
        63         2   0.0000000000000
        63         3   0.0000000000000
        63         4   0.0000000000000
        63         5   0.0000000000000
        63         6   0.0000000000000
        63         7   0.0000000000000
        63         8   0.0000000000000
        63         9   0.0000000000000
        63        10   0.0000000000000
        63        11   0.0000000000000
        63        12   0.0000000000000
        63        13   0.0000000000000
        63        14   0.0000000000000
        63        15   0.0000000000000
        63        16   0.0000000000000
        63        17   0.0000000000000
        63        18   0.0000000000000
        63        19   0.0000000000000
        63        20   0.0000000000000
        63        21   0.0000000000000
        63        22   0.0000000000000
        63        23   0.0000000000000
        63        24   0.0000000000000
        63        25   0.0000000000000
        63        26   0.0000000000000
        63        27   0.0000000000000
        63        28   0.0000000000000
        63        29   0.0000000000000
        63        30   0.0000000000000
        63        31   0.0000000000000
        63        32   0.0000000000000
        63        33   0.0000000000000
        63        34   0.0000000000000
        63        35   0.0000000000000
        63        36   0.0000000000000
        63        37   0.0000000000000
        63        38   0.0000000000000
        63        39   0.0000000000000
        63        40   0.0000000000000
        63        41   0.0000000000000
        63        42   0.0000000000000
        63        43   0.0000000000000
        63        44   0.0000000000000
        63        45   0.0000000000000
        63        46   0.0000000000000
        63        47  -0.1077274717670
        63        48  -0.2987399338106
        63        49  -0.4470093456114
        63        50  -0.4342810973855
        63        51  -0.1498132366021
        63        52   0.5047122269056
        63        53   1.6058879452668
        63        54   3.1949739253217
        63        55   5.2649318570101
        63        56   7.7573185386936
        63        57  10.5750850168284
        63        58  13.6067714756526
        63        59  16.7502205035318
        63        60  19.9265351892459
        63        61  23.0828120870252
        63        62  26.1876794282322
        63        63  29.2245414892189
        63        64  32.1856280583502
        63        65  35.0679001581421
        63        66  37.8706560248485
        63        67  40.5942932078247
        63        68  43.2397286318807
        63        69  45.8081478502503
        63        70  48.3009029576572
        63        71  50.7194719830258
        63        72  53.0654416023720
        63        73  55.3404977383985
        63        74  57.5464182165719
        63        75  59.6850654314346
        63        76  61.7583783939315
        63        77  63.7683640434373
        63        78  65.7170878897843
        63        79  67.6066641130340
        63        80  69.4392452678327
        63        81  71.2170117416338
        63        82  72.9421611113815
        63        83  74.6168975349884
        63        84  76.2434213036226
        63        85  77.8239186692184
        63        86  79.3605520492170
        63        87  80.8554506977085
        63        88  82.3107019191600
        63        89  83.7283428880336
        63        90  85.1103531250262
        63        91  86.4586476685772
        63        92  87.7750709688281
        63        93  89.0613915205111
        63        94  90.3192972413662
        63        95  91.5503915937176
        63        96  92.7561904388178
        63        97  93.9381196065127
        63        98  95.0975131567065
        63        99  96.2356123039804
        63       100  97.3535649725320
        63       101  98.4524259452945
        63       102  99.5331575686245
        63       103 100.5966309722411
        63       104 101.6436277630902
        63       105 102.6748421514258
        63       106 103.6908834675570
        63       107 104.6922790283306
        63       108 105.6794773134347
        63       109 106.6528514129213
        63       110 107.6127027089061
        63       111 108.5592647561298
        63       112 109.4927073278966
        63       113 110.4131405957956
        63       114 111.3206194134958
        63       115 112.2151476767623
        63       116 113.0966827336214
        63       117 113.9651398202901
        63       118 114.8203965000553
        63       119 115.6622970837322
        63       120 116.4906570116441
        63       121 117.3052671782443
        63       122 118.1058981815542
        63       123 118.8923044805256
        63       124 119.6642284442692
        63       125 120.4214042778316
        63       126 121.1635618098756
        63       127 121.8904301282420
        63       128 122.6017410499542
        63       129 123.2972324128036
        63       130 123.9766511762311
        63       131 124.6397563198155
        63       132 125.2863215283121
        63       133 125.9161376528628
        63       134 126.5290149387290
        63       135 127.1247850106948
        63       136 127.7033026081422
        63       137 128.2644470627274
        63       138 128.8081235125681
        63       139 129.3342638478977
        63       140 129.8432903531230

        64         1   0.0000000000000
        64         2   0.0000000000000
        64         3   0.0000000000000
        64         4   0.0000000000000
        64         5   0.0000000000000
        64         6   0.0000000000000
        64         7   0.0000000000000
        64         8   0.0000000000000
        64         9   0.0000000000000
        64        10   0.0000000000000
        64        11   0.0000000000000
        64        12   0.0000000000000
        64        13   0.0000000000000
        64        14   0.0000000000000
        64        15   0.0000000000000
        64        16   0.0000000000000
        64        17   0.0000000000000
        64        18   0.0000000000000
        64        19   0.0000000000000
        64        20   0.0000000000000
        64        21   0.0000000000000
        64        22   0.0000000000000
        64        23   0.0000000000000
        64        24   0.0000000000000
        64        25   0.0000000000000
        64        26   0.0000000000000
        64        27   0.0000000000000
        64        28   0.0000000000000
        64        29   0.0000000000000
        64        30   0.0000000000000
        64        31   0.0000000000000
        64        32   0.0000000000000
        64        33   0.0000000000000
        64        34   0.0000000000000
        64        35   0.0000000000000
        64        36   0.0000000000000
        64        37   0.0000000000000
        64        38   0.0000000000000
        64        39   0.0000000000000
        64        40   0.0000000000000
        64        41   0.0000000000000
        64        42   0.0000000000000
        64        43   0.0000000000000
        64        44   0.0000000000000
        64        45   0.0000000000000
        64        46   0.0000000000000
        64        47  -0.1041094286059
        64        48  -0.2878321826360
        64        49  -0.4287544887981
        64        50  -0.4123583031496
        64        51  -0.1318427544611
        64        52   0.5073969963936
        64        53   1.5795865994022
        64        54   3.1265734519017
        64        55   5.1458872137362
        64        56   7.5866914473286
        64        57  10.3597124747822
        64        58  13.3585602798270
        64        59  16.4823786235052
        64        60  19.6506385713353
        64        61  22.8074794321931
        64        62  25.9185715499337
        64        63  28.9650145851569
        64        64  31.9374968619814
        64        65  34.8320458421371
        64        66  37.6474245018003
        64        67  40.3837259444635
        64        68  43.0416870081094
        64        69  45.6223787724670
        64        70  48.1270749144113
        64        71  50.5571969220909
        64        72  52.9142899454001
        64        73  55.2000097925341
        64        74  57.4161134021331
        64        75  59.5644499679593
        64        76  61.6469517717680
        64        77  63.6656244795815
        64        78  65.6225369103190
        64        79  67.5198103757224
        64        80  69.3596077205519
        64        81  71.1441221993414
        64        82  72.8755663239254
        64        83  74.5561608094037
        64        84  76.1881237371658
        64        85  77.7736600430265
        64        86  79.3149514269650
        64        87  80.8141467688310
        64        88  82.2733531219889
        64        89  83.6946273444874
        64        90  85.0799684151860
        64        91  86.4313104705374
        64        92  87.7505165865597
        64        93  89.0393733200809
        64        94  90.2995860136797
        64        95  91.5327748599685
        64        96  92.7404717130089
        64        97  93.9241176277505
        64        98  95.0850611024354
        64        99  96.2245569939188
        64       100  97.3437660717786
        64       101  98.4437551738857
        64       102  99.5254979237386
        64       103 100.5898759682503
        64       104 101.6376806937615
        64       105 102.6696153777499
        64       106 103.6862977339477
        64       107 104.6882628092755
        64       108 105.6759661920849
        64       109 106.6497874925880
        64       110 107.6100340579715
        64       111 108.5569448864810
        64       112 109.4906947066478
        64       113 110.4113981897700
        64       114 111.3191142656956
        64       115 112.2138505138524
        64       116 113.0955676032903
        64       117 113.9641837572236
        64       118 114.8195792191652
        64       119 115.6616006992134
        64       120 116.4900657803913
        64       121 117.3047672661392
        64       122 118.1054774511293
        64       123 118.8919522985263
        64       124 119.6639355076574
        64       125 120.4211624568126
        64       126 121.1633640065727
        64       127 121.8902701496915
        64       128 122.6016134941493
        64       129 123.2971325665714
        64       130 123.9765749237822
        64       131 124.6397000608664
        64       132 125.2862821047331
        64       133 125.9161122828595
        64       134 126.5290011576152
        64       135 127.1247806173612
        64       136 127.7033056163684
        64       137 128.2644556565198
        64       138 128.8081360047419
        64       139 129.3342786411442
        64       140 129.8433059175219

        65         1   0.0000000000000
        65         2   0.0000000000000
        65         3   0.0000000000000
        65         4   0.0000000000000
        65         5   0.0000000000000
        65         6   0.0000000000000
        65         7   0.0000000000000
        65         8   0.0000000000000
        65         9   0.0000000000000
        65        10   0.0000000000000
        65        11   0.0000000000000
        65        12   0.0000000000000
        65        13   0.0000000000000
        65        14   0.0000000000000
        65        15   0.0000000000000
        65        16   0.0000000000000
        65        17   0.0000000000000
        65        18   0.0000000000000
        65        19   0.0000000000000
        65        20   0.0000000000000
        65        21   0.0000000000000
        65        22   0.0000000000000
        65        23   0.0000000000000
        65        24   0.0000000000000
        65        25   0.0000000000000
        65        26   0.0000000000000
        65        27   0.0000000000000
        65        28   0.0000000000000
        65        29   0.0000000000000
        65        30   0.0000000000000
        65        31   0.0000000000000
        65        32   0.0000000000000
        65        33   0.0000000000000
        65        34   0.0000000000000
        65        35   0.0000000000000
        65        36   0.0000000000000
        65        37   0.0000000000000
        65        38   0.0000000000000
        65        39   0.0000000000000
        65        40   0.0000000000000
        65        41   0.0000000000000
        65        42   0.0000000000000
        65        43   0.0000000000000
        65        44   0.0000000000000
        65        45   0.0000000000000
        65        46   0.0000000000000
        65        47  -0.1003615216142
        65        48  -0.2759961033251
        65        49  -0.4077306100512
        65        50  -0.3844233646817
        65        51  -0.1028919111553
        65        52   0.5279260626635
        65        53   1.5796751126264
        65        54   3.0939491558021
        65        55   5.0714174331259
        65        56   7.4673550731865
        65        57  10.1993942927347
        65        58  13.1662678148413
        65        59  16.2691425185897
        65        60  19.4267664568105
        65        61  22.5810605097982
        65        62  25.6951873407753
        65        63  28.7481497491441
        65        64  31.7291575035578
        65        65  34.6333032582293
        65        66  37.4587951566302
        65        67  40.2054027629679
        65        68  42.8736687714757
        65        69  45.4645400421893
        65        70  47.9792046919229
        65        71  50.4190218432418
        65        72  52.7854899017632
        65        73  55.0802296284660
        65        74  57.3049723089996
        65        75  59.4615493049394
        65        76  61.5518816708838
        65        77  63.5779694405345
        65        78  65.5418805262462
        65        79  67.4457393003414
        65        80  69.2917149696195
        65        81  71.0820098672244
        65        82  72.8188477865445
        65        83  74.5044624767962
        65        84  76.1410864119869
        65        85  77.7309399352345
        65        86  79.2762208695890
        65        87  80.7790946749775
        65        88  82.2416852190323
        65        89  83.6660662176273
        65        90  85.0542533891803
        65        91  86.4081973553841
        65        92  87.7297773101557
        65        93  89.0207954683945
        65        94  90.2829722967095
        65        95  91.5179425196931
        65        96  92.7272518876455
        65        97  93.9123546849114
        65        98  95.0746119521954
        65        99  96.2152903913577
        65       100  97.3355619172474
        65       101  98.4365038180417
        65       102  99.5190994832998
        65       103 100.5842396574317
        65       104 101.6327241754566
        65       105 102.6652641377215
        65       106 103.6824844805675
        65       107 104.6849269007162
        65       108 105.6730530923004
        65       109 106.6472482569234
        65       110 107.6078248488126
        65       111 108.5550265189813
        65       112 109.4890322242562
        65       113 110.4099604690156
        65       114 111.3178736494656
        65       115 112.2127824722226
        65       116 113.0946504208251
        65       117 113.9633982455562
        65       118 114.8189084535889
        65       119 115.6610297779640
        65       120 116.4895816052709
        65       121 117.3043583431183
        65       122 118.1051337095739
        65       123 118.8916649277100
        65       124 119.6636968092544
        65       125 120.4209657121000
        65       126 121.1632033571201
        65       127 121.8901404903630
        65       128 122.6015103772965
        65       129 123.2970521163507
        65       130 123.9765137595843
        65       131 124.6396552288996
        65       132 125.2862510168548
        65       133 125.9160926618000
        65       134 126.5289909877852
        65       135 127.1247781004752
        65       136 127.7033091311582
        65       137 128.2644637218446
        65       138 128.8081472454294
        65       139 129.3342917559248
        65       140 129.8433196601635

        66         1   0.0000000000000
        66         2   0.0000000000000
        66         3   0.0000000000000
        66         4   0.0000000000000
        66         5   0.0000000000000
        66         6   0.0000000000000
        66         7   0.0000000000000
        66         8   0.0000000000000
        66         9   0.0000000000000
        66        10   0.0000000000000
        66        11   0.0000000000000
        66        12   0.0000000000000
        66        13   0.0000000000000
        66        14   0.0000000000000
        66        15   0.0000000000000
        66        16   0.0000000000000
        66        17   0.0000000000000
        66        18   0.0000000000000
        66        19   0.0000000000000
        66        20   0.0000000000000
        66        21   0.0000000000000
        66        22   0.0000000000000
        66        23   0.0000000000000
        66        24   0.0000000000000
        66        25   0.0000000000000
        66        26   0.0000000000000
        66        27   0.0000000000000
        66        28   0.0000000000000
        66        29   0.0000000000000
        66        30   0.0000000000000
        66        31   0.0000000000000
        66        32   0.0000000000000
        66        33   0.0000000000000
        66        34   0.0000000000000
        66        35   0.0000000000000
        66        36   0.0000000000000
        66        37   0.0000000000000
        66        38   0.0000000000000
        66        39   0.0000000000000
        66        40   0.0000000000000
        66        41   0.0000000000000
        66        42   0.0000000000000
        66        43   0.0000000000000
        66        44   0.0000000000000
        66        45   0.0000000000000
        66        46   0.0000000000000
        66        47  -0.0964282343670
        66        48  -0.2631332898346
        66        49  -0.3839183658905
        66        50  -0.3507514887630
        66        51  -0.0638156498800
        66        52   0.5645645520557
        66        53   1.6033309657336
        66        54   3.0932162259795
        66        55   5.0369076223381
        66        56   7.3945051732171
        66        57  10.0896610630984
        66        58  13.0260833537175
        66        59  16.1074445221750
        66        60  19.2525137277465
        66        61  22.4016689557410
        66        62  25.5160222676091
        66        63  28.5727218727613
        66        64  31.5595964033831
        66        65  34.4708268153239
        66        66  37.3040611696317
        66        67  40.0587341037348
        66        68  42.7351843304287
        66        69  45.3342273860989
        66        70  47.8569606631160
        66        71  50.3046767623728
        66        72  52.6788235996055
        66        73  54.9809832628984
        66        74  57.2128577716468
        66        75  59.3762570333015
        66        76  61.4730872561889
        66        77  63.5053392448333
        66        78  65.4750764484386
        66        79  67.3844227976030
        66        80  69.2355504231794
        66        81  71.0306673701165
        66        82  72.7720054223110
        66        83  74.4618081508656
        66        84  76.1023192910954
        66        85  77.6957715445990
        66        86  79.2443758924619
        66        87  80.7503114946423
        66        88  82.2157162391774
        66        89  83.6426779933062
        66        90  85.0332265971915
        66        91  86.3893266298358
        66        92  87.7128709661957
        66        93  89.0056751345418
        66        94  90.2694724739107
        66        95  91.5059100831093
        66        96  92.7165455452469
        66        97  93.9028444051936
        66        98  95.0661783717246
        66        99  96.2078242113907
        66       100  97.3289632973418
        66       101  98.4306817733680
        66       102  99.5139712912802
        66       103 100.5797302783493
        66       104 101.6287656908043
        66       105 102.6617952092747
        66       106 103.6794498324739
        66       107 104.6822768262834
        66       108 105.6707429866279
        66       109 106.6452381760615
        66       110 107.6060790957314
        66       111 108.5535132562943
        66       112 109.4877231133566
        66       113 110.4088303350472
        66       114 111.3169001713602
        66       115 112.2119458968795
        66       116 113.0939333003955
        66       117 113.9627851967046
        66       118 114.8183859375469
        66       119 115.6605859001554
        66       120 116.4892059332690
        66       121 117.3040417416997
        66       122 118.1048681916450
        66       123 118.8914435199110
        66       124 119.6635134310774
        66       125 120.4208150674028
        66       126 121.1630808369613
        66       127 121.8900420861367
        66       128 122.6014326031954
        66       129 123.2969919402394
        66       130 123.9764685414181
        66       131 124.6396226658737
        66       132 125.2862290945195
        66       133 125.9160796104225
        66       134 126.5289852432817
        66       135 127.1247782692783
        66       136 127.7033139584162
        66       137 128.2644720623845
        66       138 128.8081580369387
        66       139 129.3343039938306
        66       140 129.8433323823043

        67         1   0.0000000000000
        67         2   0.0000000000000
        67         3   0.0000000000000
        67         4   0.0000000000000
        67         5   0.0000000000000
        67         6   0.0000000000000
        67         7   0.0000000000000
        67         8   0.0000000000000
        67         9   0.0000000000000
        67        10   0.0000000000000
        67        11   0.0000000000000
        67        12   0.0000000000000
        67        13   0.0000000000000
        67        14   0.0000000000000
        67        15   0.0000000000000
        67        16   0.0000000000000
        67        17   0.0000000000000
        67        18   0.0000000000000
        67        19   0.0000000000000
        67        20   0.0000000000000
        67        21   0.0000000000000
        67        22   0.0000000000000
        67        23   0.0000000000000
        67        24   0.0000000000000
        67        25   0.0000000000000
        67        26   0.0000000000000
        67        27   0.0000000000000
        67        28   0.0000000000000
        67        29   0.0000000000000
        67        30   0.0000000000000
        67        31   0.0000000000000
        67        32   0.0000000000000
        67        33   0.0000000000000
        67        34   0.0000000000000
        67        35   0.0000000000000
        67        36   0.0000000000000
        67        37   0.0000000000000
        67        38   0.0000000000000
        67        39   0.0000000000000
        67        40   0.0000000000000
        67        41   0.0000000000000
        67        42   0.0000000000000
        67        43   0.0000000000000
        67        44   0.0000000000000
        67        45   0.0000000000000
        67        46   0.0000000000000
        67        47  -0.0922589837584
        67        48  -0.2491458232695
        67        49  -0.3572678959882
        67        50  -0.3115151695797
        67        51  -0.0152441572004
        67        52   0.6159673431648
        67        53   1.6482936632075
        67        54   3.1211662390536
        67        55   5.0384143300551
        67        56   7.3638767888985
        67        57  10.0263777892956
        67        58  12.9343275367362
        67        59  15.9941965242196
        67        60  19.1253654489983
        67        61  22.2672679741368
        67        62  25.3794094330787
        67        63  28.4373446680925
        67        64  31.4276444983854
        67        65  34.3436221480023
        67        66  37.1823737481173
        67        67  39.9429952953448
        67        68  42.6256159969575
        67        69  45.2309156136023
        67        70  47.7598975559710
        67        71  50.2137853130837
        67        72  52.5939739375922
        67        73  54.9020044438926
        67        74  57.1395470638112
        67        75  59.3083875963491
        67        76  61.4104146369507
        67        77  63.4476069118756
        67        78  65.4220205043618
        67        79  67.3357759711822
        67        80  69.1910454256211
        67        81  70.9900396890222
        67        82  72.7349956191435
        67        83  74.4281637212458
        67        84  76.0717961415354
        67        85  77.6681351340976
        67        86  79.2194020826550
        67        87  80.7277871478745
        67        88  82.1954395998908
        67        89  83.6244588845151
        67        90  85.0168864604873
        67        91  86.3746984343206
        67        92  87.6997990089564
        67        93  88.9940147527300
        67        94  90.2590896861534
        67        95  91.4966811758499
        67        96  92.7083566176647
        67        97  93.8955908845778
        67        98  95.0597645095649
        67        99  96.2021625689840
        67       100  97.3239742283897
        67       101  98.4262929098486
        67       102  99.5101170378052
        67       103 100.5763513192638
        67       104 101.6258085134329
        67       105 102.6592116459681
        67       106 103.6771966234487
        67       107 104.6803152046721
        67       108 105.6690382866574
        67       109 106.6437594648501
        67       110 107.6047988288341
        67       111 108.5524069568191
        67       112 109.4867690742252
        67       113 110.4080093437700
        67       114 111.3161952565317
        67       115 112.2113420954787
        67       116 113.0934174448812
        67       117 113.9623457208345
        67       118 114.8180126998085
        67       119 115.6602700236781
        67       120 116.4889396610871
        67       121 117.3038183062475
        67       122 118.1046816973907
        67       123 118.8912888380686
        67       124 119.6633861053791
        67       125 120.4207112299573
        67       126 121.1629971332746
        67       127 121.8899756084214
        67       128 122.6013808311485
        67       129 123.2969526885183
        67       130 123.9764399130953
        67       131 124.6396030111999
        67       132 125.2862169743696
        67       133 125.9160737638421
        67       134 126.5289845585926
        67       135 127.1247817582341
        67       136 127.7033207329356
        67       137 128.2644813134128
        67       138 128.8081690150155
        67       139 129.3343159909592
        67       140 129.8433447200857

        68         1   0.0000000000000
        68         2   0.0000000000000
        68         3   0.0000000000000
        68         4   0.0000000000000
        68         5   0.0000000000000
        68         6   0.0000000000000
        68         7   0.0000000000000
        68         8   0.0000000000000
        68         9   0.0000000000000
        68        10   0.0000000000000
        68        11   0.0000000000000
        68        12   0.0000000000000
        68        13   0.0000000000000
        68        14   0.0000000000000
        68        15   0.0000000000000
        68        16   0.0000000000000
        68        17   0.0000000000000
        68        18   0.0000000000000
        68        19   0.0000000000000
        68        20   0.0000000000000
        68        21   0.0000000000000
        68        22   0.0000000000000
        68        23   0.0000000000000
        68        24   0.0000000000000
        68        25   0.0000000000000
        68        26   0.0000000000000
        68        27   0.0000000000000
        68        28   0.0000000000000
        68        29   0.0000000000000
        68        30   0.0000000000000
        68        31   0.0000000000000
        68        32   0.0000000000000
        68        33   0.0000000000000
        68        34   0.0000000000000
        68        35   0.0000000000000
        68        36   0.0000000000000
        68        37   0.0000000000000
        68        38   0.0000000000000
        68        39   0.0000000000000
        68        40   0.0000000000000
        68        41   0.0000000000000
        68        42   0.0000000000000
        68        43   0.0000000000000
        68        44   0.0000000000000
        68        45   0.0000000000000
        68        46   0.0000000000000
        68        47  -0.0878077848672
        68        48  -0.2339392658556
        68        49  -0.3277124904430
        68        50  -0.2668186190469
        68        51   0.0423513022232
        68        52   0.6810758118577
        68        53   1.7127310197600
        68        54   3.1751284009770
        68        55   5.0725571081255
        68        56   7.3716906612410
        68        57  10.0057457044931
        68        58  12.8874915341851
        68        59  15.9263443129408
        68        60  19.0427506490520
        68        61  22.1757165960446
        68        62  25.2835574165007
        68        63  28.3405017180681
        68        64  31.3320034013970
        68        65  34.2505687333220
        68        66  37.0927619761840
        68        67  39.8573440588402
        68        68  42.5442334052815
        68        69  45.1539721532043
        68        70  47.6874682946177
        68        71  50.1458750722092
        68        72  52.5305335656587
        68        73  54.8429424456244
        68        74  57.0847386521583
        68        75  59.2576821327852
        68        76  61.3636419154838
        68        77  63.4045825192737
        68        78  65.3825503948348
        68        79  67.2996603535074
        68        80  69.1580820420529
        68        81  70.9600265550507
        68        82  72.7077332861282
        68        83  74.4034571182297
        68        84  76.0494560474667
        68        85  77.6479793270170
        68        86  79.2012562080599
        68        87  80.7114853444291
        68        88  82.1808249168901
        68        89  83.6113835220215
        68        90  85.0052118598296
        68        91  86.3642952436640
        68        92  87.6905469459026
        68        93  88.9858023833768
        68        94  90.2518141377270
        68        95  91.4902477978950
        68        96  92.7026786048409
        68        97  93.8905888723441
        68        98  95.0553661524340
        68        99  96.1983021095781
        68       100  97.3205920642271
        68       101  98.4233351636227
        68       102  99.5075351358742
        68       103 100.5741015821443
        68       104 101.6238517612792
        68       105 102.6575128213001
        68       106 103.6757244327752
        68       107 104.6790417801177
        68       108 105.6679388682464
        68       109 106.6428121037137
        68       110 107.6039841112847
        68       111 108.5517077489708
        68       112 109.4861702866261
        68       113 110.4074977153429
        68       114 111.3157591569917
        68       115 112.2109713453020
        68       116 113.0931031518332
        68       117 113.9620801320293
        68       118 114.8177890682522
        68       119 115.6600824882498
        68       120 116.4887831389254
        68       121 117.3036883965374
        68       122 118.1045745955816
        68       123 118.8912012595960
        68       124 119.6633152180097
        68       125 120.4206545939277
        68       126 121.1629526484457
        68       127 121.8899414677244
        68       128 122.6013554796467
        68       129 123.2969347874636
        68       130 123.9764283084045
        68       131 124.6395967058218
        68       132 125.2862151040576
        68       133 125.9160755758859
        68       134 126.5289893930982
        68       135 127.1247890315765
        68       136 127.7033299230321
        68       137 128.2644919464946
        68       138 128.8081806535934
        68       139 129.3343282226960
        68       140 129.8433571493251

        69         1   0.0000000000000
        69         2   0.0000000000000
        69         3   0.0000000000000
        69         4   0.0000000000000
        69         5   0.0000000000000
        69         6   0.0000000000000
        69         7   0.0000000000000
        69         8   0.0000000000000
        69         9   0.0000000000000
        69        10   0.0000000000000
        69        11   0.0000000000000
        69        12   0.0000000000000
        69        13   0.0000000000000
        69        14   0.0000000000000
        69        15   0.0000000000000
        69        16   0.0000000000000
        69        17   0.0000000000000
        69        18   0.0000000000000
        69        19   0.0000000000000
        69        20   0.0000000000000
        69        21   0.0000000000000
        69        22   0.0000000000000
        69        23   0.0000000000000
        69        24   0.0000000000000
        69        25   0.0000000000000
        69        26   0.0000000000000
        69        27   0.0000000000000
        69        28   0.0000000000000
        69        29   0.0000000000000
        69        30   0.0000000000000
        69        31   0.0000000000000
        69        32   0.0000000000000
        69        33   0.0000000000000
        69        34   0.0000000000000
        69        35   0.0000000000000
        69        36   0.0000000000000
        69        37   0.0000000000000
        69        38   0.0000000000000
        69        39   0.0000000000000
        69        40   0.0000000000000
        69        41   0.0000000000000
        69        42   0.0000000000000
        69        43   0.0000000000000
        69        44   0.0000000000000
        69        45   0.0000000000000
        69        46   0.0000000000000
        69        47  -0.0830330802864
        69        48  -0.2174249089423
        69        49  -0.2951785345132
        69        50  -0.2167228393329
        69        51   0.1086099726534
        69        52   0.7590404478253
        69        53   1.7951356105861
        69        54   3.2528560986688
        69        55   5.1364213604592
        69        56   7.4145945624619
        69        57  10.0242880464237
        69        58  12.8822573313678
        69        59  15.9009060089632
        69        60  19.0020851260714
        69        61  22.1248092321480
        69        62  25.2265841677691
        69        63  28.2805750708456
        69        64  31.2712698597916
        69        65  34.1904412357718
        69        66  37.0341517031973
        69        67  39.8008373153544
        69        68  42.4902084650915
        69        69  45.1026703184028
        69        70  47.6390357271686
        69        71  50.1003878939477
        69        72  52.4880139655884
        69        73  54.8033700289206
        69        74  57.0480591614051
        69        75  59.2238145609096
        69        76  61.3324844943552
        69        77  63.3760178265987
        69        78  65.3564497179251
        69        79  67.2758874041720
        69        80  69.1364960970957
        69        81  70.9404850867415
        69        82  72.6900941405749
        69        83  74.3875802945343
        69        84  76.0352051260842
        69        85  77.6352225915670
        69        86  79.1898675009016
        69        87  80.7013446925691
        69        88  82.1718189612689
        69        89  83.6034057799041
        69        90  84.9981628469249
        69        91  86.3580824797045
        69        92  87.6850848647357
        69        93  88.9810121661376
        69        94  90.2476234853810
        69        95  91.4865906573454
        69        96  92.6994948608852
        69        97  93.8878240160238
        69        98  95.0529709347488
        69        99  96.1962321881195
        69       100  97.3188076490133
        69       101  98.4218006672852
        69       102  99.5062188323437
        69       103 100.5729752771004
        69       104 101.6228904768554
        69       105 102.6566944968696
        69       106 103.6750296430657
        69       107 104.6784534714174
        69       108 105.6674421130507
        69       109 106.6423938738228
        69       110 107.6036330690831
        69       111 108.5514140563992
        69       112 109.4859254311813
        69       113 110.4072943523111
        69       114 111.3155909670278
        69       115 112.2108329064046
        69       116 113.0929898247308
        69       117 113.9619879579804
        69       118 114.8177146782665
        69       119 115.6600230227598
        69       120 116.4887361769685
        69       121 117.3036518935509
        69       122 118.1045468289569
        69       123 118.8911807811964
        69       124 119.6633008129019
        69       125 120.4206452446412
        69       126 121.1629475041231
        69       127 121.8899398175819
        69       128 122.6013567302188
        69       129 123.2969384431516
        69       130 123.9764339548980
        69       131 124.6396039960051
        69       132 125.2862237460536
        69       133 125.9160853229255
        69       134 126.5290000349366
        69       135 127.1248003872066
        69       136 127.7033418344713
        69       137 128.2645042734409
        69       138 128.8081932687678
        69       139 129.3343410077000
        69       140 129.8433699895069

        70         1   0.0000000000000
        70         2   0.0000000000000
        70         3   0.0000000000000
        70         4   0.0000000000000
        70         5   0.0000000000000
        70         6   0.0000000000000
        70         7   0.0000000000000
        70         8   0.0000000000000
        70         9   0.0000000000000
        70        10   0.0000000000000
        70        11   0.0000000000000
        70        12   0.0000000000000
        70        13   0.0000000000000
        70        14   0.0000000000000
        70        15   0.0000000000000
        70        16   0.0000000000000
        70        17   0.0000000000000
        70        18   0.0000000000000
        70        19   0.0000000000000
        70        20   0.0000000000000
        70        21   0.0000000000000
        70        22   0.0000000000000
        70        23   0.0000000000000
        70        24   0.0000000000000
        70        25   0.0000000000000
        70        26   0.0000000000000
        70        27   0.0000000000000
        70        28   0.0000000000000
        70        29   0.0000000000000
        70        30   0.0000000000000
        70        31   0.0000000000000
        70        32   0.0000000000000
        70        33   0.0000000000000
        70        34   0.0000000000000
        70        35   0.0000000000000
        70        36   0.0000000000000
        70        37   0.0000000000000
        70        38   0.0000000000000
        70        39   0.0000000000000
        70        40   0.0000000000000
        70        41   0.0000000000000
        70        42   0.0000000000000
        70        43   0.0000000000000
        70        44   0.0000000000000
        70        45   0.0000000000000
        70        46   0.0000000000000
        70        47  -0.0778975993720
        70        48  -0.1995212705981
        70        49  -0.2595925473232
        70        50  -0.1612638195803
        70        51   0.1832458711295
        70        52   0.8491626481842
        70        53   1.8942446763377
        70        54   3.3524351797245
        70        55   5.2274740129128
        70        56   7.4896051590369
        70        57  10.0788265102689
        70        58  12.9155044456826
        70        59  15.9149976196208
        70        60  19.0008044511464
        70        61  22.1123086726916
        70        62  25.2065467416783
        70        63  28.2558711218197
        70        64  31.2439583027819
        70        65  34.1619294064534
        70        66  37.0053833080340
        70        67  39.7724471307207
        70        68  42.4626296775132
        70        69  45.0762021298780
        70        70  47.6138840709282
        70        71  50.0766900913280
        70        72  52.4658544809966
        70        73  54.7827914294190
        70        74  57.0290704255060
        70        75  59.2063977912292
        70        76  61.3166005414472
        70        77  63.3616110761953
        70        78  65.3434521811132
        70        79  67.2642222016093
        70        80  69.1260804072107
        70        81  70.9312326176584
        70        82  72.6819171794917
        70        83  74.3803913838112
        70        84  76.0289184113799
        70        85  77.6297548836725
        70        86  79.1851390893674
        70        87  80.6972799457955
        70        88  82.1683467444439
        70        89  83.6004597190443
        70        90  84.9956814643156
        70        91  86.3560092232565
        70        92  87.6833680511789
        70        93  88.9796048555622
        70        94  90.2464833024102
        70        95  91.4856795721800
        70        96  92.6987789415921
        70        97  93.8872731617466
        70        98  95.0525585979844
        70        99  96.1959350928314
        70       100  97.3186055101257
        70       101  98.4216759160159
        70       102  99.5061563508780
        70       103 100.5729621452758
        70       104 101.6229157328054
        70       105 102.6567489129600
        70       106 103.6751055179315
        70       107 104.6785444384739
        70       108 105.6675429654921
        70       109 106.6425004058309
        70       110 107.6037419327380
        70       111 108.5515226336082
        70       112 109.4860317198122
        70       113 110.4073968656248
        70       114 111.3156886454514
        70       115 112.2109250406554
        70       116 113.0930759893007
        70       117 113.9620679540032
        70       118 114.8177884848211
        70       119 115.6600907557045
        70       120 116.4887980544515
        70       121 117.3037082073974
        70       122 118.1045979211962
        70       123 118.8912270250487
        70       124 119.6633425976123
        70       125 120.4206829636050
        70       126 121.1629815458081
        70       127 121.8899705588085
        70       128 122.6013845314118
        70       129 123.2969636452274
        70       130 123.9764568774967
        70       131 124.6396249368177
        70       132 125.2862429810318
        70       133 125.9161031071964
        70       134 126.5290166042729
        70       135 127.1248159599291
        70       136 127.7033566136823
        70       137 128.2645184495075
        70       138 128.8082070219864
        70       139 129.3343545110899
        70       140 129.8433834069663

        71         1   0.0000000000000
        71         2   0.0000000000000
        71         3   0.0000000000000
        71         4   0.0000000000000
        71         5   0.0000000000000
        71         6   0.0000000000000
        71         7   0.0000000000000
        71         8   0.0000000000000
        71         9   0.0000000000000
        71        10   0.0000000000000
        71        11   0.0000000000000
        71        12   0.0000000000000
        71        13   0.0000000000000
        71        14   0.0000000000000
        71        15   0.0000000000000
        71        16   0.0000000000000
        71        17   0.0000000000000
        71        18   0.0000000000000
        71        19   0.0000000000000
        71        20   0.0000000000000
        71        21   0.0000000000000
        71        22   0.0000000000000
        71        23   0.0000000000000
        71        24   0.0000000000000
        71        25   0.0000000000000
        71        26   0.0000000000000
        71        27   0.0000000000000
        71        28   0.0000000000000
        71        29   0.0000000000000
        71        30   0.0000000000000
        71        31   0.0000000000000
        71        32   0.0000000000000
        71        33   0.0000000000000
        71        34   0.0000000000000
        71        35   0.0000000000000
        71        36   0.0000000000000
        71        37   0.0000000000000
        71        38   0.0000000000000
        71        39   0.0000000000000
        71        40   0.0000000000000
        71        41   0.0000000000000
        71        42   0.0000000000000
        71        43   0.0000000000000
        71        44   0.0000000000000
        71        45   0.0000000000000
        71        46   0.0000000000000
        71        47  -0.0723680147546
        71        48  -0.1801545336677
        71        49  -0.2208855341933
        71        50  -0.1004652993084
        71        51   0.2660215738966
        71        52   0.9508509151363
        71        53   2.0089782412322
        71        54   3.4722103978594
        71        55   5.3434919138485
        71        56   7.5940536700780
        71        57  10.1664531756224
        71        58  12.9843074213869
        71        59  15.9658485965784
        71        60  19.0363886007177
        71        61  22.1359730166845
        71        62  25.2214669088351
        71        63  28.2646436804925
        71        64  31.2485213594003
        71        65  34.1636564274959
        71        66  37.0052282310398
        71        67  39.7710756813116
        71        68  42.4605156885597
        71        69  45.0736905623546
        71        70  47.6112299416287
        71        71  50.0740823341931
        71        72  52.4634311715682
        71        73  54.7806502558994
        71        74  57.0272765162773
        71        75  59.2049899681620
        71        76  61.3155965228854
        71        77  63.3610118901231
        71        78  65.3432459293550
        71        79  67.2643872636527
        71        80  69.1265881495307
        71        81  70.9320496639095
        71        82  72.6830072911781
        71        83  74.3817169970174
        71        84  76.0304418716953
        71        85  77.6314394181811
        71        86  79.1869495513805
        71        87  80.6991833648792
        71        88  82.1703127112434
        71        89  83.6024606314732
        71        90  84.9976926588701
        71        91  86.3580090125591
        71        92  87.6853376863572
        71        93  88.9815284297441
        71        94  90.2483476094576
        71        95  91.4874739328060
        71        96  92.7004950071927
        71        97  93.8889047046395
        71        98  95.0541012952696
        71        99  96.1973863097656
        71       100  97.3199640877322
        71       101  98.4229419666202
        71       102  99.5073310643603
        71       103 100.5740476080554
        71       104 101.6239147609105
        71       105 102.6576648999748
        71       106 103.6759422981502
        71       107 104.6793061652085
        71       108 105.6682340041792
        71       109 106.6431252413423
        71       110 107.6043050901240
        71       111 108.5520286113729
        71       112 109.4864849347359
        71       113 110.4078016081034
        71       114 111.3160490443027
        71       115 112.2112450363536
        71       116 113.0933593146272
        71       117 113.9623181211463
        71       118 114.8180087780132
        71       119 115.6602842285492
        71       120 116.4889675311622
        71       121 117.3038562872418
        71       122 118.1047269855133
        71       123 118.8913392462782
        71       124 119.6634399498466
        71       125 120.4207672342392
        71       126 121.1630543479293
        71       127 121.8900333440228
        71       128 122.6014386028617
        71       129 123.2970101706023
        71       130 123.9764969018833
        71       131 124.6396593952754
        71       132 125.2862727108170
        71       133 125.9161288595849
        71       134 126.5290390559617
        71       135 127.1248357240163
        71       136 127.7033742502480
        71       137 128.2645344758309
        71       138 128.8082219224484
        71       139 129.3343687468214
        71       140 129.8433974172605

        72         1   0.0000000000000
        72         2   0.0000000000000
        72         3   0.0000000000000
        72         4   0.0000000000000
        72         5   0.0000000000000
        72         6   0.0000000000000
        72         7   0.0000000000000
        72         8   0.0000000000000
        72         9   0.0000000000000
        72        10   0.0000000000000
        72        11   0.0000000000000
        72        12   0.0000000000000
        72        13   0.0000000000000
        72        14   0.0000000000000
        72        15   0.0000000000000
        72        16   0.0000000000000
        72        17   0.0000000000000
        72        18   0.0000000000000
        72        19   0.0000000000000
        72        20   0.0000000000000
        72        21   0.0000000000000
        72        22   0.0000000000000
        72        23   0.0000000000000
        72        24   0.0000000000000
        72        25   0.0000000000000
        72        26   0.0000000000000
        72        27   0.0000000000000
        72        28   0.0000000000000
        72        29   0.0000000000000
        72        30   0.0000000000000
        72        31   0.0000000000000
        72        32   0.0000000000000
        72        33   0.0000000000000
        72        34   0.0000000000000
        72        35   0.0000000000000
        72        36   0.0000000000000
        72        37   0.0000000000000
        72        38   0.0000000000000
        72        39   0.0000000000000
        72        40   0.0000000000000
        72        41   0.0000000000000
        72        42   0.0000000000000
        72        43   0.0000000000000
        72        44   0.0000000000000
        72        45   0.0000000000000
        72        46   0.0000000000000
        72        47  -0.0664139381111
        72        48  -0.1592571843149
        72        49  -0.1789943480868
        72        50  -0.0343468580973
        72        51   0.3567293617036
        72        52   1.0635879556371
        72        53   2.1383913319673
        72        54   3.6107267602159
        72        55   5.4825020105840
        72        56   7.7255369906103
        72        57  10.2845011708497
        72        58  13.0859274942324
        72        59  16.0508099486293
        72        60  19.1063797064157
        72        61  22.1935772034440
        72        62  25.2693528589504
        72        63  28.3051142445149
        72        64  31.2833683091350
        72        65  34.1941956482666
        72        66  37.0324042112008
        72        67  39.7955691669933
        72        68  42.4828279937718
        72        69  45.0942011202027
        72        70  47.6302328651596
        72        71  50.0918091605531
        72        72  52.4800653900266
        72        73  54.7963372012148
        72        74  57.0421306573700
        72        75  59.2191006551279
        72        76  61.3290327249458
        72        77  63.3738261912613
        72        78  65.3554779238764
        72        79  67.2760664383262
        72        80  69.1377363146690
        72        81  70.9426829847602
        72        82  72.6931379653281
        72        83  74.3913546198002
        72        84  76.0395945285225
        72        85  77.6401145398186
        72        86  79.1951545653178
        72        87  80.7069261730833
        72        88  82.1776020217664
        72        89  83.6093061686347
        72        90  85.0041052740784
        72        91  86.3640007153064
        72        92  87.6909216125346
        72        93  88.9867187621829
        72        94  90.2531594635326
        72        95  91.4919232180229
        72        96  92.7045982739431
        72        97  93.8926789837303
        72        98  95.0575639364165
        72        99  96.2005548239850
        72       100  97.3228559974551
        72       101  98.4255746663834
        72       102  99.5097216940964
        72       103 100.5762129402888
        72       104 101.6258711025679
        72       105 102.6594280090228
        72       106 103.6775273148690
        72       107 104.6807275575927
        72       108 105.6695055267090
        72       109 106.6442599061895
        72       110 107.6053151497325
        72       111 108.5529255512763
        72       112 109.4872794754392
        72       113 110.4085037148525
        72       114 111.3166679435915
        72       115 112.2117892380619
        72       116 113.0938366387484
        72       117 113.9627357281350
        72       118 114.8183732018669
        72       119 115.6606014118257
        72       120 116.4892428612228
        72       121 117.3040946331004
        72       122 118.1049327347571
        72       123 118.8915163416111
        72       124 119.6635919248840
        72       125 120.4208972482569
        72       126 121.1631652193371
        72       127 121.8901275823953
        72       128 122.6015184394139
        72       129 123.2970775870476
        72       130 123.9765536576545
        72       131 124.6397070531287
        72       132 125.2863126608690
        72       133 125.9161623418653
        72       134 126.5290671815830
        72       135 127.1248594950852
        72       136 127.7033945786583
        72       137 128.2645522010900
        72       138 128.8082378287024
        72       139 129.3343835792486
        72       140 129.8434118867168

        73         1   0.0000000000000
        73         2   0.0000000000000
        73         3   0.0000000000000
        73         4   0.0000000000000
        73         5   0.0000000000000
        73         6   0.0000000000000
        73         7   0.0000000000000
        73         8   0.0000000000000
        73         9   0.0000000000000
        73        10   0.0000000000000
        73        11   0.0000000000000
        73        12   0.0000000000000
        73        13   0.0000000000000
        73        14   0.0000000000000
        73        15   0.0000000000000
        73        16   0.0000000000000
        73        17   0.0000000000000
        73        18   0.0000000000000
        73        19   0.0000000000000
        73        20   0.0000000000000
        73        21   0.0000000000000
        73        22   0.0000000000000
        73        23   0.0000000000000
        73        24   0.0000000000000
        73        25   0.0000000000000
        73        26   0.0000000000000
        73        27   0.0000000000000
        73        28   0.0000000000000
        73        29   0.0000000000000
        73        30   0.0000000000000
        73        31   0.0000000000000
        73        32   0.0000000000000
        73        33   0.0000000000000
        73        34   0.0000000000000
        73        35   0.0000000000000
        73        36   0.0000000000000
        73        37   0.0000000000000
        73        38   0.0000000000000
        73        39   0.0000000000000
        73        40   0.0000000000000
        73        41   0.0000000000000
        73        42   0.0000000000000
        73        43   0.0000000000000
        73        44   0.0000000000000
        73        45   0.0000000000000
        73        46   0.0000000000000
        73        47  -0.0600053245758
        73        48  -0.1367634979903
        73        49  -0.1338593564418
        73        50   0.0370721889085
        73        51   0.4551779948400
        73        52   1.1869058922596
        73        53   2.2816369636223
        73        54   3.7666828784063
        73        55   5.6427319433810
        73        56   7.8818749185053
        73        57  10.4305161827970
        73        58  13.2178009715202
        73        59  16.1673570544367
        73        60  19.2083943355091
        73        61  22.2829299026580
        73        62  25.3482173276683
        73        63  28.3754895967743
        73        64  31.3468814918784
        73        65  34.2520857057407
        73        66  37.0855892030855
        73        67  39.8447306307981
        73        68  42.5284827396965
        73        69  45.1367526758605
        73        70  47.6700051977518
        73        71  50.1290680227401
        73        72  52.5150320018405
        73        73  54.8291974868205
        73        74  57.0730419473175
        73        75  59.2481968906484
        73        76  61.3564286971842
        73        77  63.3996210858316
        73        78  65.3797583141048
        73        79  67.2989088123809
        73        80  69.1592091959729
        73        81  70.9628486935121
        73        82  72.7120540632303
        73        83  74.4090750765701
        73        84  76.0561706459820
        73        85  77.6555956667418
        73        86  79.2095886336216
        73        87  80.7203600833203
        73        88  82.1900819032675
        73        89  83.6208775370622
        73        90  85.0148131066490
        73        91  86.3738894615331
        73        92  87.7000351560555
        73        93  88.9951003471044
        73        94  90.2608515967220
        73        95  91.4989675569587
        73        96  92.7110355080631
        73        97  93.8985487157105
        73        98  95.0629045684747
        73        99  96.2054034531101
        73       100  97.3272483224238
        73       101  98.4295449085299
        73       102  99.5133025330317
        73       103 100.5794354651238
        73       104 101.6287647786633
        73       105 102.6620206598598
        73       106 103.6798451182985
        73       107 104.6827950554647
        73       108 105.6713456467014
        73       109 106.6458939945346
        73       110 107.6067630134703
        73       111 108.5542055086424
        73       112 109.4884084130085
        73       113 110.4094971501026
        73       114 111.3175400916187
        73       115 112.2125530812669
        73       116 113.0945039984055
        73       117 113.9633173368651
        73       118 114.8188787761446
        73       119 115.6610397237617
        73       120 116.4896218089727
        73       121 117.3044213093584
        73       122 118.1052134928932
        73       123 118.8917568591070
        73       124 119.6637972638099
        73       125 120.4210719126129
        73       126 121.1633132091556
        73       127 121.8902524445651
        73       128 122.6016233152441
        73       129 123.2971652566406
        73       130 123.9766265811990
        73       131 124.6397674092607
        73       132 125.2863623822808
        73       133 125.9162031483662
        73       134 126.5291006108377
        73       135 127.1248869312744
        73       136 127.7034172793153
        73       137 128.2645713223824
        73       138 128.8082544494334
        73       139 129.3343987238582
        73       140 129.8434265331498

        74         1   0.0000000000000
        74         2   0.0000000000000
        74         3   0.0000000000000
        74         4   0.0000000000000
        74         5   0.0000000000000
        74         6   0.0000000000000
        74         7   0.0000000000000
        74         8   0.0000000000000
        74         9   0.0000000000000
        74        10   0.0000000000000
        74        11   0.0000000000000
        74        12   0.0000000000000
        74        13   0.0000000000000
        74        14   0.0000000000000
        74        15   0.0000000000000
        74        16   0.0000000000000
        74        17   0.0000000000000
        74        18   0.0000000000000
        74        19   0.0000000000000
        74        20   0.0000000000000
        74        21   0.0000000000000
        74        22   0.0000000000000
        74        23   0.0000000000000
        74        24   0.0000000000000
        74        25   0.0000000000000
        74        26   0.0000000000000
        74        27   0.0000000000000
        74        28   0.0000000000000
        74        29   0.0000000000000
        74        30   0.0000000000000
        74        31   0.0000000000000
        74        32   0.0000000000000
        74        33   0.0000000000000
        74        34   0.0000000000000
        74        35   0.0000000000000
        74        36   0.0000000000000
        74        37   0.0000000000000
        74        38   0.0000000000000
        74        39   0.0000000000000
        74        40   0.0000000000000
        74        41   0.0000000000000
        74        42   0.0000000000000
        74        43   0.0000000000000
        74        44   0.0000000000000
        74        45   0.0000000000000
        74        46   0.0000000000000
        74        47  -0.0531064440453
        74        48  -0.1125998764665
        74        49  -0.0854178639976
        74        50   0.1137721185248
        74        51   0.5611831193392
        74        52   1.3203669671610
        74        53   2.4379370214331
        74        54   3.9388937802315
        74        55   5.8225695837010
        74        56   8.0610735091261
        74        57  10.6022300964280
        74        58  13.3775261752659
        74        59  16.3130889086640
        74        60  19.3401315658863
        74        61  22.4018865241653
        74        62  25.4560925390227
        74        63  28.4739769043396
        74        64  31.4374307523772
        74        65  34.3358440573721
        74        66  37.1634339774540
        74        67  39.9173316717074
        74        68  42.5963615936478
        74        69  45.2003275299685
        74        70  47.7296214039234
        74        71  50.1850178112135
        74        72  52.5675671869078
        74        73  54.8785379788646
        74        74  57.1193818301445
        74        75  59.2917090557785
        74        76  61.3972685598555
        74        77  63.4379296537369
        74        78  65.4156647528082
        74        79  67.3325325914791
        74        80  69.1906618729697
        74        81  70.9922353801585
        74        82  72.7394746131860
        74        83  74.4346250298020
        74        84  76.0799419627134
        74        85  77.6776772813813
        74        86  79.2300668567126
        74        87  80.7393188771324
        74        88  82.2076030542049
        74        89  83.6370407456397
        74        90  85.0296960134103
        74        91  86.3875676249977
        74        92  87.7125819966025
        74        93  89.0065870686535
        74        94  90.2713470961718
        74        95  91.5085383295936
        74        96  92.7197455555516
        74        97  93.9064594618917
        74        98  95.0700747868591
        74        99  96.2118892089080
        74       100  97.3331029309501
        74       101  98.4348189110081
        74       102  99.5180436901281
        74       103 100.5836887679730
        74       104 101.6325724766873
        74       105 102.6654223043240
        74       106 103.6828776202822
        74       107 104.6854927567352
        74       108 105.6737404018615
        74       109 106.6480152627553
        74       110 107.6086379581110
        74       111 108.5558591030929
        74       112 109.4898635511530
        74       113 110.4107747598985
        74       114 111.3186592503914
        74       115 112.2135311314504
        74       116 113.0953566625884
        74       117 113.9640588311418
        74       118 114.8195219209096
        74       119 115.6615960512189
        74       120 116.4901016667652
        74       121 117.3048339598468
        74       122 118.1055672077293
        74       123 118.8920590088536
        74       124 119.6640544024588
        74       125 120.4212898569386
        74       126 121.1634971129212
        74       127 121.8904068676654
        74       128 122.6017522879308
        74       129 123.2972723390238
        74       130 123.9767149182627
        74       131 124.6398397816672
        74       132 125.2864212532643
        74       133 125.9162507070437
        74       134 126.5291388122809
        74       135 127.1249175337015
        74       136 127.7034418787741
        74       137 128.2645913853013
        74       138 128.8082713434248
        74       139 129.3344137471641
        74       140 129.8434409257323

        75         1   0.0000000000000
        75         2   0.0000000000000
        75         3   0.0000000000000
        75         4   0.0000000000000
        75         5   0.0000000000000
        75         6   0.0000000000000
        75         7   0.0000000000000
        75         8   0.0000000000000
        75         9   0.0000000000000
        75        10   0.0000000000000
        75        11   0.0000000000000
        75        12   0.0000000000000
        75        13   0.0000000000000
        75        14   0.0000000000000
        75        15   0.0000000000000
        75        16   0.0000000000000
        75        17   0.0000000000000
        75        18   0.0000000000000
        75        19   0.0000000000000
        75        20   0.0000000000000
        75        21   0.0000000000000
        75        22   0.0000000000000
        75        23   0.0000000000000
        75        24   0.0000000000000
        75        25   0.0000000000000
        75        26   0.0000000000000
        75        27   0.0000000000000
        75        28   0.0000000000000
        75        29   0.0000000000000
        75        30   0.0000000000000
        75        31   0.0000000000000
        75        32   0.0000000000000
        75        33   0.0000000000000
        75        34   0.0000000000000
        75        35   0.0000000000000
        75        36   0.0000000000000
        75        37   0.0000000000000
        75        38   0.0000000000000
        75        39   0.0000000000000
        75        40   0.0000000000000
        75        41   0.0000000000000
        75        42   0.0000000000000
        75        43   0.0000000000000
        75        44   0.0000000000000
        75        45   0.0000000000000
        75        46   0.0000000000000
        75        47  -0.0456630895289
        75        48  -0.0866683725319
        75        49  -0.0335948421219
        75        50   0.1957321911987
        75        51   0.6745580074546
        75        52   1.4635467868527
        75        53   2.6065584326721
        75        54   4.1262610211285
        75        55   6.0205301485151
        75        56   8.2612942848475
        75        57  10.7975375046012
        75        58  13.5628502544476
        75        59  16.4857251589690
        75        60  19.4993779359783
        75        61  22.5483590610306
        75        62  25.5910423733154
        75        63  28.5987965335738
        75        64  31.5533860272505
        75        65  34.4439789813090
        75        66  37.2645734318301
        75        67  40.0121230577952
        75        68  42.6853216736926
        75        69  45.2838806723262
        75        70  47.8081266610194
        75        71  50.2587868172353
        75        72  52.6368757793318
        75        73  54.9436339290226
        75        74  57.1804902655372
        75        75  59.3490365050401
        75        76  61.4510061289652
        75        77  63.4882556019522
        75        78  65.4627466120542
        75        79  67.3765289123138
        75        80  69.2317236521263
        75        81  71.0305072118231
        75        82  72.7750956000104
        75        83  74.4677294861947
        75        84  76.1106599404501
        75        85  77.7061349453378
        75        86  79.2563867362988
        75        87  80.7636200167393
        75        88  82.2300010836759
        75        89  83.6576478894799
        75        90  85.0486210551908
        75        91  86.4049158412302
        75        92  87.7284550722772
        75        93  89.0210830046794
        75        94  90.2845601171427
        75        95  91.5205587986372
        75        96  92.7306599015141
        75        97  93.9163501227607
        75        98  95.0790201721372
        75        99  96.2199636826168
        75       100  97.3403768160537
        75       101  98.4413585153018
        75       102  99.5239113530214
        75       103 100.5889429271018
        75       104 101.6372677529084
        75       105 102.6696096033599
        75       106 103.6866042490894
        75       107 104.6888025525501
        75       108 105.6766738718282
        75       109 106.6506097320411
        75       110 107.6109277244705
        75       111 108.5578755959273
        75       112 109.4916354932313
        75       113 110.4123283300482
        75       114 111.3200182456210
        75       115 112.2147171271326
        75       116 113.0963891695023
        75       117 113.9649554483433
        75       118 114.8202984835666
        75       119 115.6622667727076
        75       120 116.4906792744792
        75       121 117.3053298243106
        75       122 118.1059914647409
        75       123 118.8924206745019
        75       124 119.6643614809661
        75       125 120.4215494413770
        75       126 121.1637154789338
        75       127 121.8905895603961
        75       128 122.6019042024274
        75       129 123.2973977944314
        75       130 123.9768177261678
        75       131 124.6399233089856
        75       132 125.2864884800962
        75       133 125.9163042799387
        75       134 126.5291810933727
        75       135 127.1249506461847
        75       136 127.7034677492029
        75       137 128.2646117831972
        75       138 128.8082879186831
        75       139 129.3344280657501
        75       140 129.8434544840109

        76         1   0.0000000000000
        76         2   0.0000000000000
        76         3   0.0000000000000
        76         4   0.0000000000000
        76         5   0.0000000000000
        76         6   0.0000000000000
        76         7   0.0000000000000
        76         8   0.0000000000000
        76         9   0.0000000000000
        76        10   0.0000000000000
        76        11   0.0000000000000
        76        12   0.0000000000000
        76        13   0.0000000000000
        76        14   0.0000000000000
        76        15   0.0000000000000
        76        16   0.0000000000000
        76        17   0.0000000000000
        76        18   0.0000000000000
        76        19   0.0000000000000
        76        20   0.0000000000000
        76        21   0.0000000000000
        76        22   0.0000000000000
        76        23   0.0000000000000
        76        24   0.0000000000000
        76        25   0.0000000000000
        76        26   0.0000000000000
        76        27   0.0000000000000
        76        28   0.0000000000000
        76        29   0.0000000000000
        76        30   0.0000000000000
        76        31   0.0000000000000
        76        32   0.0000000000000
        76        33   0.0000000000000
        76        34   0.0000000000000
        76        35   0.0000000000000
        76        36   0.0000000000000
        76        37   0.0000000000000
        76        38   0.0000000000000
        76        39   0.0000000000000
        76        40   0.0000000000000
        76        41   0.0000000000000
        76        42   0.0000000000000
        76        43   0.0000000000000
        76        44   0.0000000000000
        76        45   0.0000000000000
        76        46   0.0000000000000
        76        47  -0.0375784684268
        76        48  -0.0588269532359
        76        49   0.0216998851095
        76        50   0.2829214207551
        76        51   0.7950987555921
        76        52   1.6160165949998
        76        53   2.7867924022520
        76        54   4.3277485047869
        76        55   6.2352298563124
        76        56   8.4808289836704
        76        57  11.0144755058036
        76        58  13.7716567692850
        76        59  16.6831019644998
        76        60  19.6840101559353
        76        61  22.7203233981962
        76        62  25.7511721551828
        76        63  28.7481928080851
        76        64  31.6931282013658
        76        65  34.5750001166332
        76        66  37.3876366536527
        76        67  40.1278442628322
        76        68  42.7942045468677
        76        69  45.3863482390688
        76        70  47.9045447753203
        76        71  50.3494801111938
        76        72  52.7221381160268
        76        73  55.0237353067016
        76        74  57.2556815627310
        76        75  59.4195529238709
        76        76  61.5170698218671
        76        77  63.5500777445622
        76        78  65.5205290648438
        76        79  67.4304655531797
        76        80  69.2820014333669
        76        81  71.0773069815096
        76        82  72.8185927212936
        76        83  74.5080942845285
        76        84  76.1480580062348
        76        85  77.7407273173290
        76        86  79.2883299890103
        76        87  80.7930662729130
        76        88  82.2570979707018
        76        89  83.6825384564590
        76        90  85.0714436651713
        76        91  86.4258040510617
        76        92  87.7475375105348
        76        93  89.0384832562387
        76        94  90.3003966212556
        76        95  91.5349447657746
        76        96  92.7437032528162
        76        97  93.9281534546664
        76        98  95.0896807476578
        76        99  96.2295734497605
        76       100  97.3490224531053
        76       101  98.4491215019916
        76       102  99.5308680660861
        76       103 100.5951647583220
        76       104 101.6428212474038
        76       105 102.6745566157149
        76       106 103.6910021147595
        76       107 104.6927042719539
        76       108 105.6801283045442
        76       109 106.6536617986021
        76       110 107.6136186133559
        76       111 108.5602429735049
        76       112 109.4937137145706
        76       113 110.4141486487166
        76       114 111.3216090207769
        76       115 112.2161040264355
        76       116 113.0975953665685
        76       117 113.9660018136773
        76       118 114.8212037680955
        76       119 115.6630477832340
        76       120 116.4913510405402
        76       121 117.3059057560928
        76       122 118.1064835018501
        76       123 118.8928394255160
        76       124 119.6647163538188
        76       125 120.4218487647249
        76       126 121.1639666147450
        76       127 121.8907990080786
        76       128 122.6020776948777
        76       129 123.2975403864373
        76       130 123.9769338756418
        76       131 124.6400169515398
        76       132 125.2865630974962
        76       133 125.9163629629926
        76       134 126.5292265998273
        76       135 127.1249854542089
        76       136 127.7034941070459
        76       137 128.2646317556123
        76       138 128.8083034307094
        76       139 129.3344409444463
        76       140 129.8434664760495

        77         1   0.0000000000000
        77         2   0.0000000000000
        77         3   0.0000000000000
        77         4   0.0000000000000
        77         5   0.0000000000000
        77         6   0.0000000000000
        77         7   0.0000000000000
        77         8   0.0000000000000
        77         9   0.0000000000000
        77        10   0.0000000000000
        77        11   0.0000000000000
        77        12   0.0000000000000
        77        13   0.0000000000000
        77        14   0.0000000000000
        77        15   0.0000000000000
        77        16   0.0000000000000
        77        17   0.0000000000000
        77        18   0.0000000000000
        77        19   0.0000000000000
        77        20   0.0000000000000
        77        21   0.0000000000000
        77        22   0.0000000000000
        77        23   0.0000000000000
        77        24   0.0000000000000
        77        25   0.0000000000000
        77        26   0.0000000000000
        77        27   0.0000000000000
        77        28   0.0000000000000
        77        29   0.0000000000000
        77        30   0.0000000000000
        77        31   0.0000000000000
        77        32   0.0000000000000
        77        33   0.0000000000000
        77        34   0.0000000000000
        77        35   0.0000000000000
        77        36   0.0000000000000
        77        37   0.0000000000000
        77        38   0.0000000000000
        77        39   0.0000000000000
        77        40   0.0000000000000
        77        41   0.0000000000000
        77        42   0.0000000000000
        77        43   0.0000000000000
        77        44   0.0000000000000
        77        45   0.0000000000000
        77        46   0.0000000000000
        77        47  -0.0286789311335
        77        48  -0.0288926262236
        77        49   0.0805385812033
        77        50   0.3752616795800
        77        51   0.9225550388724
        77        52   1.7773213319820
        77        53   2.9779356329246
        77        54   4.5423634456113
        77        55   6.4653656815855
        77        56   8.7180796736872
        77        57  11.2512070337121
        77        58  14.0019546462287
        77        59  16.9031674218518
        77        60  19.8919962715361
        77        61  22.9158246166265
        77        62  25.9346364178538
        77        63  28.9204429302760
        77        64  31.8550583672450
        77        65  34.7274276267754
        77        66  37.5312557899114
        77        67  40.2632319612706
        77        68  42.9218443161131
        77        69  45.5066551744899
        77        70  48.0178854079388
        77        71  50.4561863264062
        77        72  52.8225163773997
        77        73  55.1180727009678
        77        74  57.3442498530599
        77        75  59.5026113853797
        77        76  61.5948673150670
        77        77  63.6228542807952
        77        78  65.5885170040855
        77        79  67.4938905154533
        77        80  69.3410829759362
        77        81  71.1322590801145
        77        82  72.8696240868915
        77        83  74.5554085432820
        77        84  76.1918537679599
        77        85  77.7811981554821
        77        86  79.3256643532307
        77        87  80.8274473530533
        77        88  82.2887035291665
        77        89  83.7115406435564
        77        90  85.0980088301092
        77        91  86.4500925592009
        77        92  87.7697035756055
        77        93  89.0586747944308
        77        94  90.3187551324393
        77        95  91.5516052456051
        77        96  92.7587941381269
        77        97  93.9417966033705
        77        98  95.1019914533477
        77        99  96.2406604903218
        77       100  97.3589881719384
        77       101  98.4580619198484
        77       102  99.5388730210750
        77       103 100.6023180713030
        77       104 101.6492009097649
        77       105 102.6802349963934
        77       106 103.6960461833249
        77       107 104.6971758345923
        77       108 105.6840842498742
        77       109 106.6571543503823
        77       110 107.6166955873244
        77       111 108.5629480357925
        77       112 109.4960866393577
        77       113 110.4162255730423
        77       114 111.3234226946588
        77       115 112.2176840567030
        77       116 113.0989684530601
        77       117 113.9671919766884
        77       118 114.8222325661883
        77       119 115.6639345207337
        77       120 116.4921129642373
        77       121 117.3065582408547
        77       122 118.1070402250033
        77       123 118.8933125300084
        77       124 119.6651166003007
        77       125 120.4221856727948
        77       126 121.1642485937059
        77       127 121.8910334776277
        77       128 122.6022711962216
        77       129 123.2976986843779
        77       130 123.9770620522213
        77       131 124.6401194918681
        77       132 125.2866439684073
        77       133 125.9164256851967
        77       134 126.5292743142354
        77       135 127.1250209831179
        77       136 127.7035200108721
        77       137 128.2646503858661
        77       138 128.8083169799031
        77       139 129.3344514936243
        77       140 129.8434760156879

        78         1   0.0000000000000
        78         2   0.0000000000000
        78         3   0.0000000000000
        78         4   0.0000000000000
        78         5   0.0000000000000
        78         6   0.0000000000000
        78         7   0.0000000000000
        78         8   0.0000000000000
        78         9   0.0000000000000
        78        10   0.0000000000000
        78        11   0.0000000000000
        78        12   0.0000000000000
        78        13   0.0000000000000
        78        14   0.0000000000000
        78        15   0.0000000000000
        78        16   0.0000000000000
        78        17   0.0000000000000
        78        18   0.0000000000000
        78        19   0.0000000000000
        78        20   0.0000000000000
        78        21   0.0000000000000
        78        22   0.0000000000000
        78        23   0.0000000000000
        78        24   0.0000000000000
        78        25   0.0000000000000
        78        26   0.0000000000000
        78        27   0.0000000000000
        78        28   0.0000000000000
        78        29   0.0000000000000
        78        30   0.0000000000000
        78        31   0.0000000000000
        78        32   0.0000000000000
        78        33   0.0000000000000
        78        34   0.0000000000000
        78        35   0.0000000000000
        78        36   0.0000000000000
        78        37   0.0000000000000
        78        38   0.0000000000000
        78        39   0.0000000000000
        78        40   0.0000000000000
        78        41   0.0000000000000
        78        42   0.0000000000000
        78        43   0.0000000000000
        78        44   0.0000000000000
        78        45   0.0000000000000
        78        46   0.0000000000000
        78        47  -0.0187187420448
        78        48   0.0032330898474
        78        49   0.1428363976938
        78        50   0.4725328098639
        78        51   1.0565787329359
        78        52   1.9469539456016
        78        53   3.1792753440855
        78        54   4.7691435780054
        78        55   6.7097015318042
        78        56   8.9715442514562
        78        57  11.5060078278967
        78        58  14.2518688359523
        78        59  17.1439770408360
        78        60  20.1213957778747
        78        61  23.1329807079638
        78        62  26.1396449451573
        78        63  29.1138642683655
        78        64  32.0376056192544
        78        65  34.8998000741375
        78        66  37.6940737846418
        78        67  40.4170275253001
        78        68  43.0670748261289
        78        69  45.6437221163693
        78        70  48.1471506195490
        78        71  50.5779838491051
        78        72  52.9371604139639
        78        73  55.2258627806495
        78        74  57.4454741855456
        78        75  59.5975490878760
        78        76  61.6837899337760
        78        77  63.7060268494809
        78        78  65.6661987768755
        78        79  67.5663354539981
        78        80  69.4085400420717
        78        81  71.1949723709035
        78        82  72.9278328417903
        78        83  74.6093470492399
        78        84  76.2417511856349
        78        85  77.8272782875849
        78        86  79.3681453739556
        78        87  80.8665415155036
        78        88  82.3246168656153
        78        89  83.7444726713245
        78        90  85.1281522738219
        78        91  86.4776330982380
        78        92  87.7948196237129
        78        93  89.0815373167381
        78        94  90.3395275035459
        78        95  91.5704431509681
        78        96  92.7758455197134
        78        97  93.9572016494279
        78        98  95.1158826311973
        78        99  96.2531626202905
        78       100  97.3702185398979
        78       101  98.4681304253325
        78       102  99.5478823575714
        78       103 100.6103639350635
        78       104 101.6563722333311
        78       105 102.6866142029840
        78       106 103.7017094582565
        78       107 104.7021934100080
        78       108 105.6885206992052
        78       109 106.6610688891742
        78       110 107.6201423772937
        78       111 108.5659764892444
        78       112 109.4987417213754
        78       113 110.4185480991491
        78       114 111.3254496219467
        78       115 112.2194487667119
        78       116 113.1005010249722
        78       117 113.9685194496743
        78       118 114.8233791899942
        78       119 115.6649219938382
        78       120 116.4929606591250
        78       121 117.3072834161510
        78       122 118.1076582243946
        78       123 118.8938369680312
        78       124 119.6655595352176
        78       125 120.4225577668991
        78       126 121.1645592614956
        78       127 121.8912910223752
        78       128 122.6024829355344
        78       129 123.2978710654029
        78       130 123.9772007571878
        78       131 124.6402295346990
        78       132 125.2867297831508
        78       133 125.9164912070497
        78       134 126.5293230539388
        78       135 127.1250560955099
        78       136 127.7035443583892
        78       137 128.2646665977801
        78       138 128.8083275080811
        78       139 129.3344586655953
        78       140 129.8434820588983

        79         1   0.0000000000000
        79         2   0.0000000000000
        79         3   0.0000000000000
        79         4   0.0000000000000
        79         5   0.0000000000000
        79         6   0.0000000000000
        79         7   0.0000000000000
        79         8   0.0000000000000
        79         9   0.0000000000000
        79        10   0.0000000000000
        79        11   0.0000000000000
        79        12   0.0000000000000
        79        13   0.0000000000000
        79        14   0.0000000000000
        79        15   0.0000000000000
        79        16   0.0000000000000
        79        17   0.0000000000000
        79        18   0.0000000000000
        79        19   0.0000000000000
        79        20   0.0000000000000
        79        21   0.0000000000000
        79        22   0.0000000000000
        79        23   0.0000000000000
        79        24   0.0000000000000
        79        25   0.0000000000000
        79        26   0.0000000000000
        79        27   0.0000000000000
        79        28   0.0000000000000
        79        29   0.0000000000000
        79        30   0.0000000000000
        79        31   0.0000000000000
        79        32   0.0000000000000
        79        33   0.0000000000000
        79        34   0.0000000000000
        79        35   0.0000000000000
        79        36   0.0000000000000
        79        37   0.0000000000000
        79        38   0.0000000000000
        79        39   0.0000000000000
        79        40   0.0000000000000
        79        41   0.0000000000000
        79        42   0.0000000000000
        79        43   0.0000000000000
        79        44   0.0000000000000
        79        45   0.0000000000000
        79        46   0.0000000000000
        79        47  -0.0077320169407
        79        48   0.0370313892290
        79        49   0.2079954062409
        79        50   0.5742039005317
        79        51   1.1966613677472
        79        52   2.1243376277994
        79        53   3.3900850321541
        79        54   5.0071536396439
        79        55   6.9670616951525
        79        56   9.2398073079234
        79        57  11.7772569092313
        79        58  14.5196327086779
        79        59  17.4036894874932
        79        60  20.3703589864872
        79        61  23.3699849957959
        79        62  26.3644673313415
        79        63  29.3268201850787
        79        64  32.2392335073731
        79        65  35.0906810954649
        79        66  37.8747510507314
        79        67  40.5879835743908
        79        68  43.2287360260833
        79        69  45.7964715320832
        79        70  48.2913407518463
        79        71  50.7139464243235
        79        72  53.0652130616569
        79        73  55.3463133096826
        79        74  57.5586232380621
        79        75  59.7036917622402
        79        76  61.7832167597407
        79        77  63.7990243447099
        79        78  65.7530497177689
        79        79  67.6473189396201
        79        80  69.4839314014729
        79        81  71.2650429496390
        79        82  72.9928496959823
        79        83  74.6695725713623
        79        84  76.2974426834168
        79        85  77.8786875351843
        79        86  79.4155181524672
        79        87  80.9101171578097
        79        88  82.3646278185387
        79        89  83.7811440860152
        79        90  85.1617016333278
        79        91  86.5082698893121
        79        92  87.8227450581171
        79        93  89.1069441056411
        79        94  90.3625996870965
        79        95  91.5913559837637
        79        96  92.7947654116870
        79        97  93.9742861606448
        79        98  95.1312805181817
        79        99  96.2670139307909
        79       100  97.3826547524408
        79       101  98.4792746294903
        79       102  99.5578494705840
        79       103 100.6192609502787
        79       104 101.6642984958637
        79       105 102.6936617080169
        79       106 103.7079631675144
        79       107 104.7077315821032
        79       108 105.6934152297813
        79       109 106.6653856570412
        79       110 107.6239415930472
        79       111 108.5693130431830
        79       112 109.5016655278658
        79       113 110.4211044349281
        79       114 111.3276794561868
        79       115 112.2213890810079
        79       116 113.1021851217279
        79       117 113.9699772476662
        79       118 114.8246375061785
        79       119 115.6660048107261
        79       120 116.4938893772941
        79       121 117.3080770916772
        79       122 118.1083337911826
        79       123 118.8944094451930
        79       124 119.6660422197971
        79       125 120.4229624123682
        79       126 121.1648962425546
        79       127 121.8915694866800
        79       128 122.6027109430455
        79       129 123.2980557161083
        79       130 123.9773483079978
        79       131 124.6403455063418
        79       132 125.2868190579247
        79       133 125.9165581182992
        79       134 126.5293714681356
        79       135 127.1250894878192
        79       136 127.7035658826068
        79       137 128.2646791515210
        79       138 128.8083337940967
        79       139 129.3344612500956
        79       140 129.8434833992254

        80         1   0.0000000000000
        80         2   0.0000000000000
        80         3   0.0000000000000
        80         4   0.0000000000000
        80         5   0.0000000000000
        80         6   0.0000000000000
        80         7   0.0000000000000
        80         8   0.0000000000000
        80         9   0.0000000000000
        80        10   0.0000000000000
        80        11   0.0000000000000
        80        12   0.0000000000000
        80        13   0.0000000000000
        80        14   0.0000000000000
        80        15   0.0000000000000
        80        16   0.0000000000000
        80        17   0.0000000000000
        80        18   0.0000000000000
        80        19   0.0000000000000
        80        20   0.0000000000000
        80        21   0.0000000000000
        80        22   0.0000000000000
        80        23   0.0000000000000
        80        24   0.0000000000000
        80        25   0.0000000000000
        80        26   0.0000000000000
        80        27   0.0000000000000
        80        28   0.0000000000000
        80        29   0.0000000000000
        80        30   0.0000000000000
        80        31   0.0000000000000
        80        32   0.0000000000000
        80        33   0.0000000000000
        80        34   0.0000000000000
        80        35   0.0000000000000
        80        36   0.0000000000000
        80        37   0.0000000000000
        80        38   0.0000000000000
        80        39   0.0000000000000
        80        40   0.0000000000000
        80        41   0.0000000000000
        80        42   0.0000000000000
        80        43   0.0000000000000
        80        44   0.0000000000000
        80        45   0.0000000000000
        80        46   0.0000000000000
        80        47   0.0017177355275
        80        48   0.0699096884268
        80        49   0.2743629303081
        80        50   0.6792983906901
        80        51   1.3421283010528
        80        52   2.3088470623340
        80        53   3.6096427141362
        80        54   5.2554945032582
        80        55   7.2363317960698
        80        56   9.5215357174388
        80        57  12.0634299333666
        80        58  14.8035818534701
        80        59  17.6805625442417
        80        60  20.6371257685026
        80        61  23.6251074497988
        80        62  26.6074362408082
        80        63  29.5577245588325
        80        64  32.4584452676052
        80        65  35.2986649680724
        80        66  38.0719711465619
        80        67  40.7748696333272
        80        68  43.4056795334809
        80        69  45.9638331396804
        80        70  48.4494596708892
        80        71  50.8631481948165
        80        72  53.2058149560419
        80        73  55.4786277219999
        80        74  57.6829596435469
        80        75  59.8203577447478
        80        76  61.8925184499715
        80        77  63.9012664830811
        80        78  65.8485354698374
        80        79  67.7363495413152
        80        80  69.5668056836992
        80        81  71.3420567772298
        80        82  73.0642953482494
        80        83  74.7357380870560
        80        84  76.3586111899491
        80        85  77.9351365796012
        80        86  79.4675190495037
        80        87  80.9579343682678
        80        88  82.4085183691749
        80        89  83.8213570400987
        80        90  85.1984776190772
        80        91  86.5418406915520
        80        92  87.8533332767475
        80        93  89.1347628829012
        80        94  90.3878525041469
        80        95  91.6142365258141
        80        96  92.8154574997685
        80        97  93.9929637471659
        80        98  95.1481077426137
        80        99  96.2821452311967
        80       100  97.3962350280772
        80       101  98.4914394493780
        80       102  99.5687253227285
        80       103 100.6289655261344
        80       104 101.6729410046461
        80       105 102.7013432155709
        80       106 103.7147769546258
        80       107 104.7137635173840
        80       108 105.6987441525545
        80       109 106.6700837659826
        80       110 107.6280748367037
        80       111 108.5729415088667
        80       112 109.5048438258087
        80       113 110.4238820749748
        80       114 111.3301012146810
        80       115 112.2234953559056
        80       116 113.1040122743202
        80       117 113.9715579296329
        80       118 114.8260009710057
        80       119 115.6671772088080
        80       120 116.4948940343022
        80       121 117.3089347700138
        80       122 118.1090629345480
        80       123 118.8950264064750
        80       124 119.6665614726546
        80       125 120.4233967470122
        80       126 121.1652569463471
        80       127 121.8918665102620
        80       128 122.6029530527839
        80       129 123.2982506337072
        80       130 123.9775028381691
        80       131 124.6404656534609
        80       132 125.2869101326202
        80       133 125.9166248349410
        80       134 126.5294180341928
        80       135 127.1251196860626
        80       136 127.7035831471294
        80       137 128.2646866385464
        80       138 128.8083344485413
        80       139 129.3344578688433
        80       140 129.8434786622934

        81         1   0.0000000000000
        81         2  -0.0274776114751
        81         3  -0.0545665690678
        81         4  -0.0808909698002
        81         5  -0.1060870530795
        81         6  -0.1298121973588
        81         7  -0.1517516427262
        81         8  -0.1716243248003
        81         9  -0.1891880472351
        81        10  -0.2042439312545
        81        11  -0.2166400425154
        81        12  -0.2262741038874
        81        13  -0.2330952163795
        81        14  -0.2371045232107
        81        15  -0.2383547642138
        81        16  -0.2369486808563
        81        17  -0.2330362480314
        81        18  -0.2268107295640
        81        19  -0.2185035823451
        81        20  -0.2083782711342
        81        21  -0.1967231034435
        81        22  -0.1838432510470
        81        23  -0.1700521887444
        81        24  -0.1556628464336
        81        25  -0.1409788288680
        81        26  -0.1262860980744
        81        27  -0.1118455252716
        81        28  -0.0978866943732
        81        29  -0.0846032797703
        81        30  -0.0721502495620
        81        31  -0.0606431150570
        81        32  -0.0501595360780
        81        33  -0.0407438517722
        81        34  -0.0324154592589
        81        35  -0.0251820851584
        81        36  -0.0190583334182
        81        37  -0.0140879226321
        81        38  -0.0103647271982
        81        39  -0.0080439876936
        81        40  -0.0073325261336
        81        41  -0.0084469598951
        81        42  -0.0115305099608
        81        43  -0.0165116205779
        81        44  -0.0228319526903
        81        45  -0.0287325255786
        81        46  -0.0288986957310
        81        47  -0.0061344597641
        81        48   0.0956906370609
        81        49   0.3395175568735
        81        50   0.7867395821594
        81        51   1.4923375684277
        81        52   2.4999077980079
        81        53   3.8372781853967
        81        54   5.5133235464796
        81        55   7.5164647308528
        81        56   9.8154769015574
        81        57  12.3630940896504
        81        58  15.1021485663028
        81        59  17.9729490104866
        81        60  20.9200236573708
        81        61  23.8966949978123
        81        62  26.8669495078251
        81        63  29.8050451305935
        81        64  32.6937879417264
        81        65  35.5223811588436
        81        66  38.2844455322850
        81        67  40.9764769598710
        81        68  43.5967734489946
        81        69  46.1447486538393
        81        70  48.6205194033993
        81        71  51.0246681962043
        81        72  53.3581088616450
        81        73  55.6220092662550
        81        74  57.8177439365360
        81        75  59.9468617165017
        81        76  62.0110607642140
        81        77  64.0121671177890
        81        78  65.9521150867910
        81        79  67.8329287201452
        81        80  69.6567040693341
        81        81  71.4255921751161
        81        82  73.1417827937359
        81        83  74.8074889106383
        81        84  76.4249320968997
        81        85  77.9963287599974
        81        86  79.5238773324081
        81        87  81.0097464316732
        81        88  82.4560640152271
        81        89  83.8649075430851
        81        90  85.2382951517159
        81        91  86.5781778332725
        81        92  87.8864326059401
        81        93  89.1648566535418
        81        94  90.4151624057984
        81        95  91.6389735247679
        81        96  92.8378217580250
        81        97  94.0131446150643
        81        98  95.1662838202014
        81        99  96.2984844928702
        81       100  97.4108950046260
        81       101  98.5045674613022
        81       102  99.5804587585712
        81       103 100.6394321595599
        81       104 101.6822593440824
        81       105 102.7096228804176
        81       106 103.7221190722795
        81       107 104.7202611356498
        81       108 105.7044826623733
        81       109 106.6751413298016
        81       110 107.6325228182405
        81       111 108.5768449004505
        81       112 109.5082616699257
        81       113 110.4268678770790
        81       114 111.3327033447602
        81       115 112.2257574367037
        81       116 113.1059735545064
        81       117 113.9732536405779
        81       118 114.8274626661619
        81       119 115.6684330850064
        81       120 116.4959692345582
        81       121 117.3098516676906
        81       122 118.1098413989474
        81       123 118.8956840501241
        81       124 119.6671138807228
        81       125 120.4238576894395
        81       126 121.1656385733808
        81       127 121.8921795322003
        81       128 122.6032069048001
        81       129 123.2984536266947
        81       130 123.9776622965873
        81       131 124.6405880412005
        81       132 125.2870011679274
        81       133 125.9166895954532
        81       134 126.5294610531457
        81       135 127.1251450407310
        81       136 127.7035945405597
        81       137 128.2646874756357
        81       138 128.8083279075107
        81       139 129.3344469691482
        81       140 129.8434662993628

        82         1   0.0000000000000
        82         2  -0.0897797495470
        82         3  -0.1784631116657
        82         4  -0.2649792374090
        82         5  -0.3482880852298
        82         6  -0.4273966438449
        82         7  -0.5013740999749
        82         8  -0.5693660897815
        82         9  -0.6306080790111
        82        10  -0.6844377747221
        82        11  -0.7303064075377
        82        12  -0.7677886933615
        82        13  -0.7965912600408
        82        14  -0.8165592980169
        82        15  -0.8276811631600
        82        16  -0.8300906274209
        82        17  -0.8240664442775
        82        18  -0.8100288797836
        82        19  -0.7885328677311
        82        20  -0.7602574924576
        82        21  -0.7259915990806
        82        22  -0.6866154898322
        82        23  -0.6430788918737
        82        24  -0.5963756708667
        82        25  -0.5475160955920
        82        26  -0.4974977958968
        82        27  -0.4472768501246
        82        28  -0.3977406373708
        82        29  -0.3496841616726
        82        30  -0.3037915182698
        82        31  -0.2606241273949
        82        32  -0.2206174785230
        82        33  -0.1840885185087
        82        34  -0.1512562566892
        82        35  -0.1222777940468
        82        36  -0.0972993537721
        82        37  -0.0765156399326
        82        38  -0.0602210076619
        82        39  -0.0488249376818
        82        40  -0.0427965746888
        82        41  -0.0425020948210
        82        42  -0.0479011459119
        82        43  -0.0580546098354
        82        44  -0.0703118028566
        82        45  -0.0787790469961
        82        46  -0.0710669697823
        82        47  -0.0215839838076
        82        48   0.1177553121902
        82        49   0.4044258769181
        82        50   0.8966744964126
        82        51   1.6471171630844
        82        52   2.6971479472617
        82        53   4.0724280274442
        82        54   5.7798739125593
        82        55   7.8064849354163
        82        56  10.1204562225823
        82        57  12.6749026778887
        82        58  15.4138561075729
        82        59  18.2792921720267
        82        60  21.2174652406806
        82        61  24.1831709095221
        82        62  27.1414712010216
        82        63  30.0673058052389
        82        64  32.9438555008258
        82        65  35.7604979522993
        82        66  38.5109174855702
        82        67  41.1916226081617
        82        68  43.8009064768488
        82        69  46.3381759013285
        82        70  48.8035442018266
        82        71  51.1975943363148
        82        72  53.5212435375137
        82        73  55.7756647354867
        82        74  57.9622381300320
        82        75  60.0825181152127
        82        76  62.1382078033871
        82        77  64.1311372989347
        82        78  66.0632439133055
        82        79  67.9365535301508
        82        80  69.7531628140320
        82        81  71.5152221765775
        82        82  73.2249195078819
        82        83  74.8844647161980
        82        84  76.4960751277411
        82        85  78.0619617955362
        82        86  79.5843167584304
        82        87  81.0653012816686
        82        88  82.5070351001925
        82        89  83.9115866756965
        82        90  85.2809644688121
        82        91  86.6171092187581
        82        92  87.9218872145228
        82        93  89.1970845341877
        82        94  90.4444022224253
        82        95  91.6654523705136
        82        96  92.8617550584246
        82        97  94.0347361146458
        82        98  95.1857256463605
        82        99  96.3159572904013
        82       100  97.4265681339622
        82       101  98.5185992533311
        82       102  99.5929968188474
        82       103 100.6506137147952
        82       104 101.6922116239670
        82       105 102.7184635280745
        82       106 103.7299565769867
        82       107 104.7271952818431
        82       108 105.7106049893751
        82       109 106.6805355971822
        82       110 107.6372654721951
        82       111 108.5810055370716
        82       112 109.5119034917375
        82       113 110.4300481396861
        82       114 111.3354737909342
        82       115 112.2281647156778
        82       116 113.1080596246766
        82       117 113.9750561542059
        82       118 114.8290153350418
        82       119 115.6697660263940
        82       120 116.4971092969634
        82       121 117.3108227364061
        82       122 118.1106646814227
        82       123 118.8963783415042
        82       124 119.6676958100477
        82       125 120.4243419471524
        82       126 121.1660381209179
        82       127 121.8925057945382
        82       128 122.6034699469180
        82       129 123.2986623149710
        82       130 123.9778244462005
        82       131 124.6407105506349
        82       132 125.2870901417073
        82       133 125.9167504562438
        82       134 126.5294986443638
        82       135 127.1251637208079
        82       136 127.7035982699972
        82       137 128.2646798979884
        82       138 128.8083124254225
        82       139 129.3344268165616
        82       140 129.8434445799222

        83         1   0.0000000000000
        83         2  -0.1716417805198
        83         3  -0.3414223691568
        83         4  -0.5075209990356
        83         5  -0.6681597809236
        83         6  -0.8216253586597
        83         7  -0.9662900740200
        83         8  -1.1006325626844
        83         9  -1.2232577703252
        83        10  -1.3329163345891
        83        11  -1.4285232295073
        83        12  -1.5091755218865
        83        13  -1.5741690340956
        83        14  -1.6230136353150
        83        15  -1.6554467886315
        83        16  -1.6714448633673
        83        17  -1.6712315845826
        83        18  -1.6552828450140
        83        19  -1.6243269670370
        83        20  -1.5793394010519
        83        21  -1.5215308184590
        83        22  -1.4523276449005
        83        23  -1.3733443255267
        83        24  -1.2863470513906
        83        25  -1.1932093138386
        83        26  -1.0958604638422
        83        27  -0.9962293616891
        83        28  -0.8961860942099
        83        29  -0.7974854831334
        83        30  -0.7017166228578
        83        31  -0.6102629933201
        83        32  -0.5242779458146
        83        33  -0.4446806811839
        83        34  -0.3721779114667
        83        35  -0.3073149316477
        83        36  -0.2505545024170
        83        37  -0.2023704572422
        83        38  -0.1633252223191
        83        39  -0.1340806154846
        83        40  -0.1152772956980
        83        41  -0.1072174691825
        83        42  -0.1092970753860
        83        43  -0.1191397206979
        83        44  -0.1313450528640
        83        45  -0.1356328250533
        83        46  -0.1139858985222
        83        47  -0.0366557728009
        83        48   0.1407611683388
        83        49   0.4713826886306
        83        50   1.0100525479890
        83        51   1.8067033802581
        83        52   2.9003956273797
        83        53   4.3146360258541
        83        54   6.0544515923404
        83        55   8.1054828872059
        83        56  10.4353700236974
        83        57  12.9975877653487
        83        58  15.7373120176003
        83        59  18.5981205880072
        83        60  21.5279448307181
        83        61  24.4830333538744
        83        62  27.4295317924376
        83        63  30.3430880462946
        83        64  33.2072910951628
        83        65  36.0117252607553
        83        66  38.7501652622068
        83        67  41.4191527985498
        83        68  44.0169914093026
        83        69  46.5430923542442
        83        70  48.9975740775606
        83        71  51.3810268903150
        83        72  53.6943771637615
        83        73  55.9388078005595
        83        74  58.1157089364448
        83        75  60.2266442287442
        83        76  62.2733249647871
        83        77  64.2575880828759
        83        78  66.1813762439439
        83        79  68.0467191247569
        83        80  69.8557156023893
        83        81  71.6105167297571
        83        82  73.3133095016665
        83        83  74.9663014492192
        83        84  76.5717061107600
        83        85  78.1317294254273
        83        86  79.6485570879080
        83        87  81.1243428934696
        83        88  82.5611980922155
        83        89  83.9611817615021
        83        90  85.3262921959116
        83        91  86.6584593052861
        83        92  87.9595380032086
        83        93  89.2313025610394
        83        94  90.4754418962159
        83        95  91.6935557580234
        83        96  92.8871517694485
        83        97  94.0576432800118
        83        98  95.2063479816236
        83        99  96.3344872374674
        83       100  97.4431860726407
        83       101  98.5334737747123
        83       102  99.6062850524212
        83       103 100.6624617013723
        83       104 101.7027547267038
        83       105 102.7278268742306
        83       106 103.7382555234407
        83       107 104.7345358978448
        83       108 105.7170845505069
        83       109 106.6862430850209
        83       110 107.6422820747091
        83       111 108.5854051453276
        83       112 109.5157531890359
        83       113 110.4334086797708
        83       114 111.3384000624357
        83       115 112.2307061904344
        83       116 113.1102607880386
        83       117 113.9769569158526
        83       118 114.8306514192386
        83       119 115.6711693409707
        83       120 116.4983082806213
        83       121 117.3118426842448
        83       122 118.1115280488347
        83       123 118.8971050267990
        83       124 119.6683034163601
        83       125 120.4248460243436
        83       126 121.1664523883131
        83       127 121.8928423454474
        83       128 122.6037394359741
        83       129 123.2988741293835
        83       130 123.9779868620708
        83       131 124.6408308755151
        83       132 125.2871748446053
        83       133 125.9168052862908
        83       134 126.5295287393649
        83       135 127.1251737068972
        83       136 127.7035923536123
        83       137 128.2646619513740
        83       138 128.8082860668648
        83       139 129.3343954865456
        83       140 129.8434115832970

        84         1   0.0000000000000
        84         2  -0.2634463177312
        84         3  -0.5243127197326
        84         4  -0.7800727749886
        84         5  -1.0282506177985
        84         6  -1.2664459974528
        84         7  -1.4923590618528
        84         8  -1.7038147844241
        84         9  -1.8987870263085
        84        10  -2.0754222477698
        84        11  -2.2320628818774
        84        12  -2.3672703691575
        84        13  -2.4798478184914
        84        14  -2.5688621967089
        84        15  -2.6336658458369
        84        16  -2.6739169725983
        84        17  -2.6895985423869
        84        18  -2.6810347384415
        84        19  -2.6489038253231
        84        20  -2.5942459080728
        84        21  -2.5184637484587
        84        22  -2.4233145542503
        84        23  -2.3108905849870
        84        24  -2.1835866200592
        84        25  -2.0440529092238
        84        26  -1.8951332361838
        84        27  -1.7397891703788
        84        28  -1.5810133641601
        84        29  -1.4217366784617
        84        30  -1.2647357424472
        84        31  -1.1125490618714
        84        32  -0.9674108980291
        84        33  -0.8312127943660
        84        34  -0.7055023933976
        84        35  -0.5915265328473
        84        36  -0.4903175894950
        84        37  -0.4028054149619
        84        38  -0.3299114379852
        84        39  -0.2725520472270
        84        40  -0.2314570932413
        84        41  -0.2067097363875
        84        42  -0.1969419232500
        84        43  -0.1981652585191
        84        44  -0.2022527068361
        84        45  -0.1950900518231
        84        46  -0.1544427161616
        84        47  -0.0479053142579
        84        48   0.1676120444048
        84        49   0.5422913223224
        84        50   1.1278667108405
        84        51   1.9714397689640
        84        52   3.1095594597017
        84        53   4.5635009944001
        84        54   6.3364087565708
        84        55   8.4125987200154
        84        56  10.7591737252952
        84        57  13.3299506570960
        84        58  16.0712004248115
        84        59  18.9280422615686
        84        60  21.8500345573530
        84        61  24.7948533062132
        84        62  27.7297276071040
        84        63  30.6310315220264
        84        64  33.4827885640489
        84        65  36.2748167267611
        84        66  39.0010045918023
        84        67  41.6579456680339
        84        68  44.2439680364963
        84        69  46.7584981316832
        84        70  49.2016678439896
        84        71  51.5740815456292
        84        72  53.8766803564145
        84        73  56.1106619688992
        84        74  58.2774306491238
        84        75  60.3785629826633
        84        76  62.4157816226732
        84        77  64.3909330961894
        84        78  66.3059677637279
        84        79  68.1629210696637
        84        80  69.9638957309781
        84        81  71.7110447504314
        84        82  73.4065552451788
        84        83  75.0526331232223
        84        84  76.6514886520140
        84        85  78.2053229622027
        84        86  79.7163155224579
        84        87  81.1866126120003
        84        88  82.6183168074995
        84        89  84.0134774911284
        84        90  85.3740823771662
        84        91  86.7020500458122
        84        92  87.9992234649309
        84        93  89.2673644733522
        84        94  90.5081491931478
        84        95  91.7231643330014
        84        96  92.9139043403890
        84        97  94.0817693567642
        84        98  95.2280639272765
        84        99  96.3539964146822
        84       100  97.4606790659961
        84       101  98.5491286800110
        84       102  99.6202678240074
        84       103 100.6749265487222
        84       104 101.7138445518674
        84       105 102.7376737420996
        84       106 103.7469811572833
        84       107 104.7422521930666
        84       108 105.7238941001528
        84       109 106.6922397111142
        84       110 107.6475513601186
        84       111 108.5900249614485
        84       112 109.5197942151597
        84       113 110.4369349105925
        84       114 111.3414693006977
        84       115 112.2333705222282
        84       116 113.1125670387777
        84       117 113.9789470853857
        84       118 114.8323630949890
        84       119 115.6726360883690
        84       120 116.4995600104402
        84       121 117.3129059967450
        84       122 118.1124265548997
        84       123 118.8978596464645
        84       124 119.6689326553414
        84       125 120.4253662293290
        84       126 121.1668779819275
        84       127 121.8931860419029
        84       128 122.6040124385091
        84       129 123.2990863106615
        84       130 123.9781469287581
        84       131 124.6409465182922
        84       132 125.2872528748891
        84       133 125.9168517609559
        84       134 126.5295490747592
        84       135 127.1251727834429
        84       136 127.7035746122810
        84       137 128.2646314833158
        84       138 128.8082466974607
        84       139 129.3343508551486
        84       140 129.8433651892589

        85         1   0.0000000000000
        85         2  -0.3597146294641
        85         3  -0.7161898184628
        85         4  -1.0662519650525
        85         5  -1.4067847445303
        85         6  -1.7347570790246
        85         7  -2.0472507177646
        85         8  -2.3414873210378
        85         9  -2.6148550178216
        85        10  -2.8649344692246
        85        11  -3.0895245221332
        85        12  -3.2866675812988
        85        13  -3.4546748577901
        85        14  -3.5921516559658
        85        15  -3.6980228244034
        85        16  -3.7715583998076
        85        17  -3.8123992960732
        85        18  -3.8205826132216
        85        19  -3.7965657476951
        85        20  -3.7412479733394
        85        21  -3.6559875497998
        85        22  -3.5426117533969
        85        23  -3.4034166098316
        85        24  -3.2411526825107
        85        25  -3.0589932224019
        85        26  -2.8604815216570
        85        27  -2.6494556121818
        85        28  -2.4299505962883
        85        29  -2.2060818133866
        85        30  -1.9819154653650
        85        31  -1.7613368206157
        85        32  -1.5479292167586
        85        33  -1.3448792941711
        85        34  -1.1549244356526
        85        35  -0.9803554887673
        85        36  -0.8230781426652
        85        37  -0.6847157102200
        85        38  -0.5667030333216
        85        39  -0.4702816319469
        85        40  -0.3962754715984
        85        41  -0.3445256847612
        85        42  -0.3129071528933
        85        43  -0.2959391792371
        85        44  -0.2831133303616
        85        45  -0.2571594488224
        85        46  -0.1925513935770
        85        47  -0.0547015790771
        85        48   0.1993847312311
        85        49   0.6181321531207
        85        50   1.2507240462702
        85        51   2.1415272100914
        85        52   3.3244989969434
        85        53   4.8186102339559
        85        54   6.6251076946819
        85        55   8.7270007711800
        85        56  11.0908675263118
        85        57  13.6708513949496
        85        58  16.4142740018505
        85        59  19.2677386130029
        85        60  22.1823801971503
        85        61  25.1172720615809
        85        62  28.0407197666355
        85        63  30.9298341785426
        85        64  33.7690933481503
        85        65  36.5485712324975
        85        66  39.2622906012421
        85        67  41.9069134768641
        85        68  44.4808055438608
        85        69  46.9834185213514
        85        70  49.4149057120832
        85        71  51.7758920318479
        85        72  54.0673387993384
        85        73  56.2904631917429
        85        74  58.4466877028921
        85        75  60.5376054360612
        85        76  62.5649535449509
        85        77  64.5305908619511
        85        78  66.4364777755260
        85        79  68.2846574652805
        85        80  70.0772381218565
        85        81  71.8163760244253
        85        82  73.5042594582892
        85        83  75.1430934993208
        85        84  76.7350857054555
        85        85  78.2824327549571
        85        86  79.7873080645678
        85        87  81.2518504116106
        85        88  82.6781535743315
        85        89  84.0682569950669
        85        90  85.4241374615927
        85        91  86.7477017934632
        85        92  88.0407805123935
        85        93  89.3051224688489
        85        94  90.5423903910039
        85        95  91.7541573171370
        85        96  92.9419038683359
        85        97  94.1070163150602
        85        98  95.2507853886340
        85        99  96.3744057870509
        85       100  97.4789763235279
        85       101  98.5655006659695
        85       102  99.6348886158341
        85       103 100.6879578757589
        85       104 101.7254362566147
        85       105 102.7479642763624
        85       106 103.7560981050800
        85       107 104.7503128127665
        85       108 105.7310058789164
        85       109 106.6985009253548
        85       110 107.6530516363468
        85       111 108.5948458325086
        85       112 109.5240096675011
        85       113 110.4406119188346
        85       114 111.3446683463330
        85       115 112.2361460938696
        85       116 113.1149681118724
        85       117 113.9810175798053
        85       118 114.8341423093435
        85       119 115.6741591102948
        85       120 116.5008581024697
        85       121 117.3140069576849
        85       122 118.1133550569196
        85       123 118.8986375483419
        85       124 119.6695792925107
        85       125 120.4258986815557
        85       126 121.1673113195693
        85       127 121.8935335518347
        85       128 122.6042858308795
        85       129 123.2992959077155
        85       130 123.9783018370150
        85       131 124.6410547853982
        85       132 125.2873216324920
        85       133 125.9168873549579
        85       134 126.5295571843083
        85       135 127.1251585300248
        85       136 127.7035426602635
        85       137 128.2645861332927
        85       138 128.8081919737326
        85       139 129.3342905886669
        85       140 129.8433030676196

        86         1   0.0000000000000
        86         2  -0.4577494776390
        86         3  -0.9116407564398
        86         4  -1.3578941744256
        86         5  -1.7927950571045
        86         6  -2.2127251144795
        86         7  -2.6141931436167
        86         8  -2.9938648592589
        86         9  -3.3485917456893
        86        10  -3.6754389026588
        86        11  -3.9717119440333
        86        12  -4.2349830988439
        86        13  -4.4631167566226
        86        14  -4.6542947837935
        86        15  -4.8070420017018
        86        16  -4.9202522396171
        86        17  -4.9932153308030
        86        18  -5.0256452726963
        86        19  -5.0177094846083
        86        20  -4.9700586294791
        86        21  -4.8838557911190
        86        22  -4.7608029110966
        86        23  -4.6031613318060
        86        24  -4.4137621755790
        86        25  -4.1960013146860
        86        26  -3.9538131484678
        86        27  -3.6916176650518
        86        28  -3.4142366895136
        86        29  -3.1267780583992
        86        30  -2.8344907171265
        86        31  -2.5425990733513
        86        32  -2.2561306670057
        86        33  -1.9797563520524
        86        34  -1.7176653555784
        86        35  -1.4734965271670
        86        36  -1.2503379723398
        86        37  -1.0507850450348
        86        38  -0.8770083387559
        86        39  -0.7307337453090
        86        40  -0.6129933844775
        86        41  -0.5234975687853
        86        42  -0.4595320672709
        86        43  -0.4144125287383
        86        44  -0.3757060234998
        86        45  -0.3235973741632
        86        46  -0.2298626447939
        86        47  -0.0578897397087
        86        48   0.2358966052245
        86        49   0.6990294882003
        86        50   1.3787382083793
        86        51   2.3169078979306
        86        52   3.5449435381044
        86        53   5.0794895627016
        86        54   6.9198906041541
        86        55   9.0478665406954
        86        56  11.4294834451539
        86        57  14.0191992090488
        86        58  16.7653466169817
        86        59  19.6159588783469
        86        60  22.5236971515890
        86        61  25.4489986543528
        86        62  28.3612328571627
        86        63  31.2382519205231
        86        64  34.0650029468559
        86        65  36.8318339294615
        86        66  39.5329192568411
        86        67  42.1650043452296
        86        68  44.7265044579480
        86        69  47.2169060716807
        86        70  49.6363914806966
        86        71  51.9856123708101
        86        72  54.2655555224295
        86        73  56.4774621438969
        86        74  58.6227769330642
        86        75  60.7031130012107
        86        76  62.7202250581291
        86        77  64.6759868975933
        86        78  66.5723712210312
        86        79  68.4114308833663
        86        80  70.1952811694581
        86        81  71.9260829611147
        86        82  73.6060267686659
        86        83  75.2373176479688
        86        84  76.8221610387414
        86        85  78.3627495604780
        86        86  79.8612507960748
        86        87  81.3197960845501
        86        88  82.7404703346881
        86        89  84.1253028619248
        86        90  85.4762592417623
        86        91  86.7952341646464
        86        92  88.0840452696994
        86        93  89.3444279280232
        86        94  90.5780309405038
        86        95  91.7864131101758
        86        96  92.9710406452189
        86        97  94.1332853455446
        86        98  95.2744235236468
        86        99  96.3956356088859
        86       100  97.4980063835942
        86       101  98.5825257992693
        86       102  99.6500903215844
        86       103 100.7015047539251
        86       104 101.7374844905758
        86       105 102.7586581524581
        86       106 103.7655705603871
        86       107 104.7586860030918
        86       108 105.7383917596683
        86       109 106.7050018386497
        86       110 107.6587608984015
        86       111 108.5998483160656
        86       112 109.5283823747087
        86       113 110.4444245406603
        86       114 111.3479838052117
        86       115 112.2390210668779
        86       116 113.1174535322705
        86       117 113.9831591152946
        86       118 114.8359808158529
        86       119 115.6757310605290
        86       120 116.5021959888243
        86       121 117.3151396694685
        86       122 118.1143082321105
        86       123 118.8994339003563
        86       124 119.6702389126735
        86       125 120.4264393181407
        86       126 121.1677486344250
        86       127 121.8938813557250
        86       128 122.6045562987674
        86       129 123.2994997752849
        86       130 123.9784485797771
        86       131 124.6411527817697
        86       132 125.2873783122496
        86       133 125.9169093344897
        86       134 126.5295503900859
        86       135 127.1251283117172
        86       136 127.7034938949104
        86       137 128.2645233219430
        86       138 128.8081193319478
        86       139 129.3342121322776
        86       140 129.8432226667892

        87         1   0.0000000000000
        87         2  -0.5563811529119
        87         3  -1.1083068432710
        87         4  -1.6514134365684
        87         5  -2.1814112743461
        87         6  -2.6941201864645
        87         7  -3.1855039837151
        87         8  -3.6517036566392
        87         9  -4.0890690673822
        87        10  -4.4941889990292
        87        11  -4.8639195196808
        87        12  -5.1954107269195
        87        13  -5.4861320619985
        87        14  -5.7338965193470
        87        15  -5.9368842190574
        87        16  -6.0936659450050
        87        17  -6.2032273575721
        87        18  -6.2649946346181
        87        19  -6.2788622307077
        87        20  -6.2452232122409
        87        21  -6.1650021547456
        87        22  -6.0396898091948
        87        23  -5.8713776102725
        87        24  -5.6627886200233
        87        25  -5.4172997827134
        87        26  -5.1389486608117
        87        27  -4.8324165465045
        87        28  -4.5029795673428
        87        29  -4.1564207559359
        87        30  -3.7988995393151
        87        31  -3.4367808752257
        87        32  -3.0764339025859
        87        33  -2.7240183795852
        87        34  -2.3852844904888
        87        35  -2.0654148863559
        87        36  -1.7689325068217
        87        37  -1.4996775977018
        87        38  -1.2608172077934
        87        39  -1.0547926232446
        87        40  -0.8830520510537
        87        41  -0.7453919181553
        87        42  -0.6387824296445
        87        43  -0.5557081283159
        87        44  -0.4822922813603
        87        45  -0.3967064386967
        87        46  -0.2684568078491
        87        47  -0.0589932614020
        87        48   0.2762377198256
        87        49   0.7844957610734
        87        50   1.5115940083577
        87        51   2.4972568945843
        87        52   3.7704673272264
        87        53   5.3455813069047
        87        54   7.2200634565588
        87        55   9.3743711345554
        87        56  11.7740766509459
        87        57  14.3739456087270
        87        58  17.1232876601449
        87        59  19.9715155319613
        87        60  22.8727669697598
        87        61  25.7888074666067
        87        62  28.6900535348062
        87        63  31.5550980653423
        87        64  34.3693670514455
        87        65  37.1234968926108
        87        66  39.8118284092091
        87        67  42.4312035887684
        87        68  44.9800981976952
        87        69  47.4580423022425
        87        70  49.8652543618935
        87        71  52.2024187808772
        87        72  54.4705528546976
        87        73  56.6709261999359
        87        74  58.8050095527670
        87        75  60.8744394032681
        87        76  62.8809909736030
        87        77  64.8265555946401
        87        78  66.7131205032484
        87        79  68.5427501237535
        87        80  70.3175684249912
        87        81  72.0397422006754
        87        82  73.7114652385711
        87        83  75.3349433933258
        87        84  76.9123805943321
        87        85  78.4459658212207
        87        86  79.9378610739756
        87        87  81.3901903562554
        87        88  82.8050296811983
        87        89  84.1843980997067
        87        90  85.5302497423865
        87        91  86.8444668581862
        87        92  88.1288538254659
        87        93  89.3851321047734
        87        94  90.6149360970588
        87        95  91.8198098664071
        87        96  93.0012046826083
        87        97  94.1604773359830
        87        98  95.2988891747967
        87        99  96.4176058142770
        87       100  97.5176974656399
        87       101  98.6001398335595
        87       102  99.6658155311126
        87       103 100.7155159623272
        87       104 101.7499436239736
        87       105 102.7697147800941
        87       106 103.7753624648934
        87       107 104.7673397719350
        87       108 105.7460233900430
        87       109 106.7117173488340
        87       110 107.6646569393378
        87       111 108.6050127776644
        87       112 109.5328949820932
        87       113 110.4483574362594
        87       114 111.3514021132695
        87       115 112.2419834375647
        87       116 113.1200126631590
        87       117 113.9853622484942
        87       118 114.8378702095812
        87       119 115.6773444343349
        87       120 116.5035669420684
        87       121 117.3162980730100
        87       122 118.1152805934489
        87       123 118.9002437027371
        87       124 119.6709069288833
        87       125 120.4269838999027
        87       126 121.1681859784553
        87       127 121.8942257476327
        87       128 122.6048203360754
        87       129 123.2996945709206
        87       130 123.9785839474390
        87       131 124.6412374046067
        87       132 125.2874198963194
        87       133 125.9169147484709
        87       134 126.5295257927260
        87       135 127.1250792684944
        87       136 127.7034254853830
        87       137 128.2644402392520
        87       138 128.8080259759276
        87       139 129.3341126976217
        87       140 129.8431212012823

        88         1   0.0000000000000
        88         2  -0.6551191546738
        88         3  -1.3051959729359
        88         4  -1.9452936483442
        88         5  -2.5705591273669
        88         6  -3.1762631963960
        88         7  -3.7578392774855
        88         8  -4.3109205682026
        88         9  -4.8313752108127
        88        10  -5.3153392420959
        88        11  -5.7592471576043
        88        12  -6.1598600250281
        88        13  -6.5142912032231
        88        14  -6.8200298688997
        88        15  -7.0749627231115
        88        16  -7.2773944422982
        88        17  -7.4260676452009
        88        18  -7.5201833484139
        88        19  -7.5594230446664
        88        20  -7.5439736025222
        88        21  -7.4745560715143
        88        22  -7.3524590749669
        88        23  -7.1795766612118
        88        24  -6.9584491515909
        88        25  -6.6923036190726
        88        26  -6.3850882321203
        88        27  -6.0414920916073
        88        28  -5.6669399335544
        88        29  -5.2675499980928
        88        30  -4.8500444577054
        88        31  -4.4216059190700
        88        32  -3.9896810195095
        88        33  -3.5617424832401
        88        34  -3.1450324144879
        88        35  -2.7463187665012
        88        36  -2.3716984630776
        88        37  -2.0264669102544
        88        38  -1.7150366448927
        88        39  -1.4408257346496
        88        40  -1.2059636011376
        88        41  -1.0106162230512
        88        42  -0.8517705272194
        88        43  -0.7214867975290
        88        44  -0.6049189730685
        88        45  -0.4787047062429
        88        46  -0.3104420914349
        88        47  -0.0597418255225
        88        48   0.3191579592885
        88        49   0.8736801871566
        88        50   1.6486734688044
        88        51   2.6820335390738
        88        52   4.0005062732816
        88        53   5.6162477920359
        88        54   7.5248950195155
        88        55   9.7056847849219
        88        56  12.1237223723343
        88        57  14.7340809987080
        88        58  17.4870186245724
        88        59  20.3332811203886
        88        60  23.2284346889747
        88        61  26.1355362311941
        88        62  29.0260292311171
        88        63  31.8792427015863
        88        64  34.6810874606639
        88        65  37.4224994862443
        88        66  40.0979985128881
        88        67  42.7045347130667
        88        68  45.2406542819457
        88        69  47.7059390757800
        88        70  50.1006504784083
        88        71  52.4255112672345
        88        72  54.6815740794725
        88        73  56.8701411300020
        88        74  58.9927128680984
        88        75  61.0509523963270
        88        76  63.0466582886975
        88        77  64.9817418912182
        88        78  66.8582071191560
        88        79  68.6781317978749
        88        80  70.4436501233908
        88        81  72.1569360786821
        88        82  73.8201877628158
        88        83  75.4356126415935
        88        84  77.0054137463869
        88        85  78.5317768499363
        88        86  80.0168586428205
        88        87  81.4627759262668
        88        88  82.8715958279454
        88        89  84.2453270383606
        88        90  85.5859120568662
        88        91  86.8952204284465
        88        92  88.1750429453241
        88        93  89.4270867812549
        88        94  90.6529715210585
        88        95  91.8542260435247
        88        96  93.0322862123051
        88        97  94.1884933267144
        88        98  95.3240932824903
        88        99  96.4402363914301
        88       100  97.5379778083870
        88       101  98.6182785142898
        88       102  99.6820068045864
        88       103 100.7299402337181
        88       104 101.7627679678409
        88       105 102.7810934999450
        88       106 103.7854376837059
        88       107 104.7762420447676
        88       108 105.7538723306389
        88       109 106.7186222629181
        88       110 107.6707174580986
        88       111 108.6103194856903
        88       112 109.5375300347889
        88       113 110.4523951624966
        88       114 111.3549095997124
        88       115 112.2450210917610
        88       116 113.1226347530854
        88       117 113.9876174168011
        88       118 114.8398019612816
        88       119 115.6789915971377
        88       120 116.5049640989585
        88       121 117.3174759670339
        88       122 118.1162665049732
        88       123 118.9010617997146
        88       124 119.6715785908850
        88       125 120.4275280168643
        88       126 121.1686192252397
        88       127 121.8945628356357
        88       128 122.6050742431968
        88       129 123.2998767513009
        88       130 123.9787045224121
        88       131 124.6413053363605
        88       132 125.2874431457778
        88       133 125.9169004189257
        88       134 126.5294802607503
        88       135 127.1250083036703
        88       136 127.7033343603683
        88       137 128.2643338317054
        88       138 128.8079088638001
        88       139 129.3339892493163
        88       140 129.8429956381481

        89         1   0.0000000000000
        89         2  -0.7537113647170
        89         3  -1.5017995559811
        89         4  -2.2387608144257
        89         5  -2.9591851981624
        89         6  -3.6578014371754
        89         7  -4.3295202791850
        89         8  -4.9694758889687
        89         9  -5.5730649050876
        89        10  -6.1359828132325
        89        11  -6.6542573643469
        89        12  -7.1242788501513
        89        13  -7.5428271520090
        89        14  -7.9070956059712
        89        15  -8.2147118831347
        89        16  -8.4637562761788
        89        17  -8.6527780144416
        89        18  -8.7808105001492
        89        19  -8.8473866552620
        89        20  -8.8525558600402
        89        21  -8.7969041888234
        89        22  -8.6815797028393
        89        23  -8.5083242944804
        89        24  -8.2795128028077
        89        25  -7.9981986369681
        89        26  -7.6681628098327
        89        27  -7.2939601172939
        89        28  -6.8809525129565
        89        29  -6.4353162502427
        89        30  -5.9640072615391
        89        31  -5.4746699668074
        89        32  -4.9754795803034
        89        33  -4.4749176065896
        89        34  -3.9814937576838
        89        35  -3.5034420734549
        89        36  -3.0484289095941
        89        37  -2.6233067145388
        89        38  -2.2339190865752
        89        39  -1.8849021111509
        89        40  -1.5793427322878
        89        41  -1.3180845369855
        89        42  -1.0984838373784
        89        43  -0.9125871432515
        89        44  -0.7450361238130
        89        45  -0.5713832522677
        89        46  -0.3576630996379
        89        47  -0.0617860452093
        89        48   0.3633297356045
        89        49   0.9655712790266
        89        50   1.7891868501432
        89        51   2.8705559507312
        89        52   4.2343976175627
        89        53   5.8907922287352
        89        54   7.8336278656144
        89        55  10.0409783666572
        89        56  12.4775181066970
        89        57  15.0986348168011
        89        58  17.8555120187959
        89        59  20.7001866005097
        89        60  23.5896070891133
        89        61  26.4880845237726
        89        62  29.3680670481699
        89        63  32.2096120344366
        89        64  34.9991178523974
        89        65  37.7278285062831
        89        66  40.3904530770685
        89        67  42.9840601161760
        89        68  45.5072752360649
        89        69  47.9597396694195
        89        70  50.3417640662135
        89        71  52.6541149271065
        89        72  54.8978848169290
        89        73  57.0744125370370
        89        74  59.1852317498797
        89        75  61.2320352517730
        89        76  63.2166476758789
        89        77  65.1410027484626
        89        78  67.0071231116225
        89        79  68.8171017463632
        89        80  70.5730845584985
        89        81  72.2772539523497
        89        82  73.9318133409778
        89        83  75.5389725954119
        89        84  77.1009344546855
        89        85  78.6198819214743
        89        86  80.0979666636270
        89        87  81.5372984342386
        89        88  82.9399355141997
        89        89  84.3078761723940
        89        90  85.6430511303951
        89        91  86.9473170108788
        89        92  88.2224507421518
        89        93  89.4701448852444
        89        94  90.6920038449655
        89        95  91.8895409221509
        89        96  93.0641761610458
        89        97  94.2172349433016
        89        98  95.3499472784040
        89        99  96.4634477394088
        89       100  97.5587759926047
        89       101  98.6368778700570
        89       102  99.6986069348569
        89       103 100.7447264902254
        89       104 101.7759119853220
        89       105 102.7927537726194
        89       106 103.7957601739454
        89       107 104.7853608146987
        89       108 105.7619101882477
        89       109 106.7256914150687
        89       110 107.6769201637058
        89       111 108.6157487031078
        89       112 109.5422700582659
        89       113 110.4565222433128
        89       114 111.3584925483209
        89       115 112.2481218579400
        89       116 113.1253089817247
        89       117 113.9899149775202
        89       118 114.8417674505977
        89       119 115.6806648123675
        89       120 116.5063804834561
        89       121 117.3186670267291
        89       122 118.1172601964965
        89       123 118.9018828906633
        89       124 119.6722489930202
        89       125 120.4280670932178
        89       126 121.1690440722691
        89       127 121.8948885416923
        89       128 122.6053141246707
        89       129 123.3000425678829
        89       130 123.9788066729681
        89       131 124.6413530369529
        89       132 125.2874445913928
        89       133 125.9168629304811
        89       134 126.5294104189626
        89       135 127.1249120713593
        89       136 127.7032171947749
        89       137 128.2642007883888
        89       138 128.8077646936738
        89       139 129.3338384903738
        89       140 129.8428426823010

        90         1   0.0000000000000
        90         2  -0.8519677489214
        90         3  -1.6977364912237
        90         4  -2.5312405626205
        90         5  -3.3465181966046
        90         6  -4.1377611780039
        90         7  -4.8993628008331
        90         8  -5.6259636320953
        90         9  -6.3124946221427
        90        10  -6.9542171521185
        90        11  -7.5467596695113
        90        12  -8.0861506346682
        90        13  -8.5688475863641
        90        14  -8.9917622371402
        90        15  -9.3522816353569
        90        16  -9.6482855895736
        90        17  -9.8781607531357
        90        18 -10.0408120246682
        90        19 -10.1356722425545
        90        20 -10.1627115372140
        90        21 -10.1224481308379
        90        22 -10.0159627781491
        90        23  -9.8449193032504
        90        24  -9.6115936114319
        90        25  -9.3189128698934
        90        26  -8.9705049438692
        90        27  -8.5707553758391
        90        28  -8.1248651371161
        90        29  -7.6388974037054
        90        30  -7.1197966588518
        90        31  -6.5753601200068
        90        32  -6.0141418919830
        90        33  -5.4452762608636
        90        34  -4.8782189438041
        90        35  -4.3224224165695
        90        36  -3.7869787151918
        90        37  -3.2802708900427
        90        38  -2.8096588169378
        90        39  -2.3811729323414
        90        40  -1.9991004486292
        90        41  -1.6652553576574
        90        42  -1.3777038022951
        90        43  -1.1288698573220
        90        44  -0.9033139645829
        90        45  -0.6759301952881
        90        46  -0.4115358947623
        90        47  -0.0665258669493
        90        48   0.4075203365646
        90        49   1.0591471647000
        90        50   1.9322855753316
        90        51   3.0620768471255
        90        52   4.4714278520593
        90        53   6.1684884498041
        90        54   8.1454967243305
        90        55  10.3794344572446
        90        56  12.8345898430139
        90        57  15.4666785138218
        90        58  18.2277922496369
        90        59  21.0712209982656
        90        60  23.9552517783816
        90        61  26.8454127212772
        90        62  29.7151328550335
        90        63  32.5451877476040
        90        64  35.3224634490197
        90        65  38.0385181386317
        90        66  40.6882588862132
        90        67  43.2688815357904
        90        68  45.7790992315992
        90        69  48.2186195761666
        90        70  50.5878084104580
        90        71  52.8874809953555
        90        72  55.1187741566818
        90        73  57.2830670555723
        90        74  59.3819298796292
        90        75  61.4170880342127
        90        76  63.3903947732143
        90        77  65.3038084418757
        90        78  67.1593723497916
        90        79  68.9591962982811
        90        80  70.7054393125554
        90        81  72.4002933931975
        90        82  74.0459682275202
        90        83  75.6446768569670
        90        84  77.1986223173860
        90        85  78.7099852728540
        90        86  80.1809126598126
        90        87  81.6135073510517
        90        88  83.0098188406923
        90        89  84.3718349428569
        90        90  85.7014744886695
        90        91  87.0005809988701
        90        92  88.2709173027796
        90        93  89.5141610686738
        90        94  90.7319012058321
        90        95  91.9256350946218
        90        96  93.0967665979286
        90        97  94.2466048050180
        90        98  95.3763634574606
        90        99  96.4871610060125
        90       100  97.5800212472617
        90       101  98.6558744893390
        90       102  99.7155591970045
        90       103 100.7598240678502
        90       104 101.7893304931641
        90       105 102.8046553590765
        90       106 103.8062941459096
        90       107 104.7946642860909
        90       108 105.7701087435156
        90       109 106.7328997797927
        90       110 107.6832428753313
        90       111 108.6212807756759
        90       112 109.5470976358387
        90       113 110.4607232375764
        90       114 111.3621372565953
        90       115 112.2512735585188
        90       116 113.1280245041129
        90       117 113.9922452457272
        90       118 114.8437579981778
        90       119 115.6823562683818
        90       120 116.5078090289527
        90       121 117.3198648217164
        90       122 118.1182557777062
        90       123 118.9027015406815
        90       124 119.6729130815962
        90       125 120.4285963917604
        90       126 121.1694560426973
        90       127 121.8951986009379
        90       128 122.6055358862323
        90       129 123.3001880619050
        90       130 123.9788865463787
        90       131 124.6413767352324
        90       132 125.2874205235718
        90       133 125.9167986189812
        90       134 126.5293126359017
        90       135 127.1247869629420
        90       136 127.7030703953872
        90       137 128.2640375260088
        90       138 128.8075898882045
        90       139 129.3336568464960
        90       140 129.8426587607230

        91         1   0.0000000000000
        91         2  -0.9497074405323
        91         3  -1.8926451573620
        91         4  -2.8221906769363
        91         5  -3.7318354185743
        91         6  -4.6152391125379
        91         7  -5.4662823463276
        91         8  -6.2791166866699
        91         9  -7.0482118641609
        91        10  -7.7683995570333
        91        11  -8.4349133688975
        91        12  -9.0434246620768
        91        13  -9.5900739837587
        91        14 -10.0714979084406
        91        15 -10.4848512211096
        91        16 -10.8278244883725
        91        17 -11.0986572206041
        91        18 -11.2961470330660
        91        19 -11.4196554878884
        91        20 -11.4691116625348
        91        21 -11.4450149571280
        91        22 -11.3484392131174
        91        23 -11.1810408122755
        91        24 -10.9450739218248
        91        25 -10.6434162016809
        91        26 -10.2796077220906
        91        27  -9.8579040931493
        91        28  -9.3833414491407
        91        29  -8.8618057830601
        91        30  -8.3000925841504
        91        31  -7.7059360630900
        91        32  -7.0879826963604
        91        33  -6.4556842454180
        91        34  -5.8190933431339
        91        35  -5.1885608992040
        91        36  -4.5743559853030
        91        37  -3.9862469306110
        91        38  -3.4330818376621
        91        39  -2.9223686761879
        91        40  -2.4597693997198
        91        41  -2.0483124678929
        91        42  -1.6870745892320
        91        43  -1.3692102291176
        91        44  -1.0795932885062
        91        45  -0.7928624015472
        91        46  -0.4729675083772
        91        47  -0.0750140249453
        91        48   0.4506997770041
        91        49   1.1534802231593
        91        50   2.0771502199100
        91        51   3.2558497818692
        91        52   4.7108793432789
        91        53   6.4486126989752
        91        54   8.4597497499568
        91        55  10.7202611718746
        91        56  13.1941005968188
        91        57  15.8373303354669
        91        58  18.6029378427480
        91        59  21.4454320076088
        91        60  24.3243968899742
        91        61  27.2065413075905
        91        62  30.0662505295597
        91        63  32.8850063638828
        91        64  35.6501805804492
        91        65  38.3536497496043
        91        66  40.9905260125529
        91        67  43.5581402655996
        91        68  46.0553004841045
        91        69  48.4817870613158
        91        70  50.8380265382491
        91        71  53.1248876523873
        91        72  55.3435555605917
        91        73  57.4954533303204
        91        74  59.5821907860560
        91        75  61.6055286793594
        91        76  63.5673512886106
        91        77  65.4696436784219
        91        78  67.3144716470921
        91        79  69.1039633796412
        91        80  70.8402923463084
        91        81  72.5256612512228
        91        82  74.1622869638232
        91        83  75.7523864228805
        91        84  77.2981635248707
        91        85  78.8017970131560
        91        86  80.2654293811044
        91        87  81.6911567954893
        91        88  83.0810200384838
        91        89  84.4369964584111
        91        90  85.7609929116643
        91        91  87.0548396711412
        91        92  88.3202852702721
        91        93  89.5589922463258
        91        94  90.7725337421559
        91        95  91.9623909219098
        91        96  93.1299511534235
        91        97  94.2765069080374
        91        98  95.4032553273287
        91        99  96.5112984057231
        91       100  97.6016437380359
        91       101  98.6752057816470
        91       102  99.7328075841531
        91       103 100.7751829288911
        91       104 101.8029788526169
        91       105 102.8167584917760
        91       106 103.8170042161506
        91       107 104.8041210111447
        91       108 105.7784400725083
        91       109 106.7402225798548
        91       110 107.6896636178379
        91       111 108.6268962162811
        91       112 109.5519954828633
        91       113 110.4649828041222
        91       114 111.3658300925253
        91       115 112.2544640591612
        91       116 113.1307704932063
        91       117 113.9945985307315
        91       118 114.8457648966223
        91       119 115.6840581044115
        91       120 116.5092425996728
        91       121 117.3210628333124
        91       122 118.1192472516503
        91       123 118.9035121906179
        91       124 119.6735656617376
        91       125 120.4291110178251
        91       126 121.1698504865813
        91       127 121.8954885604453
        91       128 122.6057352312891
        91       129 123.3003090587627
        91       130 123.9789400613697
        91       131 124.6413724196811
        91       132 125.2873669814932
        91       133 125.9167035592159
        91       134 126.5291830103439
        91       135 127.1246290925203
        91       136 127.7028900854567
        91       137 128.2638401728077
        91       138 128.8073805780253
        91       139 129.3334404492130
        91       140 129.8424400055004

        92         1   0.0000000000000
        92         2  -1.0467478373366
        92         3  -2.0861607671034
        92         4  -3.1110649840387
        92         5  -4.1144104558148
        92         6  -5.0893300499624
        92         7  -6.0291966159233
        92         8  -6.9276774174777
        92         9  -7.7787853524982
        92        10  -8.5769264487713
        92        11  -9.3169431848976
        92        12  -9.9941532527769
        92        13 -10.6043834520868
        92        14 -11.1439984874462
        92        15 -11.6099245269843
        92        16 -11.9996674805889
        92        17 -12.3113260747166
        92        18 -12.5435999513800
        92        19 -12.6957932221041
        92        20 -12.7678141914885
        92        21 -12.7601723633316
        92        22 -12.6739743857762
        92        23 -12.5109212889731
        92        24 -12.2733101715017
        92        25 -11.9640442478271
        92        26 -11.5866555682140
        92        27 -11.1453442653273
        92        28 -10.6450362170571
        92        29 -10.0914569053030
        92        30  -9.4912127050497
        92        31  -8.8518623817975
        92        32  -8.1819529841853
        92        33  -7.4909887122476
        92        34  -6.7893025769865
        92        35  -6.0878118196071
        92        36  -5.3976590479166
        92        37  -4.7297656948299
        92        38  -4.0943378127507
        92        39  -3.5003434978944
        92        40  -2.9549063983128
        92        41  -2.4624415932010
        92        42  -2.0232762869850
        92        43  -1.6315933535203
        92        44  -1.2729270189781
        92        45  -0.9220315591105
        92        46  -0.5423355382901
        92        47  -0.0879125034371
        92        48   0.4921015658188
        92        49   1.2478044612883
        92        50   2.2230535896033
        92        51   3.4511813798977
        92        52   4.9520703050755
        92        53   6.7304728584615
        92        54   8.7756692318466
        92        55  11.0627063202875
        92        56  13.5552595832158
        92        57  16.2097607870504
        92        58  18.9800842641150
        92        59  21.8219270535778
        92        60  24.6961310899359
        92        61  27.5705503450246
        92        62  30.4205012420266
        92        63  33.2281585508930
        92        64  35.9813761226868
        92        65  38.6723515050803
        92        66  41.2964076282142
        92        67  43.8510171548485
        92        68  46.3350894264736
        92        69  48.7484834925541
        92        70  51.0916916873375
        92        71  53.3656406129486
        92        72  55.5715675534067
        92        73  57.7109427909251
        92        74  59.7854186869977
        92        75  61.7967938872765
        92        76  63.7469859297032
        92        77  65.6380085497315
        92        78  67.4719517258192
        92        79  69.2509634788281
        92        80  70.9772329561138
        92        81  72.6529745958487
        92        82  74.2804132963910
        92        83  75.8617705742514
        92        84  77.3992517172697
        92        85  78.8950339451464
        92        86  80.3512555867542
        92        87  81.7700062773116
        92        88  83.1533181708481
        92        89  84.5031581555670
        92        90  85.8214210522744
        92        91  87.1099237692789
        92        92  88.3704003811942
        92        93  89.6044980939745
        92        94  90.8137740542693
        92        95  91.9996929578190
        92        96  93.1636254090674
        92        97  94.3068469824164
        92        98  95.4305379345402
        92        99  96.5357835168309
        92       100  97.6235748373266
        92       101  98.6948102222770
        92       102  99.7502970287779
        92       103 100.7907538615690
        92       104 101.8168131490689
        92       105 102.8290240359444
        92       106 103.8278555519078
        92       107 104.8137000189443
        92       108 105.7868766617272
        92       109 106.7476353885294
        92       110 107.6961607124385
        92       111 108.6325757850846
        92       112 109.5569465173645
        92       113 110.4692857637628
        92       114 111.3695575488063
        92       115 112.2576813159404
        92       116 113.1335361806576
        92       117 113.9969651710637
        92       118 114.8477794402112
        92       119 115.6857624355018
        92       120 116.5106740112448
        92       121 117.3222544711005
        92       122 118.1202285276318
        92       123 118.9043091665781
        92       124 119.6742014037590
        92       125 120.4296059227490
        92       126 121.1702225816535
        92       127 121.8957537774900
        92       128 122.6059076568589
        92       129 123.3004011617916
        92       130 123.9789628999153
        92       131 124.6413358283864
        92       132 125.2872797414254
        92       133 125.9165735517606
        92       134 126.5290173568417
        92       135 127.1244342813407
        92       136 127.7026720882014
        92       137 128.2636045513370
        92       138 128.8071325839970
        92       139 129.3331851178189
        92       140 129.8421822356533

        93         1   0.0000000000000
        93         2  -1.1429039387050
        93         3  -2.2779138273689
        93         4  -3.3973104850911
        93         5  -4.4935082577444
        93         6  -5.5591187912672
        93         7  -6.5870125879895
        93         8  -7.5703776895146
        93         9  -8.5027748741564
        93        10  -9.3781888120263
        93        11 -10.1910746847530
        93        12 -10.9363998478814
        93        13 -11.6096801907570
        93        14 -12.2070109300149
        93        15 -12.7250916581874
        93        16 -13.1612455592971
        93        17 -13.5134328020028
        93        18 -13.7802582355765
        93        19 -13.9609736592515
        93        20 -14.0554751357070
        93        21 -14.0642961114363
        93        22 -13.9885975388791
        93        23 -13.8301568187973
        93        24 -13.5913582268812
        93        25 -13.2751885193029
        93        26 -12.8852424530802
        93        27 -12.4257436127893
        93        28 -11.9015855340398
        93        29 -11.3183957578494
        93        30 -10.6826202572988
        93        31 -10.0016172804333
        93        32  -9.2837388737432
        93        33  -8.5383677753357
        93        34  -7.7758713301661
        93        35  -7.0074375447395
        93        36  -6.2447744602213
        93        37  -5.4996801253153
        93        38  -4.7835140696671
        93        39  -4.1065978455722
        93        40  -3.4775135890425
        93        41  -2.9021524931590
        93        42  -2.3822583933896
        93        43  -1.9132738791777
        93        44  -1.4816820909415
        93        45  -1.0626818784093
        93        46  -0.6195112931234
        93        47  -0.1054877797743
        93        48   0.5312483510078
        93        49   1.3415532065871
        93        50   2.3694014747119
        93        51   3.6474686440925
        93        52   5.1943856459435
        93        53   7.0134324089730
        93        54   9.0925893858370
        93        55  11.4060700223206
        93        56  13.9173306373717
        93        57  16.5831977794528
        93        58  19.3584266401156
        93        59  22.1998743391319
        93        60  25.0696035767604
        93        61  27.9365789062095
        93        62  30.7770226541132
        93        63  33.5737882985957
        93        64  36.3152067732393
        93        65  38.9937978020794
        93        66  41.6050996146371
        93        67  44.1467323973121
        93        68  46.6177126690316
        93        69  49.0179834578252
        93        70  51.3481075660901
        93        71  53.6090735115331
        93        72  55.8021742166314
        93        73  57.9289302375106
        93        74  59.9910391504128
        93        75  61.9903398434113
        93        76  63.9287851705691
        93        77  65.8084193313180
        93        78  67.6313580369462
        93        79  69.3997704763953
        93        80  71.1158626043993
        93        81  72.7818615389870
        93        82  74.4000009856424
        93        83  75.9725076654266
        93        84  77.5015887484992
        93        85  78.9894203008201
        93        86  80.4381367496846
        93        87  81.8498213678705
        93        88  83.2264977689041
        93        89  84.5701223984770
        93        90  85.8825779999317
        93        91  87.1656680252802
        93        92  88.4211119575604
        93        93  89.6505415055251
        93        94  90.8554976277084
        93        95  92.0374283398239
        93        96  93.1976872571631
        93        97  94.3375328221611
        93        98  95.4581281665052
        93        99  96.5605415570266
        93       100  97.6457473750685
        93       101  98.7146275799889
        93       102  99.7679736088668
        93       103 100.8064886662504
        93       104 101.8307903598596
        93       105 102.8414136404414
        93       106 103.8388140064221
        93       107 104.8233709365389
        93       108 105.7953915161972
        93       109 106.7551142258510
        93       110 107.7027128621829
        93       111 108.6383005652358
        93       112 109.5619339268840
        93       113 110.4736171581008
        93       114 111.3733062943677
        93       115 112.2609134202613
        93       116 113.1363108957396
        93       117 113.9993355679412
        93       118 114.8497929533956
        93       119 115.6874613764520
        93       120 116.5120960504634
        93       121 117.3234330888434
        93       122 118.1211934335597
        93       123 118.9050866889660
        93       124 119.6748148491220
        93       125 120.4300759069451
        93       126 121.1705673336885
        93       127 121.8959894173823
        93       128 122.6060484490262
        93       129 123.3004597455023
        93       130 123.9789504984080
        93       131 124.6412624383047
        93       132 125.2871543042482
        93       133 125.9164041089272
        93       134 126.5288111902867
        93       135 127.1241980411602
        93       136 127.7024119091768
        93       137 128.2633261600447
        93       138 128.8068413982307
        93       139 129.3328863400538
        93       140 129.8418809376999

        94         1   0.0000000000000
        94         2  -1.2379893949280
        94         3  -2.4675322018852
        94         4  -3.6803703525608
        94         5  -4.8683889247031
        94         6  -6.0236844953557
        94         7  -7.1386311060315
        94         8  -8.2059431319001
        94         9  -9.2187343944527
        94        10 -10.1705729158077
        94        11 -11.0555307808803
        94        12 -11.8682286492706
        94        13 -12.6038745401767
        94        14 -13.2582965992486
        94        15 -13.8279696446509
        94        16 -14.3100353798744
        94        17 -14.7023162535007
        94        18 -15.0033230441998
        94        19 -15.2122563605289
        94        20 -15.3290023855666
        94        21 -15.3541233948846
        94        22 -15.2888438792034
        94        23 -15.1350335757519
        94        24 -14.8951894307423
        94        25 -14.5724195358436
        94        26 -14.1704333772316
        94        27 -13.6935440935522
        94        28 -13.1466893363629
        94        29 -12.5354768516787
        94        30 -11.8662578350928
        94        31 -11.1462243103816
        94        32 -10.3835159146132
        94        33  -9.5873079755023
        94        34  -8.7678404913203
        94        35  -7.9363424669571
        94        36  -7.1048138569419
        94        37  -6.2856497176277
        94        38  -5.4911196142880
        94        39  -4.7327264595281
        94        40  -4.0204287505797
        94        41  -3.3616019936651
        94        42  -2.7594949001257
        94        43  -2.2109681656896
        94        44  -1.7036767434145
        94        45  -1.2135414516876
        94        46  -0.7039135168417
        94        47  -0.1276343157881
        94        48   0.5679513052693
        94        49   1.4343735266927
        94        50   2.5157544823974
        94        51   3.8442221981816
        94        52   5.4372980461274
        94        53   7.2969278591635
        94        54   9.4099098666137
        94        55  11.7497145613623
        94        56  14.2796388811765
        94        57  16.9569306792838
        94        58  19.7372217968727
        94        59  22.5785034583495
        94        60  25.4440237817848
        94        61  28.3038242706296
        94        62  31.1350079066776
        94        63  33.9210918907945
        94        64  36.6508781189664
        94        65  39.3172084905214
        94        66  41.9158399615595
        94        67  44.4445451112551
        94        68  46.9024527537681
        94        69  49.2895946817857
        94        70  51.6066084174640
        94        71  53.8545480979216
        94        72  56.0347654992354
        94        73  58.1488342502318
        94        74  60.1984995869046
        94        75  62.1856427789650
        94        76  64.1122538657733
        94        77  65.9804091372314
        94        78  67.7922514435046
        94        79  69.5499723465182
        94        80  71.2557956297653
        94        81  72.9119619455602
        94        82  74.5207145097768
        94        83  76.0842858152120
        94        84  77.6048853598295
        94        85  79.0846883932633
        94        86  80.5258256834259
        94        87  81.9303742996580
        94        88  83.3003494019866
        94        89  84.6376970189368
        94        90  85.9442877895629
        94        91  87.2219116392398
        94        92  88.4722733534051
        94        93  89.6969890089416
        94        94  90.8975832192360
        94        95  92.0754871461346
        94        96  93.2320372300064
        94        97  94.3684745878571
        94        98  95.4859450288817
        94        99  96.5854996369052
        94       100  97.6680958697979
        94       101  98.7345991270737
        94       102  99.7857847384180
        94       103 100.8223403277788
        94       104 101.8448685098091
        94       105 102.8538898778007
        94       106 103.8498462447450
        94       107 104.8331041017110
        94       108 105.8039582603152
        94       109 106.7626356485914
        94       110 107.7092992320379
        94       111 108.6440520339557
        94       112 109.5669412313915
        94       113 110.4779623050186
        94       114 111.3770632231212
        94       115 112.2641486414793
        94       116 113.1390841023811
        94       117 114.0017002172072
        94       118 114.8517968180651
        94       119 115.6891470647888
        94       120 116.5135014942947
        94       121 117.3245919998035
        94       122 118.1221357278317
        94       123 118.9058388811444
        94       124 119.6754004160612
        94       125 120.4305156226618
        94       126 121.1708795765492
        94       127 121.8961904509410
        94       128 122.6061526779815
        94       129 123.3004799483238
        94       130 123.9788980382462
        94       131 124.6411474538422
        94       132 125.2869858821858
        94       133 125.9161904398220
        94       134 126.5285597094770
        94       135 127.1239155565234
        94       136 127.7021047174757
        94       137 128.2630001536222
        94       138 128.8065021638184
        94       139 129.3325392514616
        94       140 129.8415312448874

        95         1   0.0000000000000
        95         2  -1.3318177621927
        95         3  -2.6546436145851
        95         4  -3.9596876679676
        95         5  -5.2383126556599
        95         6  -6.4821067966342
        95         7  -7.6829541008496
        95         8  -8.8331013577882
        95         9  -9.9252210995300
        95        10 -10.9524698920841
        95        11 -11.9085413810723
        95        12 -12.7877135983251
        95        13 -13.5848901226332
        95        14 -14.2956347789094
        95        15 -14.9161996535402
        95        16 -15.4435462981398
        95        17 -15.8753600881882
        95        18 -16.2100577973363
        95        19 -16.4467885453037
        95        20 -16.5854283854124
        95        21 -16.6265689347561
        95        22 -16.5715006500712
        95        23 -16.4221916738456
        95        24 -16.1812637047870
        95        25 -15.8519671904842
        95        26 -15.4381593836408
        95        27 -14.9442904216480
        95        28 -14.3754042975101
        95        29 -13.7371626673175
        95        30 -13.0358986315063
        95        31 -12.2787033123691
        95        32 -11.4735388595452
        95        33 -10.6293574347865
        95        34  -9.7561893313487
        95        35  -8.8651503727842
        95        36  -7.9683166917854
        95        37  -7.0784294191665
        95        38  -6.2084193068733
        95        39  -5.3707619061586
        95        40  -4.5766511029272
        95        41  -3.8348845924615
        95        42  -3.1502304537774
        95        43  -2.5210528994172
        95        44  -1.9363327801307
        95        45  -1.3729321883477
        95        46  -0.7945816758716
        95        47  -0.1539176608801
        95        48   0.6022903663136
        95        49   1.5261228530776
        95        50   2.6618344883521
        95        51   4.0410772055602
        95        52   5.6803797252090
        95        53   7.5804793915641
        95        54   9.7271044372956
        95        55  12.0930708331189
        95        56  14.6415750319524
        95        57  17.3303127479983
        95        58  20.1157892062359
        95        59  22.9571052611438
        95        60  25.8186605402553
        95        61  28.6715407245055
        95        62  31.4937042881549
        95        63  34.2693166017108
        95        64  36.9876434554297
        95        65  39.6418478636100
        95        66  42.2279079470854
        95        67  44.7437527105317
        95        68  47.1886277084206
        95        69  49.5626577500057
        95        70  51.8665588981130
        95        71  54.1014542549508
        95        72  56.2687573575513
        95        73  58.3700974349545
        95        74  60.4072695853512
        95        75  62.3821993814138
        95        76  64.2969157216757
        95        77  66.1535284391276
        95        78  67.9542087755486
        95        79  69.7011717371744
        95        80  71.3966598428884
        95        81  73.0429280367930
        95        82  74.6422296682295
        95        83  76.1968035043199
        95        84  77.7088617661280
        95        85  79.1805791873990
        95        86  80.6140830938922
        95        87  82.0114444963856
        95        88  83.3746701839678
        95        89  84.7056957974724
        95        90  86.0063798564838
        95        91  87.2784987075405
        95        92  88.5237423561422
        95        93  89.7437111409724
        95        94  90.9399132053976
        95        95  92.1137627187740
        95        96  93.2665787983480
        95        97  94.3995850815213
        95        98  95.5139098979212
        95        99  96.6105869909827
        95       100  97.6905567395652
        95       101  98.7546678314056
        95       102  99.8036793418800
        95       103 100.8382631735366
        95       104 101.8590068141075
        95       105 102.8664163731166
        95       106 103.8609198597407
        95       107 104.8428706671598
        95       108 105.8125512312194
        95       109 106.7701768337575
        95       110 107.7158995233887
        95       111 108.6498121288481
        95       112 109.5719523421472
        95       113 110.4823068507656
        95       114 111.3808154998796
        95       115 112.2673754671952
        95       116 113.1418454343208
        95       117 114.0040497397691
        95       118 114.8537824996434
        95       119 115.6908116828395
        95       120 116.5148831282056
        95       121 117.3257244915664
        95       122 118.1230491108540
        95       123 118.9065597778234
        95       124 119.6759524049912
        95       125 120.4309195765401
        95       126 121.1711539720140
        95       127 121.8963516517048
        95       128 122.6062151927286
        95       129 123.3004566649229
        95       130 123.9788004358918
        95       131 124.6409857947878
        95       132 125.2867693847684
        95       133 125.9159274345056
        95       134 126.5282577796650
        95       135 127.1235816659064
        95       136 127.7017453256945
        95       137 128.2626213220377
        95       138 128.8061096531893
        95       139 129.3321386133376
        95       140 129.8411279149987

        96         1   0.0000000000000
        96         2  -1.4242038023497
        96         3  -2.8388782440062
        96         4  -4.2347093007986
        96         5  -5.6025448962619
        96         6  -6.9334722008931
        96         7  -8.2188922056487
        96         8  -9.4505907600722
        96         9 -10.6208053187642
        96        10 -11.7222867060034
        96        11 -12.7483552850524
        96        12 -13.6929510040410
        96        13 -14.5506768823409
        96        14 -15.3168355980250
        96        15 -15.9874589363475
        96        16 -16.5593299592485
        96        17 -17.0299978549497
        96        18 -17.3977855235640
        96        19 -17.6617900493325
        96        20 -17.8218763054938
        96        21 -17.8786640428081
        96        22 -17.8335089481908
        96        23 -17.6884783676747
        96        24 -17.4463227425734
        96        25 -17.1104444241010
        96        26 -16.6848665537045
        96        27 -16.1742062400266
        96        28 -15.5836582842328
        96        29 -14.9189977816385
        96        30 -14.1866110216077
        96        31 -13.3935624841244
        96        32 -12.5476993097382
        96        33 -11.6577819914640
        96        34 -10.7336120405193
        96        35  -9.7861085060611
        96        36  -8.8272735443726
        96        37  -7.8699912422666
        96        38  -6.9276253984731
        96        39  -6.0134061486114
        96        40  -5.1395863373536
        96        41  -4.3162702680835
        96        42  -3.5496965765682
        96        43  -2.8397508995458
        96        44  -2.1768267100716
        96        45  -1.5388858204910
        96        46  -0.8902593464876
        96        47  -0.1836297780579
        96        48   0.6345813331864
        96        49   1.6168525679730
        96        50   2.8075191267933
        96        51   4.2377940845082
        96        52   5.9233059914390
        96        53   7.8636951360573
        96        54  10.0437248166372
        96        55  12.4356412139624
        96        56  15.0025970999764
        96        57  17.7027617069099
        96        58  20.4935106007249
        96        59  23.3350307724621
        96        60  26.1928405800822
        96        61  29.0390378518784
        96        62  31.8524115058940
        96        63  34.6177590671248
        96        64  37.3248023275852
        96        65  39.9670234013241
        96        66  42.5406230935127
        96        67  45.0436900684051
        96        68  47.4755904065252
        96        69  49.8365456498828
        96        70  52.1273537832493
        96        71  54.3492098499414
        96        72  56.5035917360051
        96        73  58.5921865164933
        96        74  60.6168411025777
        96        75  62.5795270654348
        96        76  64.4823136344596
        96        77  66.3273454583604
        96        78  68.1168232644365
        96        79  69.8529864359197
        96        80  71.5380970142621
        96        81  73.1744248915234
        96        82  74.7642340892390
        96        83  76.3097700828993
        96        84  77.8132481580132
        96        85  79.2768427923016
        96        86  80.7026780581975
        96        87  82.0928190353683
        96        88  83.4492642169234
        96        89  84.7739388865856
        96        90  86.0686894380269
        96        91  87.3352786021098
        96        92  88.5753815430786
        96        93  89.7905827808734
        96        94  90.9823738936844
        96        95  92.1521519526327
        96        96  93.3012186389774
        96        97  94.4307799934957
        96        98  95.5419467475672
        96        99  96.6357351859745
        96       100  97.7130684924204
        96       101  98.7747785301986
        96       102  99.8216080122536
        96       103 100.8542130169642
        96       104 101.8731658083070
        96       105 102.8789579215326
        96       106 103.8720034780606
        96       107 104.8526426959024
        96       108 105.8211455645097
        96       109 106.7777156554645
        96       110 107.7224940428427
        96       111 108.6555633093523
        96       112 109.5769516164568
        96       113 110.4866368186096
        96       114 111.3845506034403
        96       115 112.2705826412443
        96       116 113.1445847284213
        96       117 114.0063749106017
        96       118 114.8557415720953
        96       119 115.6924474790102
        96       120 116.5162337639370
        96       121 117.3268238404964
        96       122 118.1239272363332
        96       123 118.9072433333177
        96       124 119.6764650038357
        96       125 120.4312821321066
        96       126 121.1713850095163
        96       127 121.8964675929982
        96       128 122.6062306155618
        96       129 123.3003845381846
        96       130 123.9786523324597
        96       131 124.6407720836362
        96       132 125.2864994040340
        96       133 125.9156096472435
        96       134 126.5278999140517
        96       135 127.1231908416735
        96       136 127.7013281685952
        96       137 128.2621840681664
        96       138 128.8056582449904
        96       139 129.3316787891543
        96       140 129.8406653066237

        97         1   0.0000000000000
        97         2  -1.5149648112913
        97         3  -3.0198713738026
        97         4  -4.5048898689616
        97         5  -5.9603615910470
        97         6  -7.3768806050093
        97         7  -8.7453725126866
        97         8 -10.0571694677979
        97         9 -11.3040806364004
        97        10 -12.4784573693260
        97        11 -13.5732524341809
        97        12 -14.5820727447529
        97        13 -15.4992251230265
        97        14 -16.3197547313789
        97        15 -17.0394759178052
        97        16 -17.6549953230934
        97        17 -18.1637272037440
        97        18 -18.5639010262977
        97        19 -18.8545614863554
        97        20 -19.0355611990181
        97        21 -19.1075464000155
        97        22 -19.0719360989473
        97        23 -18.9308952634060
        97        24 -18.6873028388254
        97        25 -18.3447158218421
        97        26 -17.9073313585075
        97        27 -17.3799501238659
        97        28 -16.7679461958246
        97        29 -16.0772511504960
        97        30 -15.3143625011672
        97        31 -14.4863873436686
        97        32 -13.6011287852641
        97        33 -12.6672129400166
        97        34 -11.6942369970880
        97        35 -10.6928967044823
        97        36  -9.6750318683481
        97        37  -8.6535213512433
        97        38  -7.6419709508849
        97        39  -6.6541596453963
        97        40  -5.7032094836716
        97        41  -4.8003812726491
        97        42  -3.9532862847942
        97        43  -3.1632916045464
        97        44  -2.4222281776296
        97        45  -1.7092562137350
        97        46  -0.9894798743623
        97        47  -0.2158503269804
        97        48   0.6653349330300
        97        49   1.7067826960151
        97        50   2.9528274881296
        97        51   4.4342512388597
        97        52   6.1658519832659
        97        53   8.1462698848105
        97        54  10.3594001205839
        97        55  12.7769990189790
        97        56  15.3622295021348
        97        57  18.0737583812437
        97        58  20.8698281799355
        97        59  23.7116890838335
        97        60  26.5659462554647
        97        61  29.4056782593535
        97        62  32.2104795191649
        97        63  34.9657633034242
        97        64  37.6616987770243
        97        65  40.2920842612191
        97        66  42.8533438996254
        97        67  45.3437284792851
        97        68  47.7627277416038
        97        69  50.1106631382782
        97        70  52.3884175082870
        97        71  54.5972604312270
        97        72  56.7387364001004
        97        73  58.8145922905100
        97        74  60.8267285176311
        97        75  62.7771641141185
        97        76  64.6680099039952
        97        77  66.5014464394055
        97        78  68.2797048639236
        97        79  70.0050497279513
        97        80  71.6797632596965
        97        81  73.3061308507204
        97        82  74.8864276460296
        97        83  76.4229061920265
        97        84  77.9177851232233
        97        85  79.3732388778700
        97        86  80.7913884328389
        97        87  82.1742930441283
        97        88  83.5239429737053
        97        89  84.8422531774038
        97        90  86.1310579228770
        97        91  87.3921063014837
        97        92  88.6270585936279
        97        93  89.8374834435153
        97        94  91.0248557965490
        97        95  92.1905555506366
        97        96  93.3358668714739
        97        97  94.4619781213619
        97        98  95.5699823512296
        97        99  96.6608783062151
        97       100  97.7355718963288
        97       101  98.7948780853057
        97       102  99.8395231526868
        97       103 100.8701472863666
        97       104 101.8873074652475
        97       105 102.8914805941765
        97       106 103.8830668559460
        97       107 104.8623932477677
        97       108 105.8297172722102
        97       109 106.7852307551008
        97       110 107.7290637652756
        97       111 108.6612886132954
        97       112 109.5819239083039
        97       113 110.4909386540647
        97       114 111.3882563668678
        97       115 112.2737591994407
        97       116 113.1472920562271
        97       117 114.0086666864206
        97       118 114.8576657419685
        97       119 115.6940467884067
        97       120 116.5175462568731
        97       121 117.3278833259873
        97       122 118.1247637225125
        97       123 118.9078834298453
        97       124 119.6769322934490
        97       125 120.4315975123647
        97       126 121.1715670059485
        97       127 121.8965326449915
        97       128 122.6061933364315
        97       129 123.3002579509493
        97       130 123.9784480829103
        97       131 124.6405006323443
        97       132 125.2861701989870
        97       133 125.9152312788336
        97       134 126.5274802541820
        97       135 127.1227371687728
        97       136 127.7008472803638
        97       137 128.2616823839009
        97       138 128.8051418993607
        97       139 129.3311537193266
        97       140 129.8401373537509

        98         1   0.0000000000000
        98         2  -1.6039219646049
        98         3  -3.1972660768067
        98         4  -4.7696957471183
        98         5  -6.3110544950040
        98         6  -7.8114518837470
        98         7  -9.2613464003386
        98         8 -10.6516243714523
        98         9 -11.9736740658639
        98        10 -13.2194542072199
        98        11 -14.3815562064721
        98        12 -15.4532595184183
        98        13 -16.4285796294587
        98        14 -17.3023082917067
        98        15 -18.0700457297690
        98        16 -18.7282246586376
        98        17 -19.2741260620338
        98        18 -19.7058867881885
        98        19 -20.0224991226149
        98        20 -20.2238025937450
        98        21 -20.3104683576864
        98        22 -20.2839765970227
        98        23 -20.1465874690047
        98        24 -19.9013062842244
        98        25 -19.5518438599118
        98        26 -19.1025735059738
        98        27 -18.5584870747885
        98        28 -17.9251541831142
        98        29 -17.2086912312914
        98        30 -16.4157499152171
        98        31 -15.5535374164433
        98        32 -14.6298800908289
        98        33 -13.6533361565466
        98        34 -12.6333480669111
        98        35 -11.5804023452994
        98        36 -10.5061392397577
        98        37  -9.4233371223841
        98        38  -8.3456969409847
        98        39  -7.2873674072972
        98        40  -6.2621546501069
        98        41  -5.2823092375251
        98        42  -4.3566834270520
        98        43  -3.4880398877180
        98        44  -2.6696184592152
        98        45  -1.8818210715640
        98        46  -1.0906482650086
        98        47  -0.2495088137277
        98        48   0.6952121236540
        98        49   1.7962712425481
        98        50   3.0978998613285
        98        51   4.6304319470598
        98        52   6.4078841240578
        98        53   8.4279792726415
        98        54  10.6738325569172
        98        55  13.1167849532695
        98        56  15.7200598236376
        98        57  18.4428435447587
        98        58  21.2442414632002
        98        59  24.0865442353105
        98        60  26.9374125261789
        98        61  29.7708747296883
        98        62  32.5673059295508
        98        63  35.3127183733958
        98        64  37.9977192982987
        98        65  40.6164195223841
        98        66  43.1654663578580
        98        67  45.6432744285954
        98        68  48.0494596268332
        98        69  50.3844459478212
        98        70  52.6492035593939
        98        71  54.8450787817763
        98        72  56.9736846332790
        98        73  59.0368294451438
        98        74  61.0364685610693
        98        75  62.9746697001394
        98        76  64.8535863324356
        98        77  66.6754358127157
        98        78  68.4424804653778
        98        79  70.1570106530061
        98        80  71.8213293293911
        98        81  73.4377378303384
        98        82  75.0085227860985
        98        83  76.5359441030542
        98        84  78.0222239905621
        98        85  79.4695370187331
        98        86  80.8800011936821
        98        87  82.2556700332678
        98        88  83.5985256211195
        98        89  84.9104726111325
        98        90  86.1933331492502
        98        91  87.4488426745903
        98        92  88.6786465579410
        98        93  89.8842975324234
        98        94  91.0672538686846
        98        95  92.2288782453239
        98        96  93.3704372643241
        98        97  94.4931015609969
        98        98  95.5979464582963
        98        99  96.6859531162363
        98       100  97.7580101284936
        98       101  98.8149155200142
        98       102  99.8573791014977
        98       103 100.8860251389340
        98       104 101.9013952988439
        98       105 102.9039518324692
        98       106 103.8940809647945
        98       107 104.8720964569262
        98       108 105.8382433129349
        98       109 106.7927016047575
        98       110 107.7355903911112
        98       111 108.6669717085615
        98       112 109.5868546148953
        98       113 110.4951992667515
        98       114 111.3919210150552
        98       115 112.2768945031752
        98       116 113.1499577538853
        98       117 114.0109162321650
        98       118 114.8595468716310
        98       119 115.6956020529750
        98       120 116.5188135231968
        98       121 117.3288962447091
        98       122 118.1255521635572
        98       123 118.9084738860772
        98       124 119.6773482533366
        98       125 120.4318598026856
        98       126 121.1716941057166
        98       127 121.8965409719206
        98       128 122.6060975073430
        98       129 123.3000710176214
        98       130 123.9781817449282
        98       131 124.6401654285708
        98       132 125.2857756793229
        98       133 125.9147861579836
        98       134 126.5269925491822
        98       135 127.1222143220801
        98       136 127.7002962703444
        98       137 128.2611098245947
        98       138 128.8045541314316
        98       139 129.3305568941399
        98       140 129.8395375384993

        99         1   0.0000000000000
        99         2  -1.6909016681350
        99         3  -3.3707159080689
        99         4  -5.0286090864454
        99         5  -6.6539364966381
        99         6  -8.2363324850639
        99         7  -9.7657973619429
        99         8 -11.2327801390283
        99         9 -12.6282561991257
        99        10 -13.9437990794521
        99        11 -15.1716456406174
        99        12 -16.3047539929594
        99        13 -17.3368536598909
        99        14 -18.2624875715463
        99        15 -19.0770455990402
        99        16 -19.7767894577742
        99        17 -20.3588689251640
        99        18 -20.8213294317341
        99        19 -21.1631111926754
        99        20 -21.3840401479745
        99        21 -21.4848110720676
        99        22 -21.4669632995839
        99        23 -21.3328495981364
        99        24 -21.0855988210854
        99        25 -20.7290731399230
        99        26 -20.2678209892890
        99        27 -19.7070275452840
        99        28 -19.0524658806855
        99        29 -18.3104541934063
        99        30 -17.4878277396938
        99        31 -16.5919376632858
        99        32 -15.6306909001165
        99        33 -14.6126424999755
        99        34 -13.5471403748225
        99        35 -12.4445009417533
        99        36 -11.3161656335961
        99        37 -10.1747623413405
        99        38  -9.0339843736845
        99        39  -7.9082049335606
        99        40  -6.8117462723144
        99        41  -5.7576801670879
        99        42  -4.7559489710228
        99        43  -3.8105918487451
        99        44  -2.9161856520069
        99        45  -2.0543688480164
        99        46  -1.1921150916146
        99        47  -0.2834437439608
        99        48   0.7249790345392
        99        49   1.8857811081838
        99        50   3.2429739667490
        99        51   4.8264073635408
        99        52   6.6493477803124
        99        53   8.7086705167604
        99        54  10.9867901525170
        99        55  13.4547010974558
        99        56  16.0757335931323
        99        57  18.8096132049589
        99        58  21.6163029423847
        99        59  24.4591111850718
        99        60  27.3067232444342
        99        61  30.1340868452177
        99        62  32.9223329579856
        99        63  35.6580557217123
        99        64  38.3322905239395
        99        65  40.9394562003287
        99        66  43.4764222729835
        99        67  45.9417681865895
        99        68  48.3352378352915
        99        69  50.6573598462677
        99        70  52.9091937266089
        99        71  55.0921643428022
        99        72  57.2079548097536
        99        73  59.2584362636538
        99        74  61.2456201297070
        99        75  63.1716237964902
        99        76  65.0386442163159
        99        77  66.8489362549728
        99        78  68.6047940143035
        99        79  70.3085341675339
        99        80  71.9624808063225
        99        81  73.5689515475913
        99        82  75.1302447780845
        99        83  76.6486279787394
        99        84  78.1263270998290
        99        85  79.5655169683335
        99        86  80.9683127102819
        99        87  82.3367621677680
        99        88  83.6728392855428
        99        89  84.9784384368529
        99        90  86.2553696532039
        99        91  87.5053547183125
        99        92  88.7300240828223
        99        93  89.9309145534534
        99        94  91.1094677081313
        99        95  92.2670289872735
        99        96  93.4048474107513
        99        97  94.5240758700320
        99        98  95.6257719455749
        99        99  96.7108992006399
        99       100  97.7803289041822
        99       101  98.8348421373987
        99       102  99.8751322406642
        99       103 100.9018075599958
        99       104 101.9153944547395
        99       105 102.9163405308103
        99       106 103.9050180664938
        99       107 104.8817276004666
        99       108 105.8467016542713
        99       109 106.8001085639522
        99       110 107.7420563978791
        99       111 108.6725969399347
        99       112 109.5917297191966
        99       113 110.4994060689858
        99       114 111.3955331996812
        99       115 112.2799782710076
        99       116 113.1525724505930
        99       117 114.0131149464715
        99       118 114.8613770019019
        99       119 115.6971058413776
        99       120 116.5200285570603
        99       121 117.3298559250902
        99       122 118.1262861413365
        99       123 118.9090084661837
        99       124 119.6777067679180
        99       125 120.4320629542277
        99       126 121.1717602812626
        99       127 121.8964865296619
        99       128 122.6059370369534
        99       129 123.2998175757852
        99       130 123.9778470675834
        99       131 124.6397601214505
        99       132 125.2853093884324
        99       133 125.9142677217063
        99       134 126.5264301337603
        99       135 127.1216155422689
        99       136 127.6996682970929
        99       137 128.2604594816548
        99       138 128.8038879828484
        99       139 129.3298813246178
        99       140 129.8388588617648

       100         1   0.0000000000000
       100         2  -1.7757369002495
       100         3  -3.5398875806372
       100         4  -5.2811318068806
       100         5  -6.9883469013826
       100         6  -8.6507019711900
       100         7 -10.2577487629189
       100         8 -11.7995081395125
       100         9 -13.2665512389582
       100        10 -14.6500744560052
       100        11 -15.9419674819149
       100        12 -17.1348737420010
       100        13 -18.2222426838358
       100        14 -19.1983734881522
       100        15 -20.0584498972702
       100        16 -20.7985659799255
       100        17 -21.4157427743015
       100        18 -21.9079358705603
       100        19 -22.2740341080480
       100        20 -22.5138496686370
       100        21 -22.6280999447855
       100        22 -22.6183816482179
       100        23 -22.4871377046997
       100        24 -22.2376175616356
       100        25 -21.8738316465198
       100        26 -21.4005009264144
       100        27 -20.8230029824878
       100        28 -20.1473169971965
       100        29 -19.3799719237126
       100        30 -18.5280051650199
       100        31 -17.5989431262739
       100        32 -16.6008186489112
       100        33 -15.5422405547852
       100        34 -14.4325230360862
       100        35 -13.2818639235587
       100        36 -12.1015316753978
       100        37 -10.9039888865831
       100        38  -9.7028576491938
       100        39  -8.5126257874473
       100        40  -7.3479880722324
       100        41  -6.2226779960972
       100        42  -5.1475701379436
       100        43  -4.1278397888636
       100        44  -3.1592962237900
       100        45  -2.2247690434531
       100        46  -1.2922399142634
       100        47  -0.3164561177951
       100        48   0.7554640923426
       100        49   1.9758468918129
       100        50   3.3883596996865
       100        51   5.0223173275316
       100        52   6.8902524896873
       100        53   8.9882507809972
       100        54  11.2980973222938
       100        55  13.7905030285338
       100        56  16.4289475086749
       100        57  19.1737126412128
       100        58  21.9856127545132
       100        59  24.8289510201611
       100        60  27.6734068570189
       100        61  30.4948171581245
       100        62  33.2750440652127
       100        63  36.0012462236227
       100        64  38.6648766728763
       100        65  41.2606570615012
       100        66  43.7856774067683
       100        67  46.2386822474229
       100        68  48.6195446996736
       100        69  50.9288995658713
       100        70  53.1678972348751
       100        71  55.3380425213231
       100        72  57.4410898560505
       100        73  59.4789742196917
       100        74  61.4537639974063
       100        75  63.3676269864074
       100        76  65.2228042408878
       100        77  67.0215886546240
       100        78  68.7663065352720
       100        79  70.4593012185126
       100        80  72.1029182196285
       100        81  73.6994916656996
       100        82  75.2513318806895
       100        83  76.7607140600869
       100        84  78.2298680011907
       100        85  79.6609688662090
       100        86  81.0561289571598
       100        87  82.4173904789867
       100        88  83.7467192629281
       100        89  85.0459994173332
       100        90  86.3170288684989
       100        91  87.5615157500385
       100        92  88.7810755959485
       100        93  89.9772292899554
       100        94  91.1514017219168
       100        95  92.3049211009701
       100        96  93.4390188747342
       100        97  94.5548302041056
       100        98  95.6533949439808
       100        99  96.7356590815202
       100       100  97.8024765852580
       100       101  98.8546116203950
       100       102  99.8927410879099
       100       103 100.9174574476166
       100       104 101.9292717879209
       100       105 102.9286171077209
       100       106 103.9158517785961
       100       107 104.8912631580891
       100       108 105.8550713274595
       100       109 106.8074329297305
       100       110 107.7484450861424
       100       111 108.6781493712212
       100       112 109.5965358285792
       100       113 110.5035470112371
       100       114 111.3990820317219
       100       115 112.2830006084308
       100       116 113.1551270957659
       100       117 114.0152544863585
       100       118 114.8631483743151
       100       119 115.6985508688610
       100       120 116.5211844480438
       100       121 117.3307557423187
       100       122 118.1269592378911
       100       123 118.9094808896707
       100       124 119.6780016336173
       100       125 120.4322007881644
       100       126 121.1717593343096
       100       127 121.8963630638934
       100       128 122.6057055855661
       100       129 123.2994911779815
       100       130 123.9774374798840
       100       131 124.6392780069659
       100       132 125.2847644856887
       100       133 125.9136689946834
       100       134 126.5257859048691
       100       135 127.1209336100592
       100       136 127.6989560405551
       100       137 128.2597239530482
       100       138 128.8031359910506
       100       139 129.3291195110532
       100       140 129.8380938114960

       101         1   0.0000000000000
       101         2  -1.8582685318816
       101         3  -3.7044635963878
       101         4  -5.5267895207398
       101         5  -7.3136566213174
       101         6  -9.0537794391652
       101         7 -10.7362714483711
       101         8 -12.3507351854741
       101         9 -13.8873468162810
       101        10 -15.3369342410191
       101        11 -16.6910479369549
       101        12 -17.9420238470374
       101        13 -19.0830377413535
       101        14 -20.1081506027729
       101        15 -21.0123447166418
       101        16 -21.7915502742787
       101        17 -22.4426624288555
       101        18 -22.9635488676222
       101        19 -23.3530480840332
       101        20 -23.6109586450601
       101        21 -23.7380198509735
       101        22 -23.7358842758685
       101        23 -23.6070827572900
       101        24 -23.3549824766567
       101        25 -22.9837388547114
       101        26 -22.4982421239469
       101        27 -21.9040597451397
       101        28 -21.2073765376040
       101        29 -20.4149358715609
       101        30 -19.5339879688355
       101        31 -18.5722554326593
       101        32 -17.5379307653662
       101        33 -16.4397232703915
       101        34 -15.2869689296175
       101        35 -14.0898017956301
       101        36 -12.8593574469696
       101        37 -11.6079432750435
       101        38 -10.3490785597489
       101        39  -9.0972887962488
       101        40  -7.8675247289138
       101        41  -6.6740380108606
       101        42  -5.5284799770654
       101        43  -4.4370107120215
       101        44  -3.3965447160176
       101        45  -2.3910258977347
       101        46  -1.3894431569815
       101        47  -0.3473556927972
       101        48   0.7875190728020
       101        49   2.0670432986799
       101        50   3.5344139727947
       101        51   5.2183503802597
       101        52   7.1306559447992
       101        53   9.2666741351083
       101        54  11.6076240532742
       101        55  14.1239906788517
       101        56  16.7794415748850
       101        57  19.5348295410743
       101        58  22.3518126296687
       101        59  25.1956655959098
       101        60  28.0370316605004
       101        61  30.8526070096753
       101        62  33.6249602926295
       101        63  36.3417970061107
       101        64  38.9949768089710
       101        65  41.5795182751227
       101        66  44.0927294796602
       101        67  46.5335196395828
       101        68  48.9018916937829
       101        69  51.1985876221059
       101        70  53.4248497699554
       101        71  55.5822638967011
       101        72  57.6726566146589
       101        73  59.6980274772092
       101        74  61.6605024326999
       101        75  63.5623001821931
       101        76  65.4057062854203
       101        77  67.1930519905529
       101        78  68.9266960723106
       101        79  70.6090087352196
       101        80  72.2423570786354
       101        81  73.8290918621424
       101        82  75.3715354381272
       101        83  76.8719707828780
       101        84  78.3326315874975
       101        85  79.7556933815556
       101        86  81.1432656647480
       101        87  82.4973850197210
       101        88  83.8200091752676
       101        89  85.1130119846521
       101        90  86.3781792795689
       101        91  87.6172055565391
       101        92  88.8316914495401
       101        93  90.0231419404108
       101        94  91.1929652570732
       101        95  92.3424724088232
       101        96  93.4728773078252
       101        97  94.5852974264243
       101        98  95.6807549409053
       101        99  96.7601783138029
       101       100  97.8244042687288
       101       101  98.8741801138556
       101       102  99.9101663726108
       101       103 100.9329396827238
       101       104 101.9429959274569
       101       105 102.9407535655921
       101       106 103.9265571294706
       101       107 104.9006808630481
       101       108 105.8633324744929
       101       109 106.8146569802734
       101       110 107.7547406199323
       101       111 108.6836148228000
       101       112 109.6012602097387
       101       113 110.5076106146306
       101       114 111.4025571117123
       101       115 112.2859520360215
       101       116 113.1576129851684
       101       117 114.0173267913780
       101       118 114.8648534532951
       101       119 115.6999300174139
       101       120 116.5222743992153
       101       121 117.3315891341898
       101       122 118.1275650489227
       101       123 118.9098848423428
       101       124 119.6782265671165
       101       125 120.4322670010371
       101       126 121.1716848981313
       101       127 121.8961641091096
       101       128 122.6053965607497
       101       129 123.2990850838305
       101       130 123.9769460793510
       101       131 124.6387120129828
       101       132 125.2841337280230
       101       133 125.9129825675353
       101       134 126.5250522969030
       101       135 127.1201608186509
       101       136 127.6981516721236
       101       137 128.2588953114335
       101       138 128.8022901559851
       101       139 129.3282634088544
       101       140 129.8372343282451

       102         1   0.0000000000000
       102         2  -1.9383466098396
       102         3  -3.8641448030668
       102         4  -5.7651353448716
       102         5  -7.6292732148595
       102         6  -9.4448297516591
       102         7 -11.2004911199541
       102         8 -12.8854520024217
       102         9 -14.4895034902220
       102        10 -16.0031142338132
       102        11 -17.4175040182254
       102        12 -18.7247090409646
       102        13 -19.9176382939679
       102        14 -20.9901205809493
       102        15 -21.9369418355392
       102        16 -22.7538725412552
       102        17 -23.4376851890010
       102        18 -23.9861618389659
       102        19 -24.3980919790847
       102        20 -24.6732609893824
       102        21 -24.8124296285925
       102        22 -24.8173050548039
       102        23 -24.6905039747859
       102        24 -24.4355085885149
       102        25 -24.0566160647059
       102        26 -23.5588823784451
       102        27 -22.9480615426408
       102        28 -22.2305417552562
       102        29 -21.4132811145354
       102        30 -20.5037478300162
       102        31 -19.5098736947857
       102        32 -18.4400346753556
       102        33 -17.3030768457967
       102        34 -16.1084053060094
       102        35 -14.8661425769789
       102        36 -13.5873374814345
       102        37 -12.2841681398270
       102        38 -10.9700435638669
       102        39  -9.6594781630154
       102        40  -8.3675885793739
       102        41  -7.1090204297752
       102        42  -5.8960551726954
       102        43  -4.7356836213670
       102        44  -3.6257846401178
       102        45  -2.5513167668691
       102        46  -1.4822465100810
       102        47  -0.3749993494550
       102        48   0.8219851141149
       102        49   2.1599563265928
       102        50   3.6815168335069
       102        51   5.4147240903772
       102        52   7.3706477110205
       102        53   9.5439279462753
       102        54  11.9152743989369
       102        55  14.4549984962108
       102        56  17.1269905974998
       102        57  19.8926865819093
       102        58  22.7145793802681
       102        59  25.5588918062188
       102        60  28.3972007626974
       102        61  31.2070321150041
       102        62  33.9716364130659
       102        63  36.6792481112161
       102        64  39.3221219647375
       102        65  41.8955669465376
       102        66  44.3971060655330
       102        67  46.8258121374828
       102        68  49.1818179208122
       102        69  51.4659730430144
       102        70  53.6796124175417
       102        71  55.8244033420854
       102        72  57.9022451237651
       102        73  59.9152023073511
       102        74  61.8654587342174
       102        75  63.7552842627166
       102        76  65.5870091482155
       102        77  67.3630031317184
       102        78  69.0856575517602
       102        79  70.7573695452412
       102        80  72.3805278331476
       102        81  73.9574998254388
       102        82  75.4906199065825
       102        83  76.9821788278754
       102        84  78.4344141630976
       102        85  79.8495017962268
       102        86  81.2295484127909
       102        87  82.5765849648027
       102        88  83.8925610756845
       102        89  85.1793403475431
       102        90  86.4386965292755
       102        91  87.6723105006411
       102        92  88.8817680247715
       102        93  90.0685582196633
       102        94  91.2340726980036
       102        95  92.3796053241827
       102        96  93.5063525374968
       102        97  94.6154141912632
       102        98  95.7077948588109
       102        99  96.7844055589702
       102       100  97.8460658557173
       102       101  98.8935062889408
       102       102  99.9273710958273
       102       103 100.9482211850375
       102       104 101.9565373286030
       102       105 102.9527235392527
       102       106 103.9371106036292
       102       107 104.9099597445252
       102       108 105.8714663878194
       102       109 106.8217640121867
       102       110 107.7609280618673
       102       111 108.6889799047846
       102       112 109.6058908200819
       102       113 110.5115860007064
       102       114 111.4059485579849
       102       115 112.2888235162287
       102       116 113.1600217862748
       102       117 114.0193241075311
       102       118 114.8664849485628
       102       119 115.7012363565568
       102       120 116.5232917461549
       102       121 117.3323496181769
       102       122 118.1280971986936
       102       123 118.9102139887860
       102       124 119.6783752151591
       102       125 120.4322551716108
       102       126 121.1715304411957
       102       127 121.8958829888086
       102       128 122.6050031138578
       102       129 123.2985922527171
       102       130 123.9763656207645
       102       131 124.6380546840282
       102       132 125.2834094507887
       102       133 125.9122005739163
       102       134 126.5242212552677
       102       135 127.1192889441087
       102       136 127.6972468222688
       102       137 128.2579650695545
       102       138 128.8013419038487
       102       139 129.3273043912746
       102       140 129.8362717675547

       103         1   0.0000000000000
       103         2  -2.0158315884851
       103         3  -4.0186528479150
       103         4  -5.9957535573277
       103         5  -7.9346457185092
       103         6  -9.8231695069006
       103         7 -11.6495953983715
       103         8 -13.4027213297728
       103         9 -15.0719638252614
       103        10 -16.6474421120491
       103        11 -18.1200543556545
       103        12 -19.4815452633045
       103        13 -20.7245644322785
       103        14 -21.8427149551263
       103        15 -22.8305919332078
       103        16 -23.6838106912714
       103        17 -24.3990246261683
       103        18 -24.9739327597014
       103        19 -25.4072771965063
       103        20 -25.6988308104343
       103        21 -25.8493755950418
       103        22 -25.8606722137573
       103        23 -25.7354213719000
       103        24 -25.4772177061000
       103        25 -25.0904969510389
       103        26 -24.5804772161363
       103        27 -23.9530953402061
       103        28 -23.2149396319788
       103        29 -22.3731811527094
       103        30 -21.4355075638495
       103        31 -20.4100670236518
       103        32 -19.3054347724855
       103        33 -18.1306205300230
       103        34 -16.8951368453993
       103        35 -15.6091411421781
       103        36 -14.2836419688853
       103        37 -12.9307226935304
       103        38 -11.5636914276172
       103        39 -10.1970252805959
       103        40  -8.8459405048883
       103        41  -7.5253725869552
       103        42  -6.2480991191389
       103        43  -5.0217909168016
       103        44  -3.8451441299211
       103        45  -2.7040172136335
       103        46  -1.5693026989719
       103        47  -0.3983215883379
       103        48   0.8596641475115
       103        49   2.2551579357587
       103        50   3.8300496620727
       103        51   5.6116665014239
       103        52   7.6103334439493
       103        53   9.8200193886494
       103        54  12.2209748760402
       103        55  14.7833854018079
       103        56  17.4713954418654
       103        57  20.2470337838299
       103        58  23.0736181890207
       103        59  25.9182956856589
       103        60  28.7535469066383
       103        61  31.5576980349642
       103        62  34.3146569865198
       103        63  37.0131690764403
       103        64  39.6458721899081
       103        65  42.2083585801090
       103        66  44.6983624185887
       103        67  47.1151184064162
       103        68  49.4588885352302
       103        69  51.7306300317719
       103        70  53.9317705347984
       103        71  56.0640590773177
       103        72  58.1294678274499
       103        73  60.1301264349223
       103        74  62.0682766950089
       103        75  63.9462396394269
       103        76  65.7663902000833
       103        77  67.5311365655634
       103        78  69.2429025745852
       103        79  70.9041122209714
       103        80  72.5171757656024
       103        81  74.0844771854786
       103        82  75.6083628161801
       103        83  77.0911311087348
       103        84  78.5350234527513
       103        85  79.9422160303873
       103        86  81.3148126690783
       103        87  82.6548386597883
       103        88  83.9642355044348
       103        89  85.2448565524879
       103        90  86.4984634832446
       103        91  87.7267235872880
       103        92  88.9312077983236
       103        93  90.1133894249817
       103        94  91.2746435312905
       103        95  92.4162469143141
       103        96  93.5393786278630
       103        97  94.6451210021483
       103        98  95.7344611107025
       103        99  96.8082926377440
       103       100  97.8674181013536
       103       101  98.9125513902825
       103       102  99.9443205748489
       103       103 100.9632709551417
       103       104 101.9698683125722
       103       105 102.9645023336301
       103       106 103.9474901774755
       103       107 104.9190801616666
       103       108 105.8794555428604
       103       109 106.8287383716871
       103       110 107.7669934031703
       103       111 108.6942320460148
       103       112 109.6104163358094
       103       113 110.5154629186758
       103       114 111.4092470331482
       103       115 112.2916064790800
       103       116 113.1623455631694
       103       117 114.0212390112809
       103       118 114.8680358381326
       103       119 115.7024631651481
       103       120 116.5242299773516
       103       121 117.3330308101576
       103       122 118.1285493567815
       103       123 118.9104619868217
       103       124 119.6784411663540
       103       125 120.4321587696687
       103       126 121.1712892725958
       103       127 121.8955128172261
       103       128 122.6045181377673
       103       129 123.2980053372934
       103       130 123.9756885052624
       103       131 124.6372981659028
       103       132 125.2825835479091
       103       133 125.9113146663339
       103       134 126.5232842081235
       103       135 127.1183092134032
       103       136 127.6962325453663
       103       137 128.2569241424474
       103       138 128.8002820473561
       103       139 129.3262332084894
       103       140 129.8351968586312

       104         1   0.0000000000000
       104         2  -2.0905954946939
       104         3  -4.1677324978784
       104         4  -6.2182630539685
       104         5  -8.2292692119714
       104         6 -10.1881726755811
       104         7 -12.0828404866886
       104         8 -13.9016855568411
       104         9 -15.6337609381267
       104        10 -17.2688468201052
       104        11 -18.7975293498067
       104        12 -20.2112704948067
       104        13 -21.5024683023161
       104        14 -22.6645070474353
       104        15 -23.6917969085673
       104        16 -24.5798029547510
       104        17 -25.3250633756680
       104        18 -25.9251970275964
       104        19 -26.3789005050242
       104        20 -26.6859350755325
       104        21 -26.8471039327297
       104        22 -26.8642203265964
       104        23 -26.7400672212148
       104        24 -26.4783492059908
       104        25 -26.0836374501232
       104        26 -25.5613085516570
       104        27 -24.9174782288712
       104        28 -24.1589310397212
       104        29 -23.2930479487260
       104        30 -22.3277350704766
       104        31 -21.2713599594044
       104        32 -20.1327067907577
       104        33 -18.9209678744541
       104        34 -17.6457929333646
       104        35 -16.3174135154928
       104        36 -14.9468412101601
       104        37 -13.5461023890019
       104        38 -12.1284242627764
       104        39 -10.7082373259616
       104        40  -9.3008111705859
       104        41  -7.9212860587619
       104        42  -6.5828160538936
       104        43  -5.2936086716012
       104        44  -4.0530299066943
       104        45  -2.8477151550462
       104        46  -1.6494159179750
       104        47  -0.4163576691002
       104        48   0.9012957603486
       104        49   2.3531845294435
       104        50   3.9803759409202
       104        51   5.8093992596727
       104        52   7.8498201712134
       104        53  10.0949626037458
       104        54  12.5246632433556
       104        55  15.1090249622456
       104        56  17.8124744065775
       104        57  20.5976409235595
       104        58  23.4286559302222
       104        59  26.2735665312208
       104        60  29.1057273063690
       104        61  31.9042356536277
       104        62  34.6536324152096
       104        63  37.3431555076906
       104        64  39.9658135855842
       104        65  42.5174745209118
       104        66  44.9960792726798
       104        67  47.4010221140661
       104        68  49.7326931258941
       104        69  51.9921565856646
       104        70  54.1809325740152
       104        71  56.3008516701415
       104        72  58.3539587308960
       104        73  60.3424483270972
       104        74  62.2686200068798
       104        75  64.1348457606838
       104        76  65.9435449749782
       104        77  67.6971640629488
       104        78  69.3981591450638
       104        79  71.0489808628094
       104        80  72.6520608206660
       104        81  74.2097993824153
       104        82  75.7245546729712
       104        83  77.1986327016787
       104        84  78.6342785542960
       104        85  80.0336686141046
       104        86  81.3989037764599
       104        87  82.7320036203924
       104        88  84.0349014981963
       104        89  85.3094405006875
       104        90  86.5573702526916
       104        91  87.7803444906936
       104        92  88.9799193726037
       104        93  90.1575524683154
       104        94  91.3146023791569
       104        95  92.4523289344073
       104        96  93.5718939137289
       104        97  94.6743622455658
       104        98  95.7607036332237
       104        99  96.8317945623865
       104       100  97.8884206461753
       104       101  98.9312792664385
       104       102  99.9609824727086
       104       103 100.9780601031044
       104       104 101.9829630943362
       104       105 102.9760669508298
       104       106 103.9576753457729
       104       107 104.9280238295569
       104       108 105.8872836236074
       104       109 106.8355654799306
       104       110 107.7729235888270
       104       111 108.6993595191252
       104       112 109.6148261769481
       104       113 110.5192317704440
       104       114 111.4124437690903
       104       115 112.2942928471182
       104       116 113.1645768013223
       104       117 114.0230644340273
       104       118 114.8694993922986
       104       119 115.7036039546407
       104       120 116.5250827564362
       104       121 117.3336264452819
       104       122 118.1289152571983
       104       123 118.9106225044550
       104       124 119.6784179655034
       104       125 120.4319711672577
       104       126 121.1709545497534
       104       127 121.8950465030569
       104       128 122.6039342662223
       104       129 123.2973166781096
       104       130 123.9749067700073
       104       131 124.6364341902406
       104       132 125.2816474513090
       104       133 125.9103159905686
       104       134 126.5222320360581
       104       135 127.1172122697480
       104       136 127.6950992812557
       104       137 128.2557628059069
       104       138 128.7991007419122
       104       139 129.3250399423588
       104       140 129.8339996586277

       105         1   0.0000000000000
       105         2  -2.1625230110698
       105         3  -4.3111537965051
       105         4  -6.4323205605593
       105         5  -8.5126890581370
       105         6 -10.5392758327544
       105         7 -12.4995573497801
       105         8 -14.3815737973485
       105         9 -16.1740264071254
       105        10 -17.8663672456401
       105        11 -19.4488805411966
       105        12 -20.9127547386602
       105        13 -22.2501446119851
       105        14 -23.4542229094957
       105        15 -24.5192211569484
       105        16 -25.4404593955217
       105        17 -26.2143647833571
       105        18 -26.8384791372997
       105        19 -27.3114556333607
       105        20 -27.6330450175696
       105        21 -27.8040718009963
       105        22 -27.8264010218703
       105        23 -27.7028962523798
       105        24 -27.4373696071090
       105        25 -27.0345245749518
       105        26 -26.4998925531100
       105        27 -25.8397640356661
       105        28 -25.0611155802668
       105        29 -24.1715341533310
       105        30 -23.1791416719642
       105        31 -22.0925251964021
       105        32 -20.9206828896769
       105        33 -19.6730022036672
       105        34 -18.3592921389441
       105        35 -16.9898901672289
       105        36 -15.5758491694671
       105        37 -14.1291758699018
       105        38 -12.6630423406495
       105        39 -11.1918349661364
       105        40  -9.7308463093342
       105        41  -8.2953530983015
       105        42  -6.8987806570675
       105        43  -5.5497397525550
       105        44  -4.2481227715039
       105        45  -2.9812164065799
       105        46  -1.7215544272311
       105        47  -0.4282601912325
       105        48   0.9475392006154
       105        49   2.4545192861918
       105        50   4.1328248330001
       105        51   6.0081227646844
       105        52   8.0892030244609
       105        53  10.3687669009173
       105        54  12.8262780296807
       105        55  15.4317961067605
       105        56  18.1500550006328
       105        57  20.9442902537217
       105        58  23.7794347275728
       105        59  26.6244112102430
       105        60  29.4534186299605
       105        61  32.2462967710560
       105        62  34.9881950867270
       105        63  37.6688257168529
       105        64  40.2815553827333
       105        65  42.8225194233584
       105        66  45.2898606527026
       105        67  47.6831300414419
       105        68  50.0028440878289
       105        69  52.2501730945682
       105        70  54.4267288779468
       105        71  56.5344230024630
       105        72  58.5753725150519
       105        73  60.5518364369292
       105        74  62.4661716157344
       105        75  64.3208005641060
       105        76  66.1181867064001
       105        77  67.8608142872787
       105        78  69.5511713427214
       105        79  71.1917348252186
       105        80  72.7849573778156
       105        81  74.3332554791233
       105        82  75.8389988054558
       105        83  77.3045007210189
       105        84  78.7320098387584
       105        85  80.1237026082229
       105        86  81.4816768911684
       105        87  82.8079464854013
       105        88  84.1044365551180
       105        89  85.3729799231462
       105        90  86.6153141777512
       105        91  87.8330795444030
       105        92  89.0278174712648
       105        93  90.2009698762088
       105        94  91.3538790028946
       105        95  92.4877878337989
       105        96  93.6038410090228
       105        97  94.7030862011398
       105        98  95.7864758982168
       105        99  96.8548695493674
       105       100  97.9090360296984
       105       101  98.9496563842267
       105       102  99.9773268131922
       105       103 100.9925618641139
       105       104 101.9957977988744
       105       105 102.9873961070081
       105       106 103.9676471391712
       105       107 104.9367738374399
       105       108 105.8949355415838
       105       109 106.8422318527596
       105       110 107.7787065381551
       105       111 108.7043514619565
       105       112 109.6191105296078
       105       113 110.5228836336864
       105       114 111.4155305908155
       105       115 112.2968750598995
       105       116 113.1667084326068
       105       117 114.0247936874492
       105       118 114.8708691990492
       105       119 115.7046524942627
       105       120 116.5258439467635
       105       121 117.3341304015326
       105       122 118.1291887204514
       105       123 118.9106892399122
       105       124 119.6782991310584
       105       125 120.4316856529817
       105       126 121.1705192889664
       105       127 121.8944767556940
       105       128 122.6032438752432
       105       129 123.2965182997444
       105       130 123.9740120786882
       105       131 124.6354540591562
       105       132 125.2805921096303
       105       133 125.9091951585490
       105       134 126.5210550393923
       105       135 127.1159881347928
       105       136 127.6938368129568
       105       137 128.2544706505286
       105       138 128.7977874369214
       105       139 129.3237139560514
       105       140 129.8326695016985

       106         1   0.0000000000000
       106         2  -2.2315124626770
       106         3  -4.4487140282261
       106         4  -6.6376235567912
       106         5  -8.7845047605434
       106         6 -10.8759829141399
       106         7 -12.8991573268228
       106         8 -14.8417083077206
       106         9 -16.6919974384869
       106        10 -18.4391600692816
       106        11 -20.0731890721716
       106        12 -21.5850090174922
       106        13 -22.9665400807701
       106        14 -24.2107511377278
       106        15 -25.3117016599029
       106        16 -26.2645721807383
       106        17 -27.0656832588044
       106        18 -27.7125030182231
       106        19 -28.2036434935551
       106        20 -28.5388461446962
       106        21 -28.7189570342869
       106        22 -28.7458922737453
       106        23 -28.6225944426805
       106        24 -28.3529807691668
       106        25 -27.9418839253363
       106        26 -27.3949863480264
       106        27 -26.7187490554933
       106        28 -25.9203360592387
       106        29 -25.0075358356319
       106        30 -23.9886823112919
       106        31 -22.8725800933782
       106        32 -21.6684429754642
       106        33 -20.3858610902405
       106        34 -19.0348183897842
       106        35 -17.6257831172797
       106        36 -16.1698818655372
       106        37 -14.6791363829864
       106        38 -13.1666915354042
       106        39 -11.6468996668919
       106        40 -10.1350578794547
       106        41  -8.6465250935481
       106        42  -7.1949062286728
       106        43  -5.7890928544036
       106        44  -4.4293673257000
       106        45  -3.1035437579272
       106        46  -1.7848568211505
       106        47  -0.4333100511289
       106        48   0.9989600427464
       106        49   2.5595781835629
       106        50   4.2876776151254
       106        51   6.2080035115922
       106        52   8.3285536565227
       106        53  10.6414262600868
       106        54  13.1257490746287
       106        55  15.7515746381380
       106        56  18.4839663482852
       106        57  21.2867697234438
       106        58  24.1257059157146
       106        59  26.9705487949160
       106        60  29.7963122464160
       106        61  32.5835499078123
       106        62  35.3179956848968
       106        63  37.9898174897053
       106        64  40.5927271193795
       106        65  43.1231187918300
       106        66  45.5793317355779
       106        67  47.9610702246037
       106        68  50.2689750090305
       106        69  52.5043209412135
       106        70  54.6688104658184
       106        71  56.7644352179388
       106        72  58.7933836248167
       106        73  60.7579784139100
       106        74  62.6606330386722
       106        75  64.5038198864200
       106        76  66.2900458179819
       106        77  68.0218323553390
       106        78  69.7016989442557
       106        79  71.3321483917244
       106        80  72.9156539724015
       106        81  74.4546479221950
       106        82  75.9515111601584
       106        83  77.4085641446301
       106        84  78.8280588016459
       106        85  80.2121714779167
       106        86  81.5629968755424
       106        87  82.8825429258815
       106        88  84.1727265581891
       106        89  85.4353703161942
       106        90  86.6721997734242
       106        91  87.8848416961787
       106        92  89.0748229017610
       106        93  90.2435697589442
       106        94  91.3924082776790
       106        95  92.5225647356851
       106        96  93.6351667907602
       106        97  94.7312450293092
       106        98  95.8117349036707
       106        99  96.8774790132212
       106       100  97.9292296868951
       106       101  98.9676518275957
       106       102  99.9933259819235
       106       103 101.0067516016474
       106       104 102.0083504663305
       106       105 102.9984702394498
       106       106 103.9773881331612
       106       107 104.9453146595245
       106       108 105.9023974484834
       106       109 106.8487251151605
       106       110 107.7843311610643
       106       111 108.7091978955925
       106       112 109.6232603657499
       106       113 110.5264102832803
       106       114 111.4184999394382
       106       115 112.2993460984086
       106       116 113.1687338609451
       106       117 114.0264204901376
       106       118 114.8721391913857
       106       119 115.7056028386499
       106       120 116.5265076389186
       106       121 117.3345367265957
       106       122 118.1293636792040
       106       123 118.9106559454569
       106       124 119.6780781764061
       106       125 120.4312954500444
       106       126 121.1699763794803
       106       127 121.8937960946141
       106       128 122.6024390871595
       106       129 123.2956019088941
       106       130 123.9729957131882
       106       131 124.6343486301597
       106       132 125.2794079662432
       106       133 125.9079422195121
       106       134 126.5197429027646
       106       135 127.1146261671388
       106       136 127.6924342198470
       106       137 128.2530365304871
       106       138 128.7963308212860
       106       139 129.3222438375179
       106       140 129.8311949417857

       107         1   0.0000000000000
       107         2  -2.2974766931237
       107         3  -4.5802394618306
       107         4  -6.8339128703113
       107         5  -9.0443733831061
       107         6 -11.1978694288761
       107         7 -13.2811370968311
       107         8 -15.2815101579071
       107         9 -17.1870231881006
       107        10 -18.9865066764765
       107        11 -20.6696731221170
       107        12 -22.2271932597734
       107        13 -23.6507617003845
       107        14 -24.9331514271345
       107        15 -26.0682567475588
       107        16 -27.0511244645544
       107        17 -27.8779731911257
       107        18 -28.5462008923527
       107        19 -29.0543808904436
       107        20 -29.4022467120374
       107        21 -29.5906662886056
       107        22 -29.6216061387432
       107        23 -29.4980862636682
       107        24 -29.2241265732815
       107        25 -28.8046857295382
       107        26 -28.2455933493573
       107        27 -27.5534765638075
       107        28 -26.7356820311555
       107        29 -25.8001947897405
       107        30 -24.7555561528599
       107        31 -23.6107848246232
       107        32 -22.3753093528320
       107        33 -21.0589262225966
       107        34 -19.6718047531499
       107        35 -18.2245626551499
       107        36 -16.7284267792130
       107        37 -15.1954646469839
       107        38 -13.6388215280948
       107        39 -12.0728299902982
       107        40 -10.5127816447485
       107        41  -8.9740745035847
       107        42  -7.4704134617510
       107        43  -6.0108596775855
       107        44  -4.5959580549631
       107        45  -3.2139314029614
       107        46  -1.8386333636075
       107        47  -0.4309227300014
       107        48   1.0560209403980
       107        49   2.6686994263843
       107        50   4.4451568767024
       107        51   6.4091636623959
       107        52   8.5679104575781
       107        53  10.9129102919624
       107        54  13.4229892544436
       107        55  16.0682257101879
       107        56  18.8140323847913
       107        57  21.6248668480623
       107        58  24.4672245355270
       107        59  27.3117056355592
       107        60  30.1341098320554
       107        61  32.9156764020366
       107        62  35.6426997364135
       107        63  38.3057850414196
       107        64  40.8989759646258
       107        65  43.4189166338282
       107        66  45.8641367949761
       107        67  48.2344901560538
       107        68  50.5307390967973
       107        69  52.7542611241311
       107        70  54.9068478279059
       107        71  56.9905696663454
       107        72  59.0076853441698
       107        73  60.9605802933183
       107        74  62.8517236531750
       107        75  64.6836368399776
       107        76  66.4588693764403
       107        77  68.1799793571799
       107        78  69.8495170020576
       107        79  71.4700104048256
       107        80  73.0439529706122
       107        81  74.5737922564146
       107        82  76.0619200507582
       107        83  77.5106635934913
       107        84  78.9222778691820
       107        85  80.2989389223679
       107        86  81.6427381483023
       107        87  82.9556775135683
       107        88  84.2396656595684
       107        89  85.4965148398614
       107        90  86.7279386403433
       107        91  87.9355504297196
       107        92  89.1208624867680
       107        93  90.2852857505771
       107        94  91.4301301402770
       107        95  92.5566053916899
       107        96  93.6658223597718
       107        97  94.7587947376152
       107        98  95.8364411450531
       107        99  96.8995875424892
       107       100  97.9489699283780
       107       101  98.9852372817423
       107       102 100.0089547141619
       107       103 101.0206067987380
       107       104 102.0206010465780
       107       105 103.0092715042969
       107       106 103.9868824488583
       107       107 104.9536321587337
       107       108 105.9096567428139
       107       109 106.8550340107387
       107       110 107.7897873703011
       107       111 108.7138897393081
       107       112 109.6272674607582
       107       113 110.5298042113960
       107       114 111.4213448946605
       107       115 112.3016995097482
       107       116 113.1706469889864
       107       117 114.0279389959773
       107       118 114.8733036770523
       107       119 115.7064493584948
       107       120 116.5270681817740
       107       121 117.3348396687315
       107       122 118.1294342082791
       107       123 118.9105164557701
       107       124 119.6777486358046
       107       125 120.4307937388653
       107       126 121.1693186018882
       107       127 121.8929968626715
       107       128 122.6015117779464
       107       129 123.2945588949865
       107       130 123.9718485668359
       107       131 124.6331083015806
       107       132 125.2780849365885
       107       133 125.9065466292607
       107       134 126.5182846565761
       107       135 127.1131150165300
       107       136 127.6908798254432
       107       137 128.2514485060185
       107       138 128.7947187619247
       107       139 129.3206173355585
       107       140 129.8295636878554

       108         1   0.0000000000000
       108         2  -2.3603438166506
       108         3  -4.7055868465902
       108         4  -7.0209749012845
       108         5  -9.2920124801076
       108         6 -11.5045860647068
       108         7 -13.6450829218374
       108         8 -15.7005040687026
       108         9 -17.6585701428354
       108        10 -19.5078190268157
       108        11 -21.2376942034286
       108        12 -22.8386229562555
       108        13 -24.3020836812604
       108        14 -25.6206617338504
       108        15 -26.7880934003498
       108        16 -27.7992977500143
       108        17 -28.6503962906834
       108        18 -29.3387205149175
       108        19 -29.8628075808912
       108        20 -30.2223845204926
       108        21 -30.4183415033540
       108        22 -30.4526948076776
       108        23 -30.3285402549956
       108        24 -30.0499979552379
       108        25 -29.6221492803837
       108        26 -29.0509670414640
       108        27 -28.3432398948482
       108        28 -27.5064920877007
       108        29 -26.5488998882273
       108        30 -25.4792067348525
       108        31 -24.3066408733878
       108        32 -23.0408428563028
       108        33 -21.6918162331175
       108        34 -20.2699218938525
       108        35 -18.7859404665585
       108        36 -17.2512201050794
       108        37 -15.6779003994161
       108        38 -14.0791526961498
       108        39 -12.4693056993792
       108        40 -10.8636409231089
       108        41  -9.2775608360321
       108        42  -7.7248009777084
       108        43  -6.2144917589399
       108        44  -4.7473233742484
       108        45  -3.3118161982454
       108        46  -1.8823636034346
       108        47  -0.4206508105660
       108        48   1.1190758681710
       108        49   2.7821359248255
       108        50   4.6054183063287
       108        51   6.6116727892522
       108        52   8.8072705915519
       108        53  11.1831567249791
       108        54  13.7178874885564
       108        55  16.3815973788280
       108        56  19.1400659512196
       108        57  21.9583633308677
       108        58  24.8037444574057
       108        59  27.6476109567361
       108        60  30.4665194101479
       108        61  33.2423668631447
       108        62  35.9619844485412
       108        63  38.6163962071784
       108        64  41.1999642302766
       108        65  43.7095732605774
       108        66  46.1439372597134
       108        67  48.5030550714567
       108        68  50.7878076656429
       108        69  52.9996729222880
       108        70  55.1405297451574
       108        71  57.2125258590619
       108        72  59.2179888707968
       108        73  61.1593656754151
       108        74  63.0391799681892
       108        75  64.8600011646828
       108        76  66.6244205147316
       108        77  68.3350318421172
       108        78  69.9944153857376
       108        79  71.6051238566507
       108        80  73.1696702036642
       108        81  74.6905167975801
       108        82  76.1700658652446
       108        83  77.6106510693999
       108        84  79.0145301632617
       108        85  80.3838786640442
       108        86  81.7207844955791
       108        87  83.0272435513785
       108        88  84.3051561285809
       108        89  85.5563241815919
       108        90  86.7824493426435
       108        91  87.9851316553064
       108        92  89.1658689663823
       108        93  90.3260569216098
       108        94  91.4669895112410
       108        95  92.5898601127353
       108        96  93.6957629795066
       108        97  94.7856951267812
       108        98  95.8605585680943
       108        99  96.9211628587035
       108       100  97.9682279051457
       108       101  99.0023870032405
       108       102 100.0241900699866
       108       103 101.0341070379370
       108       104 102.0325313837255
       108       105 103.0197837653967
       108       106 103.9961157460269
       108       107 104.9617135837676
       108       108 105.9167020708796
       108       109 106.8611484065175
       108       110 107.7950660899672
       108       111 108.7184188227104
       108       112 109.6311244090980
       108       113 110.5330586465483
       108       114 111.4240591970620
       108       115 112.3039294324707
       108       116 113.1724422462295
       108       117 114.0293438247438
       108       118 114.8743573712153
       108       119 115.7071867748259
       108       120 116.5275202177898
       108       121 117.3350337124111
       108       122 118.1293945598467
       108       123 118.9102647217989
       108       124 119.6773040959122
       108       125 120.4301736852403
       108       126 121.1685386518254
       108       127 121.8920712442194
       108       128 122.6004535887019
       108       129 123.2933803340270
       108       130 123.9705611397773
       108       131 124.6317229988194
       108       132 125.2766123849214
       108       133 125.9049972173146
       108       134 126.5166686348042
       108       135 127.1114425729456
       108       136 127.6891611387506
       108       137 128.2496937783393
       108       138 128.7929382338697
       108       139 129.3188212869313
       108       140 129.8277625299930

       109         1   0.0000000000000
       109         2  -2.4200578339645
       109         3  -4.8246446366382
       109         4  -7.1986434412127
       109         5  -9.5272024886569
       109         6 -11.7958616267709
       109         7 -13.9906740984365
       109         8 -16.0983223365029
       109         9 -18.1062264733620
       109        10 -20.0026443845840
       109        11 -21.7767622147327
       109        12 -23.4187744766072
       109        13 -24.9199529697255
       109        14 -26.2727039269874
       109        15 -27.4706129673377
       109        16 -28.5084776040666
       109        17 -29.3823272301839
       109        18 -30.0894306709720
       109        19 -30.6282915561504
       109        20 -30.9986319169922
       109        21 -31.2013645544460
       109        22 -31.2385548505020
       109        23 -31.1133728049143
       109        24 -30.8300361717005
       109        25 -30.3937456441945
       109        26 -29.8106130953458
       109        27 -29.0875839297532
       109        28 -28.2323546777202
       109        29 -27.2532871622886
       109        30 -26.1593211668724
       109        31 -24.9598890776332
       109        32 -23.6648392921131
       109        33 -22.2843808764814
       109        34 -20.8290691663082
       109        35 -19.3098567949341
       109        36 -17.7382293446457
       109        37 -16.1264202469722
       109        38 -14.4876497041519
       109        39 -12.8362582792866
       109        40 -11.1875158072310
       109        41  -9.5568006482357
       109        42  -7.9578181723716
       109        43  -6.3996778939094
       109        44  -4.8831087635332
       109        45  -3.3968268872193
       109        46  -1.9156912754371
       109        47  -0.4021835193936
       109        48   1.1883672786274
       109        49   2.9000504442159
       109        50   4.7685448389333
       109        51   6.8155416701152
       109        52   9.0465838069312
       109        53  11.4520654221963
       109        54  14.0103030611219
       109        55  16.6915152789279
       109        56  19.4618638490822
       109        57  22.2870304999580
       109        58  25.1350141939498
       109        59  27.9779930337609
       109        60  30.7932518764101
       109        61  33.5633180295077
       109        62  36.2755358800504
       109        63  38.9213299052018
       109        64  41.4953671028645
       109        65  43.9947632638258
       109        66  46.4184099109507
       109        67  48.7664463436346
       109        68  51.0398687059619
       109        69  53.2402526181935
       109        70  55.3695621485786
       109        71  57.4300204486401
       109        72  59.4240224016946
       109        73  61.3540749047089
       109        74  63.2227548862501
       109        75  65.0326785635611
       109        76  66.7864778328591
       109        77  68.4867812776160
       109        78  70.1361982928327
       109        79  71.7373054460167
       109        80  73.2926345664176
       109        81  74.8046622684655
       109        82  76.2758007355199
       109        83  77.7083896549471
       109        84  79.1046892289090
       109        85  80.4668742010764
       109        86  81.7970288459349
       109        87  83.0971428690438
       109        88  84.3691081661505
       109        89  85.6147163878520
       109        90  86.8356572552890
       109        91  88.0335175715374
       109        92  89.2097808730872
       109        93  90.3658276661244
       109        94  91.5029361932502
       109        95  92.6222836777280
       109        96  93.7249479942847
       109        97  94.8119097178329
       109        98  95.8840545041443
       109        99  96.9421757594201
       109       100  97.9869775587923
       109       101  99.0190777769837
       109       102 100.0390113975834
       109       103 101.0472339706034
       109       104 102.0441251911137
       109       105 103.0299925747553
       109       106 104.0050752087743
       109       107 104.9695475598542
       109       108 105.9235233224345
       109       109 106.8670592933586
       109       110 107.8001592605889
       109       111 108.7227778953414
       109       112 109.6348246383318
       109       113 110.5361675718921
       109       114 111.4266372705109
       109       115 112.3060306229000
       109       116 113.1741146189950
       109       117 114.0306300953943
       109       118 114.8752954326493
       109       119 115.7078101975661
       109       120 116.5278587233015
       109       121 117.3351136195681
       109       122 118.1292392047393
       109       123 118.9098948511056
       109       124 119.6767382340180
       109       125 120.4294284751946
       109       126 121.1676291701133
       109       127 121.8910112891804
       109       128 122.5992559422990
       109       129 123.2920569965699
       109       130 123.9691235371599
       109       131 124.6301821618675
       109       132 125.2749791005926
       109       133 125.9032821517495
       109       134 126.5148824286192
       109       135 127.1095959096679
       109       136 127.6872647879135
       109       137 128.2477586154465
       109       138 128.7909752401604
       109       139 129.3168415325771
       109       140 129.8257772543834

       110         1   0.0000000000000
       110         2  -2.4765791008905
       110         3  -4.9373339218688
       110         4  -7.3668010536891
       110         5  -9.7497885410366
       110         6 -12.0715052575803
       110         7 -14.3176855559632
       110         8 -16.4747077750622
       110         9 -18.5297052800171
       110        10 -20.4706688247992
       110        11 -22.2865391591461
       110        12 -23.9672889484143
       110        13 -25.5039932332758
       110        14 -26.8888878233180
       110        15 -28.1154151916831
       110        16 -29.1782576141248
       110        17 -30.0733574722896
       110        18 -30.7979248144541
       110        19 -31.3504324340230
       110        20 -31.7305988835667
       110        21 -31.9393599871661
       110        22 -31.9788295439066
       110        23 -31.8522500286723
       110        24 -31.5639341916385
       110        25 -31.1191985345867
       110        26 -30.5242897016751
       110        27 -29.7863048719441
       110        28 -28.9131073089445
       110        29 -27.9132384010997
       110        30 -26.7958280590844
       110        31 -25.5705067408291
       110        32 -24.2473254530274
       110        33 -22.8366955039077
       110        34 -21.3493669418265
       110        35 -19.7964699303728
       110        36 -18.1896393364696
       110        37 -16.5412198923243
       110        38 -14.8645000495086
       110        39 -13.1738464943493
       110        40 -11.4845169673786
       110        41  -9.8118412140019
       110        42  -8.1694405039782
       110        43  -6.5663226633581
       110        44  -5.0031597450597
       110        45  -3.4687721282557
       110        46  -1.9384172856515
       110        47  -0.3753439710369
       110        48   1.2640256543943
       110        49   3.0225130558212
       110        50   4.9345429149566
       110        51   7.0207179797269
       110        52   9.2857479306853
       110        53  11.7194938831222
       110        54  14.3000612444616
       110        55  16.9977784350807
       110        56  19.7792028762547
       110        57  22.6106255892349
       110        58  25.4607734347028
       110        59  28.3025759832563
       110        60  31.1140180434326
       110        61  33.8782300616283
       110        62  36.5830464748466
       110        63  39.2202738993173
       110        64  41.7848706208137
       110        65  44.2741736912027
       110        66  46.6872452382813
       110        67  49.0243600018094
       110        68  51.2866255494897
       110        69  53.4757122937843
       110        70  55.5936670311636
       110        71  57.6427862439037
       110        72  59.6255302400366
       110        73  61.5444642585594
       110        74  63.4022169650444
       110        75  65.2014500296104
       110        76  66.9448347833111
       110        77  68.6350334874635
       110        78  70.2746837345921
       110        79  71.8663851073376
       110        80  73.4126875854611
       110        81  74.9160814026022
       110        82  76.3789881737993
       110        83  77.8037531798000
       110        84  79.1926387280011
       110        85  80.5478185262382
       110        86  81.8713730126310
       110        87  83.1652855868895
       110        88  84.4314396884773
       110        89  85.6716166662367
       110        90  86.8874943832670
       110        91  88.0806465003813
       110        92  89.2525423815354
       110        93  90.4045475652587
       110        94  91.5379247473267
       110        95  92.6538352216381
       110        96  93.7533407284342
       110        97  94.8374056615550
       110        98  95.9068995892771
       110        99  96.9626000463561
       110       100  98.0051955581220
       110       101  99.0352888607778
       110       102 100.0534002853690
       110       103 101.0599712761664
       110       104 102.0553680173709
       110       105 103.0398851450853
       110       106 104.0137495243356
       110       107 104.9771240735550
       110       108 105.9301116213248
       110       109 106.8727587822875
       110       110 107.8050598409909
       110       111 108.7269606339798
       110       112 109.6383624217306
       110       113 110.5391257430112
       110       114 111.4290742449775
       110       115 112.3079984827749
       110       116 113.1756596826424
       110       117 114.0317934625226
       110       118 114.8761135039998
       110       119 115.7083151690480
       110       120 116.5280790546004
       110       121 117.3350744773973
       110       122 118.1289628809574
       110       123 118.9094011558996
       110       124 119.6760448642541
       110       125 120.4285513578845
       110       126 121.1665827807436
       110       127 121.8898089444365
       110       128 122.5979100664993
       110       129 123.2905793609493
       110       130 123.9675254710324
       110       131 124.6284747346927
       110       132 125.2731732740956
       110       133 125.9013889015328
       110       134 126.5129128351599
       110       135 127.1075612192230
       110       136 127.6851764446330
       110       137 128.2456282668862
       110       138 128.7888147193270
       110       139 129.3146628205689
       110       140 129.8235925447203

       111         1   0.0000000000000
       111         2  -2.5298846404797
       111         3  -5.0436090467333
       111         4  -7.5253799894000
       111         5  -9.9596816604700
       111         6 -12.3314078933137
       111         7 -14.6259895484770
       111         8 -16.8295156139960
       111         9 -18.9288466646212
       111        10 -20.9117194414623
       111        11 -22.7668414488045
       111        12 -24.4839746150050
       111        13 -26.0540072263886
       111        14 -27.4690135139749
       111        15 -28.7223004499267
       111        16 -29.8084414910454
       111        17 -30.7232971874985
       111        18 -31.4640227529785
       111        19 -32.0290628641397
       111        20 -32.4181341190420
       111        21 -32.6321957334126
       111        22 -32.6734091873303
       111        23 -32.5450876515260
       111        24 -32.2516361205349
       111        25 -31.7984832589355
       111        26 -31.1920060280968
       111        27 -30.4394482111310
       111        28 -29.5488340192741
       111        29 -28.5288781279125
       111        30 -27.3888939807535
       111        31 -26.1387035015328
       111        32 -24.7885542389030
       111        33 -23.3490551472779
       111        34 -21.8311492259233
       111        35 -20.2461468207784
       111        36 -18.6058403119274
       111        37 -16.9226992297425
       111        38 -15.2100961064735
       111        39 -13.4824357288593
       111        40 -11.7549631124684
       111        41 -10.0429373289422
       111        42  -8.3598470956506
       111        43  -6.7145262804037
       111        44  -5.1075051623242
       111        45  -3.5276279162863
       111        46  -1.9504913921015
       111        47  -0.3400846667978
       111        48   1.3460710029165
       111        49   3.1495005442741
       111        50   5.1033406019566
       111        51   7.2270837006761
       111        52   9.5246059257009
       111        53  11.9852541521509
       111        54  14.5869501765564
       111        55  17.3001561806489
       111        56  20.0918368343368
       111        57  22.9288888646057
       111        58  25.7807503112759
       111        59  28.6210771807126
       111        60  31.4285262197344
       111        61  34.1868042879490
       111        62  36.8842129759335
       111        63  39.5129228785834
       111        64  42.0681699136733
       111        65  44.5475024362002
       111        66  46.9501459697435
       111        67  49.2765053900177
       111        68  51.5277956443699
       111        69  53.7057787108286
       111        70  55.8125814231053
       111        71  57.8505712703898
       111        72  59.8222719322770
       111        73  61.7303051533565
       111        74  63.5773496859881
       111        75  65.3661111709209
       111        76  67.0992990475975
       111        77  68.7796080752307
       111        78  70.4097030024236
       111        79  71.9922055165874
       111        80  73.5296829615285
       111        81  75.0246385204280
       111        82  76.4795026800624
       111        83  77.8966258572741
       111        84  79.2782721029899
       111        85  80.6266138160199
       111        86  81.9437274064089
       111        87  83.2315898508090
       111        88  84.4920760828012
       111        89  85.7269571607189
       111        90  86.9378991551035
       111        91  88.1264626978183
       111        92  89.2941031352473
       111        93  90.4421712289580
       111        94  91.5719143486992
       111        95  92.6844781045932
       111        96  93.7809083677910
       111        97  94.8621536316285
       111        98  95.9290676683510
       111        99  96.9824124397166
       111       100  98.0228612231389
       111       101  99.0510019184438
       111       102 100.0673405037130
       111       103 101.0723046120233
       111       104 102.0662472040977
       111       105 103.0494503149401
       111       106 104.0221288553678
       111       107 104.9844344519752
       111       108 105.9364593114154
       111       109 106.8782400969724
       111       110 107.8097618071922
       111       111 108.7309616478406
       111       112 109.6417328896717
       111       113 110.5419287054085
       111       114 111.4313659799871
       111       115 112.3098290884963
       111       116 113.1770736363849
       111       117 114.0328301564304
       111       118 114.8768077566856
       111       119 115.7086977131889
       111       120 116.5281770006551
       111       121 117.3349117537124
       111       122 118.1285606505463
       111       123 118.9087782100967
       111       124 119.6752179932848
       111       125 120.4275356981574
       111       126 121.1653921383787
       111       127 121.8884560942209
       111       128 122.5964070251412
       111       129 123.2889376332157
       111       130 123.9657562671515
       111       131 124.6265891573239
       111       132 125.2711824732625
       111       133 125.8993041962122
       111       134 126.5107458007519
       111       135 127.1053237408919
       111       136 127.6828807374903
       111       137 128.2432868651350
       111       138 128.7864404377252
       111       139 129.3122686928010
       111       140 129.8211918669770

       112         1   0.0000000000000
       112         2  -2.5799682909868
       112         3  -5.1434579018442
       112         4  -7.6743626129472
       112         5 -10.1568593107875
       112         6 -12.5755429201189
       112         7 -14.9155563978439
       112         8 -17.1627143053600
       112         9 -19.3036185741122
       112        10 -21.3257651989592
       112        11 -23.2176407322499
       112        12 -24.9688076049483
       112        13 -26.5699774665942
       112        14 -28.0130719103762
       112        15 -29.2912701303828
       112        16 -30.3990432424958
       112        17 -31.3321751854814
       112        18 -32.0877703012540
       112        19 -32.6642478693556
       112        20 -33.0613240368011
       112        21 -33.2799817374366
       112        22 -33.3224293322832
       112        23 -33.1920488220457
       112        24 -32.8933345836735
       112        25 -32.4318236640410
       112        26 -31.8140187267274
       112        27 -31.0473047993565
       112        28 -30.1398610341917
       112        29 -29.1005688534176
       112        30 -27.9389183153385
       112        31 -26.6649157671629
       112        32 -25.2889985869585
       112        33 -23.8219677697383
       112        34 -22.2749559346727
       112        35 -20.6594539684360
       112        36 -18.9874169533227
       112        37 -17.2714491631275
       112        38 -15.5250195002374
       112        39 -13.7625800404873
       112        40 -11.9993612456287
       112        41 -10.2505306741956
       112        42  -8.5294003837337
       112        43  -6.8445657784730
       112        44  -5.1963410103311
       112        45  -3.5735247917525
       112        46  -1.9520030324401
       112        47  -0.2964816862481
       112        48   1.4344159129400
       112        49   3.2808974640260
       112        50   5.2747873408036
       112        51   7.4344540744918
       112        52   9.7629443769611
       112        53  12.2491110340072
       112        54  14.8707189205064
       112        55  17.5983861345386
       112        56  20.3994944736018
       112        57  23.2415415742995
       112        58  26.0946593813645
       112        59  28.9332053006846
       112        60  31.7364803242792
       112        61  34.4887414078292
       112        62  37.1787347267985
       112        63  39.7989768627019
       112        64  42.3449677131139
       112        65  44.8144568529109
       112        66  47.2068257859503
       112        67  49.5226039746956
       112        68  51.7631094494556
       112        69  53.9301922850135
       112        70  56.0260564389416
       112        71  58.0531378842739
       112        72  60.0140214431328
       112        73  61.9113833754349
       112        74  63.7479507365286
       112        75  65.5264715403613
       112        76  67.2496919097982
       112        77  68.9203378385849
       112        78  70.5411001202379
       112        79  72.1146215792547
       112        80  73.6434860909007
       112        81  75.1302090821937
       112        82  76.5772293246999
       112        83  77.9869018951032
       112        84  79.3614922142969
       112        85  80.7031710932549
       112        86  82.0140107220349
       112        87  83.2959815414802
       112        88  84.5509499381055
       112        89  85.7806767027040
       112        90  86.9868161931818
       112        91  88.1709161423771
       112        92  89.3344180523613
       112        93  90.4786581179747
       112        94  91.6048686241287
       112        95  92.7141797636485
       112        96  93.8076218250763
       112        97  94.8861277028220
       112        98  95.9505356852689
       112        99  97.0015924798259
       112       100  98.0399564374036
       112       101  99.0662009423081
       112       102 100.0808179370218
       112       103 101.0842215547361
       112       104 102.0767518357495
       112       105 103.0586785069118
       112       106 104.0302048061493
       112       107 104.9914713367053
       112       108 105.9425599380629
       112       109 106.8834975625650
       112       110 107.8142601484927
       112       111 108.7347764818136
       112       112 109.6449320399577
       112       113 110.5445728118355
       112       114 111.4335090888800
       112       115 112.3115192222028
       112       116 113.1783533410049
       112       117 114.0337370272180
       112       118 114.8773749409808
       112       119 115.7089543910229
       112       120 116.5281488433617
       112       121 117.3346213609568
       112       122 118.1280279661545
       112       123 118.9080209169351
       112       124 119.6742518872027
       112       125 120.4263750406739
       112       126 121.1640499873949
       112       127 121.8869446115838
       112       128 122.5947377594234
       112       129 123.2871217756416
       112       130 123.9638048782625
       112       131 124.6245133617807
       112       132 125.2689936202078
       112       133 125.8970139829052
       112       134 126.5083663577902
       112       135 127.1028676782603
       112       136 127.6803611519138
       112       137 128.2407173106915
       112       138 128.7838348633108
       112       139 129.3096413516829
       112       140 129.8185573336899

       113         1   0.0000000000000
       113         2  -2.6268406840828
       113         3  -5.2369018771915
       113         4  -7.8137813248661
       113         5 -10.3413652781264
       113         6 -12.8039660035734
       113         7 -15.1864542563823
       113         8 -17.4743852024388
       113         9 -19.6541163761934
       113        10 -21.7129163833011
       113        11 -23.6390631983150
       113        12 -25.4219310642776
       113        13 -27.0520651697533
       113        14 -28.5212434566939
       113        15 -29.8225250967948
       113        16 -30.9502853621294
       113        17 -31.9002368049498
       113        18 -32.6694368482017
       113        19 -33.2562820686240
       113        20 -33.6604896244641
       113        21 -33.8830664365468
       113        22 -33.9262668721019
       113        23 -33.7935398034156
       113        24 -33.4894660166191
       113        25 -33.0196870292184
       113        26 -32.3908264396656
       113        27 -31.6104049854418
       113        28 -30.6867505529152
       113        29 -29.6289045402206
       113        30 -28.4465264271930
       113        31 -27.1497995905442
       113        32 -25.7493440270245
       113        33 -24.2561464005631
       113        34 -22.6815244155730
       113        35 -21.0371480412470
       113        36 -19.3351377272214
       113        37 -17.5882392958696
       113        38 -15.8100269029516
       113        39 -14.0150060487251
       113        40 -12.2183889581563
       113        41 -10.4352311768958
       113        42  -8.6786274840878
       113        43  -6.9568774464775
       113        44  -5.2700149221513
       113        45  -3.6067350832262
       113        46  -1.9431716201351
       113        47  -0.2447279093251
       113        48   1.5288698600904
       113        49   3.4164985774899
       113        50   5.4486550976391
       113        51   7.6425779168770
       113        52  10.0004932659038
       113        53  12.5107815044904
       113        54  15.1510766181267
       113        55  17.8921731677631
       113        56  20.7018783240800
       113        57  23.5482846853361
       113        58  26.4022003046090
       113        59  29.2386589612920
       113        60  32.0375785249946
       113        61  34.7837401455827
       113        62  37.4663123581921
       113        63  40.0781399342352
       113        64  42.6149731388969
       113        65  45.0747526002462
       113        66  47.4570082240481
       113        67  49.7623883077276
       113        68  51.9923094544407
       113        69  54.1487061603997
       113        70  56.2338564032726
       113        71  58.2502619462681
       113        72  60.2005663747363
       113        73  62.0874983427877
       113        74  63.9138313119955
       113        75  65.6823539754074
       113        76  67.3958476324549
       113        77  69.0570681795466
       113        78  70.6687312875522
       113        79  72.2334999049233
       113        80  73.7539735702126
       113        81  75.2326792218336
       113        82  76.6720633103533
       113        83  78.0744850842016
       113        84  79.4422109549867
       113        85  80.7774098667091
       113        86  82.0821496018263
       113        87  83.3583939608587
       113        88  84.6080007536106
       113        89  85.8327205405648
       113        90  87.0341960633619
       113        91  88.2139623038925
       113        92  89.3734471125940
       113        93  90.5139723481114
       113        94  91.6367554725345
       113        95  92.7429115489212
       113        96  93.8334555906904
       113        97  94.9093052156345
       113        98  95.9712835606963
       113        99  97.0201224171911
       113       100  98.0564655497603
       113       101  99.0808721659618
       113       102 100.0938205069546
       113       103 101.0957115331861
       113       104 102.0868726822724
       113       105 103.0675616793538
       113       106 104.0379703830563
       113       107 104.9982286527807
       113       108 105.9484082253508
       113       109 106.8885265910589
       113       110 107.8185508608540
       113       111 108.7384016178105
       113       112 109.6479567471046
       113       113 110.5470552395149
       113       114 111.4355009639587
       113       115 112.3130664048065
       113       116 113.1794963596867
       113       117 114.0345115932327
       113       118 114.8778124417665
       113       119 115.7090823632703
       113       120 116.5279914262262
       113       121 117.3341997300244
       113       122 118.1273607487072
       113       123 118.9071245888691
       113       124 119.6731411516361
       113       125 120.4250631878451
       113       126 121.1625492349146
       113       127 121.8852664234895
       113       128 122.5928931418353
       113       129 123.2851215461935
       113       130 123.9616599059402
       113       131 124.6222347734413
       113       132 125.2665929699493
       113       133 125.8945033807033
       113       134 126.5057585544754
       113       135 127.1001761050203
       113       136 127.6775999140504
       113       137 128.2379011372821
       113       138 128.7809790165833
       113       139 129.3067615021328
       113       140 129.8156695429030

       114         1   0.0000000000000
       114         2  -2.6705290497757
       114         3  -5.3239954699662
       114         4  -7.9437179684532
       114         5 -10.5133088710454
       114         6 -13.0168140746339
       114         7 -15.4388478695787
       114         8 -17.7647210886870
       114         9 -19.9805611426613
       114        10 -22.0734226269064
       114        11 -24.0313873285644
       114        12 -25.8436526222007
       114        13 -27.5006074143412
       114        14 -28.9938949780314
       114        15 -30.3164622060962
       114        16 -31.4625950033697
       114        17 -32.4279397310656
       114        18 -33.2095108071899
       114        19 -33.8056847513178
       114        20 -34.2161811360951
       114        21 -34.4420310680354
       114        22 -34.4855339639789
       114        23 -34.3502035150257
       114        24 -34.0407038354310
       114        25 -33.5627768793092
       114        26 -32.9231622745631
       114        27 -32.1295107787871
       114        28 -31.1902926318766
       114        29 -30.1147022418857
       114        30 -28.9125610924108
       114        31 -27.5942219199916
       114        32 -26.1704797530839
       114        33 -24.6524999816297
       114        34 -23.0517799484645
       114        35 -21.3801658186738
       114        36 -19.6499439881700
       114        37 -17.8740058767295
       114        38 -16.0660365656536
       114        39 -14.2405979646697
       114        40 -12.4128781319663
       114        41 -10.5977998648428
       114        42  -8.8082029426438
       114        43  -7.0520403585053
       114        44  -5.3290113242730
       114        45  -3.6276603241869
       114        46  -1.9243365300232
       114        47  -0.1851255233860
       114        48   1.6291445098750
       114        49   3.5560124469893
       114        50   5.6246407248565
       114        51   7.8511391305529
       114        52  10.2369268929160
       114        53  12.7699351993725
       114        54  15.4276926406327
       114        55  18.1811892805149
       114        56  20.9986643490767
       114        57  23.8487983559157
       114        58  26.7030571715167
       114        59  29.5371259438326
       114        60  32.3315123800336
       114        61  35.0714963407732
       114        62  37.7466468506817
       114        63  40.3501192920822
       114        64  42.8779007574117
       114        65  45.3281127155989
       114        66  47.7004257732061
       114        67  49.9956011479063
       114        68  52.2151493296160
       114        69  54.3610853886040
       114        70  56.4357580597567
       114        71  58.4417320603976
       114        72  60.3817072349426
       114        73  62.2584624025686
       114        74  64.0748154419378
       114        75  65.8335939529642
       114        76  67.5376128395465
       114        77  69.1896565152995
       114        78  70.7924643178209
       114        79  72.3487182727984
       114        80  73.8610326888269
       114        81  75.3319452658040
       114        82  76.7639095167909
       114        83  78.1592883690984
       114        84  79.5203488462241
       114        85  80.8492577509721
       114        86  82.1480782793314
       114        87  83.4187674989478
       114        88  84.6631746278898
       114        89  85.8830400503155
       114        90  87.0799950063948
       114        91  88.2555618948134
       114        92  89.4111551275790
       114        93  90.5480824787175
       114        94  91.6675468707746
       114        95  92.7706485457871
       114        96  93.8583875704782
       114        97  94.9316666288004
       114        98  95.9912940585099
       114        99  97.0379870921364
       114       100  98.0723752664419
       114       101  99.0950039681722
       114       102 100.1063380875344
       114       103 101.1067657543347
       114       104 102.0966021350314
       114       105 103.0760932720611
       114       106 104.0454199496508
       114       107 105.0047015729055
       114       108 105.9540000492471
       114       109 106.8933236632518
       114       110 107.8226309376013
       114       111 108.7418344742009
       114       112 109.6508047705534
       114       113 110.5493740072024
       114       114 111.4373398024870
       114       115 112.3144689310042
       114       116 113.1805010020673
       114       117 114.0351520941001
       114       118 114.8781183403504
       114       119 115.7090794605638
       114       120 116.5277022323650
       114       121 117.3336438950913
       114       122 118.1265554777486
       114       123 118.9060850416653
       114       124 119.6718808273672
       114       125 120.4235942942409
       114       126 121.1608830407821
       114       127 121.8834135926976
       114       128 122.5908640459512
       114       129 123.2829265520727
       114       130 123.9593096337613
       114       131 124.6197403200555
       114       132 125.2639660921107
       114       133 125.8917566328772
       114       134 126.5029053766091
       114       135 127.0972308569595
       114       136 127.6745778552184
       114       137 128.2348183527213
       114       138 128.7778522933315
       114       139 129.3036081629181
       114       140 129.8125073856147

       115         1   0.0000000000000
       115         2  -2.7110768467273
       115         3  -5.4048255443984
       115         4  -8.0643027175974
       115         5 -10.6728634341243
       115         6 -13.2143034661427
       115         7 -15.6729963320821
       115         8 -18.0340235493353
       115         9 -20.2832966324102
       115        10 -22.4076694985969
       115        11 -24.3950400898450
       115        12 -26.2344401819260
       115        13 -27.9161125266337
       115        14 -29.4315746566557
       115        15 -30.7736688732312
       115        16 -31.9365981314992
       115        17 -32.9159477349246
       115        18 -33.7086929448137
       115        19 -34.3131927993241
       115        20 -34.7291706141122
       115        21 -34.9576818002563
       115        22 -35.0010697817938
       115        23 -34.8629109232600
       115        24 -34.5479494856216
       115        25 -34.0620237164146
       115        26 -33.4119842484764
       115        27 -32.6056060396873
       115        28 -31.6514951608416
       115        29 -30.5589919084295
       115        30 -29.3380721789049
       115        31 -27.9992501946023
       115        32 -26.5534881578513
       115        33 -25.0121228302135
       115        34 -23.3868250679326
       115        35 -21.6896132298540
       115        36 -19.9329385135601
       115        37 -18.1298395688997
       115        38 -16.2941150833624
       115        39 -14.4403832324084
       115        40 -12.5837995474961
       115        41 -10.7391327910406
       115        42  -8.9189325629563
       115        43  -7.1307608255538
       115        44  -5.3739372192850
       115        45  -3.6368189121555
       115        46  -1.8959469188191
       115        47  -0.1180780030841
       115        48   1.7348598181081
       115        49   3.6990659884701
       115        50   5.8023693565840
       115        51   8.0597592610365
       115        52  10.4718658122970
       115        53  13.0261958634426
       115        54  15.7001976349517
       115        55  18.4650743037952
       115        56  21.2895023495104
       115        57  24.1427420850739
       115        58  26.9968984382548
       115        59  29.8282829502720
       115        60  32.6179664530329
       115        61  35.3517024531567
       115        62  38.0194389572608
       115        63  40.6146246152901
       115        64  43.1334699056913
       115        65  45.5742669138651
       115        66  47.9368191598704
       115        67  50.2219947407895
       115        68  52.4313932065507
       115        69  54.5671062149643
       115        70  56.6315498663247
       115        71  58.6273488810710
       115        72  60.5572567585338
       115        73  62.4241001683305
       115        74  64.2307393450167
       115        75  65.9800389633070
       115        76  67.6748459106818
       115        77  69.3179716936618
       115        78  70.9121780760459
       115        79  72.4601650921554
       115        80  73.9645609126587
       115        81  75.4279132406659
       115        82  76.8526820324753
       115        83  78.2412334035697
       115        84  79.5958346169087
       115        85  80.9186500698996
       115        86  82.2117382062612
       115        87  83.4770492837924
       115        88  84.7164239313976
       115        89  85.9315924300630
       115        90  87.1241746536095
       115        91  88.2956806063814
       115        92  89.4475114967459
       115        93  90.5809612874441
       115        94  91.6972186664326
       115        95  92.7973693848462
       115        96  93.8823989120201
       115        97  94.9531953610694
       115        98  96.0105526422502
       115        99  97.0551738051443
       115       100  98.0876745345580
       115       101  99.1085867688246
       115       102 100.1183624129041
       115       103 101.1173771222221
       115       104 102.1059341365452
       115       105 103.0842681463101
       115       106 104.0525491766744
       115       107 105.0108864771313
       115       108 105.9593324067835
       115       109 106.8978863073237
       115       110 107.8264983573824
       115       111 108.7450734032100
       115       112 109.6534747616333
       115       113 110.5515279918957
       115       114 111.4390246333585
       115       115 112.3157259061233
       115       116 113.1813663714499
       115       117 114.0356575484178
       115       118 114.8782914826219
       115       119 115.7089442618473
       115       120 116.5272794726555
       115       121 117.3329515906657
       115       122 118.1256092960926
       115       123 118.9048987048245
       115       124 119.6704665040880
       115       125 120.4219629805872
       115       126 121.1590449280396
       115       127 121.8813784203252
       115       128 122.5886414361570
       115       129 123.2805263213458
       115       130 123.9567420755048
       115       131 124.6170164514637
       115       132 125.2610978578014
       115       133 125.8887570577105
       115       134 126.4997886607565
       115       135 127.0940124077844
       115       136 127.6712742529133
       115       137 128.2314472498685
       115       138 128.7744322523902
       115       139 129.3001584397521
       115       140 129.8090478138624

       116         1   0.0000000000000
       116         2  -2.7485432189403
       116         3  -5.4795102455804
       116         4  -8.1757124486070
       116         5 -10.8202641791033
       116         6 -13.3967272050602
       116         7 -15.8892498433218
       116         8 -18.2826991932505
       116         9 -20.5627849830193
       116        10 -22.7161736691023
       116        11 -24.7305915786967
       116        12 -26.5949160498685
       116        13 -28.2992537016277
       116        14 -29.8350051527146
       116        15 -31.1949157010702
       116        16 -32.3731116736767
       116        17 -33.3651223562716
       116        18 -34.1678876108148
       116        19 -34.7797514808183
       116        20 -35.2004422659414
       116        21 -35.4310397138062
       116        22 -35.4739301263401
       116        23 -35.3327503084148
       116        24 -35.0123213967950
       116        25 -34.5185736969153
       116        26 -33.8584637258012
       116        27 -33.0398847207673
       116        28 -32.0715719545055
       116        29 -30.9630043783430
       116        30 -29.7243045910240
       116        31 -28.3661402911972
       116        32 -26.8996328205119
       116        33 -25.3362826801357
       116        34 -23.6879276254604
       116        35 -21.9667533415513
       116        36 -20.1853732539184
       116        37 -18.3569727507380
       116        38 -16.4954640387934
       116        39 -14.6155183927349
       116        40 -12.7322480118862
       116        41 -10.8602456873072
       116        42  -9.0117380469386
       116        43  -7.1938576014632
       116        44  -5.4055085278018
       116        45  -3.6348340319877
       116        46  -1.8585514723657
       116        47  -0.0440816999631
       116        48   1.8455507706383
       116        49   3.8452098256822
       116        50   5.9813986846745
       116        51   8.2680009530693
       116        52  10.7048796504041
       116        53  13.2791436437140
       116        54  15.9681853631186
       116        55  18.7434373364454
       116        56  21.5740170428893
       116        57  24.4297554756191
       116        58  27.2833774144794
       116        59  30.1117958557196
       116        60  32.8966183681821
       116        61  35.6240474555619
       116        62  38.2843889656278
       116        63  40.8713677220642
       116        64  43.3814042700558
       116        65  45.8129511044297
       116        66  48.1659368181213
       116        67  50.4413302544363
       116        68  52.6408150888276
       116        69  54.7665554720788
       116        70  56.8210313779575
       116        71  58.8069244905002
       116        72  60.7270392838996
       116        73  62.5842478999622
       116        74  64.3814508156855
       116        75  66.1215479065607
       116        76  67.8074163900467
       116        77  69.4418934168235
       116        78  71.0277619192988
       116        79  72.5677388613347
       116        80  74.0644653630418
       116        81  75.5204983729440
       116        82  76.9383036762798
       116        83  78.3202500948328
       116        84  79.6686047707442
       116        85  80.9855294467457
       116        86  82.2730776656880
       116        87  83.5331928175760
       116        88  84.7677069651505
       116        89  85.9783403808260
       116        90  87.1667017293171
       116        91  88.3342888319741
       116        92  89.4824899508837
       116        93  90.6125855332533
       116        94  91.7257503594566
       116        95  92.8230560413521
       116        96  93.9054738210021
       116        97  94.9738776236688
       116        98  96.0290473228445
       116        99  97.0716721790344
       116       100  98.1023544179609
       116       101  99.1216129177548
       116       102 100.1298869784636
       116       103 101.1275401508089
       116       104 102.1148641045099
       116       105 103.0920825196214
       116       106 104.0593549871944
       116       107 105.0167809081226
       116       108 105.9644033812776
       116       109 106.9022130739514
       116       110 107.8301520692120
       116       111 108.7481176860294
       116       112 109.6559662689664
       116       113 110.5535169448398
       116       114 111.4405553440716
       116       115 112.3168372844685
       116       116 113.1820924149186
       116       117 114.0360278159816
       116       118 114.8783315536115
       116       119 115.7086761812940
       116       120 116.5267221847430
       116       121 117.3321213620133
       116       122 118.1245201304750
       116       123 118.9035627506275
       116       124 119.6688944552509
       116       125 120.4201644709823
       116       126 121.1570289181681
       116       127 121.8791535738794
       116       128 122.5862164824438
       116       129 123.2779103978727
       116       130 123.9539450433135
       116       131 124.6140491742575
       116       132 125.2579724347687
       116       133 125.8854869994721
       116       134 126.4963889983391
       116       135 127.0904997261489
       116       136 127.6676666434930
       116       137 128.2277641807273
       116       138 128.7706943597637
       116       139 129.2963872503990
       116       140 129.8052655593100

       117         1   0.0000000000000
       117         2  -2.7830022821210
       117         3  -5.5481975738743
       117         4  -8.2781686059222
       117         5 -10.9558053467343
       117         6 -13.5644514768628
       117         7 -16.0880454824349
       117         8 -18.5112547479537
       117         9 -20.8196011370065
       117        10 -22.9995766812899
       117        11 -25.0387481499090
       117        12 -26.9258494385216
       117        13 -28.6508608978814
       117        14 -30.2050749104064
       117        15 -31.5811472190346
       117        16 -32.7731337129662
       117        17 -33.7765125778000
       117        18 -34.5881919195313
       117        19 -35.2065031678662
       117        20 -35.6311807490154
       117        21 -35.8633286875213
       117        22 -35.9053749483991
       117        23 -35.7610144635320
       117        24 -35.4351418986551
       117        25 -34.9337753089393
       117        26 -34.2639719044789
       117        27 -33.4337372123041
       117        28 -32.4519290104038
       117        29 -31.3281576053362
       117        30 -30.0726845229423
       117        31 -28.6963228605894
       117        32 -27.2103449738735
       117        33 -25.6264073080501
       117        34 -23.9565075673457
       117        35 -22.2129932281470
       117        36 -20.4086361757811
       117        37 -18.5567661656259
       117        38 -16.6714062884828
       117        39 -14.7672748972295
       117        40 -12.8594277265070
       117        41 -10.9622590866768
       117        42  -9.0876422351197
       117        43  -7.2422476939303
       117        44  -5.4245369131732
       117        45  -3.6224218378549
       117        46  -1.8127881348035
       117        47   0.0362828587517
       117        48   1.9606746367524
       117        49   3.9939243086265
       117        50   6.1612239789306
       117        51   8.4753721770605
       117        52  10.9354906847177
       117        53  13.5283181144159
       117        54  16.2312152332958
       117        55  19.0158588276773
       117        56  21.8518097387304
       117        57  24.7094595435196
       117        58  27.5621332480243
       117        59  30.3873204094345
       117        60  33.1671392673059
       117        61  35.8882170844789
       117        62  38.5411967763950
       117        63  41.1200625057202
       117        64  43.6214317056827
       117        65  46.0439071161349
       117        66  48.3875345381638
       117        67  50.6533773664460
       117        68  52.8431983901513
       117        69  54.9592300795164
       117        70  57.0040127169732
       117        71  58.9802818473065
       117        72  60.8908901867111
       117        73  62.7387529283609
       117        74  64.5268086450914
       117        75  66.2579905144428
       117        76  67.9352044130508
       117        77  69.5613116764453
       117        78  71.1391151433506
       117        79  72.6713476285368
       117        80  74.1606622939105
       117        81  75.6096245845302
       117        82  77.0207055125870
       117        83  78.3962761394817
       117        84  79.7386031438451
       117        85  81.0498453839999
       117        86  82.3320513744180
       117        87  83.5871576016135
       117        88  84.8169876082267
       117        89  86.0232517762591
       117        90  87.2075477423308
       117        91  88.3713613798704
       117        92  89.5160682855028
       117        93  90.6429357096488
       117        94  91.7531248744738
       117        95  92.8476936257846
       117        96  93.9275993691993
       117        97  94.9937022448426
       117        98  96.0467684988550
       117        99  97.0874740140946
       117       100  98.1164079664697
       117       101  99.1340765773208
       117       102 100.1409069361002
       117       103 101.1372508712468
       117       104 102.1233888505654
       117       105 103.0995338955678
       117       106 104.0658354970948
       117       107 105.0223835220802
       117       108 105.9692121035440
       117       109 106.9063035077870
       117       110 107.8335919743169
       117       111 108.7509675252514
       117       112 109.6582797418358
       117       113 110.5553415062864
       117       114 111.4419327074315
       117       115 112.3178039085924
       117       116 113.1826799758342
       117       117 114.0362636641424
       117       118 114.8782391582560
       117       119 115.7082755638382
       117       120 116.5260303434040
       117       121 117.3311526899796
       117       122 118.1232868298733
       117       123 118.9020752442315
       117       124 119.6671617972917
       117       125 120.4181947575142
       117       126 121.1548296961712
       117       127 121.8767322466394
       117       128 122.5835807067481
       117       129 123.2750684662887
       117       130 123.9509062424024
       117       131 124.6108241072552
       117       132 125.2545732953511
       117       133 125.8819277820927
       117       134 126.4926856307012
       117       135 127.0866701110335
       117       136 127.6637306006568
       117       137 128.2237432849474
       117       138 128.7666116780357
       117       139 129.2922669891636
       117       140 129.8011327891794

       118         1   0.0000000000000
       118         2  -2.8145422453319
       118         3  -5.6110636311187
       118         4  -8.3719345784846
       118         5 -11.0798367216105
       118         6 -13.7179112897857
       118         7 -16.2699020354941
       118         8 -18.7202910659752
       118         9 -21.0544260459738
       118        10 -23.2586373732239
       118        11 -25.3203440820215
       118        12 -27.2281474002686
       118        13 -28.9719110677910
       118        14 -30.5428277151044
       118        15 -31.9334707996220
       118        16 -33.1378317989509
       118        17 -34.1513425666398
       118        18 -34.9708829611315
       118        19 -35.5947740583532
       118        20 -36.0227574464192
       118        21 -36.2559612729289
       118        22 -36.2968538691512
       118        23 -36.1491859099858
       118        24 -35.8179221830587
       118        25 -35.3091641342665
       118        26 -34.6300644332640
       118        27 -33.7887348725181
       118        28 -32.7941490119947
       118        29 -31.6560411958071
       118        30 -30.3848040930079
       118        31 -28.9913881197826
       118        32 -27.4872085086882
       118        33 -25.8840697882900
       118        34 -24.1941224494658
       118        35 -22.4298697127205
       118        36 -20.6042371450773
       118        37 -18.7306948226891
       118        38 -16.8233717489979
       118        39 -14.8970246968891
       118        40 -12.9666377019379
       118        41 -11.0463837271200
       118        42  -9.1477547829347
       118        43  -7.2769326569104
       118        44  -5.4319170155431
       118        45  -3.6003798747182
       118        46  -1.7593738515239
       118        47   0.1223598888339
       118        48   2.0796186346931
       118        49   4.1446260795518
       118        50   6.3412837297720
       118        51   8.6813311050746
       118        52  11.1631780683913
       118        53  13.7732219256787
       118        54  16.4888154232999
       118        55  19.2818932160410
       118        56  22.1224605319296
       118        57  24.9814585058116
       118        58  27.8327923486382
       118        59  30.6545033359370
       118        60  33.4291946290214
       118        61  36.1438944159253
       118        62  38.7895622713132
       118        63  41.3604251272127
       118        64  43.8532842813954
       118        65  46.2668826183789
       118        66  48.6013752842349
       118        67  50.8579139961220
       118        68  53.0383355956814
       118        69  55.1449366471679
       118        70  57.1803141295731
       118        71  59.1472543060723
       118        72  61.0486553711477
       118        73  62.8874731260270
       118        74  64.6666820778743
       118        75  66.3892467993352
       118        76  68.0581001530321
       118        77  69.6761262027072
       118        78  71.2461464381642
       118        79  72.7709084572924
       118        80  74.2530765702488
       118        81  75.6952239866215
       118        82  77.0998263627680
       118        83  78.4692565541406
       118        84  79.8057804558159
       118        85  81.1115538357955
       118        86  82.3886200773252
       118        87  83.6389087529296
       118        88  84.8642349566673
       118        89  86.0662993237453
       118        90  87.2466886689390
       118        91  88.4068771776445
       118        92  89.5482280860650
       118        93  90.6719957900607
       118        94  91.7793283255727
       118        95  92.8712701672185
       118        96  93.9487652955847
       118        97  95.0126604878406
       118        98  96.0637087904870
       118        99  97.1025731372643
       118       100  98.1298300794138
       118       101  99.1459735995372
       118       102 100.1514189842027
       118       103 101.1465067341285
       118       104 102.1315064942221
       118       105 103.1066209889099
       118       106 104.0719899510588
       118       107 105.0276940353228
       118       108 105.9737587089598
       118       109 106.9101581150236
       118       110 107.8368189043680
       118       111 108.7536240340847
       118       112 109.6604165308567
       118       113 110.5570032182438
       118       114 111.4431584071470
       118       115 112.3186275486227
       118       116 113.1831308478647
       118       117 114.0363668375434
       118       118 114.8780159077996
       118       119 115.7077437890567
       118       120 116.5252049824368
       118       121 117.3300461309743
       118       122 118.1219093230217
       118       123 118.9004353172768
       118       124 119.6652666767711
       118       125 120.4160507970236
       118       126 121.1524428114862
       118       127 121.8741083555529
       118       128 122.5807261689743
       118       129 123.2719905157824
       118       130 123.9476134011097
       118       131 124.6073265659052
       118       132 125.2508832438254
       118       133 125.8780596697133
       118       134 126.4886563360760
       118       135 127.0824990025329
       118       136 127.6594394726388
       118       137 128.2193561616963
       118       138 128.7621544867382
       118       139 129.2877671142608
       118       140 129.7966186822555

       119         1   0.0000000000000
       119         2  -2.8432643758221
       119         3  -5.6683105543682
       119         4  -8.4573126102706
       119         5 -11.1927595311439
       119         6 -13.8576053775988
       119         7 -16.4354139210618
       119         8 -18.9104960956979
       119         9 -21.2680387126684
       119        10 -23.4942230206729
       119        11 -25.5763318526675
       119        12 -27.5028442709733
       119        13 -29.2635168077111
       119        14 -30.8494505910042
       119        15 -32.2531438471395
       119        16 -33.4685294735137
       119        17 -34.4909975854072
       119        18 -35.3174031482792
       119        19 -35.9460590106182
       119        20 -36.3767148437299
       119        21 -36.6105226692894
       119        22 -36.6499898110484
       119        23 -36.4989202433312
       119        24 -36.1623454253924
       119        25 -35.6464458071150
       119        26 -34.9584642710672
       119        27 -34.1066128518307
       119        28 -33.0999741833068
       119        29 -31.9483993601862
       119        30 -30.6624044581220
       119        31 -29.2530691937687
       119        32 -27.7319436011301
       119        33 -26.1109724508064
       119        34 -24.4024517464046
       119        35 -22.6190340127810
       119        36 -20.7737928537476
       119        37 -18.8803331156926
       119        38 -16.9528826150699
       119        39 -15.0062255071131
       119        40 -13.0552571024055
       119        41 -11.1139061118938
       119        42  -9.1932581556891
       119        43  -7.2989852678963
       119        44  -5.4286140312263
       119        45  -3.5695757155518
       119        46  -1.6990943444307
       119        47   0.2134274288989
       119        48   2.2017079244690
       119        49   4.2966750839922
       119        50   6.5209658025573
       119        51   8.8852915240023
       119        52  11.3873825906990
       119        53  14.0133249719831
       119        54  16.7404865003946
       119        55  19.5410720376532
       119        56  22.3855309367028
       119        57  25.2453419795776
       119        58  28.0949701929417
       119        59  30.9129837873904
       119        60  33.6824454093268
       119        61  36.3907607332370
       119        62  39.0291859445272
       119        63  41.5921744427242
       119        64  44.0766985327651
       119        65  46.4816312252727
       119        66  48.8072291720151
       119        67  51.0547261744173
       119        68  53.2260280413224
       119        69  55.3234911786402
       119        70  57.3497656263927
       119        71  59.3076852066616
       119        72  61.2001908183666
       119        73  63.0302764239734
       119        74  64.8009503058260
       119        75  66.5152065321020
       119        76  68.1760032898089
       119        77  69.7862459293871
       119        78  71.3487733545611
       119        79  72.8663468990925
       119        80  74.3416411504194
       119        81  75.7772363748885
       119        82  77.1756123157861
       119        83  78.5391432035957
       119        84  79.8700938570491
       119        85  81.1706167756024
       119        86  82.4427501362985
       119        87  83.6884166149988
       119        88  84.9094229562627
       119        89  86.1074602192367
       119        90  87.2841046295983
       119        91  88.4408189703326
       119        92  89.5789544471013
       119        93  90.6997529672725
       119        94  91.8043497753072
       119        95  92.8937763911066
       119        96  93.9689638020487
       119        97  95.0307458637052
       119        98  96.0798628685683
       119        99  97.1169652464440
       119       100  98.1426173644365
       119       101  99.1573013985793
       119       102 100.1614212531270
       119       103 101.1553065072491
       119       104 102.1392163723354
       119       105 103.1133436463005
       119       106 104.0778186541329
       119       107 105.0327131664695
       119       108 105.9780442901644
       119       109 106.9137783266711
       119       110 107.8398345955585
       119       111 108.7560892216479
       119       112 109.6623788850903
       119       113 110.5585045342161
       119       114 111.4442350611940
       119       115 112.3193109404364
       119       116 113.1834478293093
       119       117 114.0363401300411
       119       118 114.8776645107914
       119       119 115.7070833826376
       119       120 116.5242483277718
       119       121 117.3288034724620
       119       122 118.1203887963419
       119       123 118.8986433673446
       119       124 119.6632084891362
       119       125 120.4137307452797
       119       126 121.1498649216814
       119       127 121.8712767862988
       119       128 122.5776457028761
       119       129 123.2686670539538
       119       130 123.9440544480100
       119       131 124.6035416868417
       119       132 125.2468844727015
       119       133 125.8738618407105
       119       134 126.4842773108605
       119       135 127.0779597652918
       119       136 127.6547640696712
       119       137 128.2145714709062
       119       138 128.7572898150125
       119       139 129.2828536362632
       119       140 129.7916889020614

       120         1   0.0000000000000
       120         2  -2.8692818171050
       120         3  -5.7201641572486
       120         4  -8.5346402749801
       120         5 -11.2950217684316
       120         6 -13.9840903901981
       120         7 -16.5852442726380
       120         8 -19.0826368842363
       120         9 -21.4613071471452
       120        10 -23.7072992834938
       120        11 -25.8077711160020
       120        12 -27.7510897229345
       120        13 -29.5269135343416
       120        14 -31.1262601520259
       120        15 -32.5415593771164
       120        16 -33.7666911354054
       120        17 -34.7970082009648
       120        18 -35.6293438302686
       120        19 -36.2620046260529
       120        20 -36.6947491448461
       120        21 -36.9287529388611
       120        22 -36.9665608799185
       120        23 -36.8120277506118
       120        24 -36.4702482061995
       120        25 -35.9474773097662
       120        26 -35.2510429266715
       120        27 -34.3892513470493
       120        28 -33.3712876280919
       120        29 -32.2071124073664
       120        30 -30.9073575328002
       120        31 -29.4832241258987
       120        32 -27.9463890750289
       120        33 -26.3089296437939
       120        34 -24.5832800427554
       120        35 -22.7822353599237
       120        36 -20.9190108354202
       120        37 -19.0073391787277
       120        38 -17.0615379997588
       120        39 -15.0964057124857
       120        40 -13.1267304613039
       120        41 -11.1661741537319
       120        42  -9.2253938646499
       120        43  -7.3095365193276
       120        44  -5.4156515856641
       120        45  -3.5309357918925
       120        46  -1.6327939319086
       120        47   0.3087065350165
       120        48   2.3262138538549
       120        49   4.4493819340084
       120        50   6.6996140007117
       120        51   9.0866286798469
       120        52  11.6075118687696
       120        53  14.2480689803782
       120        54  16.9857054441491
       120        55  19.7929074187473
       120        56  22.6405668852591
       120        57  25.5006875255526
       120        58  28.3482734533813
       120        59  31.1623950987488
       120        60  33.9265494630948
       120        61  36.6284966533786
       120        62  39.2597697696678
       120        63  41.8150326444343
       120        64  44.2914159061285
       120        65  46.6879127691853
       120        66  49.0048735949367
       120        67  51.2436080435532
       120        68  53.4060858048968
       120        69  55.4947188702698
       120        70  57.5122067039749
       120        71  59.4614275313279
       120        72  61.3453621911365
       120        73  63.1670403746146
       120        74  64.9295019986898
       120        75  66.6357687494485
       120        76  68.2888225012983
       120        77  69.8915884765413
       120        78  71.4469217839193
       120        79  72.9575964752627
       120        80  74.4262965746331
       120        81  75.8556087282693
       120        82  77.2480162404078
       120        83  78.6058943289401
       120        84  79.9315064747954
       120        85  81.2270017617435
       120        86  82.4944131163102
       120        87  83.7356563650972
       120        88  84.9525300315993
       120        89  86.1467157981288
       120        90  87.3197795615310
       120        91  88.4731730144476
       120        92  89.6082356871720
       120        93  90.7261973887226
       120        94  91.8281809896300
       120        95  92.9152054930562
       120        96  93.9881893451751
       120        97  95.0479539401715
       120        98  96.0952272796863
       120        99  97.1306477509847
       120       100  98.1547679924774
       120       101  99.1680588194372
       120       102 100.1709131867586
       120       103 101.1636501693812
       120       104 102.1465189444865
       120       105 103.1197027627663
       120       106 104.0833228989257
       120       107 105.0374425741072
       120       108 105.9820708451047
       120       109 106.9171664570643
       120       110 107.8426416578591
       120       111 108.7583659734705
       120       112 109.6641699445279
       120       113 110.5598488246586
       120       114 111.4451662414936
       120       115 112.3198578210726
       120       116 113.1836347760050
       120       117 114.0361874570733
       120       118 114.8771888670195
       120       119 115.7062981340185
       120       120 116.5231639408141
       120       121 117.3274279036512
       120       122 118.1187278929635
       120       123 118.8967012852561
       120       124 119.6609881327574
       120       125 120.4112342342253
       120       126 121.1470940868696
       120       127 121.8682336958405
       120       128 122.5743332144107
       120       129 123.2650893852556
       120       130 123.9402177516899
       120       131 124.5994546080796
       120       132 125.2425586617603
       120       133 125.8693123854675
       120       134 126.4795230500873
       120       135 127.0730234425186
       120       136 127.6496722917636
       120       137 128.2093544460753
       120       138 128.7519808619938
       120       139 129.2774884785024
       120       140 129.7863049364682

       121         1   0.0000000000000
       121         2  -2.8927182724097
       121         3  -5.7668713031138
       121         4  -8.6042865509818
       121         5 -11.3871129868293
       121         6 -14.0979744312811
       121         7 -16.7201172483949
       121         8 -19.2375506934823
       121         9 -21.6351783284526
       121        10 -23.8989190571156
       121        11 -26.0158164926932
       121        12 -27.9741355463516
       121        13 -29.7634453145712
       121        14 -31.3746875405366
       121        15 -32.8002301276487
       121        16 -34.0339053908241
       121        17 -35.0710329433474
       121        18 -35.9084273315475
       121        19 -36.5443907402696
       121        20 -36.9786912903041
       121        21 -37.2125276279783
       121        22 -37.2484806651792
       121        23 -37.0904534665018
       121        24 -36.7436004001335
       121        25 -36.2142467710198
       121        26 -35.5098002429460
       121        27 -34.6386554469538
       121        28 -33.6100933115244
       121        29 -32.4341769360027
       121        30 -31.1216464615508
       121        31 -29.6838166992606
       121        32 -28.1324836337268
       121        33 -26.4798494264450
       121        34 -24.7384792201048
       121        35 -22.9213036918928
       121        36 -21.0416726502741
       121        37 -19.1134385374890
       121        38 -17.1509980320696
       121        39 -15.1691489226567
       121        40 -13.1825527559168
       121        41 -11.2045828710951
       121        42  -9.2454488991463
       121        43  -7.3097628758605
       121        44  -5.3940998610752
       121        45  -3.4854344000948
       121        46  -1.5613654049046
       121        47   0.4073705480562
       121        48   2.4523623890492
       121        49   4.6020155361055
       121        50   6.8765349391944
       121        51   9.2846854504797
       121        52  11.8229458687664
       121        53  14.4768724209498
       121        54  17.2239299816406
       121        55  20.0368958702196
       121        56  22.8871020180963
       121        57  25.7470634726012
       121        58  28.5923023964375
       121        59  31.4023667992922
       121        60  34.1611632076602
       121        61  36.8567834796575
       121        62  39.4810182764861
       121        63  42.0287260931493
       121        64  44.4971833763798
       121        65  46.8854937300044
       121        66  49.1940934885645
       121        67  51.4243619778168
       121        68  53.5783277026061
       121        69  55.6584540007194
       121        70  57.6674861434149
       121        71  59.6083436269233
       121        72  61.4840444928470
       121        73  63.2976517596087
       121        74  65.0522348717250
       121        75  66.7508412910039
       121        76  68.3964749788599
       121        77  69.9920796518482
       121        78  71.5405254523030
       121        79  73.0445981697657
       121        80  74.5069904614657
       121        81  75.9302947134656
       121        82  77.3169973012283
       121        83  78.6694740780249
       121        84  79.9899869603500
       121        85  81.2806815030998
       121        86  82.5435853709527
       121        87  83.7806076205796
       121        88  84.9935387136245
       121        89  86.1840511843532
       121        90  87.3537008893219
       121        91  88.5039287698370
       121        92  89.6360630615590
       121        93  90.7513218894555
       121        94  91.8508161904105
       121        95  92.9355529101319
       121        96  94.0064384254846
       121        97  95.0642821479656
       121        98  96.1098002686361
       121        99  97.1436196093835
       121       100  98.1662815498306
       121       101  99.1782460034876
       121       102 100.1798954207998
       121       103 101.1715388005531
       121       104 102.1534156946105
       121       105 103.1257001941517
       121       106 104.0885048884550
       121       107 105.0418847897784
       121       108 105.9858412200680
       121       109 106.9203256570399
       121       110 107.8452435386591
       121       111 108.7604580261710
       121       112 109.6657937266597
       121       113 110.5610403766029
       121       114 111.4459564880966
       121       115 112.3202729593343
       121       116 113.1836966505619
       121       117 114.0359139260832
       121       118 114.8765941619709
       121       119 115.7053932179153
       121       120 116.5219568701051
       121       121 117.3259242001336
       121       122 118.1169309326224
       121       123 118.8946127114886
       121       124 119.6586083015156
       121       125 120.4085626980836
       121       126 121.1441301236107
       121       127 121.8649768845596
       121       128 122.5707840580366
       121       129 123.2612499725248
       121       130 123.9360924438571
       121       131 124.5950507261872
       121       132 125.2378871397154
       121       133 125.8643883436961
       121       134 126.4743662360277
       121       135 127.0676584801375
       121       136 127.6441286853266
       121       137 128.2036662958488
       121       138 128.7461862722824
       121       139 129.2716286700336
       121       140 129.7804232619447

       122         1   0.0000000000000
       122         2  -2.9137065675359
       122         3  -5.8086970379721
       122         4  -8.6666475382647
       122         5 -11.4695586215144
       122         6 -14.1999100116011
       122         7 -16.8408096495095
       122         8 -19.3761353229822
       122         9 -21.7906672773298
       122        10 -24.0702103458395
       122        11 -26.2017042997766
       122        12 -28.1733212964833
       122        13 -29.9745494950991
       122        14 -31.5962621085786
       122        15 -33.0307713649132
       122        16 -34.2718670589633
       122        17 -35.3148395896781
       122        18 -36.1564875944551
       122        19 -36.7951105067819
       122        20 -37.2304865652490
       122        21 -37.4638369834441
       122        22 -37.4977771491140
       122        23 -37.3362558598005
       122        24 -36.9844837234508
       122        25 -36.4488519575226
       122        26 -35.7368429135653
       122        27 -34.8569337543758
       122        28 -33.8184948657119
       122        29 -32.6316848991834
       122        30 -31.3073450153200
       122        31 -29.8568962329890
       122        32 -28.2922461174751
       122        33 -26.6257143383660
       122        34 -24.8699897752312
       122        35 -23.0381315396764
       122        36 -21.1436163466306
       122        37 -19.2004071461786
       122        38 -17.2229674819213
       122        39 -15.2260782264930
       122        40 -13.2242543640217
       122        41 -11.2305601352725
       122        42  -9.2547423342845
       122        43  -7.3008737674044
       122        44  -5.3650639518186
       122        45  -3.4340828721800
       122        46  -1.4857399728625
       122        47   0.5085543921920
       122        48   2.5793426634438
       122        49   4.7538108989189
       122        50   7.0510051326812
       122        51   9.4787787472234
       122        52  12.0330426578072
       122        53  14.6991356451028
       122        54  17.4546031469765
       122        55  20.2725223039385
       122        56  23.1246611942973
       122        57  25.9840319604280
       122        58  28.8266534963631
       122        59  31.6325268352759
       122        60  34.3859434909103
       122        61  37.0753047499958
       122        62  39.6926398119276
       122        63  42.2329863224724
       122        64  44.6937542221413
       122        65  47.0741478068957
       122        66  49.3746817224042
       122        67  51.5967988169707
       122        68  53.7425813839070
       122        69  55.8145399056786
       122        70  57.8154618818659
       122        71  59.7483049888989
       122        72  61.6161217784468
       122        73  63.4220062409648
       122        74  65.1690552890181
       122        75  66.8603403656969
       122        76  68.4988859664541
       122        77  70.0876529711611
       122        78  71.6295254299608
       122        79  73.1272999341938
       122        80  74.5836770139619
       122        81  76.0012541969035
       122        82  77.3825204804417
       122        83  78.7298520402716
       122        84  80.0455090394907
       122        85  81.3316334271808
       122        86  82.5902476296393
       122        87  83.8232540462574
       122        88  85.0324352678646
       122        89  86.2194549397632
       122        90  87.3858591955161
       122        91  88.5330785912978
       122        92  89.6624304745061
       122        93  90.7751217244338
       122        94  91.8722518071374
       122        95  92.9548160911708
       122        96  94.0237093755124
       122        97  95.0797295857497
       122        98  96.1235815993109
       122        99  97.1558811651920
       122       100  98.1771588881576
       122       101  99.1878642517309
       122       102 100.1883696584002
       122       103 101.1789744693054
       122       104 102.1599090291997
       122       105 103.1313386656926
       122       106 104.0933676546451
       122       107 105.0460431461013
       122       108 105.9893590473038
       122       109 106.9232598611489
       122       110 107.8476444799032
       122       111 108.7623699351360
       122       112 109.6672551056416
       122       113 110.5620843856304
       122       114 111.4466113157008
       122       115 112.3205621790485
       122       116 113.1836395650594
       122       117 114.0355259018510
       122       118 114.8758869584801
       122       119 115.7043753163868
       122       120 116.5206338081691
       122       121 117.3242989199056
       122       122 118.1150041508991
       122       123 118.8923833217820
       122       124 119.6560738183129
       122       125 120.4057197537738
       122       126 121.1409750276024
       122       127 121.8615062517665
       122       128 122.5669955096190
       122       129 123.2571429050002
       122       130 123.9316688530380
       122       131 124.5903160597532
       122       132 125.2328511370695
       122       133 125.8590658054387
       122       134 126.4687776504131
       122       135 127.0618304239158
       122       136 127.6380939159230
       122       137 128.1974634652225
       122       138 128.7398592226729
       122       139 129.2652253171540
       122       140 129.7739942747923

       123         1   0.0000000000000
       123         2  -2.9323871088532
       123         3  -5.8459215145696
       123         4  -8.7221418642296
       123         5 -11.5429139000385
       123         6 -14.2905864945979
       123         7 -16.9481419382347
       123         8 -19.4993387445912
       123         9 -21.9288453580573
       123        10 -24.2223632886116
       123        11 -26.3667383627948
       123        12 -28.3500589598909
       123        13 -30.1617402953446
       123        14 -31.7925940143432
       123        15 -33.2348825639092
       123        16 -34.4823580209640
       123        17 -35.5302852679395
       123        18 -36.3754496265045
       123        19 -37.0161492780240
       123        20 -37.4521730054120
       123        21 -37.6847639751467
       123        22 -37.7165704377141
       123        23 -37.5515843634377
       123        24 -37.1950691529261
       123        25 -36.6534776696443
       123        26 -35.9343619417522
       123        27 -35.0462759911672
       123        28 -33.9986734212822
       123        29 -32.8018017395440
       123        30 -31.4665961027698
       123        31 -30.0045765368463
       123        32 -28.4277549611605
       123        33 -26.7485614108201
       123        34 -24.9798014239922
       123        35 -23.1346552522626
       123        36 -21.2267183285580
       123        37 -19.2700539237788
       123        38 -17.2791790075025
       123        39 -15.2688402169161
       123        40 -13.2533859487432
       123        41 -11.2455524878653
       123        42  -9.2546121109846
       123        43  -7.2840993012643
       123        44  -5.3296724305705
       123        45  -3.3779189073338
       123        46  -1.4068772980412
       123        47   0.6113638598645
       123        48   2.7063155756294
       123        49   4.9039770334086
       123        50   7.2222782000013
       123        51   9.6682060423426
       123        52  12.2371442847876
       123        53  14.9142461551816
       123        54  17.6771579771010
       123        55  20.4992641930355
       123        56  23.3527641548669
       123        57  26.2111521439191
       123        58  29.0509222171485
       123        59  31.8525039644383
       123        60  34.6005496314574
       123        61  37.2837479540852
       123        62  39.8943479637670
       123        63  42.4275511965927
       123        64  44.8808889436086
       123        65  47.2536566204587
       123        66  49.5464396091206
       123        67  51.7607382039420
       123        68  53.8986835178522
       123        69  55.9628290318789
       123        70  57.9560009521215
       123        71  59.8811921031987
       123        72  61.7414869142208
       123        73  63.5400080530598
       123        74  65.2798779008621
       123        75  66.9641901463717
       123        76  68.5959883231284
       123        77  70.1782491982862
       123        78  71.7138696566542
       123        79  73.2056562058047
       123        80  74.6563165364989
       123        81  76.0684527655977
       123        82  77.4445561070070
       123        83  78.7870027876552
       123        84  80.0980510680917
       123        85  81.3798392525567
       123        86  82.6343845884956
       123        87  83.8635829649130
       123        88  85.0692093253080
       123        89  86.2529187157808
       123        90  87.4162478931218
       123        91  88.5606174217760
       123        92  89.6873341927455
       123        93  90.7975943018532
       123        94  91.8924862293474
       123        95  92.9729942675450
       123        96  94.0400021480473
       123        97  95.0942968249260
       123        98  96.1365723751306
       123        99  97.1674339821193
       123       100  98.1874019733215
       123       101  99.1969158864385
       123       102 100.1963385437438
       123       103 101.1859601174071
       123       104 102.1660021724177
       123       105 103.1366216768992
       123       106 104.0979149724712
       123       107 105.0499216998228
       123       108 105.9926286768154
       123       109 106.9259737282338
       123       110 107.8498494677638
       123       111 108.7641070339105
       123       112 109.6685597823961
       123       113 110.5629869381113
       123       114 111.4471372099618
       123       115 112.3207323719597
       123       116 113.1834708136791
       123       117 114.0350310627263
       123       118 114.8750752811540
       123       119 115.7032527367543
       123       120 116.5192032488449
       123       121 117.3225606064281
       123       122 118.1129559543457
       123       123 118.8900211401040
       123       124 119.6533920102167
       123       125 120.4027116399770
       123       126 121.1376334743217
       123       127 121.8578243497301
       123       128 122.5629673579369
       123       129 123.2527645019697
       123       130 123.9269390844912
       123       131 124.5852377592507
       123       132 125.2274321711369
       123       133 125.8533201124090
       123       134 126.4627261363251
       123       135 127.0555015985954
       123       136 127.6315241440694
       123       137 128.1906967190522
       123       138 128.7329462606432
       123       139 129.2582222783278
       123       140 129.7669609085613

       124         1   0.0000000000000
       124         2  -2.9489062536852
       124         3  -5.8788367419961
       124         4  -8.7712058296006
       124         5 -11.6077574097490
       124         6 -14.3707221184649
       124         7 -17.0429687554386
       124         8 -19.6081481637056
       124         9 -22.0508279386467
       124        10 -24.3566164800782
       124        11 -26.5122750658288
       124        12 -28.5058168072720
       124        13 -30.3265915421084
       124        14 -31.9653559223259
       124        15 -33.4143281618181
       124        16 -34.6672271175944
       124        17 -35.7192955928129
       124        18 -36.5673079702756
       124        19 -37.2095625065855
       124        20 -37.6458588277455
       124        21 -37.8774613542962
       124        22 -37.9070495442251
       124        23 -37.7386559798817
       124        24 -37.3775934478571
       124        25 -36.8303722723700
       124        26 -36.1046092693291
       124        27 -35.2089298111198
       124        28 -34.1528646857912
       124        29 -32.9467438100823
       124        30 -31.6015896049460
       124        31 -30.1290142247081
       124        32 -28.5411270439475
       124        33 -26.8504616013680
       124        34 -25.0699331616519
       124        35 -23.2128357181504
       124        36 -21.2928747756444
       124        37 -19.3242029205951
       124        38 -17.3213761369169
       124        39 -15.2990888745721
       124        40 -13.2715033318701
       124        41 -11.2510110598872
       124        42  -9.2464019948849
       124        43  -7.2606781852238
       124        44  -5.2890661159318
       124        45  -3.3179960666584
       124        46  -1.3257556421137
       124        47   0.7148848345495
       124        48   2.8324223654522
       124        49   5.0517048579615
       124        50   7.3895920883341
       124        51   9.8522519238357
       124        52  12.4345826941960
       124        53  15.1215839148989
       124        54  17.8910222599802
       124        55  20.7165957995976
       124        56  23.5709292705865
       124        57  26.4279834994198
       124        58  29.2647059122930
       124        59  32.0619302810266
       124        60  34.8046455977965
       124        61  37.4818063932994
       124        62  40.0858631262293
       124        63  42.6121662053441
       124        64  45.0583563098551
       124        65  47.4238105343454
       124        66  49.7091775219209
       124        67  51.9160090188284
       124        68  54.0464800639610
       124        69  56.1031830643726
       124        70  58.0889794850197
       124        71  60.0068943415522
       124        72  61.8600413826404
       124        73  63.6515697325180
       124        74  65.3846253128476
       124        75  67.0623223909423
       124        76  68.6877221077425
       124        77  70.2638159034638
       124        78  71.7935124828016
       124        79  73.2796274390237
       124        80  74.7248749632165
       124        81  76.1318612580398
       124        82  77.5030793945842
       124        83  78.8409054234305
       124        84  80.1475955946284
       124        85  81.4252845674681
       124        86  82.6759845068164
       124        87  83.9015849728427
       124        88  85.1038535178424
       124        89  86.2844369091614
       124        90  87.4448629018259
       124        91  88.5865424888917
       124        92  89.7107725619752
       124        93  90.8187389190385
       124        94  91.9115195612633
       124        95  92.9900882257564
       124        96  94.0553181058145
       124        97  95.1079857154816
       124        98  96.1487748600863
       124        99  97.1782806792963
       124       100  98.1970137338953
       124       101  99.2054041119495
       124       102 100.2038055342136
       124       103 101.1924994425226
       124       104 102.1716990584761
       124       105 103.1415534029433
       124       106 104.1021512697780
       124       107 105.0535251496342
       124       108 105.9956551019172
       124       109 106.9284725746962
       124       110 107.8518641738605
       124       111 108.7656753839410
       124       112 109.6697142438571
       124       113 110.5637549814190
       124       114 111.4475416107331
       124       115 112.3207914967485
       124       116 113.1831988910693
       124       117 114.0344384428332
       124       118 114.8741686879384
       124       119 115.7020355191366
       124       120 116.5176756384678
       124       121 117.3207199920695
       124       122 118.1107971854181
       124       123 118.8875368743210
       124       124 119.6505731231866
       124       125 120.3995477168910
       124       126 121.1341134055039
       124       127 121.8539370518280
       124       128 122.5587026398291
       124       129 123.2481140876215
       124       130 123.9218977923539
       124       131 124.5798048177906
       124       132 125.2216126217791
       124       133 125.8471262151515
       124       134 126.4561786527875
       124       135 127.0486307893272
       124       136 127.6243702927896
       124       137 128.1833100003500
       124       138 128.7253858129061
       124       139 129.2505544362268
       124       140 129.7592568223925

       125         1   0.0000000000000
       125         2  -2.9634146115794
       125         3  -5.9077431976950
       125         4  -8.8142883494840
       125         5 -11.6646843949015
       125         6 -14.4410556848177
       125         7 -17.1261690445642
       125         8 -19.7035786301545
       125         9 -22.1577615478305
       125        10 -24.4742427399334
       125        11 -26.6397078060688
       125        12 -28.6421026121993
       125        13 -30.4707187369359
       125        14 -32.1162640086785
       125        15 -33.5709175949649
       125        16 -34.8283693149911
       125        17 -35.8838430601667
       125        18 -36.7341044286359
       125        19 -37.3774529044222
       125        20 -37.8136991274343
       125        21 -38.0441279919005
       125        22 -38.0714484718778
       125        23 -37.8997312092814
       125        24 -37.5343350223582
       125        25 -36.9818236073003
       125        26 -36.2498738200508
       125        27 -35.3471770616362
       125        28 -34.2833355054284
       125        29 -33.0687553115903
       125        30 -31.7145397573751
       125        31 -30.2323866027998
       125        32 -28.6344961372666
       125        33 -26.9334988478878
       125        34 -25.1424129643146
       125        35 -23.2746387560304
       125        36 -21.3439827735493
       125        37 -19.3646752570728
       125        38 -17.3512961051779
       125        39 -15.3184694052502
       125        40 -13.2801524203266
       125        41 -11.2483776266686
       125        42  -9.2314487232953
       125        43  -7.2318458568226
       125        44  -5.2443870368633
       125        45  -3.2553734399896
       125        46  -1.2433621564999
       125        47   0.8181923935780
       125        48   2.9567930855915
       125        49   5.1961750062036
       125        50   7.5521762022122
       125        51  10.0301945573204
       125        52  12.6246855550346
       125        53  15.3205265921766
       125        54  18.0956232419780
       125        55  20.9239923948183
       125        56  23.7786773174764
       125        57  26.6340891912878
       125        58  29.4676068120776
       125        59  32.2604438487582
       125        60  34.9979023088782
       125        61  37.6691811690686
       125        62  40.2669141955418
       125        63  42.7865858860801
       125        64  45.2259345262995
       125        65  47.5844095879073
       125        66  49.8627156123098
       125        67  52.0624499019540
       125        68  54.1858266208349
       125        69  56.2354731207764
       125        70  58.2142827689121
       125        71  60.1253099050046
       125        72  61.9716951277861
       125        73  63.7566118821419
       125        74  65.4832277835666
       125        75  67.1546760876942
       125        76  68.7740341842228
       125        77  70.3443070394748
       125        78  71.8684142259336
       125        79  73.3491796504200
       125        80  74.7893233984581
       125        81  76.1914553059245
       125        82  77.5580699893520
       125        83  78.8915431399472
       125        84  80.1941289310972
       125        85  81.4679584162578
       125        86  82.7150388108125
       125        87  83.9372535621970
       125        88  85.1363631200178
       125        89  86.3140063236314
       125        90  87.4717023296353
       125        91  88.6108530064475
       125        92  89.7327457278768
       125        93  90.8385565024303
       125        94  91.9293533800680
       125        95  93.0061000831996
       125        96  94.0696598138458
       125        97  95.1207991940214
       125        98  96.1601923014505
       125        99  97.1884247676557
       125       100  98.2059979102004
       125       101  99.2133328753666
       125       102 100.2107747717735
       125       103 101.1985967793518
       125       104 102.1770042216672
       125       105 103.1461385928008
       125       106 104.1060815328534
       125       107 105.0568587486330
       125       108 105.9984438782136
       125       109 106.9307622998356
       125       110 107.8536948870703
       125       111 108.7670817133113
       125       112 109.6707257095113
       125       113 110.5643962796893
       125       114 111.4478328791130
       125       115 112.3207485602484
       125       116 113.1828334915925
       125       117 114.0337584543787
       125       118 114.8731783218769
       125       119 115.7007355255834
       125       120 116.5160635119541
       125       121 117.3187901923782
       125       122 118.1085413876437
       125       123 118.8849442659406
       125       124 119.6476307700915
       125       125 120.3962410246622
       125       126 121.1304267061892
       125       127 121.8498543491788
       125       128 122.5542085459478
       125       129 123.2431949791909
       125       130 123.9165432023870
       125       131 124.5740090560752
       125       132 125.2153765810989
       125       133 125.8404592697085
       125       134 126.4491004923507
       125       135 127.0411729658516
       125       136 127.6165772020296
       125       137 128.1752390035960
       125       138 128.7171062505432
       125       139 129.2421454138457
       125       140 129.7508039926416

       126         1   0.0000000000000
       126         2  -2.9760652959728
       126         3  -5.9329463407666
       126         4  -8.8518457475862
       126         5 -11.7142998602311
       126         6 -14.5023380090003
       126         7 -17.1986358947113
       126         8 -19.7866613284163
       126         9 -22.2508106746824
       126        10 -24.5765344916585
       126        11 -26.7504510283195
       126        12 -28.7604464244090
       126        13 -30.5957606569752
       126        14 -32.2470584835506
       126        15 -33.7064848409983
       126        16 -34.9677043687231
       126        17 -36.0259249379195
       126        18 -36.8779052893290
       126        19 -37.5219471092601
       126        20 -37.9578720945692
       126        21 -38.1869847537533
       126        22 -38.2120218540259
       126        23 -38.0370895595212
       126        24 -37.6675894271203
       126        25 -37.1101345439826
       126        26 -36.3724572135285
       126        27 -35.4633097475156
       126        28 -34.3923601593143
       126        29 -33.1700849906644
       126        30 -31.8076623168452
       126        31 -30.3168693617993
       126        32 -28.7099911707262
       126        33 -26.9997489507244
       126        34 -25.1992573281522
       126        35 -23.3220153577759
       126        36 -21.3819213226772
       126        37 -19.3932709828579
       126        38 -17.3706526702149
       126        39 -15.3286021251617
       126        40 -13.2808542470652
       126        41 -11.2390708282510
       126        42  -9.2110693455915
       126        43  -7.1988228123849
       126        44  -5.1967675902017
       126        45  -3.1911054964372
       126        46  -1.1606833512868
       126        47   0.9203597314527
       126        48   3.0785548887726
       126        49   5.3365654456683
       126        50   7.7092583429248
       126        51  10.2013119653260
       126        52  12.8067819227326
       126        53  15.5104546582810
       126        54  18.2903922207766
       126        55  21.1209343982797
       126        56  23.9755352079678
       126        57  26.8290394319576
       126        58  29.6592350407809
       126        59  32.4476913957889
       126        60  35.1800000218889
       126        61  37.8455832754940
       126        62  40.4372403785937
       126        63  42.9505753603823
       126        64  45.3834125131564
       126        65  47.7352645320816
       126        66  50.0068846210113
       126        67  52.1999098589638
       126        68  54.3165888456048
       126        69  56.3595800057389
       126        70  58.3318053597602
       126        71  60.2363458097128
       126        72  62.0763664359635
       126        73  63.8550629642178
       126        74  65.5756229470122
       126        75  67.2411971215947
       126        76  68.8548778449707
       126        77  70.4196825337203
       126        78  71.9385407414690
       126        79  73.4142839767517
       126        80  74.8496376693210
       126        81  76.2472148872331
       126        82  77.6095115285751
       126        83  78.9389027866931
       126        84  80.2376407336930
       126        85  81.5078528951179
       126        86  82.7515417062357
       126        87  83.9705847517594
       126        88  85.1667356988004
       126        89  86.3416258390546
       126        90  87.4967661615715
       126        91  88.6335498824989
       126        92  89.7532553631884
       126        93  90.8570493531091
       126        94  91.9459904991814
       126        95  93.0210330683818
       126        96  94.0830308357417
       126        97  95.1327410951085
       126        98  96.1708287551852
       126        99  97.1978704883723
       126       100  98.2143589047287
       126       101  99.2207067279157
       126       102 100.2172509542355
       126       103 101.2042569798078
       126       104 102.1819226845027
       126       105 103.1503824644663
       126       106 104.1097112079237
       126       107 105.0599282114182
       126       108 106.0010010357627
       126       109 106.9328493027459
       126       110 107.8553484350780
       126       111 108.7683333431971
       126       112 109.6716020634344
       126       113 110.5649193526673
       126       114 111.4480202450415
       126       115 112.3206135766277
       126       116 113.1823854840627
       126       117 114.0330028833182
       126       118 114.8721169347905
       126       119 115.6993665008900
       126       120 116.5143816022169
       126       121 117.3167868781438
       126       122 118.1062050570116
       126       123 118.8822604398967
       126       124 119.6445823995518
       126       125 120.3928088919653
       126       126 121.1265899710416
       126       127 121.8455912858868
       126       128 122.5494975235179
       126       129 123.2380157358587
       126       130 123.9108784573784
       126       131 124.5678464786850
       126       132 125.2087110945333
       126       133 125.8332955995276
       126       134 126.4414557756818
       126       135 127.0330791254926
       126       136 127.6080826809935
       126       137 128.1664093898835
       126       138 128.7080233513209
       126       139 129.2329045099399
       126       140 129.7415094585733

       127         1   0.0000000000000
       127         2  -2.9870121465030
       127         3  -5.9547530669262
       127         4  -8.8843364638032
       127         5 -11.7572115606507
       127         6 -14.5553232306364
       127         7 -17.2612662197620
       127         8 -19.8584316816498
       127         9 -22.3311443620763
       127        10 -24.6647889176388
       127        11 -26.8459240211766
       127        12 -28.8623830930252
       127        13 -30.7033606971967
       127        14 -32.3594838495547
       127        15 -33.8228676954498
       127        16 -35.0871552241189
       127        17 -36.1475408987719
       127        18 -37.0007783007813
       127        19 -37.6451721152417
       127        20 -38.0805550116130
       127        21 -38.3082501760700
       127        22 -38.3310204178153
       127        23 -38.1530049053508
       127        24 -37.7796447079419
       127        25 -37.2175984371758
       127        26 -36.4746494147863
       127        27 -35.5596059594232
       127        28 -34.4821966454482
       127        29 -33.2529628526535
       127        30 -31.8831517611474
       127        31 -30.3846143134511
       127        32 -28.7697145472871
       127        33 -27.0512585032073
       127        34 -25.2424508535397
       127        35 -23.3568819751749
       127        36 -21.4085323971714
       127        37 -19.4117510042672
       127        38 -17.3811190263879
       127        39 -15.3310664779925
       127        40 -13.2750901739682
       127        41 -11.2244725703268
       127        42  -9.1865487496829
       127        43  -7.1628031208179
       127        44  -5.1473198848107
       127        45  -3.1262321346321
       127        46  -1.0786957904816
       127        47   1.0204668199055
       127        48   3.1968400108969
       127        49   5.4720587550059
       127        50   7.8600712801277
       127        51  10.3648879312452
       127        52  12.9802075436198
       127        53  15.6907561755118
       127        54  18.4747688968252
       127        55  21.3069113590820
       127        56  24.1610396472339
       127        57  27.0124148393848
       127        58  29.8392116865696
       127        59  32.6233311000315
       127        60  35.3506308328558
       127        61  38.0107358154460
       127        62  40.5965931270507
       127        63  43.1039119919921
       127        64  45.5305912966265
       127        65  47.8761979668687
       127        66  50.1415267779824
       127        67  52.3282489422422
       127        68  54.4386429374836
       127        69  56.4753945184106
       127        70  58.4414512345842
       127        71  60.3399179080189
       127        72  62.1739818450844
       127        73  63.9468591175079
       127        74  65.6617555548315
       127        75  67.3218379576617
       127        76  68.9302124493551
       127        77  70.4899078940396
       127        78  72.0038630063369
       127        79  73.4749162452778
       127        80  74.9057978900942
       127        81  76.2991238909385
       127        82  77.6573912105716
       127        83  78.9829744495245
       127        84  80.2781235944394
       127        85  81.5449627585126
       127        86  82.7854898013584
       127        87  84.0015767277073
       127        88  85.1949707728892
       127        89  86.3672960896983
       127        90  87.5200559569640
       127        91  88.6546354354917
       127        92  89.7723044022857
       127        93  90.8742208992447
       127        94  91.9614347378605
       127        95  93.0348913068429
       127        96  94.0954355349947
       127        97  95.1438159670048
       127        98  96.1806889150678
       127        99  97.2066226543061
       127       100  98.2221016348183
       127       101  99.2275306877586
       127       102 100.2232392071228
       127       103 101.2094852928575
       127       104 102.1864598444874
       127       105 103.1542905976623
       127       106 104.1130460988615
       127       107 105.0627396159468
       127       108 106.0033329843524
       127       109 106.9347403904452
       127       110 107.8568320950112
       127       111 108.7694381009577
       127       112 109.6723517701937
       127       113 110.5653333953153
       127       114 111.4481137322241
       127       115 112.3203975001927
       127       116 113.1818668562299
       127       117 114.0321848509325
       127       118 114.8709988734016
       127       119 115.6979440932776
       127       120 116.5126469085253
       127       121 117.3147284082260
       127       122 118.1038078601874
       127       123 118.8795062333813
       127       124 119.6414497645933
       127       125 120.3892735763967
       127       126 121.1226253484161
       127       127 121.8411690339735
       127       128 122.5445885971320
       127       129 123.2325917176934
       127       130 123.9049133704719
       127       131 124.5613191274247
       127       132 125.2016079569865
       127       133 125.8256142104002
       127       134 126.4332084071153
       127       135 127.0242963937198
       127       136 127.5988165046509
       127       137 128.1567345592817
       127       138 128.6980369330073
       127       139 129.2227225164411
       127       140 129.7312608424244

       128         1   0.0000000000000
       128         2  -2.9964079426851
       128         3  -5.9734681464127
       128         4  -8.9122157367745
       128         5 -11.7940229585605
       128         6 -14.6007600852734
       128         7 -17.3149503930989
       128         8 -19.9199174070225
       128         9 -22.3999227485203
       128        10 -24.7402930612676
       128        11 -26.9275346604850
       128        12 -28.9494347391788
       128        13 -30.7951481660692
       128        14 -32.4552691198171
       128        15 -33.9218870162007
       128        16 -35.1886263951486
       128        17 -36.2506706445881
       128        18 -37.1047696551690
       128        19 -37.7492317289498
       128        20 -38.1839002967668
       128        21 -38.4101162098055
       128        22 -38.4306665413726
       128        23 -38.2497209676569
       128        24 -37.8727569124072
       128        25 -37.3064747610331
       128        26 -36.5587045893833
       128        27 -35.6383060352347
       128        28 -34.5550632239550
       128        29 -33.3195771516321
       128        30 -31.9431587790181
       128        31 -30.4377274224532
       128        32 -28.8157207499674
       128        33 -27.0900241018385
       128        34 -25.2739260913433
       128        35 -23.3811010496281
       128        36 -21.4256022303587
       128        37 -19.4218192271090
       128        38 -17.3843109270458
       128        39 -15.3273852554368
       128        40 -13.2642872885777
       128        41 -11.2059146039172
       128        42  -9.1591273517216
       128        43  -7.1249430948181
       128        44  -5.0971252567057
       128        45  -3.0617689404398
       128        46  -0.9983570488451
       128        47   1.1176087470080
       128        48   3.3107933835188
       128        49   5.6018490029122
       128        50   8.0038589253427
       128        51  10.5202175300180
       128        52  13.1443098252613
       128        53  15.8608312923663
       128        54  18.6482054701045
       128        55  21.4814257183035
       128        56  24.3347406114218
       128        57  27.1838096657558
       128        58  30.0071717990996
       128        59  32.7870353590788
       128        60  35.5095012114804
       128        61  38.1643762878322
       128        62  40.7447381650749
       128        63  43.2463871475204
       128        64  45.6672855017335
       128        65  48.0070455724547
       128        66  50.2664967842987
       128        67  52.4473390010623
       128        68  54.5518761772060
       128        69  56.5828178042659
       128        70  58.5431339795392
       128        71  60.4359509363956
       128        72  62.2644760750441
       128        73  64.0319439910246
       128        74  65.7415772325343
       128        75  67.3965573365455
       128        76  69.0000030734892
       128        77  70.5549538254434
       128        78  72.0643567135093
       128        79  73.5310565551759
       128        80  74.9577880380811
       128        81  76.3471696933705
       128        82  77.7016993765614
       128        83  79.0237510419052
       128        84  80.3155726448468
       128        85  81.5792850375398
       128        86  82.8168817416907
       128        87  84.0302294958143
       128        88  85.2210694830887
       128        89  86.3910191530968
       128        90  87.5415745568224
       128        91  88.6741131199067
       128        92  89.7898967846609
       128        93  90.8900754568015
       128        94  91.9756906983889
       128        95  93.0476796139788
       128        96  94.1068788825083
       128        97  95.1540288928825
       128        98  96.1897779465383
       128        99  97.2146864953916
       128       100  98.2292313884622
       128       101  99.2338101050836
       128       102 100.2287449568902
       128       103 101.2142872447215
       128       104 102.1906213601566
       128       105 103.1578688245872
       128       106 104.1160922615498
       128       107 105.0652993004706
       128       108 106.0054464120424
       128       109 106.9364426771665
       128       110 107.8581534927940
       128       111 108.7704042191039
       128       112 109.6729837733249
       128       113 110.5656481761765
       128       114 111.4481240574389
       128       115 112.3201121276300
       128       116 113.1812906232353
       128       117 114.0313187335027
       128       118 114.8698400175426
       128       119 115.6964858214741
       128       120 116.5108787066766
       128       121 117.3126359018986
       128       122 118.1013727939885
       128       123 118.8767064741894
       128       124 119.6382593588640
       128       125 120.3856629044132
       128       126 121.1185614346435
       128       127 121.8366160926508
       128       128 122.5395089149456
       128       129 123.2269469980346
       128       130 123.8986666804262
       128       131 124.5544375885885
       128       132 125.1940662876163
       128       133 125.8173991362657
       128       134 126.4243237864154
       128       135 127.0147686310267
       128       136 127.5886994742252
       128       137 128.1461128950710
       128       138 128.6870263343333
       128       139 129.2114658991222
       128       140 129.7199200489472

       129         1   0.0000000000000
       129         2  -3.0044026298600
       129         3  -5.9893906865179
       129         4  -8.9359303235528
       129         5 -11.8253262309885
       129         6 -14.6393832388565
       129         7 -17.3605619585045
       129         8 -19.9721266609832
       129         9 -22.4582837141700
       129        10 -24.8043090479906
       129        11 -26.9966632870794
       129        12 -29.0230933788868
       129        13 -30.8727197481634
       129        14 -32.5361082203798
       129        15 -34.0053261705675
       129        16 -35.2739825651624
       129        17 -36.3372517729950
       129        18 -37.1918812353257
       129        19 -37.8361833122211
       129        20 -38.2700118583890
       129        21 -38.4947243015266
       129        22 -38.5131301741998
       129        23 -38.3294271836086
       129        24 -37.9491260158714
       129        25 -37.3789651913302
       129        26 -36.6268174348396
       129        27 -35.7015892242729
       129        28 -34.6131154865031
       129        29 -33.3720519244825
       129        30 -31.9897683145135
       129        31 -30.4782473933389
       129        32 -28.8499954928085
       129        33 -27.1179720783198
       129        34 -25.2955438780182
       129        35 -23.3964619893734
       129        36 -21.4348430009615
       129        37 -19.4251050500185
       129        38 -17.3817701043340
       129        39 -15.3190090585816
       129        40 -13.2498039840889
       129        41 -11.1846652364815
       129        42  -9.1299888835720
       129        43  -7.0863500586002
       129        44  -5.0472239218817
       129        45  -2.9986976668333
       129        46  -0.9205970098948
       129        47   1.2109035762923
       129        48   3.4195796241569
       129        49   5.7251478759731
       129        50   8.1398816573957
       129        51  10.6666117680947
       129        52  13.2984519493753
       129        53  16.0200959998327
       129        54  18.8101701876589
       129        55  21.6439962460152
       129        56  24.4962047131906
       129        57  27.3428350804249
       129        58  30.1627675484015
       129        59  32.9384937735511
       129        60  35.6563347615728
       129        61  38.3062590887349
       129        62  40.8814577075492
       129        63  43.3778081201934
       129        64  45.7933249805654
       129        65  48.1276574498052
       129        66  50.3816628801634
       129        67  52.5570644975567
       129        68  54.6561875152585
       129        69  56.6817617419926
       129        70  58.6367770025081
       129        71  60.5243785802301
       129        72  62.3477919697374
       129        73  64.1102685862740
       129        74  65.8150462425673
       129        75  67.4653199765236
       129        76  69.0642201667380
       129        77  70.6147958543729
       129        78  72.1200018750860
       129        79  73.5826888686005
       129        80  75.0055955400854
       129        81  76.3913427461279
       129        82  77.7424291047597
       129        83  79.0612279088881
       129        84  80.3499851726063
       129        85  81.6108186714287
       129        86  82.8457178577655
       129        87  84.0565445464960
       129        88  85.2450342751764
       129        89  86.4127982509553
       129        90  87.5613258027059
       129        91  88.6919872627968
       129        92  89.8060372086360
       129        93  90.9046179997825
       129        94  91.9887635520809
       129        95  93.0594032959312
       129        96  94.1173662714183
       129        97  95.1633853185548
       129        98  96.1981013262653
       129        99  97.2220675089207
       129       100  98.2357536841553
       129       101  99.2395505303325
       129       102 100.2337738063251
       129       103 101.2186685202195
       129       104 102.1944130371190
       129       105 103.1611231193967
       129       106 104.1188558955373
       129       107 105.0676137561054
       129       108 106.0073481774065
       129       109 106.9379634750852
       129       110 107.8593204912563
       129       111 108.7712402198405
       129       112 109.6735073756024
       129       113 110.5658739130452
       129       114 111.4480625018483
       129       115 112.3197699660409
       129       116 113.1806706946638
       129       117 114.0304200324093
       129       118 114.8686576597609
       129       119 115.6950109736308
       129       120 116.5090984815666
       129       121 117.3105332254195
       129       122 118.0989262540522
       129       123 118.8738901692425
       129       124 119.6350427742343
       129       125 120.3820108598580
       129       126 121.1144341675567
       129       127 121.8319695696572
       129       128 122.5342955006512
       129       129 123.2211166522632
       129       130 123.8921688992938
       129       131 124.5472243382404
       129       132 125.1860961793821
       129       133 125.8086430205508
       129       134 126.4147717472277
       129       135 127.0044379872967
       129       136 127.5776428112335
       129       137 128.1344244266403
       129       138 128.6748442804472
       129       139 129.1989685222074
       129       140 129.7073141820695

       130         1   0.0000000000000
       130         2  -3.0111415782401
       130         3  -6.0028106602363
       130         4  -8.9559133182832
       130         5 -11.8516954084270
       130         6 -14.6719047863215
       130         7 -17.3989475372784
       130         8 -20.0160364124646
       130         9 -22.5073297860412
       130        10 -24.8580595963273
       130        11 -27.0546469047420
       130        12 -29.0848038958180
       130        13 -30.9376213457177
       130        14 -32.6036408000459
       130        15 -34.0749109177623
       130        16 -35.3450276504974
       130        17 -36.4091581340953
       130        18 -37.2640483789826
       130        19 -37.9080150696617
       130        20 -38.3409220217191
       130        21 -38.5641420744601
       130        22 -38.5805053859266
       130        23 -38.3942352337060
       130        24 -38.0108725332487
       130        25 -37.4371904025327
       130        26 -36.6811002555140
       130        27 -35.7515511221346
       130        28 -34.6584242203411
       130        29 -33.4124253382413
       130        30 -32.0249784351272
       130        31 -30.5081250803877
       130        32 -28.8744356801617
       130        33 -27.1369390091804
       130        34 -25.3090744007780
       130        35 -23.4046628129385
       130        36 -21.4378751067602
       130        37 -19.4231463532400
       130        38 -17.3749480814000
       130        39 -15.3073010417979
       130        40 -13.2329157139744
       130        41 -11.1619161268866
       130        42  -9.1002482097030
       130        43  -7.0480711438021
       130        44  -4.9986047154593
       130        45  -2.9379569074876
       130        46  -0.8463094877989
       130        47   1.2994997660512
       130        48   3.5223895221814
       130        49   5.8411903123418
       130        50   8.2674212352389
       130        51  10.8034019275680
       130        52  13.4420167848625
       130        53  16.1679857165979
       130        54  18.9601506740296
       130        55  21.7941611758426
       130        56  24.6450181946077
       130        57  27.4891220656367
       130        58  30.3056710458826
       130        59  33.0774158861438
       130        60  35.7908748442772
       130        61  38.4361579698371
       130        62  41.0065527034053
       130        63  43.4980001173445
       130        64  45.9085565185632
       130        65  48.2378995369129
       130        66  50.4869079768692
       130        67  52.6573233713415
       130        68  54.7514881936096
       130        69  56.7721493509416
       130        70  58.7223137563771
       130        71  60.6051435425644
       130        72  62.4238804391099
       130        73  64.1817910978771
       130        74  65.8821272457969
       130        75  67.5280962750734
       130        76  69.1228392096624
       130        77  70.6694139565729
       130        78  72.1707824312276
       130        79  73.6298006096903
       130        80  75.0492108687035
       130        81  76.4316361753444
       130        82  77.7795758170374
       130        83  79.0954024445449
       130        84  80.3813602523067
       130        85  81.6395641533566
       130        86  82.8719998272927
       130        87  84.0805245340763
       130        88  85.2668685966686
       130        89  86.4326374634935
       130        90  87.5793142684723
       130        91  88.7082628125568
       130        92  89.8207308966025
       130        93  90.9178539412504
       130        94  92.0006588352814
       130        95  93.0700679596730
       130        96  94.1269033402927
       130        97  95.1718908877567
       130        98  96.2056646884190
       130        99  97.2287713156734
       130       100  98.2416741357036
       130       101  99.2447575864692
       130       102 100.2383314130150
       130       103 101.2226348461361
       130       104 102.1978407149741
       130       105 103.1640594872807
       130       106 104.1213432338335
       130       107 105.0696895158531
       130       108 106.0090451962513
       130       109 106.9393101771664
       130       110 107.8603410675380
       130       111 108.7719547854869
       130       112 109.6739321010381
       130       113 110.5660211253189
       130       114 111.4479407528597
       130       115 112.3193840641029
       130       116 113.1800216958071
       130       117 114.0295051878522
       130       118 114.8674703161744
       130       119 115.6935404234035
       130       120 116.5073297614803
       130       121 117.3084468644040
       130       122 118.0964979746219
       130       123 118.8710905537569
       130       124 119.6318369176118
       130       125 120.3783580466794
       130       126 121.1102876361126
       130       127 121.8272764614852
       130       128 122.5289971447154
       130       129 123.2151494004705
       130       130 123.8854658134325
       130       131 124.5397181184329
       130       132 125.1777237954092
       130       133 125.7993525072982
       130       134 126.4045314630100
       130       135 126.9932481795300
       130       136 127.5655484556007
       130       137 128.1215269771351
       130       138 128.6613084761364
       130       139 129.1850195839718
       130       140 129.6932220627322

       131         1   0.0000000000000
       131         2  -3.0167638955176
       131         3  -6.0140055418235
       131         4  -8.9725791307170
       131         5 -11.8736797258149
       131         6 -14.6990060138360
       131         7 -17.4309170495030
       131         8 -20.0525811795561
       131         9 -22.5481154546625
       131        10 -24.9027139867878
       131        11 -27.1027638808542
       131        12 -29.1359475597638
       131        13 -30.9913305070307
       131        14 -32.6594336662091
       131        15 -34.1322899545102
       131        16 -35.4034845625124
       131        17 -36.4681789191953
       131        18 -37.3231184072498
       131        19 -37.9666241315848
       131        20 -38.3985692813881
       131        21 -38.6203408650321
       131        22 -38.6347877997912
       131        23 -38.4461564826224
       131        24 -38.0600150738011
       131        25 -37.4831678373969
       131        26 -36.7235610397106
       131        27 -35.7901821368870
       131        28 -34.6929543307980
       131        29 -33.4426291185431
       131        30 -32.0506802957537
       131        31 -30.5292039958939
       131        32 -28.8908304495883
       131        33 -27.1486532717235
       131        34 -25.3161792441527
       131        35 -23.4072926771504
       131        36 -21.4362101915537
       131        37 -19.4173730758355
       131        38 -17.3651903810499
       131        39 -15.2935218487785
       131        40 -13.2148007463443
       131        41 -11.1387689311835
       131        42  -9.0709389222050
       131        43  -7.0110818923830
       131        44  -4.9521947789594
       131        45  -2.8804329663053
       131        46  -0.7763443821830
       131        47   1.3825826523473
       131        48   3.6184451451121
       131        49   5.9492383118179
       131        50   8.3857835099049
       131        51  10.9299414983225
       131        52  13.5744084463133
       131        53  16.3039568932720
       131        54  19.0976559158526
       131        55  21.9314807421668
       131        56  24.7807900073091
       131        57  27.6223248905713
       131        58  30.4355779980680
       131        59  33.2035348041950
       131        60  35.9128880026166
       131        61  38.5538691540333
       131        62  41.1198455811861
       131        63  43.6068086120138
       131        64  46.0128457935177
       131        65  48.3376551929955
       131        66  50.5821308944800
       131        67  52.7480279653395
       131        68  54.8377023976517
       131        69  56.8539152080656
       131        70  58.7996879588454
       131        71  60.6781976022225
       131        72  62.4927003876911
       131        73  64.2464767407429
       131        74  65.9427910515646
       131        75  67.5848620021926
       131        76  69.1758403674275
       131        77  70.7187921842503
       131        78  72.2166858620017
       131        79  73.6723822697400
       131        80  75.0886271475527
       131        81  76.4680453921459
       131        82  77.8131368985218
       131        83  79.1262737236102
       131        84  80.4096983912108
       131        85  81.6655231918002
       131        86  82.8957303530130
       131        87  84.1021729716527
       131        88  85.2865766088804
       131        89  86.4505414586151
       131        90  87.5955450062534
       131        91  88.7229451012298
       131        92  89.8339833730401
       131        93  90.9297889263231
       131        94  92.0113822565063
       131        95  93.0796793333818
       131        96  94.1354958057579
       131        97  95.1795512859840
       131        98  96.2124736786306
       131        99  97.2348035228525
       131       100  98.2469983229420
       131       101  99.2494368462348
       131       102 100.2424233718388
       131       103 101.2261918775819
       131       104 102.2009101561082
       131       105 103.1666838541753
       131       106 104.1235604319239
       131       107 105.0715330412031
       131       108 106.0105443239652
       131       109 106.9404901333033
       131       110 107.8612231809291
       131       111 108.7725566158206
       131       112 109.6742675394497
       131       113 110.5661004635005
       131       114 111.4477707163792
       131       115 112.3189678052015
       131       116 113.1793587404381
       131       117 114.0285913311712
       131       118 114.8662974601580
       131       119 115.6920963498905
       131       120 116.5055978339235
       131       121 117.3064056523648
       131       122 118.0941207971741
       131       123 118.8683449424852
       131       124 119.6286840084116
       131       125 120.3747519245307
       131       126 121.1061746820946
       131       127 121.8225947917659
       131       128 122.5236762941064
       131       129 123.2091104967415
       131       130 123.8786226205811
       131       131 124.5319794989886
       131       132 125.1689983370892
       131       133 125.7895562215760
       131       134 126.3935994629822
       131       135 126.9811508439271
       131       136 127.5523114383752
       131       137 128.1072521996215
       131       138 128.6461900299629
       131       139 129.1693455235333
       131       140 129.6773535124901

       132         1   0.0000000000000
       132         2  -3.0214008128850
       132         3  -6.0232370888199
       132         4  -8.9863186835507
       132         5 -11.8917972636804
       132         6 -14.7213295211888
       132         7 -17.4572343637891
       132         8 -20.0826422610283
       132         9 -22.5816350497036
       132        10 -24.9393746513732
       132        11 -27.1422193264733
       132        12 -29.1778262803872
       132        13 -31.0352396427969
       132        14 -32.7049630579419
       132        15 -34.1790163437896
       132        16 -35.4509758951825
       132        17 -36.5159987143230
       132        18 -37.3708301543385
       132        19 -38.0137956723746
       132        20 -38.4447771216913
       132        21 -38.6651743579596
       132        22 -38.6778531542654
       132        23 -38.4870805771370
       132        24 -38.0984490820735
       132        25 -37.5187906926398
       132        26 -36.7560827841368
       132        27 -35.8193472351673
       132        28 -34.7185450764923
       132        29 -33.4644693215053
       132        30 -32.0686394708073
       132        31 -30.5432021995906
       132        32 -28.9008435899633
       132        33 -27.1547179421895
       132        34 -25.3183947109884
       132        35 -23.4058155710086
       132        36 -21.4312351857152
       132        37 -19.4090916120893
       132        38 -17.3537213248468
       132        39 -15.2788148923593
       132        40 -13.1965260246592
       132        41 -11.1162218628125
       132        42  -9.0430007411712
       132        43  -6.9762746629107
       132        44  -4.9088491517101
       132        45  -2.8269507915666
       132        46  -0.7115000370562
       132        47   1.4593807123129
       132        48   3.7070049243077
       132        49   6.0485851656409
       132        50   8.4943021490658
       132        51  11.0456096576279
       132        52  13.6950556203267
       132        53  16.4274901269709
       132        54  19.2222190606420
       132        55  22.0555396280395
       132        56  24.9031539901419
       132        57  27.7421231758914
       132        58  30.5522098104238
       132        59  33.3166094244810
       132        60  36.0221662981535
       132        61  38.6592137047641
       132        62  41.2211825406219
       132        63  43.7041014509120
       132        64  46.1060792208508
       132        65  48.4268267365844
       132        66  50.6672475803779
       132        67  52.8291059371509
       132        68  54.9147678888562
       132        69  56.9270058388076
       132        70  58.8688537812197
       132        71  60.7435016390520
       132        72  62.5542186114109
       132        73  64.3042975490761
       132        74  65.9970143446851
       132        75  67.6355979765545
       132        76  69.2232081321077
       132        77  70.7629182879213
       132        78  72.2577027991515
       132        79  73.7104270168169
       132        80  75.1238397646980
       132        81  76.5005677143016
       132        82  77.8431113306731
       132        83  79.1538421482471
       132        84  80.4350011912475
       132        85  81.6886983887307
       132        86  82.9169128576349
       132        87  84.1214939429800
       132        88  85.3041629156900
       132        89  86.4665152372777
       132        90  87.6100233079890
       132        91  88.7360396216268
       132        92  89.8458002565327
       132        93  90.9404286383049
       132        94  92.0209395158317
       132        95  93.0882430981623
       132        96  94.1431493055718
       132        97  95.1863720938809
       132        98  96.2185338166052
       132        99  97.2401695947835
       132       100  98.2517316693240
       132       101  99.2535937153712
       132       102 100.2460551024947
       132       103 101.2293450884166
       132       104 102.2036269375019
       132       105 103.1690019583282
       132       106 104.1255134573261
       132       107 105.0731506077450
       132       108 106.0118522350613
       132       109 106.9415105214357
       132       110 107.8619746329570
       132       111 108.7730542742423
       132       112 109.6745231755183
       132       113 110.5661225176712
       132       114 111.4475643009772
       132       115 112.3185346634290
       132       116 113.1786971548601
       132       117 114.0276959736299
       132       118 114.8651591736647
       132       119 115.6907018514832
       132       120 116.5039293258758
       132       121 117.3044403277468
       132       122 118.0918302250762
       132       123 118.8656943191345
       132       124 119.6256312644937
       132       125 120.3712466889911
       132       126 121.1021571230157
       132       127 121.8179943928376
       132       128 122.5184106919628
       132       129 123.2030846164480
       132       130 123.8717285256765
       132       131 124.5240976427748
       132       132 125.1600012774184
       132       133 125.7793163153875
       132       134 126.3820024569577
       132       135 126.9681172773269
       132       136 127.5378266858482
       132       137 128.0914027770597
       132       138 128.6291976146799
       132       139 129.1515820049301
       132       140 129.6593161568338

       133         1   0.0000000000000
       133         2  -3.0251741634515
       133         3  -6.0307483083672
       133         4  -8.9974948849948
       133         5 -11.9065289540361
       133         6 -14.7394717965939
       133         7 -17.4786084848038
       133         8 -20.1070375882931
       133         9 -22.6088113155844
       133        10 -24.9690645391141
       133        11 -27.1741313246631
       133        12 -29.2116477772744
       133        13 -31.0706402223312
       133        14 -32.7415979578317
       133        15 -34.2165300362432
       133        16 -35.4890057542621
       133        17 -36.5541787393587
       133        18 -37.4087947226018
       133        19 -38.0511832902890
       133        20 -38.4812341315489
       133        21 -38.7003585469061
       133        22 -38.7114372192141
       133        23 -38.5187554264554
       133        24 -38.1279269892040
       133        25 -37.5458083446552
       133        26 -36.7804042912504
       133        27 -35.8407671981788
       133        28 -34.7368918555600
       133        29 -33.4796087000965
       133        30 -32.0804789222912
       133        31 -30.5516958556550
       133        32 -28.9059976366656
       133        33 -27.1565953409187
       133        34 -25.3171166983363
       133        35 -23.4015553854172
       133        36 -21.4241974355827
       133        37 -19.3994698948384
       133        38 -17.3416290212147
       133        39 -15.2641912810366
       133        40 -13.1790321693076
       133        41 -11.0951550192753
       133        42  -9.0172655265814
       133        43  -6.9444457766641
       133        44  -4.8693395479869
       133        45  -2.7782648719475
       133        46  -0.6525166721824
       133        47   1.5291693124838
       133        48   3.7873644921482
       133        49   6.1385535640415
       133        50   8.5923345575587
       133        51  11.1498059508100
       133        52  13.8034062655130
       133        53  16.5380861813491
       133        54  19.3333957368371
       133        55  22.1659479721969
       133        56  25.0117723159233
       133        57  27.8482270854206
       133        58  30.6553196701449
       133        59  33.4164306424734
       133        60  36.1185331031642
       133        61  38.7520425974772
       133        62  41.3104377910517
       133        63  43.7897722704273
       133        64  46.1881666220126
       133        65  48.5053374659921
       133        66  50.7421925846504
       133        67  52.9005012854065
       133        68  54.9826366677160
       133        69  56.9913800910579
       133        70  58.9297759969273
       133        71  60.8010256103374
       133        72  62.6084096459180
       133        73  64.3552321322336
       133        74  66.0447793771525
       133        75  67.6802897151418
       133        76  69.2649309471472
       133        77  70.8017833284061
       133        78  72.2938266350134
       133        79  73.7439303084121
       133        80  75.1548459938822
       133        81  76.5292019993973
       133        82  77.8694993386675
       133        83  79.1781091110929
       133        84  80.4572710285753
       133        85  81.7090929361098
       133        86  82.9355511973540
       133        87  84.1384918328571
       133        88  85.3196323104556
       133        89  86.4805638964586
       133        90  87.6227544838480
       133        91  88.7475518205183
       133        92  89.8561870669722
       133        93  90.9497786190808
       133        94  92.0293361376012
       133        95  93.0957647321392
       133        96  94.1498692531284
       133        97  95.1923586511353
       133        98  96.2238503683402
       133        99  97.2448747323322
       133       100  98.2558793273585
       133       101  99.2572333228240
       133       102 100.2492317431367
       133       103 101.2320996668828
       133       104 102.2059963468042
       133       105 103.1710192451037
       133       106 104.1272079812347
       133       107 105.0745481915384
       133       108 106.0129753018856
       133       109 106.9423782158835
       133       110 107.8626029222410
       133       111 108.7734560255886
       133       112 109.6747082054599
       133       113 110.5660976083155
       133       114 111.4473331774951
       133       115 112.3180979259083
       133       116 113.1780521562345
       133       117 114.0268366335537
       133       118 114.8640757158947
       133       119 115.6893804494696
       133       120 116.5023516378166
       133       121 117.3025828983488
       133       122 118.0896637268736
       133       123 118.8631826019447
       133       124 119.6227301785488
       133       125 120.3679026477516
       133       126 121.0983053799740
       133       127 121.8135570307791
       133       128 122.5132943773712
       133       129 123.1971782803011
       133       130 123.8649013340725
       133       131 124.5161979753900
       133       132 125.1508580145057
       133       133 125.7687446120945
       133       134 126.3698173306758
       133       135 126.9541594212614
       133       136 127.5220049213933
       133       137 128.0737542212815
       133       138 128.6099565009050
       133       139 129.1312289834567
       133       140 129.6385593874646

       134         1   0.0000000000000
       134         2  -3.0281949709341
       134         3  -6.0367606434495
       134         4  -9.0064384297051
       134         5 -11.9183130212875
       134         6 -14.7539763308080
       134         7 -17.4956853815140
       134         8 -20.1265123160628
       134         9 -22.6304848198343
       134        10 -24.9927154040003
       134        11 -27.1995181659943
       134        12 -29.2385118366446
       134        13 -31.0987081302513
       134        14 -32.7705846320060
       134        15 -34.2461416810832
       134        16 -35.5189429305599
       134        17 -36.5841394792215
       134        18 -37.4384776714254
       134        19 -38.0802908577940
       134        20 -38.5094756227328
       134        21 -38.7274532280345
       134        22 -38.7371172720393
       134        23 -38.5427687679235
       134        24 -38.1500399750537
       134        25 -37.5658084140095
       134        26 -36.7981026387890
       134        27 -35.8560015914116
       134        28 -34.7495297570088
       134        29 -33.4895508965868
       134        30 -32.0876638608861
       134        31 -30.5561047477866
       134        32 -28.9076599759174
       134        33 -27.1555936094391
       134        34 -25.3135875870176
       134        35 -23.3956829301444
       134        36 -21.4161916649987
       134        37 -19.3895241506594
       134        38 -17.3298518230881
       134        39 -15.2505159744097
       134        40 -13.1631194415071
       134        41 -11.0763164076318
       134        42  -8.9944437679779
       134        43  -6.9162829822346
       134        44  -4.8343433070435
       134        45  -2.7350500168208
       134        46  -0.6000689971816
       134        47   1.5912767068099
       134        48   3.8588621382753
       134        49   6.2185014923437
       134        50   8.6792688967219
       134        51  11.2419584148636
       134        52  13.8989360181104
       134        53  16.6352733861258
       134        54  19.4307693055346
       134        55  22.2623439957736
       134        56  25.1063358169685
       134        57  27.9403762224450
       134        58  30.7446910090980
       134        59  33.5028201516411
       134        60  36.2018426275907
       134        61  38.8322370172753
       134        62  41.3875144407530
       134        63  43.8637417135352
       134        64  46.2590425190833
       134        65  48.5731328461683
       134        66  50.8069200296306
       134        67  52.9621750574387
       134        68  55.0412754208436
       134        69  57.0470093499546
       134        70  58.9824300045166
       134        71  60.8507484248596
       134        72  62.6552555312575
       134        73  64.3992653636472
       134        74  66.0860736083022
       134        75  67.7189270453815
       134        76  69.3010008068253
       134        77  70.8353812746252
       134        78  72.3250531262776
       134        79  73.7728895062785
       134        80  75.1816446237232
       134        81  76.5539482903756
       134        82  77.8923020543582
       134        83  79.1990766761032
       134        84  80.4765107523552
       134        85  81.7267103323586
       134        86  82.9516493955984
       134        87  84.1531710776037
       134        88  85.3329895425898
       134        89  86.4926924111306
       134        90  87.6337436588593
       134        91  88.7574869091364
       134        92  89.8651490491096
       134        93  90.9578441048630
       134        94  92.0365773174824
       134        95  93.1022493679067
       134        96  94.1556607043465
       134        97  95.1975159318155
       134        98  96.2284282288733
       134        99  97.2489237619799
       134       100  98.2594460728623
       134       101  99.2603604189507
       134       102 100.2519580512214
       134       103 101.2344604176609
       134       104 102.2080232840216
       134       105 103.1727407665562
       134       106 104.1286492740062
       134       107 105.0757313582625
       134       108 106.0139194748429
       134       109 106.9430996556419
       134       110 107.8631150973302
       134       111 108.7737696693501
       134       112 109.6748313456862
       134       113 110.5660355645500
       134       114 111.4470885198456
       134       115 112.3176703878553
       134       116 113.1774384920901
       134       117 114.0260304088233
       134       118 114.8630670156371
       134       119 115.6881554856453
       134       120 116.5008922312931
       134       121 117.3008658044193
       134       122 118.0876597645457
       134       123 118.8608555366803
       134       124 119.6200352957170
       134       125 120.3647849406720
       134       126 121.0946972647248
       134       127 121.8093754961054
       134       128 122.5084374954571
       134       129 123.1915210699650
       134       130 123.8582911344803
       134       131 124.5084498514223
       134       132 125.1417514375445
       134       133 125.7580239885946
       134       134 126.3572011729309
       134       135 126.9393661586278
       134       136 127.5048066848818
       134       137 128.0540699330668
       134       138 128.5879836664454
       134       139 129.1075759920510
       134       140 129.6142732768779

       135         1   0.0000000000000
       135         2  -3.0305621651871
       135         3  -6.0414714120614
       135         4  -9.0134439772858
       135         5 -11.9275399232242
       135         6 -14.7653273510395
       135         7 -17.5090405514771
       135         8 -20.1417302612223
       135         9 -22.6474043171476
       135        10 -25.0111571508288
       135        11 -27.2192867383746
       135        12 -29.2593978124698
       135        13 -31.1204903508173
       135        14 -32.7930325737255
       135        15 -34.2690179086138
       135        16 -35.5420056044943
       135        17 -36.6071448973032
       135        18 -37.4611828309526
       135        19 -38.1024560321921
       135        20 -38.5308669385831
       135        21 -38.7478452105472
       135        22 -38.7562953143919
       135        23 -38.5605314946195
       135        24 -38.1662015130126
       135        25 -37.5802006363528
       135        26 -36.8105774871807
       135        27 -35.8664336167455
       135        28 -34.7578190568338
       135        29 -33.4956266629266
       135        30 -32.0914887373015
       135        31 -30.5576800353838
       135        32 -28.9070312825370
       135        33 -27.1528556418396
       135        34 -25.3088853487703
       135        35 -23.3892047589898
       135        36 -21.4081479456629
       135        37 -19.3801054064855
       135        38 -17.3191628636682
       135        39 -15.2384901161300
       135        40 -13.1494280748002
       135        41 -11.0603009949778
       135        42  -8.9751035734444
       135        43  -6.8923459833176
       135        44  -4.8044272655271
       135        45  -2.6978904017465
       135        46  -0.5547621149960
       135        47   1.6450799143249
       135        48   3.9208657114372
       135        49   6.2878004468067
       135        50   8.7544954527007
       135        51  11.3214916993958
       135        52  13.9811179465893
       135        53  16.7185839512902
       135        54  19.5139372118241
       135        55  22.3443914348805
       135        56  25.1865711012536
       135        57  28.0183534312345
       135        58  30.8201545482844
       135        59  33.5756477846960
       135        60  36.2719955758576
       135        61  38.8997213446051
       135        62  41.4523545907546
       135        63  43.9259648758012
       135        64  46.3186713850575
       135        65  48.6301840533767
       135        66  50.8614058882382
       135        67  53.0141067173541
       135        68  55.0906662506911
       135        69  57.0938778294865
       135        70  59.0268018253473
       135        71  60.8926577490453
       135        72  62.6947454983324
       135        73  64.4363879974380
       135        74  66.1208892856337
       135        75  67.7515036729824
       135        76  69.3314128259632
       135        77  70.8637085844902
       135        78  72.3513799915772
       135        79  73.7973034936897
       135        80  75.2042355959574
       135        81  76.5748074750398
       135        82  77.9115211966941
       135        83  79.2167472791882
       135        84  80.4927234047299
       135        85  81.7415541207293
       135        86  82.9652113988255
       135        87  84.1655359373276
       135        88  85.3442391053649
       135        89  86.5029054366952
       135        90  87.6429955890848
       135        91  88.7658496922089
       135        92  89.8726910135825
       135        93  90.9646298783407
       135        94  92.0426677848596
       135        95  93.1077016642690
       135        96  94.1605282378436
       135        97  95.2018484320328
       135        98  96.2322718164523
       135        99  97.2523210354663
       135       100  98.2624362089853
       135       101  99.2629792827560
       135       102 100.2542383126848
       135       103 101.2364316715947
       135       104 102.2097121702426
       135       105 103.1741710874060
       135       106 104.1298421063902
       135       107 105.0767051573926
       135       108 106.0146901668154
       135       109 106.9436807158369
       135       110 107.8635176113658
       135       111 108.7740023729198
       135       112 109.6749006390252
       135       113 110.5659454964540
       135       114 111.4468407350323
       135       115 112.3172640299180
       135       116 113.1768700522108
       135       117 114.0252935076035
       135       118 114.8621521016215
       135       119 115.6870494290048
       135       120 116.4995777842378
       135       121 117.2993208905801
       135       122 118.0858565469500
       135       123 118.8587591969551
       135       124 119.6176024344401
       135       125 120.3619614789565
       135       126 121.0914156891866
       135       127 121.8055512441710
       135       128 122.5039642314610
       135       129 123.1862645731825
       135       130 123.8520815553191
       135       131 124.5010723004437
       135       132 125.1329354881161
       135       133 125.7474341656094
       135       134 126.3444337087214
       135       135 126.9239634683774
       135       136 127.4863111504149
       135       137 128.0321505139678
       135       138 128.5626688539542
       135       139 129.0795741985816
       135       140 129.5851897045558

       136         1   0.0000000000000
       136         2  -3.0323614396116
       136         3  -6.0450515292811
       136         4  -9.0187667530625
       136         5 -11.9345478512024
       136         6 -14.7739442477523
       136         7 -17.5191724077648
       136         8 -20.1532662893963
       136         9 -22.6602181808214
       136        10 -25.0251083620927
       136        11 -27.2342222049229
       136        12 -29.2751535153851
       136        13 -31.1368931319587
       136        14 -32.8099020101055
       136        15 -34.2861682501605
       136        16 -35.5592477523144
       136        17 -36.6242884039261
       136        18 -37.4780379129770
       136        19 -38.1188355954454
       136        20 -38.5465886165310
       136        21 -38.7627334013152
       136        22 -38.7701831806564
       136        23 -38.5732628900875
       136        24 -38.1776328358404
       136        25 -37.5902026703693
       136        26 -36.8190373488318
       136        27 -35.8732569687415
       136        28 -34.7629327868733
       136        29 -33.4989822553630
       136        30 -32.0930665448031
       136        31 -30.5574944919259
       136        32 -28.9051366472358
       136        33 -27.1493509720340
       136        34 -25.3039159981905
       136        35 -23.3829559617855
       136        36 -21.4008246165252
       136        37 -19.3718923569213
       136        38 -17.3101627172713
       136        39 -15.2286433457731
       136        40 -13.1384301341503
       136        41 -11.0475421322934
       136        42  -8.9596618740899
       136        43  -6.8730577848463
       136        44  -4.7800394678618
       136        45  -2.6672712424012
       136        46  -0.5171216578614
       136        47   1.6900188399676
       136        48   3.9727943296668
       136        49   6.3458672575450
       136        50   8.8174485030251
       136        51  11.3878751920249
       136        52  14.0494699646959
       136        53  16.7875927781619
       136        54  19.5825352793178
       136        55  22.4117873345459
       136        56  25.2522339238005
       136        57  28.0819684653762
       136        58  30.8815676468826
       136        59  33.6348110088626
       136        60  36.3289215876174
       136        61  38.9544496884920
       136        62  41.5049299031118
       136        63  43.9764251976240
       136        64  46.3670439439408
       136        65  48.6764858381579
       136        66  50.9056467571108
       136        67  53.0562933868335
       136        68  55.1308061175815
       136        69  57.1319820752747
       136        70  59.0628876061531
       136        71  60.9267494926376
       136        72  62.7268754420183
       136        73  64.4665961406449
       136        74  66.1492229281467
       136        75  67.7780166857679
       136        76  69.3561647703434
       136        77  70.8867637650477
       136        78  72.3728065022582
       136        79  73.8171722962371
       136        80  75.2226196547758
       136        81  76.5917809619985
       136        82  77.9271587722019
       136        83  79.2311234512027
       136        84  80.5059119644298
       136        85  81.7536276518150
       136        86  82.9762408564047
       136        87  84.1755902918156
       136        88  85.3533850465913
       136        89  86.5112071333471
       136        90  87.6505144986559
       136        91  88.7726444167252
       136        92  89.8788171965094
       136        93  90.9701401382343
       136        94  92.0476116814942
       136        95  93.1121256931568
       136        96  94.1644758492477
       136        97  95.2053600707684
       136        98  96.2353849789652
       136        99  97.2550703408696
       136       100  98.2648534809244
       136       101  99.2650936391489
       136       102 100.2560762605517
       136       103 101.2380172043344
       136       104 102.2110668648342
       136       105 103.1753141991012
       136       106 104.1307906585057
       136       107 105.0774740238026
       136       108 106.0152921446704
       136       109 106.9441265858724
       136       110 107.8638161828956
       136       111 108.7741605101999
       136       112 109.6749232650848
       136       113 110.5658355696582
       136       114 111.4465991924964
       136       115 112.3168896903166
       136       116 113.1763594683686
       136       117 114.0246407562950
       136       118 114.8613484939390
       136       119 115.6860831190227
       136       120 116.4984332458616
       136       121 117.2979782214759
       136       122 118.0842905429259
       136       123 118.8569381180813
       136       124 119.6154863526161
       136       125 120.3595000513119
       136       126 121.0885451367012
       136       127 121.8021902224002
       136       128 122.5000081513144
       136       129 123.1815777581027
       136       130 123.8464864158519
       136       131 124.4943345267177
       136       132 125.1247443025511
       136       133 125.7373774912154
       136       134 126.3319710582050
       136       135 126.9084074946014
       136       136 127.4668479089052
       136       137 128.0079660763216
       136       138 128.5333023234317
       136       139 129.0456171683402
       136       140 129.5491438385936

       137         1   0.0000000000000
       137         2  -3.0336642637965
       137         3  -6.0476435388485
       137         4  -9.0226196107887
       137         5 -11.9396188419621
       137         6 -14.7801767592252
       137         7 -17.5264965653541
       137         8 -20.1615997374827
       137         9 -22.6694670006913
       137        10 -25.0351681152054
       137        11 -27.2449790886342
       137        12 -29.2864856168034
       137        13 -31.1486717642380
       137        14 -32.8219931141449
       137        15 -34.2984338434948
       137        16 -35.5715474066347
       137        17 -36.6364807348959
       137        18 -37.4899820730192
       137        19 -38.1303927714336
       137        20 -38.5576235424410
       137        21 -38.7731158894557
       137        22 -38.7797896532266
       137        23 -38.5819778766705
       137        24 -38.1853504206179
       137        25 -37.5968279301628
       137        26 -36.8244878945141
       137        27 -35.8774647624398
       137        28 -34.7658464511452
       137        29 -33.5005701174902
       137        30 -32.0933206364233
       137        31 -30.5564355643776
       137        32 -28.9028198314757
       137        33 -27.1458708666397
       137        34 -25.2994086534028
       137        35 -23.3775936285715
       137        36 -21.3947978576148
       137        37 -19.3653742764423
       137        38 -17.3032530090404
       137        39 -15.2212964600871
       137        40 -13.1303814235734
       137        41 -11.0382552469817
       137        42  -8.9483247649271
       137        43  -6.8586484050247
       137        44  -4.7614641655600
       137        45  -2.6435535265784
       137        46  -0.4875965254393
       137        47   1.7255584950996
       137        48   4.0140415922276
       137        49   6.3920499348449
       137        50   8.8674642811885
       137        51  11.4404705383881
       137        52  14.1034139899404
       137        53  16.8418089423562
       137        54  19.6361747263227
       137        55  22.4642471422613
       137        56  25.3031351108683
       137        57  28.1311115701308
       137        58  30.9288811023615
       137        59  33.6803028158180
       137        60  36.3726401195171
       137        61  38.9964557502046
       137        62  41.5452796048070
       137        63  44.0151617208028
       137        64  46.4041956832939
       137        65  48.7120684566595
       137        66  50.9396671280916
       137        67  53.0887539813494
       137        68  55.1617089602760
       137        69  57.1613318453095
       137        70  59.0906937730974
       137        71  60.9530275622667
       137        72  62.7516474741033
       137        73  64.4898907233896
       137        74  66.1710747801156
       137        75  67.7984660261049
       137        76  69.3752565643404
       137        77  70.9045469213380
       137        78  72.3893330728094
       137        79  73.8324967113525
       137        80  75.2367980117837
       137        81  76.6048703771320
       137        82  77.9392167992152
       137        83  79.2422075665867
       137        84  80.5160791169291
       137        85  81.7629338727637
       137        86  82.9847409268246
       137        87  84.1833374619991
       137        88  85.3604308038734
       137        89  86.5176010138579
       137        90  87.6563039389848
       137        91  88.7778746415894
       137        92  89.8835311386874
       137        93  90.9743783871951
       137        94  92.0514124573217
       137        95  93.1155248425336
       137        96  94.1675068604287
       137        97  95.2080541046351
       137        98  96.2377709134124
       137        99  97.2571748259308
       137       100  98.2667010021889
       137       101  99.2667065871649
       137       102 100.2574750040348
       137       103 101.2392201651093
       137       104 102.2120905925248
       137       105 103.1761734436431
       137       106 104.1314984385748
       137       107 105.0780416892343
       137       108 106.0157294308573
       137       109 106.9444416579761
       137       110 107.8640156674567
       137       111 108.7742495113536
       137       112 109.6749053620514
       137       113 110.5657127914216
       137       114 111.4463719645304
       137       115 112.3165567467647
       137       116 113.1759177210710
       137       117 114.0240851092611
       137       118 114.8606715879570
       137       119 115.6852749855926
       137       120 116.4974808418057
       137       121 117.2968648043063
       137       122 118.0829948306299
       137       123 118.8554331527677
       137       124 119.6137379512530
       137       125 120.3574646719207
       137       126 121.0861669041318
       137       127 121.7993967269519
       137       128 122.4967044283137
       137       129 123.1776375337652
       137       130 123.8417392003220
       137       131 124.4885463684129
       137       132 125.1175889364246
       137       133 125.7283933824267
       137       134 126.3204994849194
       137       135 126.8935111235445
       137       136 127.4472298972024
       137       137 127.9819766319609
       137       138 128.4992917309189
       137       139 129.0032026288858
       137       140 129.5019574246525

       138         1   0.0000000000000
       138         2  -3.0345270628862
       138         3  -6.0493599771601
       138         4  -9.0251705914465
       138         5 -11.9429755462515
       138         6 -14.7843009697351
       138         7 -17.5313410931611
       138         8 -20.1671089481915
       138         9 -22.6755774329563
       138        10 -25.0418091842472
       138        11 -27.2520738662234
       138        12 -29.2939516782084
       138        13 -31.1564220916861
       138        14 -32.8299370453656
       138        15 -34.3064780528581
       138        16 -35.5795969054980
       138        17 -36.6444398780317
       138        18 -37.4977555615986
       138        19 -38.1378866518454
       138        20 -38.5647462116242
       138        21 -38.7797791216367
       138        22 -38.7859096507124
       138        23 -38.5874763259931
       138        24 -38.1901555316276
       138        25 -37.6008754716471
       138        26 -36.8277223082466
       138        27 -35.8798405106903
       138        28 -34.7673298113504
       138        29 -33.5011416750185
       138        30 -32.0929787183612
       138        31 -30.5552007323831
       138        32 -28.9007401865623
       138        33 -27.1430271747204
       138        34 -25.2959171141138
       138        35 -23.3736026430913
       138        36 -21.3904739595001
       138        37 -19.3608724821830
       138        38 -17.2986694413952
       138        39 -15.2166069446709
       138        40 -13.1253781580689
       138        41 -11.0325017597782
       138        42  -8.9411526847836
       138        43  -6.8492138243851
       138        44  -4.7488655606457
       138        45  -2.6269914648896
       138        46  -0.4665364187298
       138        47   1.7512661759890
       138        48   4.0441190523487
       138        49   6.4258389922895
       138        50   8.9040456254190
       138        51  11.4788181779863
       138        52  14.1425428591410
       138        53  16.8808837453122
       138        54  19.6745662811787
       138        55  22.5015398708376
       138        56  25.3390999167668
       138        57  28.1656610489268
       138        58  30.9620212617518
       138        59  33.7120905444405
       138        60  36.4031508712686
       138        61  39.0257623404096
       138        62  41.5734408131868
       138        63  44.0422183525496
       138        64  46.4301715331875
       138        65  48.7369739309694
       138        66  50.9635038302745
       138        67  53.1115191579120
       138        68  55.1833992106138
       138        69  57.1819458722836
       138        70  59.1102341874203
       138        71  60.9715018780257
       138        72  62.7690684782852
       138        73  64.5062764001146
       138        74  66.1864479442698
       138        75  67.8128537869709
       138        76  69.3886897066909
       138        77  70.9170592634944
       138        78  72.4009608395951
       138        79  73.8432779443064
       138        80  75.2467720283888
       138        81  76.6140772839465
       138        82  77.9476970595904
       138        83  79.2500016212389
       138        84  80.5232270543648
       138        85  81.7694751459918
       138        86  82.9907141126199
       138        87  84.1887800590321
       138        88  85.3653790661715
       138        89  86.5220898162561
       138        90  87.6603666714177
       138        91  88.7815431292659
       138        92  89.8868355853636
       138        93  90.9773473389194
       138        94  92.0540727841757
       138        95  93.1179017360292
       138        96  94.1696238443534
       138        97  95.2099330572633
       138        98  96.2394320991180
       138        99  97.2586369343516
       138       100  98.2679811931998
       138       101  99.2678205400167
       138       102 100.2584369691004
       138       103 101.2400430167588
       138       104 102.2127858817036
       138       105 103.1767514487642
       138       106 104.1319682133458
       138       107 105.0784111060095
       138       108 106.0160052180338
       138       109 106.9446294298250
       138       110 107.8641199445720
       138       111 108.7742737296029
       138       112 109.6748518674775
       138       113 110.5655828179362
       138       114 111.4461655903933
       138       115 112.3162728246659
       138       116 113.1755537749861
       138       117 114.0236371889515
       138       118 114.8601340687295
       138       119 115.6846402962866
       138       120 116.4967390972567
       138       121 117.2960033086897
       138       122 118.0819974034365
       138       123 118.8542792069924
       138       124 119.6124012192104
       138       125 120.3559114203983
       138       126 121.0843533943809
       138       127 121.7972655334509
       138       128 122.4941789922300
       138       129 123.1746139171014
       138       130 123.8380732839162
       138       131 124.4840334363422
       138       132 125.1119302194331
       138       133 125.7211398347771
       138       134 126.3109556093660
       138       135 126.8805705411520
       138       136 127.4291063588057
       138       137 127.9558315188967
       138       138 128.4610197301017
       138       139 128.9486986088368
       138       140 129.4340869656313

       139         1   0.0000000000000
       139         2  -3.0349905731912
       139         3  -6.0502820886391
       139         4  -9.0265410064104
       139         5 -11.9447786916380
       139         6 -14.7865161675918
       139         7 -17.5339427864787
       139         8 -20.1700669795093
       139         9 -22.6788573725582
       139        10 -25.0453727041963
       139        11 -27.2558791559424
       139        12 -29.2979538967977
       139        13 -31.1605738516564
       139        14 -32.8341889219129
       139        15 -34.3107791121540
       139        16 -35.5838952446821
       139        17 -36.6486831689676
       139        18 -37.5018915910617
       139        19 -38.1418638545933
       139        20 -38.5685142006392
       139        21 -38.7832892280002
       139        22 -38.7891154857764
       139        23 -38.5903343671459
       139        24 -38.1926257218830
       139        25 -37.6029218342679
       139        26 -36.8293136205818
       139        27 -35.8809511438053
       139        28 -34.7679409023069
       139        29 -33.5012428404490
       139        30 -32.0925705203733
       139        31 -30.5542980216290
       139        32 -28.8993761854529
       139        33 -27.1412576256445
       139        34 -25.2938229556624
       139        35 -23.3712886041963
       139        36 -21.3880595655609
       139        37 -19.3584719552418
       139        38 -17.2963587170405
       139        39 -15.2143801058596
       139        40 -13.1231016295370
       139        41 -11.0298807342056
       139        42  -8.9377271937848
       139        43  -6.8443982264572
       139        44  -4.7420336691302
       139        45  -2.6175927892307
       139        46  -0.4542138126462
       139        47   1.7665927586459
       139        48   4.0622293854796
       139        49   6.4462563133935
       139        50   8.9261306475178
       139        51  11.5018820759775
       139        52  14.1659474370721
       139        53  16.9041083345883
       139        54  19.6972362292228
       139        55  22.5234232550383
       139        56  25.3600842494826
       139        57  28.1857213743894
       139        58  30.9811880144039
       139        59  33.7304221215976
       139        60  36.4207131205559
       139        61  39.0426152638590
       139        62  41.5896316180965
       139        63  44.0577793780034
       139        64  46.4451214199168
       139        65  48.7513205529482
       139        66  50.9772478350373
       139        67  53.1246573463793
       139        68  55.1959273363700
       139        69  57.1938607068658
       139        70  59.1215348709722
       139        71  60.9821906659691
       139        72  62.7791510268781
       139        73  64.5157617297774
       139        74  66.1953481976481
       139        75  67.8211838711864
       139        76  69.3964668831122
       139        77  70.9243027267984
       139        78  72.4076913116493
       139        79  73.8495172970175
       139        80  75.2525429421639
       139        81  76.6194029437726
       139        82  77.9526008880628
       139        83  79.2545070464714
       139        84  80.5273573100951
       139        85  81.7732531010235
       139        86  82.9941621268065
       139        87  84.1919198631797
       139        88  85.3682316634413
       139        89  86.5246754028524
       139        90  87.6627045745360
       139        91  88.7836517604349
       139        92  89.8887324074589
       139        93  90.9790488452473
       139        94  92.0555944881331
       139        95  93.1192581699408
       139        96  94.1708285661736
       139        97  95.2109986639108
       139        98  96.2403702452845
       139        99  97.2594583556961
       139       100  98.2686957329031
       139       101  99.2684371777280
       139       102 100.2589638513607
       139       103 101.2404874880242
       139       104 102.2131545151252
       139       105 103.1770500758982
       139       106 104.1322019519635
       139       107 105.0785843851583
       139       108 106.0161217994472
       139       109 106.9446924246921
       139       110 107.8641318245430
       139       111 108.7742363307089
       139       112 109.6747663853613
       139       113 110.5654497923967
       139       114 111.4459848766938
       139       115 112.3160435482877
       139       116 113.1752742654336
       139       117 114.0233048866949
       139       118 114.8597453972124
       139       119 115.6841904878116
       139       120 116.4962219570182
       139       121 117.2954108944823
       139       122 118.0813195883989
       139       123 118.8535030771015
       139       124 119.6115102326567
       139       125 120.3548842164160
       139       126 121.0831620737571
       139       127 121.7958731217798
       139       128 122.4925356016057
       139       129 123.1726507657907
       139       130 123.8356930573250
       139       131 124.4810941296439
       139       132 125.1082168029549
       139       133 125.7163119512339
       139       134 126.3044454474322
       139       135 126.8713717080262
       139       136 127.4153157622185
       139       137 127.9336361348054
       139       138 128.4225919071964
       139       139 128.8792404515058
       139       140 129.3188009801272

       140         1   0.0000000000000
       140         2  -3.0352687162281
       140         3  -6.0508351003604
       140         4  -9.0273622009530
       140         5 -11.9458580578201
       140         6 -14.7878404970653
       140         7 -17.5354958419173
       140         8 -20.1718297003225
       140         9 -22.6808081150834
       140        10 -25.0474875128380
       140        11 -27.2581320612993
       140        12 -29.3003172364587
       140        13 -31.1630186090441
       140        14 -32.8366850783054
       140        15 -34.3132960068067
       140        16 -35.5864019377749
       140        17 -36.6511488019202
       140        18 -37.5042857387070
       140        19 -38.1441568641884
       140        20 -38.5706775143241
       140        21 -38.7852956881211
       140        22 -38.7909396248112
       140        23 -38.5919526833431
       140        24 -38.1940169387104
       140        25 -37.6040671426788
       140        26 -36.8301969163490
       140        27 -35.8815593014101
       140        28 -34.7682641696343
       140        29 -33.5012754894902
       140        30 -32.0923119373216
       140        31 -30.5537544352813
       140        32 -28.8985631526581
       140        33 -27.1402031235829
       140        34 -25.2925703895886
       140        35 -23.3698982397783
       140        36 -21.3866060653529
       140        37 -19.3570353529648
       140        38 -17.2950069979382
       140        39 -15.2131440815138
       140        40 -13.1219467525025
       140        41 -11.0286845073159
       140        42  -8.9362726644871
       140        43  -6.8423917792669
       140        44  -4.7391486799402
       140        45  -2.6135317038334
       140        46  -0.4487733757079
       140        47   1.7734716919981
       140        48   4.0704429550041
       140        49   6.4555561857425
       140        50   8.9361744433586
       140        51  11.5122998033636
       140        52  14.1764040182487
       140        53  16.9143463430978
       140        54  19.7070924052112
       140        55  22.5328220146539
       140        56  25.3690170395388
       140        57  28.1942214008360
       140        58  30.9893073221800
       140        59  33.7382145778468
       140        60  36.4282240700384
       140        61  39.0498769497328
       140        62  41.5966627508553
       140        63  44.0645871717327
       140        64  46.4517047044870
       140        65  48.7576729940373
       140        66  50.9833607069687
       140        67  53.1305216287160
       140        68  55.2015351202961
       140        69  57.1992060125034
       140        70  59.1266140186984
       140        71  60.9870023422042
       140        72  62.7836961608306
       140        73  64.5200432675478
       140        74  66.1993708322716
       140        75  67.8249537650637
       140        76  69.3999914033875
       140        77  70.9275902037278
       140        78  72.4107508235725
       140        79  73.8523584819395
       140        80  75.2551758341666
       140        81  76.6218378317667
       140        82  77.9548481942807
       140        83  79.2565772222762
       140        84  80.5292607469700
       140        85  81.7750000549076
       140        86  82.9957626542212
       140        87  84.1933837678187
       140        88  85.3695684520831
       140        89  86.5258942495979
       140        90  87.6638142924837
       140        91  88.7846607799938
       140        92  89.8896487605625
       140        93  90.9798801547906
       140        94  92.0563479619951
       140        95  93.1199405989967
       140        96  94.1714463257364
       140        97  95.2115577180735
       140        98  96.2408761536679
       140        99  97.2599162821341
       140       100  98.2691104556304
       140       101  99.2688131006582
       140       102 100.2593050160705
       140       103 101.2407975860811
       140       104 102.2134369004138
       140       105 103.1773077766152
       140       106 104.1324376819600
       140       107 105.0788005543052
       140       108 106.0163205226934
       140       109 106.9448755294592
       140       110 107.8643008560632
       140       111 108.7743925548482
       140       112 109.6749107883823
       140       113 110.5655830769800
       140       114 111.4461074533552
       140       115 112.3161555210613
       140       116 113.1753754103224
       140       117 114.0233946208623
       140       118 114.8598227361321
       140       119 115.6842539865003
       140       120 116.4962696298678
       140       121 117.2954401058095
       140       122 118.0813269021883
       140       123 118.8534840487614
       140       124 119.6114591166449
       140       125 120.3547935489885
       140       126 121.0830220656337
       140       127 121.7956707531586
       140       128 122.4922532358000
       140       129 123.1722639546977
       140       130 123.8351669289486
       140       131 124.4803771522744
       140       132 125.1072293684694
       140       133 125.7149238542366
       140       134 126.3024269925128
       140       135 126.8682738858637
       140       136 127.4101311447735
       140       137 127.9236812945885
       140       138 128.3992718773914
       140       139 128.8100934309042
       140       140 129.0644472055157

