         1         1   0.0000000000000
         1         2   0.0000000000000
         1         3   0.0000000000000
         1         4   0.0000000000000
         1         5   0.0000000000000
         1         6   0.0000000000000
         1         7   0.0000000000000
         1         8   0.0000000000000
         1         9   0.0000000000000
         1        10   0.0000000000000
         1        11   0.0000000000000
         1        12   0.0000000000000
         1        13   0.0000000000000
         1        14   0.0000000000000
         1        15   0.0000000000000
         1        16   0.0000000000000
         1        17   0.0000000000000
         1        18   0.0000000000000
         1        19   0.0000000000000
         1        20   0.0000000000000
         1        21   0.0000000000000
         1        22   0.0000000000000
         1        23   0.0000000000000
         1        24   0.0000000000000
         1        25   0.0000000000000
         1        26   0.0000000000000
         1        27   0.0000000000000
         1        28   0.0000000000000
         1        29   0.0000000000000
         1        30   0.0000000000000
         1        31   0.0000000000000
         1        32   0.0000000000000
         1        33   0.0000000000000
         1        34   0.0000000000000
         1        35   0.0000000000000
         1        36   0.0000000000000
         1        37   0.0000000000000
         1        38   0.0000000000000
         1        39   0.0000000000000
         1        40   0.0000000000000
         1        41   0.0000000000000
         1        42   0.0000000000000
         1        43   0.0000000000000
         1        44   0.0000000000000
         1        45   0.0000000000000
         1        46   0.0000000000000
         1        47   0.0000000000000
         1        48   0.0000000000000
         1        49   0.0000000000000
         1        50   0.0000000000000
         1        51   0.0000000000000
         1        52   0.0000000000000
         1        53   0.0000000000000
         1        54   0.0000000000000
         1        55   0.0000000000000
         1        56   0.0000000000000
         1        57   0.0000000000000
         1        58   0.0000000000000
         1        59   0.0000000000000
         1        60   0.0000000000000
         1        61   0.0000000000000
         1        62   0.0000000000000
         1        63   0.0000000000000
         1        64   0.0000000000000
         1        65   0.0000000000000
         1        66   0.0000000000000
         1        67   0.0000000000000
         1        68   0.0000000000000
         1        69   0.0000000000000
         1        70   0.0000000000000
         1        71   0.0000000000000
         1        72   0.0000000000000
         1        73   0.0000000000000
         1        74   0.0000000000000
         1        75   0.0000000000000
         1        76   0.0000000000000
         1        77   0.0000000000000
         1        78   0.0000000000000
         1        79   0.0000000000000
         1        80   0.0000000000000
         1        81   0.0000000000000
         1        82   0.0000000000000
         1        83   0.0000000000000
         1        84   0.0000000000000
         1        85   0.0000000000000
         1        86   0.0000000000000
         1        87   0.0000000000000
         1        88   0.0000000000000
         1        89   0.0000000000000
         1        90   0.0000000000000
         1        91   0.0000000000000
         1        92   0.0000000000000
         1        93   0.0000000000000
         1        94   0.0000000000000
         1        95   0.0000000000000
         1        96   0.0000000000000
         1        97   0.0000000000000
         1        98   0.0000000000000
         1        99   0.0000000000000
         1       100   0.0000000000000
         1       101   0.0000000000000
         1       102   0.0000000000000
         1       103   0.0000000000000
         1       104   0.0000000000000
         1       105   0.0000000000000
         1       106   0.0000000000000
         1       107   0.0000000000000
         1       108   0.0000000000000
         1       109   0.0000000000000
         1       110   0.0000000000000
         1       111   0.0000000000000
         1       112   0.0000000000000
         1       113   0.0000000000000
         1       114   0.0000000000000
         1       115   0.0000000000000
         1       116   0.0000000000000
         1       117   0.0000000000000
         1       118   0.0000000000000
         1       119   0.0000000000000
         1       120   0.0000000000000
         1       121   0.0000000000000
         1       122   0.0000000000000
         1       123   0.0000000000000
         1       124   0.0000000000000
         1       125   0.0000000000000
         1       126   0.0000000000000
         1       127   0.0000000000000
         1       128   0.0000000000000
         1       129   0.0000000000000
         1       130   0.0000000000000
         1       131   0.0000000000000
         1       132   0.0000000000000
         1       133   0.0000000000000
         1       134   0.0000000000000
         1       135   0.0000000000000
         1       136   0.0000000000000
         1       137   0.0000000000000
         1       138   0.0000000000000
         1       139   0.0000000000000
         1       140   0.0000000000000

         2         1   0.0000000000000
         2         2   0.0000000000000
         2         3   0.0000000000000
         2         4   0.0000000000000
         2         5   0.0000000000000
         2         6   0.0000000000000
         2         7   0.0000000000000
         2         8   0.0000000000000
         2         9   0.0000000000000
         2        10   0.0000000000000
         2        11   0.0000000000000
         2        12   0.0000000000000
         2        13   0.0000000000000
         2        14   0.0000000000000
         2        15   0.0000000000000
         2        16   0.0000000000000
         2        17   0.0000000000000
         2        18   0.0000000000000
         2        19   0.0000000000000
         2        20   0.0000000000000
         2        21   0.0000000000000
         2        22   0.0000000000000
         2        23   0.0000000000000
         2        24   0.0000000000000
         2        25   0.0000000000000
         2        26   0.0000000000000
         2        27   0.0000000000000
         2        28   0.0000000000000
         2        29   0.0000000000000
         2        30   0.0000000000000
         2        31   0.0000000000000
         2        32   0.0000000000000
         2        33   0.0000000000000
         2        34   0.0000000000000
         2        35   0.0000000000000
         2        36   0.0000000000000
         2        37   0.0000000000000
         2        38   0.0000000000000
         2        39   0.0000000000000
         2        40   0.0000000000000
         2        41   0.0000000000000
         2        42   0.0000000000000
         2        43   0.0000000000000
         2        44   0.0000000000000
         2        45   0.0000000000000
         2        46   0.0000000000000
         2        47   0.0000000000000
         2        48   0.0000000000000
         2        49   0.0000000000000
         2        50   0.0000000000000
         2        51   0.0000000000000
         2        52   0.0000000000000
         2        53   0.0000000000000
         2        54   0.0000000000000
         2        55   0.0000000000000
         2        56   0.0000000000000
         2        57   0.0000000000000
         2        58   0.0000000000000
         2        59   0.0000000000000
         2        60   0.0000000000000
         2        61   0.0000000000000
         2        62   0.0000000000000
         2        63   0.0000000000000
         2        64   0.0000000000000
         2        65   0.0000000000000
         2        66   0.0000000000000
         2        67   0.0000000000000
         2        68   0.0000000000000
         2        69   0.0000000000000
         2        70   0.0000000000000
         2        71   0.0000000000000
         2        72   0.0000000000000
         2        73   0.0000000000000
         2        74   0.0000000000000
         2        75   0.0000000000000
         2        76   0.0000000000000
         2        77   0.0000000000000
         2        78   0.0000000000000
         2        79   0.0000000000000
         2        80   0.0000000000000
         2        81   0.0000000000000
         2        82   0.0000000000000
         2        83   0.0000000000000
         2        84   0.0000000000000
         2        85   0.0000000000000
         2        86   0.0000000000000
         2        87   0.0000000000000
         2        88   0.0000000000000
         2        89   0.0000000000000
         2        90   0.0000000000000
         2        91   0.0000000000000
         2        92   0.0000000000000
         2        93   0.0000000000000
         2        94   0.0000000000000
         2        95   0.0000000000000
         2        96   0.0000000000000
         2        97   0.0000000000000
         2        98   0.0000000000000
         2        99   0.0000000000000
         2       100   0.0000000000000
         2       101   0.0000000000000
         2       102   0.0000000000000
         2       103   0.0000000000000
         2       104   0.0000000000000
         2       105   0.0000000000000
         2       106   0.0000000000000
         2       107   0.0000000000000
         2       108   0.0000000000000
         2       109   0.0000000000000
         2       110   0.0000000000000
         2       111   0.0000000000000
         2       112   0.0000000000000
         2       113   0.0000000000000
         2       114   0.0000000000000
         2       115   0.0000000000000
         2       116   0.0000000000000
         2       117   0.0000000000000
         2       118   0.0000000000000
         2       119   0.0000000000000
         2       120   0.0000000000000
         2       121   0.0000000000000
         2       122   0.0000000000000
         2       123   0.0000000000000
         2       124   0.0000000000000
         2       125   0.0000000000000
         2       126   0.0000000000000
         2       127   0.0000000000000
         2       128   0.0000000000000
         2       129   0.0000000000000
         2       130   0.0000000000000
         2       131   0.0000000000000
         2       132   0.0000000000000
         2       133   0.0000000000000
         2       134   0.0000000000000
         2       135   0.0000000000000
         2       136   0.0000000000000
         2       137   0.0000000000000
         2       138   0.0000000000000
         2       139   0.0000000000000
         2       140   0.0000000000000

         3         1   0.0000000000000
         3         2   0.0000000000000
         3         3   0.0000000000000
         3         4   0.0000000000000
         3         5   0.0000000000000
         3         6   0.0000000000000
         3         7   0.0000000000000
         3         8   0.0000000000000
         3         9   0.0000000000000
         3        10   0.0000000000000
         3        11   0.0000000000000
         3        12   0.0000000000000
         3        13   0.0000000000000
         3        14   0.0000000000000
         3        15   0.0000000000000
         3        16   0.0000000000000
         3        17   0.0000000000000
         3        18   0.0000000000000
         3        19   0.0000000000000
         3        20   0.0000000000000
         3        21   0.0000000000000
         3        22   0.0000000000000
         3        23   0.0000000000000
         3        24   0.0000000000000
         3        25   0.0000000000000
         3        26   0.0000000000000
         3        27   0.0000000000000
         3        28   0.0000000000000
         3        29   0.0000000000000
         3        30   0.0000000000000
         3        31   0.0000000000000
         3        32   0.0000000000000
         3        33   0.0000000000000
         3        34   0.0000000000000
         3        35   0.0000000000000
         3        36   0.0000000000000
         3        37   0.0000000000000
         3        38   0.0000000000000
         3        39   0.0000000000000
         3        40   0.0000000000000
         3        41   0.0000000000000
         3        42   0.0000000000000
         3        43   0.0000000000000
         3        44   0.0000000000000
         3        45   0.0000000000000
         3        46   0.0000000000000
         3        47   0.0000000000000
         3        48  -0.0000000000000
         3        49  -0.0000000000000
         3        50  -0.0000000000000
         3        51  -0.0000000000000
         3        52  -0.0000000000000
         3        53  -0.0000000000000
         3        54  -0.0000000000000
         3        55  -0.0000000000000
         3        56  -0.0000000000000
         3        57  -0.0000000000000
         3        58  -0.0000000000000
         3        59  -0.0000000000000
         3        60  -0.0000000000000
         3        61  -0.0000000000000
         3        62  -0.0000000000000
         3        63  -0.0000000000000
         3        64  -0.0000000000000
         3        65  -0.0000000000000
         3        66  -0.0000000000000
         3        67  -0.0000000000000
         3        68  -0.0000000000000
         3        69  -0.0000000000000
         3        70  -0.0000000000000
         3        71  -0.0000000000000
         3        72  -0.0000000000000
         3        73  -0.0000000000000
         3        74  -0.0000000000000
         3        75  -0.0000000000000
         3        76  -0.0000000000000
         3        77  -0.0000000000000
         3        78  -0.0000000000000
         3        79  -0.0000000000000
         3        80  -0.0000000000000
         3        81  -0.0000000000000
         3        82  -0.0000000000000
         3        83  -0.0000000000000
         3        84  -0.0000000000000
         3        85  -0.0000000000000
         3        86  -0.0000000000000
         3        87  -0.0000000000000
         3        88  -0.0000000000000
         3        89  -0.0000000000000
         3        90  -0.0000000000000
         3        91  -0.0000000000000
         3        92  -0.0000000000000
         3        93  -0.0000000000000
         3        94  -0.0000000000000
         3        95  -0.0000000000000
         3        96  -0.0000000000000
         3        97  -0.0000000000000
         3        98  -0.0000000000000
         3        99  -0.0000000000000
         3       100  -0.0000000000000
         3       101  -0.0000000000000
         3       102  -0.0000000000000
         3       103  -0.0000000000000
         3       104   0.0000000000000
         3       105   0.0000000000000
         3       106   0.0000000000000
         3       107   0.0000000000000
         3       108   0.0000000000000
         3       109   0.0000000000000
         3       110   0.0000000000000
         3       111   0.0000000000000
         3       112   0.0000000000000
         3       113   0.0000000000000
         3       114   0.0000000000000
         3       115   0.0000000000000
         3       116   0.0000000000000
         3       117   0.0000000000000
         3       118   0.0000000000000
         3       119   0.0000000000000
         3       120   0.0000000000000
         3       121   0.0000000000000
         3       122   0.0000000000000
         3       123   0.0000000000000
         3       124   0.0000000000000
         3       125   0.0000000000000
         3       126   0.0000000000000
         3       127   0.0000000000000
         3       128   0.0000000000000
         3       129   0.0000000000000
         3       130   0.0000000000000
         3       131   0.0000000000000
         3       132   0.0000000000000
         3       133   0.0000000000000
         3       134   0.0000000000000
         3       135   0.0000000000000
         3       136   0.0000000000000
         3       137   0.0000000000000
         3       138   0.0000000000000
         3       139   0.0000000000000
         3       140   0.0000000000000

         4         1   0.0000000000000
         4         2   0.0000000000000
         4         3   0.0000000000000
         4         4   0.0000000000000
         4         5   0.0000000000000
         4         6   0.0000000000000
         4         7   0.0000000000000
         4         8   0.0000000000000
         4         9   0.0000000000000
         4        10   0.0000000000000
         4        11   0.0000000000000
         4        12   0.0000000000000
         4        13   0.0000000000000
         4        14   0.0000000000000
         4        15   0.0000000000000
         4        16   0.0000000000000
         4        17   0.0000000000000
         4        18   0.0000000000000
         4        19   0.0000000000000
         4        20   0.0000000000000
         4        21   0.0000000000000
         4        22   0.0000000000000
         4        23   0.0000000000000
         4        24   0.0000000000000
         4        25   0.0000000000000
         4        26   0.0000000000000
         4        27   0.0000000000000
         4        28   0.0000000000000
         4        29   0.0000000000000
         4        30   0.0000000000000
         4        31   0.0000000000000
         4        32   0.0000000000000
         4        33   0.0000000000000
         4        34   0.0000000000000
         4        35   0.0000000000000
         4        36   0.0000000000000
         4        37   0.0000000000000
         4        38   0.0000000000000
         4        39   0.0000000000000
         4        40   0.0000000000000
         4        41   0.0000000000000
         4        42   0.0000000000000
         4        43   0.0000000000000
         4        44   0.0000000000000
         4        45   0.0000000000000
         4        46   0.0000000000000
         4        47   0.0000000000000
         4        48   0.0000000000000
         4        49   0.0000000000000
         4        50   0.0000000000000
         4        51   0.0000000000000
         4        52   0.0000000000000
         4        53   0.0000000000000
         4        54   0.0000000000000
         4        55   0.0000000000000
         4        56   0.0000000000000
         4        57   0.0000000000000
         4        58   0.0000000000000
         4        59   0.0000000000000
         4        60   0.0000000000000
         4        61   0.0000000000000
         4        62   0.0000000000000
         4        63   0.0000000000000
         4        64   0.0000000000000
         4        65   0.0000000000000
         4        66   0.0000000000000
         4        67   0.0000000000000
         4        68   0.0000000000000
         4        69   0.0000000000000
         4        70   0.0000000000000
         4        71   0.0000000000000
         4        72   0.0000000000000
         4        73   0.0000000000000
         4        74   0.0000000000000
         4        75   0.0000000000000
         4        76   0.0000000000000
         4        77   0.0000000000000
         4        78   0.0000000000000
         4        79   0.0000000000000
         4        80   0.0000000000000
         4        81   0.0000000000000
         4        82   0.0000000000000
         4        83   0.0000000000000
         4        84   0.0000000000000
         4        85   0.0000000000000
         4        86   0.0000000000000
         4        87   0.0000000000000
         4        88   0.0000000000000
         4        89   0.0000000000000
         4        90   0.0000000000000
         4        91   0.0000000000000
         4        92   0.0000000000000
         4        93   0.0000000000000
         4        94   0.0000000000000
         4        95   0.0000000000000
         4        96   0.0000000000000
         4        97   0.0000000000000
         4        98   0.0000000000000
         4        99   0.0000000000000
         4       100   0.0000000000000
         4       101   0.0000000000000
         4       102   0.0000000000000
         4       103   0.0000000000000
         4       104   0.0000000000000
         4       105   0.0000000000000
         4       106   0.0000000000000
         4       107   0.0000000000000
         4       108   0.0000000000000
         4       109   0.0000000000000
         4       110   0.0000000000000
         4       111   0.0000000000000
         4       112   0.0000000000000
         4       113   0.0000000000000
         4       114   0.0000000000000
         4       115   0.0000000000000
         4       116   0.0000000000000
         4       117   0.0000000000000
         4       118   0.0000000000000
         4       119   0.0000000000000
         4       120   0.0000000000000
         4       121   0.0000000000000
         4       122   0.0000000000000
         4       123   0.0000000000000
         4       124   0.0000000000000
         4       125   0.0000000000000
         4       126   0.0000000000000
         4       127   0.0000000000000
         4       128   0.0000000000000
         4       129   0.0000000000000
         4       130   0.0000000000000
         4       131   0.0000000000000
         4       132   0.0000000000000
         4       133   0.0000000000000
         4       134   0.0000000000000
         4       135   0.0000000000000
         4       136   0.0000000000000
         4       137   0.0000000000000
         4       138   0.0000000000000
         4       139   0.0000000000000
         4       140   0.0000000000000

         5         1   0.0000000000000
         5         2   0.0000000000000
         5         3   0.0000000000000
         5         4   0.0000000000000
         5         5   0.0000000000000
         5         6   0.0000000000000
         5         7   0.0000000000000
         5         8   0.0000000000000
         5         9   0.0000000000000
         5        10   0.0000000000000
         5        11   0.0000000000000
         5        12   0.0000000000000
         5        13   0.0000000000000
         5        14   0.0000000000000
         5        15   0.0000000000000
         5        16   0.0000000000000
         5        17   0.0000000000000
         5        18   0.0000000000000
         5        19   0.0000000000000
         5        20   0.0000000000000
         5        21   0.0000000000000
         5        22   0.0000000000000
         5        23   0.0000000000000
         5        24   0.0000000000000
         5        25   0.0000000000000
         5        26   0.0000000000000
         5        27   0.0000000000000
         5        28   0.0000000000000
         5        29   0.0000000000000
         5        30   0.0000000000000
         5        31   0.0000000000000
         5        32   0.0000000000000
         5        33   0.0000000000000
         5        34   0.0000000000000
         5        35   0.0000000000000
         5        36   0.0000000000000
         5        37   0.0000000000000
         5        38   0.0000000000000
         5        39   0.0000000000000
         5        40   0.0000000000000
         5        41   0.0000000000000
         5        42   0.0000000000000
         5        43   0.0000000000000
         5        44   0.0000000000000
         5        45   0.0000000000000
         5        46   0.0000000000000
         5        47   0.0000000000000
         5        48   0.0000000000000
         5        49  -0.0000000000000
         5        50  -0.0000000000000
         5        51  -0.0000000000000
         5        52  -0.0000000000000
         5        53  -0.0000000000000
         5        54  -0.0000000000000
         5        55  -0.0000000000000
         5        56  -0.0000000000000
         5        57  -0.0000000000000
         5        58  -0.0000000000000
         5        59  -0.0000000000000
         5        60  -0.0000000000000
         5        61  -0.0000000000000
         5        62  -0.0000000000000
         5        63  -0.0000000000000
         5        64  -0.0000000000000
         5        65  -0.0000000000000
         5        66  -0.0000000000000
         5        67  -0.0000000000000
         5        68  -0.0000000000000
         5        69  -0.0000000000000
         5        70  -0.0000000000000
         5        71  -0.0000000000000
         5        72  -0.0000000000000
         5        73  -0.0000000000000
         5        74  -0.0000000000000
         5        75  -0.0000000000000
         5        76  -0.0000000000000
         5        77  -0.0000000000000
         5        78  -0.0000000000000
         5        79  -0.0000000000000
         5        80  -0.0000000000000
         5        81  -0.0000000000000
         5        82  -0.0000000000000
         5        83  -0.0000000000000
         5        84  -0.0000000000000
         5        85  -0.0000000000000
         5        86  -0.0000000000000
         5        87  -0.0000000000000
         5        88  -0.0000000000000
         5        89  -0.0000000000000
         5        90  -0.0000000000000
         5        91  -0.0000000000000
         5        92  -0.0000000000000
         5        93  -0.0000000000000
         5        94  -0.0000000000000
         5        95  -0.0000000000000
         5        96  -0.0000000000000
         5        97  -0.0000000000000
         5        98  -0.0000000000000
         5        99  -0.0000000000000
         5       100  -0.0000000000000
         5       101  -0.0000000000000
         5       102  -0.0000000000000
         5       103  -0.0000000000000
         5       104  -0.0000000000000
         5       105  -0.0000000000000
         5       106  -0.0000000000000
         5       107  -0.0000000000000
         5       108  -0.0000000000000
         5       109  -0.0000000000000
         5       110   0.0000000000000
         5       111   0.0000000000000
         5       112   0.0000000000000
         5       113   0.0000000000000
         5       114   0.0000000000000
         5       115   0.0000000000000
         5       116   0.0000000000000
         5       117   0.0000000000000
         5       118   0.0000000000000
         5       119   0.0000000000000
         5       120   0.0000000000000
         5       121   0.0000000000000
         5       122   0.0000000000000
         5       123   0.0000000000000
         5       124   0.0000000000000
         5       125   0.0000000000000
         5       126   0.0000000000000
         5       127   0.0000000000000
         5       128   0.0000000000000
         5       129   0.0000000000000
         5       130   0.0000000000000
         5       131   0.0000000000000
         5       132   0.0000000000000
         5       133   0.0000000000000
         5       134   0.0000000000000
         5       135   0.0000000000000
         5       136   0.0000000000000
         5       137   0.0000000000000
         5       138   0.0000000000000
         5       139   0.0000000000000
         5       140   0.0000000000000

         6         1   0.0000000000000
         6         2   0.0000000000000
         6         3   0.0000000000000
         6         4   0.0000000000000
         6         5   0.0000000000000
         6         6   0.0000000000000
         6         7   0.0000000000000
         6         8   0.0000000000000
         6         9   0.0000000000000
         6        10   0.0000000000000
         6        11   0.0000000000000
         6        12   0.0000000000000
         6        13   0.0000000000000
         6        14   0.0000000000000
         6        15   0.0000000000000
         6        16   0.0000000000000
         6        17   0.0000000000000
         6        18   0.0000000000000
         6        19   0.0000000000000
         6        20   0.0000000000000
         6        21   0.0000000000000
         6        22   0.0000000000000
         6        23   0.0000000000000
         6        24   0.0000000000000
         6        25   0.0000000000000
         6        26   0.0000000000000
         6        27   0.0000000000000
         6        28   0.0000000000000
         6        29   0.0000000000000
         6        30   0.0000000000000
         6        31   0.0000000000000
         6        32   0.0000000000000
         6        33   0.0000000000000
         6        34   0.0000000000000
         6        35   0.0000000000000
         6        36   0.0000000000000
         6        37   0.0000000000000
         6        38   0.0000000000000
         6        39   0.0000000000000
         6        40   0.0000000000000
         6        41   0.0000000000000
         6        42   0.0000000000000
         6        43   0.0000000000000
         6        44   0.0000000000000
         6        45   0.0000000000000
         6        46   0.0000000000000
         6        47   0.0000000000000
         6        48   0.0000000000000
         6        49   0.0000000000000
         6        50   0.0000000000000
         6        51   0.0000000000000
         6        52   0.0000000000000
         6        53   0.0000000000000
         6        54   0.0000000000000
         6        55   0.0000000000000
         6        56   0.0000000000000
         6        57   0.0000000000000
         6        58   0.0000000000000
         6        59   0.0000000000000
         6        60   0.0000000000000
         6        61   0.0000000000000
         6        62   0.0000000000000
         6        63   0.0000000000000
         6        64   0.0000000000000
         6        65   0.0000000000000
         6        66   0.0000000000000
         6        67   0.0000000000000
         6        68   0.0000000000000
         6        69   0.0000000000000
         6        70   0.0000000000000
         6        71   0.0000000000000
         6        72   0.0000000000000
         6        73   0.0000000000000
         6        74   0.0000000000000
         6        75   0.0000000000000
         6        76   0.0000000000000
         6        77   0.0000000000000
         6        78   0.0000000000000
         6        79   0.0000000000000
         6        80   0.0000000000000
         6        81   0.0000000000000
         6        82   0.0000000000000
         6        83   0.0000000000000
         6        84   0.0000000000000
         6        85   0.0000000000000
         6        86   0.0000000000000
         6        87   0.0000000000000
         6        88   0.0000000000000
         6        89   0.0000000000000
         6        90   0.0000000000000
         6        91   0.0000000000000
         6        92   0.0000000000000
         6        93   0.0000000000000
         6        94   0.0000000000000
         6        95   0.0000000000000
         6        96   0.0000000000000
         6        97   0.0000000000000
         6        98   0.0000000000000
         6        99   0.0000000000000
         6       100   0.0000000000000
         6       101   0.0000000000000
         6       102   0.0000000000000
         6       103   0.0000000000000
         6       104   0.0000000000000
         6       105   0.0000000000000
         6       106   0.0000000000000
         6       107   0.0000000000000
         6       108   0.0000000000000
         6       109   0.0000000000000
         6       110   0.0000000000000
         6       111   0.0000000000000
         6       112   0.0000000000000
         6       113   0.0000000000000
         6       114   0.0000000000000
         6       115   0.0000000000000
         6       116   0.0000000000000
         6       117   0.0000000000000
         6       118   0.0000000000000
         6       119   0.0000000000000
         6       120   0.0000000000000
         6       121   0.0000000000000
         6       122   0.0000000000000
         6       123   0.0000000000000
         6       124   0.0000000000000
         6       125   0.0000000000000
         6       126   0.0000000000000
         6       127   0.0000000000000
         6       128   0.0000000000000
         6       129   0.0000000000000
         6       130   0.0000000000000
         6       131   0.0000000000000
         6       132   0.0000000000000
         6       133   0.0000000000000
         6       134   0.0000000000000
         6       135   0.0000000000000
         6       136   0.0000000000000
         6       137   0.0000000000000
         6       138   0.0000000000000
         6       139   0.0000000000000
         6       140   0.0000000000000

         7         1   0.0000000000000
         7         2   0.0000000000000
         7         3   0.0000000000000
         7         4   0.0000000000000
         7         5   0.0000000000000
         7         6   0.0000000000000
         7         7   0.0000000000000
         7         8   0.0000000000000
         7         9   0.0000000000000
         7        10   0.0000000000000
         7        11   0.0000000000000
         7        12   0.0000000000000
         7        13   0.0000000000000
         7        14   0.0000000000000
         7        15   0.0000000000000
         7        16   0.0000000000000
         7        17   0.0000000000000
         7        18   0.0000000000000
         7        19   0.0000000000000
         7        20   0.0000000000000
         7        21   0.0000000000000
         7        22   0.0000000000000
         7        23   0.0000000000000
         7        24   0.0000000000000
         7        25   0.0000000000000
         7        26   0.0000000000000
         7        27   0.0000000000000
         7        28   0.0000000000000
         7        29   0.0000000000000
         7        30   0.0000000000000
         7        31   0.0000000000000
         7        32   0.0000000000000
         7        33   0.0000000000000
         7        34   0.0000000000000
         7        35   0.0000000000000
         7        36   0.0000000000000
         7        37   0.0000000000000
         7        38   0.0000000000000
         7        39   0.0000000000000
         7        40   0.0000000000000
         7        41   0.0000000000000
         7        42   0.0000000000000
         7        43   0.0000000000000
         7        44   0.0000000000000
         7        45   0.0000000000000
         7        46   0.0000000000000
         7        47   0.0000000000000
         7        48   0.0000000000000
         7        49   0.0000000000000
         7        50  -0.0000000000000
         7        51  -0.0000000000000
         7        52  -0.0000000000000
         7        53  -0.0000000000000
         7        54  -0.0000000000000
         7        55  -0.0000000000000
         7        56  -0.0000000000000
         7        57  -0.0000000000000
         7        58  -0.0000000000000
         7        59  -0.0000000000000
         7        60  -0.0000000000000
         7        61  -0.0000000000000
         7        62  -0.0000000000000
         7        63  -0.0000000000000
         7        64  -0.0000000000000
         7        65  -0.0000000000000
         7        66  -0.0000000000000
         7        67  -0.0000000000000
         7        68  -0.0000000000000
         7        69  -0.0000000000000
         7        70  -0.0000000000000
         7        71  -0.0000000000000
         7        72  -0.0000000000000
         7        73  -0.0000000000000
         7        74  -0.0000000000000
         7        75  -0.0000000000000
         7        76  -0.0000000000000
         7        77  -0.0000000000000
         7        78  -0.0000000000000
         7        79  -0.0000000000000
         7        80  -0.0000000000000
         7        81  -0.0000000000000
         7        82  -0.0000000000000
         7        83  -0.0000000000000
         7        84  -0.0000000000000
         7        85  -0.0000000000000
         7        86  -0.0000000000000
         7        87  -0.0000000000000
         7        88  -0.0000000000000
         7        89  -0.0000000000000
         7        90  -0.0000000000000
         7        91  -0.0000000000000
         7        92  -0.0000000000000
         7        93  -0.0000000000000
         7        94  -0.0000000000000
         7        95  -0.0000000000000
         7        96  -0.0000000000000
         7        97  -0.0000000000000
         7        98  -0.0000000000000
         7        99  -0.0000000000000
         7       100  -0.0000000000000
         7       101  -0.0000000000000
         7       102  -0.0000000000000
         7       103  -0.0000000000000
         7       104  -0.0000000000000
         7       105  -0.0000000000000
         7       106  -0.0000000000000
         7       107  -0.0000000000000
         7       108  -0.0000000000000
         7       109  -0.0000000000000
         7       110  -0.0000000000000
         7       111  -0.0000000000000
         7       112  -0.0000000000000
         7       113  -0.0000000000000
         7       114   0.0000000000000
         7       115   0.0000000000000
         7       116   0.0000000000000
         7       117   0.0000000000000
         7       118   0.0000000000000
         7       119   0.0000000000000
         7       120   0.0000000000000
         7       121   0.0000000000000
         7       122   0.0000000000000
         7       123   0.0000000000000
         7       124   0.0000000000000
         7       125   0.0000000000000
         7       126   0.0000000000000
         7       127   0.0000000000000
         7       128   0.0000000000000
         7       129   0.0000000000000
         7       130   0.0000000000000
         7       131   0.0000000000000
         7       132   0.0000000000000
         7       133   0.0000000000000
         7       134   0.0000000000000
         7       135   0.0000000000000
         7       136   0.0000000000000
         7       137   0.0000000000000
         7       138   0.0000000000000
         7       139   0.0000000000000
         7       140   0.0000000000000

         8         1   0.0000000000000
         8         2   0.0000000000000
         8         3   0.0000000000000
         8         4   0.0000000000000
         8         5   0.0000000000000
         8         6   0.0000000000000
         8         7   0.0000000000000
         8         8   0.0000000000000
         8         9   0.0000000000000
         8        10   0.0000000000000
         8        11   0.0000000000000
         8        12   0.0000000000000
         8        13   0.0000000000000
         8        14   0.0000000000000
         8        15   0.0000000000000
         8        16   0.0000000000000
         8        17   0.0000000000000
         8        18   0.0000000000000
         8        19   0.0000000000000
         8        20   0.0000000000000
         8        21   0.0000000000000
         8        22   0.0000000000000
         8        23   0.0000000000000
         8        24   0.0000000000000
         8        25   0.0000000000000
         8        26   0.0000000000000
         8        27   0.0000000000000
         8        28   0.0000000000000
         8        29   0.0000000000000
         8        30   0.0000000000000
         8        31   0.0000000000000
         8        32   0.0000000000000
         8        33   0.0000000000000
         8        34   0.0000000000000
         8        35   0.0000000000000
         8        36   0.0000000000000
         8        37   0.0000000000000
         8        38   0.0000000000000
         8        39   0.0000000000000
         8        40   0.0000000000000
         8        41   0.0000000000000
         8        42   0.0000000000000
         8        43   0.0000000000000
         8        44   0.0000000000000
         8        45   0.0000000000000
         8        46   0.0000000000000
         8        47   0.0000000000000
         8        48   0.0000000000000
         8        49   0.0000000000000
         8        50   0.0000000000000
         8        51   0.0000000000000
         8        52   0.0000000000000
         8        53   0.0000000000000
         8        54   0.0000000000000
         8        55   0.0000000000000
         8        56   0.0000000000000
         8        57   0.0000000000000
         8        58   0.0000000000000
         8        59   0.0000000000000
         8        60   0.0000000000000
         8        61   0.0000000000000
         8        62   0.0000000000000
         8        63   0.0000000000000
         8        64   0.0000000000000
         8        65   0.0000000000000
         8        66   0.0000000000000
         8        67   0.0000000000000
         8        68   0.0000000000000
         8        69   0.0000000000000
         8        70   0.0000000000000
         8        71   0.0000000000000
         8        72   0.0000000000000
         8        73   0.0000000000000
         8        74   0.0000000000000
         8        75   0.0000000000000
         8        76   0.0000000000000
         8        77   0.0000000000000
         8        78   0.0000000000000
         8        79   0.0000000000000
         8        80   0.0000000000000
         8        81   0.0000000000000
         8        82   0.0000000000000
         8        83   0.0000000000000
         8        84   0.0000000000000
         8        85   0.0000000000000
         8        86   0.0000000000000
         8        87   0.0000000000000
         8        88   0.0000000000000
         8        89   0.0000000000000
         8        90   0.0000000000000
         8        91   0.0000000000000
         8        92   0.0000000000000
         8        93   0.0000000000000
         8        94   0.0000000000000
         8        95   0.0000000000000
         8        96   0.0000000000000
         8        97   0.0000000000000
         8        98   0.0000000000000
         8        99   0.0000000000000
         8       100   0.0000000000000
         8       101   0.0000000000000
         8       102   0.0000000000000
         8       103   0.0000000000000
         8       104   0.0000000000000
         8       105   0.0000000000000
         8       106   0.0000000000000
         8       107   0.0000000000000
         8       108   0.0000000000000
         8       109   0.0000000000000
         8       110   0.0000000000000
         8       111   0.0000000000000
         8       112   0.0000000000000
         8       113   0.0000000000000
         8       114   0.0000000000000
         8       115   0.0000000000000
         8       116   0.0000000000000
         8       117   0.0000000000000
         8       118   0.0000000000000
         8       119   0.0000000000000
         8       120   0.0000000000000
         8       121   0.0000000000000
         8       122   0.0000000000000
         8       123   0.0000000000000
         8       124   0.0000000000000
         8       125   0.0000000000000
         8       126   0.0000000000000
         8       127   0.0000000000000
         8       128   0.0000000000000
         8       129   0.0000000000000
         8       130   0.0000000000000
         8       131   0.0000000000000
         8       132   0.0000000000000
         8       133   0.0000000000000
         8       134   0.0000000000000
         8       135   0.0000000000000
         8       136   0.0000000000000
         8       137   0.0000000000000
         8       138   0.0000000000000
         8       139   0.0000000000000
         8       140   0.0000000000000

         9         1   0.0000000000000
         9         2   0.0000000000000
         9         3   0.0000000000000
         9         4   0.0000000000000
         9         5   0.0000000000000
         9         6   0.0000000000000
         9         7   0.0000000000000
         9         8   0.0000000000000
         9         9   0.0000000000000
         9        10   0.0000000000000
         9        11   0.0000000000000
         9        12   0.0000000000000
         9        13   0.0000000000000
         9        14   0.0000000000000
         9        15   0.0000000000000
         9        16   0.0000000000000
         9        17   0.0000000000000
         9        18   0.0000000000000
         9        19   0.0000000000000
         9        20   0.0000000000000
         9        21   0.0000000000000
         9        22   0.0000000000000
         9        23   0.0000000000000
         9        24   0.0000000000000
         9        25   0.0000000000000
         9        26   0.0000000000000
         9        27   0.0000000000000
         9        28   0.0000000000000
         9        29   0.0000000000000
         9        30   0.0000000000000
         9        31   0.0000000000000
         9        32   0.0000000000000
         9        33   0.0000000000000
         9        34   0.0000000000000
         9        35   0.0000000000000
         9        36   0.0000000000000
         9        37   0.0000000000000
         9        38   0.0000000000000
         9        39   0.0000000000000
         9        40   0.0000000000000
         9        41   0.0000000000000
         9        42   0.0000000000000
         9        43   0.0000000000000
         9        44   0.0000000000000
         9        45   0.0000000000000
         9        46   0.0000000000000
         9        47   0.0000000000000
         9        48   0.0000000000000
         9        49   0.0000000000000
         9        50  -0.0000000000000
         9        51  -0.0000000000000
         9        52  -0.0000000000000
         9        53  -0.0000000000000
         9        54  -0.0000000000000
         9        55  -0.0000000000000
         9        56  -0.0000000000000
         9        57  -0.0000000000000
         9        58  -0.0000000000000
         9        59  -0.0000000000000
         9        60  -0.0000000000000
         9        61  -0.0000000000000
         9        62  -0.0000000000000
         9        63  -0.0000000000000
         9        64  -0.0000000000000
         9        65  -0.0000000000000
         9        66  -0.0000000000000
         9        67  -0.0000000000000
         9        68  -0.0000000000000
         9        69  -0.0000000000000
         9        70  -0.0000000000000
         9        71  -0.0000000000000
         9        72  -0.0000000000000
         9        73  -0.0000000000000
         9        74  -0.0000000000000
         9        75  -0.0000000000000
         9        76  -0.0000000000000
         9        77  -0.0000000000000
         9        78  -0.0000000000000
         9        79  -0.0000000000000
         9        80  -0.0000000000000
         9        81  -0.0000000000000
         9        82  -0.0000000000000
         9        83  -0.0000000000000
         9        84  -0.0000000000000
         9        85  -0.0000000000000
         9        86  -0.0000000000000
         9        87  -0.0000000000000
         9        88  -0.0000000000000
         9        89  -0.0000000000000
         9        90  -0.0000000000000
         9        91  -0.0000000000000
         9        92  -0.0000000000000
         9        93  -0.0000000000000
         9        94  -0.0000000000000
         9        95  -0.0000000000000
         9        96  -0.0000000000000
         9        97  -0.0000000000000
         9        98  -0.0000000000000
         9        99  -0.0000000000000
         9       100  -0.0000000000000
         9       101  -0.0000000000000
         9       102  -0.0000000000000
         9       103  -0.0000000000000
         9       104  -0.0000000000000
         9       105  -0.0000000000000
         9       106  -0.0000000000000
         9       107  -0.0000000000000
         9       108  -0.0000000000000
         9       109  -0.0000000000000
         9       110  -0.0000000000000
         9       111  -0.0000000000000
         9       112  -0.0000000000000
         9       113  -0.0000000000000
         9       114  -0.0000000000000
         9       115  -0.0000000000000
         9       116  -0.0000000000000
         9       117  -0.0000000000000
         9       118   0.0000000000000
         9       119   0.0000000000000
         9       120   0.0000000000000
         9       121   0.0000000000000
         9       122   0.0000000000000
         9       123   0.0000000000000
         9       124   0.0000000000000
         9       125   0.0000000000000
         9       126   0.0000000000000
         9       127   0.0000000000000
         9       128   0.0000000000000
         9       129   0.0000000000000
         9       130   0.0000000000000
         9       131   0.0000000000000
         9       132   0.0000000000000
         9       133   0.0000000000000
         9       134   0.0000000000000
         9       135   0.0000000000000
         9       136   0.0000000000000
         9       137   0.0000000000000
         9       138   0.0000000000000
         9       139   0.0000000000000
         9       140   0.0000000000000

        10         1   0.0000000000000
        10         2   0.0000000000000
        10         3   0.0000000000000
        10         4   0.0000000000000
        10         5   0.0000000000000
        10         6   0.0000000000000
        10         7   0.0000000000000
        10         8   0.0000000000000
        10         9   0.0000000000000
        10        10   0.0000000000000
        10        11   0.0000000000000
        10        12   0.0000000000000
        10        13   0.0000000000000
        10        14   0.0000000000000
        10        15   0.0000000000000
        10        16   0.0000000000000
        10        17   0.0000000000000
        10        18   0.0000000000000
        10        19   0.0000000000000
        10        20   0.0000000000000
        10        21   0.0000000000000
        10        22   0.0000000000000
        10        23   0.0000000000000
        10        24   0.0000000000000
        10        25   0.0000000000000
        10        26   0.0000000000000
        10        27   0.0000000000000
        10        28   0.0000000000000
        10        29   0.0000000000000
        10        30   0.0000000000000
        10        31   0.0000000000000
        10        32   0.0000000000000
        10        33   0.0000000000000
        10        34   0.0000000000000
        10        35   0.0000000000000
        10        36   0.0000000000000
        10        37   0.0000000000000
        10        38   0.0000000000000
        10        39   0.0000000000000
        10        40   0.0000000000000
        10        41   0.0000000000000
        10        42   0.0000000000000
        10        43   0.0000000000000
        10        44   0.0000000000000
        10        45   0.0000000000000
        10        46   0.0000000000000
        10        47   0.0000000000000
        10        48   0.0000000000000
        10        49   0.0000000000000
        10        50   0.0000000000000
        10        51   0.0000000000000
        10        52   0.0000000000000
        10        53   0.0000000000000
        10        54   0.0000000000000
        10        55   0.0000000000000
        10        56   0.0000000000000
        10        57   0.0000000000000
        10        58   0.0000000000000
        10        59   0.0000000000000
        10        60   0.0000000000000
        10        61   0.0000000000000
        10        62   0.0000000000000
        10        63   0.0000000000000
        10        64   0.0000000000000
        10        65   0.0000000000000
        10        66   0.0000000000000
        10        67   0.0000000000000
        10        68   0.0000000000000
        10        69   0.0000000000000
        10        70   0.0000000000000
        10        71   0.0000000000000
        10        72   0.0000000000000
        10        73   0.0000000000000
        10        74   0.0000000000000
        10        75   0.0000000000000
        10        76   0.0000000000000
        10        77   0.0000000000000
        10        78   0.0000000000000
        10        79   0.0000000000000
        10        80   0.0000000000000
        10        81   0.0000000000000
        10        82   0.0000000000000
        10        83   0.0000000000000
        10        84   0.0000000000000
        10        85   0.0000000000000
        10        86   0.0000000000000
        10        87   0.0000000000000
        10        88   0.0000000000000
        10        89   0.0000000000000
        10        90   0.0000000000000
        10        91   0.0000000000000
        10        92   0.0000000000000
        10        93   0.0000000000000
        10        94   0.0000000000000
        10        95   0.0000000000000
        10        96   0.0000000000000
        10        97   0.0000000000000
        10        98   0.0000000000000
        10        99   0.0000000000000
        10       100   0.0000000000000
        10       101   0.0000000000000
        10       102   0.0000000000000
        10       103   0.0000000000000
        10       104   0.0000000000000
        10       105   0.0000000000000
        10       106   0.0000000000000
        10       107   0.0000000000000
        10       108   0.0000000000000
        10       109   0.0000000000000
        10       110   0.0000000000000
        10       111   0.0000000000000
        10       112   0.0000000000000
        10       113   0.0000000000000
        10       114   0.0000000000000
        10       115   0.0000000000000
        10       116   0.0000000000000
        10       117   0.0000000000000
        10       118   0.0000000000000
        10       119   0.0000000000000
        10       120   0.0000000000000
        10       121   0.0000000000000
        10       122   0.0000000000000
        10       123   0.0000000000000
        10       124   0.0000000000000
        10       125   0.0000000000000
        10       126   0.0000000000000
        10       127   0.0000000000000
        10       128   0.0000000000000
        10       129   0.0000000000000
        10       130   0.0000000000000
        10       131   0.0000000000000
        10       132   0.0000000000000
        10       133   0.0000000000000
        10       134   0.0000000000000
        10       135   0.0000000000000
        10       136   0.0000000000000
        10       137   0.0000000000000
        10       138   0.0000000000000
        10       139   0.0000000000000
        10       140   0.0000000000000

        11         1   0.0000000000000
        11         2   0.0000000000000
        11         3   0.0000000000000
        11         4   0.0000000000000
        11         5   0.0000000000000
        11         6   0.0000000000000
        11         7   0.0000000000000
        11         8   0.0000000000000
        11         9   0.0000000000000
        11        10   0.0000000000000
        11        11   0.0000000000000
        11        12   0.0000000000000
        11        13   0.0000000000000
        11        14   0.0000000000000
        11        15   0.0000000000000
        11        16   0.0000000000000
        11        17   0.0000000000000
        11        18   0.0000000000000
        11        19   0.0000000000000
        11        20   0.0000000000000
        11        21   0.0000000000000
        11        22   0.0000000000000
        11        23   0.0000000000000
        11        24   0.0000000000000
        11        25   0.0000000000000
        11        26   0.0000000000000
        11        27   0.0000000000000
        11        28   0.0000000000000
        11        29   0.0000000000000
        11        30   0.0000000000000
        11        31   0.0000000000000
        11        32   0.0000000000000
        11        33   0.0000000000000
        11        34   0.0000000000000
        11        35   0.0000000000000
        11        36   0.0000000000000
        11        37   0.0000000000000
        11        38   0.0000000000000
        11        39   0.0000000000000
        11        40   0.0000000000000
        11        41   0.0000000000000
        11        42   0.0000000000000
        11        43   0.0000000000000
        11        44   0.0000000000000
        11        45   0.0000000000000
        11        46   0.0000000000000
        11        47   0.0000000000000
        11        48   0.0000000000000
        11        49   0.0000000000000
        11        50   0.0000000000000
        11        51  -0.0000000000000
        11        52  -0.0000000000000
        11        53  -0.0000000000000
        11        54  -0.0000000000000
        11        55  -0.0000000000000
        11        56  -0.0000000000000
        11        57  -0.0000000000000
        11        58  -0.0000000000000
        11        59  -0.0000000000000
        11        60  -0.0000000000000
        11        61  -0.0000000000000
        11        62  -0.0000000000000
        11        63  -0.0000000000000
        11        64  -0.0000000000000
        11        65  -0.0000000000000
        11        66  -0.0000000000000
        11        67  -0.0000000000000
        11        68  -0.0000000000000
        11        69  -0.0000000000000
        11        70  -0.0000000000000
        11        71  -0.0000000000000
        11        72  -0.0000000000000
        11        73  -0.0000000000000
        11        74  -0.0000000000000
        11        75  -0.0000000000000
        11        76  -0.0000000000000
        11        77  -0.0000000000000
        11        78  -0.0000000000000
        11        79  -0.0000000000000
        11        80  -0.0000000000000
        11        81  -0.0000000000000
        11        82  -0.0000000000000
        11        83  -0.0000000000000
        11        84  -0.0000000000000
        11        85  -0.0000000000000
        11        86  -0.0000000000000
        11        87  -0.0000000000000
        11        88  -0.0000000000000
        11        89  -0.0000000000000
        11        90  -0.0000000000000
        11        91  -0.0000000000000
        11        92  -0.0000000000000
        11        93  -0.0000000000000
        11        94  -0.0000000000000
        11        95  -0.0000000000000
        11        96  -0.0000000000000
        11        97  -0.0000000000000
        11        98  -0.0000000000000
        11        99  -0.0000000000000
        11       100  -0.0000000000000
        11       101  -0.0000000000000
        11       102  -0.0000000000000
        11       103  -0.0000000000000
        11       104  -0.0000000000000
        11       105  -0.0000000000000
        11       106  -0.0000000000000
        11       107  -0.0000000000000
        11       108  -0.0000000000000
        11       109  -0.0000000000000
        11       110  -0.0000000000000
        11       111  -0.0000000000000
        11       112  -0.0000000000000
        11       113  -0.0000000000000
        11       114  -0.0000000000000
        11       115  -0.0000000000000
        11       116  -0.0000000000000
        11       117  -0.0000000000000
        11       118  -0.0000000000000
        11       119  -0.0000000000000
        11       120  -0.0000000000000
        11       121  -0.0000000000000
        11       122  -0.0000000000000
        11       123   0.0000000000000
        11       124   0.0000000000000
        11       125   0.0000000000000
        11       126  -0.0000000000000
        11       127   0.0000000000000
        11       128   0.0000000000000
        11       129   0.0000000000000
        11       130   0.0000000000000
        11       131   0.0000000000000
        11       132   0.0000000000000
        11       133   0.0000000000000
        11       134   0.0000000000000
        11       135   0.0000000000000
        11       136   0.0000000000000
        11       137   0.0000000000000
        11       138   0.0000000000000
        11       139   0.0000000000000
        11       140   0.0000000000000

        12         1   0.0000000000000
        12         2   0.0000000000000
        12         3   0.0000000000000
        12         4   0.0000000000000
        12         5   0.0000000000000
        12         6   0.0000000000000
        12         7   0.0000000000000
        12         8   0.0000000000000
        12         9   0.0000000000000
        12        10   0.0000000000000
        12        11   0.0000000000000
        12        12   0.0000000000000
        12        13   0.0000000000000
        12        14   0.0000000000000
        12        15   0.0000000000000
        12        16   0.0000000000000
        12        17   0.0000000000000
        12        18   0.0000000000000
        12        19   0.0000000000000
        12        20   0.0000000000000
        12        21   0.0000000000000
        12        22   0.0000000000000
        12        23   0.0000000000000
        12        24   0.0000000000000
        12        25   0.0000000000000
        12        26   0.0000000000000
        12        27   0.0000000000000
        12        28   0.0000000000000
        12        29   0.0000000000000
        12        30   0.0000000000000
        12        31   0.0000000000000
        12        32   0.0000000000000
        12        33   0.0000000000000
        12        34   0.0000000000000
        12        35   0.0000000000000
        12        36   0.0000000000000
        12        37   0.0000000000000
        12        38   0.0000000000000
        12        39   0.0000000000000
        12        40   0.0000000000000
        12        41   0.0000000000000
        12        42   0.0000000000000
        12        43   0.0000000000000
        12        44   0.0000000000000
        12        45   0.0000000000000
        12        46   0.0000000000000
        12        47   0.0000000000000
        12        48   0.0000000000000
        12        49   0.0000000000000
        12        50   0.0000000000000
        12        51   0.0000000000000
        12        52   0.0000000000000
        12        53   0.0000000000000
        12        54   0.0000000000000
        12        55   0.0000000000000
        12        56   0.0000000000000
        12        57   0.0000000000000
        12        58   0.0000000000000
        12        59   0.0000000000000
        12        60   0.0000000000000
        12        61   0.0000000000000
        12        62   0.0000000000000
        12        63   0.0000000000000
        12        64   0.0000000000000
        12        65   0.0000000000000
        12        66   0.0000000000000
        12        67   0.0000000000000
        12        68   0.0000000000000
        12        69   0.0000000000000
        12        70   0.0000000000000
        12        71   0.0000000000000
        12        72   0.0000000000000
        12        73   0.0000000000000
        12        74   0.0000000000000
        12        75   0.0000000000000
        12        76   0.0000000000000
        12        77   0.0000000000000
        12        78   0.0000000000000
        12        79   0.0000000000000
        12        80   0.0000000000000
        12        81   0.0000000000000
        12        82   0.0000000000000
        12        83   0.0000000000000
        12        84   0.0000000000000
        12        85   0.0000000000000
        12        86   0.0000000000000
        12        87   0.0000000000000
        12        88   0.0000000000000
        12        89   0.0000000000000
        12        90   0.0000000000000
        12        91   0.0000000000000
        12        92   0.0000000000000
        12        93   0.0000000000000
        12        94   0.0000000000000
        12        95   0.0000000000000
        12        96   0.0000000000000
        12        97   0.0000000000000
        12        98   0.0000000000000
        12        99   0.0000000000000
        12       100   0.0000000000000
        12       101   0.0000000000000
        12       102   0.0000000000000
        12       103   0.0000000000000
        12       104   0.0000000000000
        12       105   0.0000000000000
        12       106   0.0000000000000
        12       107   0.0000000000000
        12       108   0.0000000000000
        12       109   0.0000000000000
        12       110   0.0000000000000
        12       111   0.0000000000000
        12       112   0.0000000000000
        12       113   0.0000000000000
        12       114   0.0000000000000
        12       115   0.0000000000000
        12       116   0.0000000000000
        12       117   0.0000000000000
        12       118   0.0000000000000
        12       119   0.0000000000000
        12       120   0.0000000000000
        12       121   0.0000000000000
        12       122  -0.0000000000000
        12       123   0.0000000000000
        12       124   0.0000000000000
        12       125  -0.0000000000000
        12       126  -0.0000000000000
        12       127   0.0000000000000
        12       128   0.0000000000000
        12       129  -0.0000000000000
        12       130   0.0000000000000
        12       131   0.0000000000000
        12       132   0.0000000000000
        12       133   0.0000000000000
        12       134   0.0000000000000
        12       135   0.0000000000000
        12       136   0.0000000000000
        12       137   0.0000000000000
        12       138   0.0000000000000
        12       139   0.0000000000000
        12       140   0.0000000000000

        13         1   0.0000000000000
        13         2   0.0000000000000
        13         3   0.0000000000000
        13         4   0.0000000000000
        13         5   0.0000000000000
        13         6   0.0000000000000
        13         7   0.0000000000000
        13         8   0.0000000000000
        13         9   0.0000000000000
        13        10   0.0000000000000
        13        11   0.0000000000000
        13        12   0.0000000000000
        13        13   0.0000000000000
        13        14   0.0000000000000
        13        15   0.0000000000000
        13        16   0.0000000000000
        13        17   0.0000000000000
        13        18   0.0000000000000
        13        19   0.0000000000000
        13        20   0.0000000000000
        13        21   0.0000000000000
        13        22   0.0000000000000
        13        23   0.0000000000000
        13        24   0.0000000000000
        13        25   0.0000000000000
        13        26   0.0000000000000
        13        27   0.0000000000000
        13        28   0.0000000000000
        13        29   0.0000000000000
        13        30   0.0000000000000
        13        31   0.0000000000000
        13        32   0.0000000000000
        13        33   0.0000000000000
        13        34   0.0000000000000
        13        35   0.0000000000000
        13        36   0.0000000000000
        13        37   0.0000000000000
        13        38   0.0000000000000
        13        39   0.0000000000000
        13        40   0.0000000000000
        13        41   0.0000000000000
        13        42   0.0000000000000
        13        43   0.0000000000000
        13        44   0.0000000000000
        13        45   0.0000000000000
        13        46   0.0000000000000
        13        47   0.0000000000000
        13        48   0.0000000000000
        13        49   0.0000000000000
        13        50   0.0000000000000
        13        51  -0.0000000000000
        13        52  -0.0000000000000
        13        53  -0.0000000000000
        13        54  -0.0000000000000
        13        55  -0.0000000000000
        13        56  -0.0000000000000
        13        57  -0.0000000000000
        13        58  -0.0000000000000
        13        59  -0.0000000000000
        13        60  -0.0000000000000
        13        61  -0.0000000000000
        13        62  -0.0000000000000
        13        63  -0.0000000000000
        13        64  -0.0000000000000
        13        65  -0.0000000000000
        13        66  -0.0000000000000
        13        67  -0.0000000000000
        13        68  -0.0000000000000
        13        69  -0.0000000000000
        13        70  -0.0000000000000
        13        71  -0.0000000000000
        13        72  -0.0000000000000
        13        73  -0.0000000000000
        13        74  -0.0000000000000
        13        75  -0.0000000000000
        13        76  -0.0000000000000
        13        77  -0.0000000000000
        13        78  -0.0000000000000
        13        79  -0.0000000000000
        13        80  -0.0000000000000
        13        81  -0.0000000000000
        13        82  -0.0000000000000
        13        83  -0.0000000000000
        13        84  -0.0000000000000
        13        85  -0.0000000000000
        13        86  -0.0000000000000
        13        87  -0.0000000000000
        13        88  -0.0000000000000
        13        89  -0.0000000000000
        13        90  -0.0000000000000
        13        91  -0.0000000000000
        13        92  -0.0000000000000
        13        93  -0.0000000000000
        13        94  -0.0000000000000
        13        95  -0.0000000000000
        13        96  -0.0000000000000
        13        97  -0.0000000000000
        13        98  -0.0000000000000
        13        99  -0.0000000000000
        13       100  -0.0000000000000
        13       101  -0.0000000000000
        13       102  -0.0000000000000
        13       103  -0.0000000000000
        13       104  -0.0000000000000
        13       105  -0.0000000000000
        13       106  -0.0000000000000
        13       107  -0.0000000000000
        13       108  -0.0000000000000
        13       109  -0.0000000000000
        13       110  -0.0000000000000
        13       111  -0.0000000000000
        13       112  -0.0000000000000
        13       113  -0.0000000000000
        13       114  -0.0000000000000
        13       115  -0.0000000000000
        13       116  -0.0000000000000
        13       117  -0.0000000000000
        13       118  -0.0000000000000
        13       119  -0.0000000000000
        13       120  -0.0000000000000
        13       121  -0.0000000000000
        13       122  -0.0000000000000
        13       123   0.0000000000000
        13       124   0.0000000000000
        13       125  -0.0000000000000
        13       126  -0.0000000000000
        13       127   0.0000000000000
        13       128   0.0000000000000
        13       129  -0.0000000000000
        13       130   0.0000000000000
        13       131   0.0000000000000
        13       132   0.0000000000000
        13       133   0.0000000000000
        13       134   0.0000000000000
        13       135   0.0000000000000
        13       136   0.0000000000000
        13       137   0.0000000000000
        13       138   0.0000000000000
        13       139   0.0000000000000
        13       140   0.0000000000000

        14         1   0.0000000000000
        14         2   0.0000000000000
        14         3   0.0000000000000
        14         4   0.0000000000000
        14         5   0.0000000000000
        14         6   0.0000000000000
        14         7   0.0000000000000
        14         8   0.0000000000000
        14         9   0.0000000000000
        14        10   0.0000000000000
        14        11   0.0000000000000
        14        12   0.0000000000000
        14        13   0.0000000000000
        14        14   0.0000000000000
        14        15   0.0000000000000
        14        16   0.0000000000000
        14        17   0.0000000000000
        14        18   0.0000000000000
        14        19   0.0000000000000
        14        20   0.0000000000000
        14        21   0.0000000000000
        14        22   0.0000000000000
        14        23   0.0000000000000
        14        24   0.0000000000000
        14        25   0.0000000000000
        14        26   0.0000000000000
        14        27   0.0000000000000
        14        28   0.0000000000000
        14        29   0.0000000000000
        14        30   0.0000000000000
        14        31   0.0000000000000
        14        32   0.0000000000000
        14        33   0.0000000000000
        14        34   0.0000000000000
        14        35   0.0000000000000
        14        36   0.0000000000000
        14        37   0.0000000000000
        14        38   0.0000000000000
        14        39   0.0000000000000
        14        40   0.0000000000000
        14        41   0.0000000000000
        14        42   0.0000000000000
        14        43   0.0000000000000
        14        44   0.0000000000000
        14        45   0.0000000000000
        14        46   0.0000000000000
        14        47   0.0000000000000
        14        48   0.0000000000000
        14        49   0.0000000000000
        14        50   0.0000000000000
        14        51   0.0000000000000
        14        52   0.0000000000000
        14        53   0.0000000000000
        14        54   0.0000000000000
        14        55   0.0000000000000
        14        56   0.0000000000000
        14        57   0.0000000000000
        14        58   0.0000000000000
        14        59   0.0000000000000
        14        60   0.0000000000000
        14        61   0.0000000000000
        14        62   0.0000000000000
        14        63   0.0000000000000
        14        64   0.0000000000000
        14        65   0.0000000000000
        14        66   0.0000000000000
        14        67   0.0000000000000
        14        68   0.0000000000000
        14        69   0.0000000000000
        14        70   0.0000000000000
        14        71   0.0000000000000
        14        72   0.0000000000000
        14        73   0.0000000000000
        14        74   0.0000000000000
        14        75   0.0000000000000
        14        76   0.0000000000000
        14        77   0.0000000000000
        14        78   0.0000000000000
        14        79   0.0000000000000
        14        80   0.0000000000000
        14        81   0.0000000000000
        14        82   0.0000000000000
        14        83   0.0000000000000
        14        84   0.0000000000000
        14        85   0.0000000000000
        14        86   0.0000000000000
        14        87   0.0000000000000
        14        88   0.0000000000000
        14        89   0.0000000000000
        14        90   0.0000000000000
        14        91   0.0000000000000
        14        92   0.0000000000000
        14        93   0.0000000000000
        14        94   0.0000000000000
        14        95   0.0000000000000
        14        96   0.0000000000000
        14        97   0.0000000000000
        14        98   0.0000000000000
        14        99   0.0000000000000
        14       100   0.0000000000000
        14       101   0.0000000000000
        14       102   0.0000000000000
        14       103   0.0000000000000
        14       104   0.0000000000000
        14       105   0.0000000000000
        14       106   0.0000000000000
        14       107   0.0000000000000
        14       108   0.0000000000000
        14       109   0.0000000000000
        14       110   0.0000000000000
        14       111   0.0000000000000
        14       112   0.0000000000000
        14       113   0.0000000000000
        14       114   0.0000000000000
        14       115   0.0000000000000
        14       116   0.0000000000000
        14       117   0.0000000000000
        14       118   0.0000000000000
        14       119   0.0000000000000
        14       120   0.0000000000000
        14       121   0.0000000000000
        14       122   0.0000000000000
        14       123   0.0000000000000
        14       124  -0.0000000000000
        14       125  -0.0000000000000
        14       126   0.0000000000000
        14       127   0.0000000000000
        14       128  -0.0000000000000
        14       129  -0.0000000000000
        14       130   0.0000000000000
        14       131   0.0000000000000
        14       132   0.0000000000000
        14       133   0.0000000000000
        14       134   0.0000000000000
        14       135   0.0000000000000
        14       136   0.0000000000000
        14       137   0.0000000000000
        14       138   0.0000000000000
        14       139   0.0000000000000
        14       140   0.0000000000000

        15         1   0.0000000000000
        15         2   0.0000000000000
        15         3   0.0000000000000
        15         4   0.0000000000000
        15         5   0.0000000000000
        15         6   0.0000000000000
        15         7   0.0000000000000
        15         8   0.0000000000000
        15         9   0.0000000000000
        15        10   0.0000000000000
        15        11   0.0000000000000
        15        12   0.0000000000000
        15        13   0.0000000000000
        15        14   0.0000000000000
        15        15   0.0000000000000
        15        16   0.0000000000000
        15        17   0.0000000000000
        15        18   0.0000000000000
        15        19   0.0000000000000
        15        20   0.0000000000000
        15        21   0.0000000000000
        15        22   0.0000000000000
        15        23   0.0000000000000
        15        24   0.0000000000000
        15        25   0.0000000000000
        15        26   0.0000000000000
        15        27   0.0000000000000
        15        28   0.0000000000000
        15        29   0.0000000000000
        15        30   0.0000000000000
        15        31   0.0000000000000
        15        32   0.0000000000000
        15        33   0.0000000000000
        15        34   0.0000000000000
        15        35   0.0000000000000
        15        36   0.0000000000000
        15        37   0.0000000000000
        15        38   0.0000000000000
        15        39   0.0000000000000
        15        40   0.0000000000000
        15        41   0.0000000000000
        15        42   0.0000000000000
        15        43   0.0000000000000
        15        44   0.0000000000000
        15        45   0.0000000000000
        15        46   0.0000000000000
        15        47   0.0000000000000
        15        48   0.0000000000000
        15        49   0.0000000000000
        15        50   0.0000000000000
        15        51   0.0000000000000
        15        52  -0.0000000000000
        15        53  -0.0000000000000
        15        54  -0.0000000000000
        15        55  -0.0000000000000
        15        56  -0.0000000000000
        15        57  -0.0000000000000
        15        58  -0.0000000000000
        15        59  -0.0000000000000
        15        60  -0.0000000000000
        15        61  -0.0000000000000
        15        62  -0.0000000000000
        15        63  -0.0000000000000
        15        64  -0.0000000000000
        15        65  -0.0000000000000
        15        66  -0.0000000000000
        15        67  -0.0000000000000
        15        68  -0.0000000000000
        15        69  -0.0000000000000
        15        70  -0.0000000000000
        15        71  -0.0000000000000
        15        72  -0.0000000000000
        15        73  -0.0000000000000
        15        74  -0.0000000000000
        15        75  -0.0000000000000
        15        76  -0.0000000000000
        15        77  -0.0000000000000
        15        78  -0.0000000000000
        15        79  -0.0000000000000
        15        80  -0.0000000000000
        15        81  -0.0000000000000
        15        82  -0.0000000000000
        15        83  -0.0000000000000
        15        84  -0.0000000000000
        15        85  -0.0000000000000
        15        86  -0.0000000000000
        15        87  -0.0000000000000
        15        88  -0.0000000000000
        15        89  -0.0000000000000
        15        90  -0.0000000000000
        15        91  -0.0000000000000
        15        92  -0.0000000000000
        15        93  -0.0000000000000
        15        94  -0.0000000000000
        15        95  -0.0000000000000
        15        96  -0.0000000000000
        15        97  -0.0000000000000
        15        98  -0.0000000000000
        15        99  -0.0000000000000
        15       100  -0.0000000000000
        15       101  -0.0000000000000
        15       102  -0.0000000000000
        15       103  -0.0000000000000
        15       104  -0.0000000000000
        15       105  -0.0000000000000
        15       106  -0.0000000000000
        15       107  -0.0000000000000
        15       108  -0.0000000000000
        15       109  -0.0000000000000
        15       110  -0.0000000000000
        15       111  -0.0000000000000
        15       112  -0.0000000000000
        15       113  -0.0000000000000
        15       114  -0.0000000000000
        15       115  -0.0000000000000
        15       116  -0.0000000000000
        15       117  -0.0000000000000
        15       118  -0.0000000000000
        15       119  -0.0000000000000
        15       120  -0.0000000000000
        15       121  -0.0000000000000
        15       122  -0.0000000000000
        15       123  -0.0000000000000
        15       124  -0.0000000000000
        15       125  -0.0000000000000
        15       126   0.0000000000000
        15       127   0.0000000000000
        15       128  -0.0000000000000
        15       129  -0.0000000000000
        15       130   0.0000000000000
        15       131   0.0000000000000
        15       132   0.0000000000000
        15       133   0.0000000000000
        15       134   0.0000000000000
        15       135   0.0000000000000
        15       136   0.0000000000000
        15       137   0.0000000000000
        15       138   0.0000000000000
        15       139   0.0000000000000
        15       140   0.0000000000000

        16         1   0.0000000000000
        16         2   0.0000000000000
        16         3   0.0000000000000
        16         4   0.0000000000000
        16         5   0.0000000000000
        16         6   0.0000000000000
        16         7   0.0000000000000
        16         8   0.0000000000000
        16         9   0.0000000000000
        16        10   0.0000000000000
        16        11   0.0000000000000
        16        12   0.0000000000000
        16        13   0.0000000000000
        16        14   0.0000000000000
        16        15   0.0000000000000
        16        16   0.0000000000000
        16        17   0.0000000000000
        16        18   0.0000000000000
        16        19   0.0000000000000
        16        20   0.0000000000000
        16        21   0.0000000000000
        16        22   0.0000000000000
        16        23   0.0000000000000
        16        24   0.0000000000000
        16        25   0.0000000000000
        16        26   0.0000000000000
        16        27   0.0000000000000
        16        28   0.0000000000000
        16        29   0.0000000000000
        16        30   0.0000000000000
        16        31   0.0000000000000
        16        32   0.0000000000000
        16        33   0.0000000000000
        16        34   0.0000000000000
        16        35   0.0000000000000
        16        36   0.0000000000000
        16        37   0.0000000000000
        16        38   0.0000000000000
        16        39   0.0000000000000
        16        40   0.0000000000000
        16        41   0.0000000000000
        16        42   0.0000000000000
        16        43   0.0000000000000
        16        44   0.0000000000000
        16        45   0.0000000000000
        16        46   0.0000000000000
        16        47   0.0000000000000
        16        48   0.0000000000000
        16        49   0.0000000000000
        16        50   0.0000000000000
        16        51   0.0000000000000
        16        52   0.0000000000000
        16        53   0.0000000000000
        16        54   0.0000000000000
        16        55   0.0000000000000
        16        56   0.0000000000000
        16        57   0.0000000000000
        16        58   0.0000000000000
        16        59   0.0000000000000
        16        60   0.0000000000000
        16        61   0.0000000000000
        16        62   0.0000000000000
        16        63   0.0000000000000
        16        64   0.0000000000000
        16        65   0.0000000000000
        16        66   0.0000000000000
        16        67   0.0000000000000
        16        68   0.0000000000000
        16        69   0.0000000000000
        16        70   0.0000000000000
        16        71   0.0000000000000
        16        72   0.0000000000000
        16        73   0.0000000000000
        16        74   0.0000000000000
        16        75   0.0000000000000
        16        76   0.0000000000000
        16        77   0.0000000000000
        16        78   0.0000000000000
        16        79   0.0000000000000
        16        80   0.0000000000000
        16        81   0.0000000000000
        16        82   0.0000000000000
        16        83   0.0000000000000
        16        84   0.0000000000000
        16        85   0.0000000000000
        16        86   0.0000000000000
        16        87   0.0000000000000
        16        88   0.0000000000000
        16        89   0.0000000000000
        16        90   0.0000000000000
        16        91   0.0000000000000
        16        92   0.0000000000000
        16        93   0.0000000000000
        16        94   0.0000000000000
        16        95   0.0000000000000
        16        96   0.0000000000000
        16        97   0.0000000000000
        16        98   0.0000000000000
        16        99   0.0000000000000
        16       100   0.0000000000000
        16       101   0.0000000000000
        16       102   0.0000000000000
        16       103   0.0000000000000
        16       104   0.0000000000000
        16       105   0.0000000000000
        16       106   0.0000000000000
        16       107   0.0000000000000
        16       108   0.0000000000000
        16       109   0.0000000000000
        16       110   0.0000000000000
        16       111   0.0000000000000
        16       112   0.0000000000000
        16       113   0.0000000000000
        16       114   0.0000000000000
        16       115   0.0000000000000
        16       116   0.0000000000000
        16       117   0.0000000000000
        16       118   0.0000000000000
        16       119   0.0000000000000
        16       120   0.0000000000000
        16       121   0.0000000000000
        16       122   0.0000000000000
        16       123   0.0000000000000
        16       124  -0.0000000000000
        16       125   0.0000000000000
        16       126   0.0000000000000
        16       127   0.0000000000000
        16       128  -0.0000000000000
        16       129  -0.0000000000000
        16       130   0.0000000000000
        16       131   0.0000000000000
        16       132  -0.0000000000000
        16       133   0.0000000000000
        16       134   0.0000000000000
        16       135   0.0000000000000
        16       136   0.0000000000000
        16       137   0.0000000000000
        16       138   0.0000000000000
        16       139   0.0000000000000
        16       140   0.0000000000000

        17         1   0.0000000000000
        17         2   0.0000000000000
        17         3   0.0000000000000
        17         4   0.0000000000000
        17         5   0.0000000000000
        17         6   0.0000000000000
        17         7   0.0000000000000
        17         8   0.0000000000000
        17         9   0.0000000000000
        17        10   0.0000000000000
        17        11   0.0000000000000
        17        12   0.0000000000000
        17        13   0.0000000000000
        17        14   0.0000000000000
        17        15   0.0000000000000
        17        16   0.0000000000000
        17        17   0.0000000000000
        17        18   0.0000000000000
        17        19   0.0000000000000
        17        20   0.0000000000000
        17        21   0.0000000000000
        17        22   0.0000000000000
        17        23   0.0000000000000
        17        24   0.0000000000000
        17        25   0.0000000000000
        17        26   0.0000000000000
        17        27   0.0000000000000
        17        28   0.0000000000000
        17        29   0.0000000000000
        17        30   0.0000000000000
        17        31   0.0000000000000
        17        32   0.0000000000000
        17        33   0.0000000000000
        17        34   0.0000000000000
        17        35   0.0000000000000
        17        36   0.0000000000000
        17        37   0.0000000000000
        17        38   0.0000000000000
        17        39   0.0000000000000
        17        40   0.0000000000000
        17        41   0.0000000000000
        17        42   0.0000000000000
        17        43   0.0000000000000
        17        44   0.0000000000000
        17        45   0.0000000000000
        17        46   0.0000000000000
        17        47   0.0000000000000
        17        48   0.0000000000000
        17        49   0.0000000000000
        17        50   0.0000000000000
        17        51   0.0000000000000
        17        52  -0.0000000000000
        17        53  -0.0000000000000
        17        54  -0.0000000000000
        17        55  -0.0000000000000
        17        56  -0.0000000000000
        17        57  -0.0000000000000
        17        58  -0.0000000000000
        17        59  -0.0000000000000
        17        60  -0.0000000000000
        17        61  -0.0000000000000
        17        62  -0.0000000000000
        17        63  -0.0000000000000
        17        64  -0.0000000000000
        17        65  -0.0000000000000
        17        66  -0.0000000000000
        17        67  -0.0000000000000
        17        68  -0.0000000000000
        17        69  -0.0000000000000
        17        70  -0.0000000000000
        17        71  -0.0000000000000
        17        72  -0.0000000000000
        17        73  -0.0000000000000
        17        74  -0.0000000000000
        17        75  -0.0000000000000
        17        76  -0.0000000000000
        17        77  -0.0000000000000
        17        78  -0.0000000000000
        17        79  -0.0000000000000
        17        80  -0.0000000000000
        17        81  -0.0000000000000
        17        82  -0.0000000000000
        17        83  -0.0000000000000
        17        84  -0.0000000000000
        17        85  -0.0000000000000
        17        86  -0.0000000000000
        17        87  -0.0000000000000
        17        88  -0.0000000000000
        17        89  -0.0000000000000
        17        90  -0.0000000000000
        17        91  -0.0000000000000
        17        92  -0.0000000000000
        17        93  -0.0000000000000
        17        94  -0.0000000000000
        17        95  -0.0000000000000
        17        96  -0.0000000000000
        17        97  -0.0000000000000
        17        98  -0.0000000000000
        17        99  -0.0000000000000
        17       100  -0.0000000000000
        17       101  -0.0000000000000
        17       102  -0.0000000000000
        17       103  -0.0000000000000
        17       104  -0.0000000000000
        17       105  -0.0000000000000
        17       106  -0.0000000000000
        17       107  -0.0000000000000
        17       108  -0.0000000000000
        17       109  -0.0000000000000
        17       110  -0.0000000000000
        17       111  -0.0000000000000
        17       112  -0.0000000000000
        17       113  -0.0000000000000
        17       114  -0.0000000000000
        17       115  -0.0000000000000
        17       116  -0.0000000000000
        17       117  -0.0000000000000
        17       118  -0.0000000000000
        17       119  -0.0000000000000
        17       120  -0.0000000000000
        17       121  -0.0000000000000
        17       122  -0.0000000000000
        17       123  -0.0000000000000
        17       124  -0.0000000000000
        17       125   0.0000000000000
        17       126   0.0000000000000
        17       127  -0.0000000000000
        17       128  -0.0000000000000
        17       129   0.0000000000000
        17       130   0.0000000000000
        17       131  -0.0000000000000
        17       132  -0.0000000000000
        17       133   0.0000000000000
        17       134   0.0000000000000
        17       135   0.0000000000000
        17       136   0.0000000000000
        17       137   0.0000000000000
        17       138   0.0000000000000
        17       139   0.0000000000000
        17       140   0.0000000000000

        18         1   0.0000000000000
        18         2   0.0000000000000
        18         3   0.0000000000000
        18         4   0.0000000000000
        18         5   0.0000000000000
        18         6   0.0000000000000
        18         7   0.0000000000000
        18         8   0.0000000000000
        18         9   0.0000000000000
        18        10   0.0000000000000
        18        11   0.0000000000000
        18        12   0.0000000000000
        18        13   0.0000000000000
        18        14   0.0000000000000
        18        15   0.0000000000000
        18        16   0.0000000000000
        18        17   0.0000000000000
        18        18   0.0000000000000
        18        19   0.0000000000000
        18        20   0.0000000000000
        18        21   0.0000000000000
        18        22   0.0000000000000
        18        23   0.0000000000000
        18        24   0.0000000000000
        18        25   0.0000000000000
        18        26   0.0000000000000
        18        27   0.0000000000000
        18        28   0.0000000000000
        18        29   0.0000000000000
        18        30   0.0000000000000
        18        31   0.0000000000000
        18        32   0.0000000000000
        18        33   0.0000000000000
        18        34   0.0000000000000
        18        35   0.0000000000000
        18        36   0.0000000000000
        18        37   0.0000000000000
        18        38   0.0000000000000
        18        39   0.0000000000000
        18        40   0.0000000000000
        18        41   0.0000000000000
        18        42   0.0000000000000
        18        43   0.0000000000000
        18        44   0.0000000000000
        18        45   0.0000000000000
        18        46   0.0000000000000
        18        47   0.0000000000000
        18        48   0.0000000000000
        18        49   0.0000000000000
        18        50   0.0000000000000
        18        51   0.0000000000000
        18        52   0.0000000000000
        18        53   0.0000000000000
        18        54   0.0000000000000
        18        55   0.0000000000000
        18        56   0.0000000000000
        18        57   0.0000000000000
        18        58   0.0000000000000
        18        59   0.0000000000000
        18        60   0.0000000000000
        18        61   0.0000000000000
        18        62   0.0000000000000
        18        63   0.0000000000000
        18        64   0.0000000000000
        18        65   0.0000000000000
        18        66   0.0000000000000
        18        67   0.0000000000000
        18        68   0.0000000000000
        18        69   0.0000000000000
        18        70   0.0000000000000
        18        71   0.0000000000000
        18        72   0.0000000000000
        18        73   0.0000000000000
        18        74   0.0000000000000
        18        75   0.0000000000000
        18        76   0.0000000000000
        18        77   0.0000000000000
        18        78   0.0000000000000
        18        79   0.0000000000000
        18        80   0.0000000000000
        18        81   0.0000000000000
        18        82   0.0000000000000
        18        83   0.0000000000000
        18        84   0.0000000000000
        18        85   0.0000000000000
        18        86   0.0000000000000
        18        87   0.0000000000000
        18        88   0.0000000000000
        18        89   0.0000000000000
        18        90   0.0000000000000
        18        91   0.0000000000000
        18        92   0.0000000000000
        18        93   0.0000000000000
        18        94   0.0000000000000
        18        95   0.0000000000000
        18        96   0.0000000000000
        18        97   0.0000000000000
        18        98   0.0000000000000
        18        99   0.0000000000000
        18       100   0.0000000000000
        18       101   0.0000000000000
        18       102   0.0000000000000
        18       103   0.0000000000000
        18       104   0.0000000000000
        18       105   0.0000000000000
        18       106   0.0000000000000
        18       107   0.0000000000000
        18       108   0.0000000000000
        18       109   0.0000000000000
        18       110   0.0000000000000
        18       111   0.0000000000000
        18       112   0.0000000000000
        18       113   0.0000000000000
        18       114   0.0000000000000
        18       115   0.0000000000000
        18       116   0.0000000000000
        18       117   0.0000000000000
        18       118   0.0000000000000
        18       119   0.0000000000000
        18       120   0.0000000000000
        18       121   0.0000000000000
        18       122   0.0000000000000
        18       123   0.0000000000000
        18       124   0.0000000000000
        18       125   0.0000000000000
        18       126  -0.0000000000000
        18       127  -0.0000000000000
        18       128  -0.0000000000000
        18       129   0.0000000000000
        18       130   0.0000000000000
        18       131  -0.0000000000000
        18       132  -0.0000000000000
        18       133   0.0000000000000
        18       134   0.0000000000000
        18       135   0.0000000000000
        18       136   0.0000000000000
        18       137   0.0000000000000
        18       138   0.0000000000000
        18       139   0.0000000000000
        18       140   0.0000000000000

        19         1   0.0000000000000
        19         2   0.0000000000000
        19         3   0.0000000000000
        19         4   0.0000000000000
        19         5   0.0000000000000
        19         6   0.0000000000000
        19         7   0.0000000000000
        19         8   0.0000000000000
        19         9   0.0000000000000
        19        10   0.0000000000000
        19        11   0.0000000000000
        19        12   0.0000000000000
        19        13   0.0000000000000
        19        14   0.0000000000000
        19        15   0.0000000000000
        19        16   0.0000000000000
        19        17   0.0000000000000
        19        18   0.0000000000000
        19        19   0.0000000000000
        19        20   0.0000000000000
        19        21   0.0000000000000
        19        22   0.0000000000000
        19        23   0.0000000000000
        19        24   0.0000000000000
        19        25   0.0000000000000
        19        26   0.0000000000000
        19        27   0.0000000000000
        19        28   0.0000000000000
        19        29   0.0000000000000
        19        30   0.0000000000000
        19        31   0.0000000000000
        19        32   0.0000000000000
        19        33   0.0000000000000
        19        34   0.0000000000000
        19        35   0.0000000000000
        19        36   0.0000000000000
        19        37   0.0000000000000
        19        38   0.0000000000000
        19        39   0.0000000000000
        19        40   0.0000000000000
        19        41   0.0000000000000
        19        42   0.0000000000000
        19        43   0.0000000000000
        19        44   0.0000000000000
        19        45   0.0000000000000
        19        46   0.0000000000000
        19        47   0.0000000000000
        19        48   0.0000000000000
        19        49   0.0000000000000
        19        50   0.0000000000000
        19        51   0.0000000000000
        19        52   0.0000000000000
        19        53  -0.0000000000000
        19        54  -0.0000000000000
        19        55  -0.0000000000000
        19        56  -0.0000000000000
        19        57  -0.0000000000000
        19        58  -0.0000000000000
        19        59  -0.0000000000000
        19        60  -0.0000000000000
        19        61  -0.0000000000000
        19        62  -0.0000000000000
        19        63  -0.0000000000000
        19        64  -0.0000000000000
        19        65  -0.0000000000000
        19        66  -0.0000000000000
        19        67  -0.0000000000000
        19        68  -0.0000000000000
        19        69  -0.0000000000000
        19        70  -0.0000000000000
        19        71  -0.0000000000000
        19        72  -0.0000000000000
        19        73  -0.0000000000000
        19        74  -0.0000000000000
        19        75  -0.0000000000000
        19        76  -0.0000000000000
        19        77  -0.0000000000000
        19        78  -0.0000000000000
        19        79  -0.0000000000000
        19        80  -0.0000000000000
        19        81  -0.0000000000000
        19        82  -0.0000000000000
        19        83  -0.0000000000000
        19        84  -0.0000000000000
        19        85  -0.0000000000000
        19        86  -0.0000000000000
        19        87  -0.0000000000000
        19        88  -0.0000000000000
        19        89  -0.0000000000000
        19        90  -0.0000000000000
        19        91  -0.0000000000000
        19        92  -0.0000000000000
        19        93  -0.0000000000000
        19        94  -0.0000000000000
        19        95  -0.0000000000000
        19        96  -0.0000000000000
        19        97  -0.0000000000000
        19        98  -0.0000000000000
        19        99  -0.0000000000000
        19       100  -0.0000000000000
        19       101  -0.0000000000000
        19       102  -0.0000000000000
        19       103  -0.0000000000000
        19       104  -0.0000000000000
        19       105  -0.0000000000000
        19       106  -0.0000000000000
        19       107  -0.0000000000000
        19       108  -0.0000000000000
        19       109  -0.0000000000000
        19       110  -0.0000000000000
        19       111  -0.0000000000000
        19       112  -0.0000000000000
        19       113  -0.0000000000000
        19       114  -0.0000000000000
        19       115  -0.0000000000000
        19       116  -0.0000000000000
        19       117  -0.0000000000000
        19       118  -0.0000000000000
        19       119  -0.0000000000000
        19       120  -0.0000000000000
        19       121  -0.0000000000000
        19       122  -0.0000000000000
        19       123  -0.0000000000000
        19       124  -0.0000000000000
        19       125  -0.0000000000000
        19       126  -0.0000000000000
        19       127  -0.0000000000000
        19       128   0.0000000000000
        19       129   0.0000000000000
        19       130  -0.0000000000000
        19       131  -0.0000000000000
        19       132  -0.0000000000000
        19       133   0.0000000000000
        19       134   0.0000000000000
        19       135   0.0000000000000
        19       136   0.0000000000000
        19       137   0.0000000000000
        19       138   0.0000000000000
        19       139   0.0000000000000
        19       140   0.0000000000000

        20         1   0.0000000000000
        20         2   0.0000000000000
        20         3   0.0000000000001
        20         4   0.0000000000001
        20         5   0.0000000000002
        20         6   0.0000000000002
        20         7   0.0000000000002
        20         8   0.0000000000002
        20         9   0.0000000000003
        20        10   0.0000000000003
        20        11   0.0000000000003
        20        12   0.0000000000003
        20        13   0.0000000000003
        20        14   0.0000000000003
        20        15   0.0000000000003
        20        16   0.0000000000003
        20        17   0.0000000000002
        20        18   0.0000000000002
        20        19   0.0000000000002
        20        20   0.0000000000002
        20        21   0.0000000000001
        20        22   0.0000000000001
        20        23   0.0000000000001
        20        24   0.0000000000001
        20        25   0.0000000000001
        20        26   0.0000000000000
        20        27   0.0000000000000
        20        28   0.0000000000000
        20        29   0.0000000000000
        20        30   0.0000000000000
        20        31   0.0000000000000
        20        32   0.0000000000000
        20        33   0.0000000000000
        20        34   0.0000000000000
        20        35   0.0000000000000
        20        36   0.0000000000000
        20        37   0.0000000000000
        20        38   0.0000000000000
        20        39   0.0000000000000
        20        40   0.0000000000000
        20        41   0.0000000000000
        20        42   0.0000000000000
        20        43   0.0000000000000
        20        44   0.0000000000000
        20        45   0.0000000000000
        20        46   0.0000000000000
        20        47   0.0000000000000
        20        48   0.0000000000000
        20        49   0.0000000000000
        20        50   0.0000000000000
        20        51   0.0000000000000
        20        52   0.0000000000000
        20        53   0.0000000000000
        20        54   0.0000000000000
        20        55   0.0000000000000
        20        56   0.0000000000000
        20        57   0.0000000000000
        20        58   0.0000000000000
        20        59   0.0000000000000
        20        60   0.0000000000000
        20        61   0.0000000000000
        20        62   0.0000000000000
        20        63   0.0000000000000
        20        64   0.0000000000000
        20        65   0.0000000000000
        20        66   0.0000000000000
        20        67   0.0000000000000
        20        68   0.0000000000000
        20        69   0.0000000000000
        20        70   0.0000000000000
        20        71   0.0000000000000
        20        72   0.0000000000000
        20        73   0.0000000000000
        20        74   0.0000000000000
        20        75   0.0000000000000
        20        76   0.0000000000000
        20        77   0.0000000000000
        20        78   0.0000000000000
        20        79   0.0000000000000
        20        80   0.0000000000000
        20        81   0.0000000000000
        20        82   0.0000000000000
        20        83   0.0000000000000
        20        84   0.0000000000000
        20        85   0.0000000000000
        20        86   0.0000000000000
        20        87   0.0000000000000
        20        88   0.0000000000000
        20        89   0.0000000000000
        20        90   0.0000000000000
        20        91   0.0000000000000
        20        92   0.0000000000000
        20        93   0.0000000000000
        20        94   0.0000000000000
        20        95   0.0000000000000
        20        96   0.0000000000000
        20        97   0.0000000000000
        20        98   0.0000000000000
        20        99   0.0000000000000
        20       100   0.0000000000000
        20       101   0.0000000000000
        20       102   0.0000000000000
        20       103   0.0000000000000
        20       104   0.0000000000000
        20       105   0.0000000000000
        20       106   0.0000000000000
        20       107   0.0000000000000
        20       108   0.0000000000000
        20       109   0.0000000000000
        20       110   0.0000000000000
        20       111   0.0000000000000
        20       112   0.0000000000000
        20       113   0.0000000000000
        20       114   0.0000000000000
        20       115   0.0000000000000
        20       116   0.0000000000000
        20       117   0.0000000000000
        20       118   0.0000000000000
        20       119   0.0000000000000
        20       120   0.0000000000000
        20       121   0.0000000000000
        20       122   0.0000000000000
        20       123   0.0000000000000
        20       124   0.0000000000000
        20       125   0.0000000000000
        20       126  -0.0000000000000
        20       127   0.0000000000000
        20       128   0.0000000000000
        20       129   0.0000000000000
        20       130  -0.0000000000000
        20       131  -0.0000000000000
        20       132   0.0000000000000
        20       133   0.0000000000000
        20       134   0.0000000000000
        20       135  -0.0000000000000
        20       136   0.0000000000000
        20       137   0.0000000000000
        20       138   0.0000000000000
        20       139   0.0000000000000
        20       140   0.0000000000000

        21         1   0.0000000000000
        21         2   0.0000000000003
        21         3   0.0000000000006
        21         4   0.0000000000008
        21         5   0.0000000000011
        21         6   0.0000000000013
        21         7   0.0000000000015
        21         8   0.0000000000017
        21         9   0.0000000000019
        21        10   0.0000000000020
        21        11   0.0000000000020
        21        12   0.0000000000021
        21        13   0.0000000000021
        21        14   0.0000000000020
        21        15   0.0000000000020
        21        16   0.0000000000019
        21        17   0.0000000000017
        21        18   0.0000000000016
        21        19   0.0000000000014
        21        20   0.0000000000013
        21        21   0.0000000000011
        21        22   0.0000000000009
        21        23   0.0000000000008
        21        24   0.0000000000007
        21        25   0.0000000000005
        21        26   0.0000000000004
        21        27   0.0000000000003
        21        28   0.0000000000002
        21        29   0.0000000000002
        21        30   0.0000000000001
        21        31   0.0000000000001
        21        32   0.0000000000001
        21        33   0.0000000000000
        21        34   0.0000000000000
        21        35   0.0000000000000
        21        36   0.0000000000000
        21        37   0.0000000000000
        21        38   0.0000000000000
        21        39   0.0000000000000
        21        40   0.0000000000000
        21        41   0.0000000000000
        21        42   0.0000000000000
        21        43   0.0000000000000
        21        44   0.0000000000000
        21        45   0.0000000000000
        21        46   0.0000000000000
        21        47   0.0000000000000
        21        48   0.0000000000000
        21        49   0.0000000000000
        21        50   0.0000000000000
        21        51   0.0000000000000
        21        52   0.0000000000000
        21        53  -0.0000000000000
        21        54  -0.0000000000000
        21        55  -0.0000000000000
        21        56  -0.0000000000000
        21        57  -0.0000000000000
        21        58  -0.0000000000000
        21        59  -0.0000000000000
        21        60  -0.0000000000000
        21        61  -0.0000000000000
        21        62  -0.0000000000000
        21        63  -0.0000000000000
        21        64  -0.0000000000000
        21        65  -0.0000000000000
        21        66  -0.0000000000000
        21        67  -0.0000000000000
        21        68  -0.0000000000000
        21        69  -0.0000000000000
        21        70  -0.0000000000000
        21        71  -0.0000000000000
        21        72  -0.0000000000000
        21        73  -0.0000000000000
        21        74  -0.0000000000000
        21        75  -0.0000000000000
        21        76  -0.0000000000000
        21        77  -0.0000000000000
        21        78  -0.0000000000000
        21        79  -0.0000000000000
        21        80  -0.0000000000000
        21        81  -0.0000000000000
        21        82  -0.0000000000000
        21        83  -0.0000000000000
        21        84  -0.0000000000000
        21        85  -0.0000000000000
        21        86  -0.0000000000000
        21        87  -0.0000000000000
        21        88  -0.0000000000000
        21        89  -0.0000000000000
        21        90  -0.0000000000000
        21        91  -0.0000000000000
        21        92  -0.0000000000000
        21        93  -0.0000000000000
        21        94  -0.0000000000000
        21        95  -0.0000000000000
        21        96  -0.0000000000000
        21        97  -0.0000000000000
        21        98  -0.0000000000000
        21        99  -0.0000000000000
        21       100  -0.0000000000000
        21       101  -0.0000000000000
        21       102  -0.0000000000000
        21       103  -0.0000000000000
        21       104  -0.0000000000000
        21       105  -0.0000000000000
        21       106  -0.0000000000000
        21       107  -0.0000000000000
        21       108  -0.0000000000000
        21       109  -0.0000000000000
        21       110  -0.0000000000000
        21       111  -0.0000000000000
        21       112  -0.0000000000000
        21       113  -0.0000000000000
        21       114  -0.0000000000000
        21       115  -0.0000000000000
        21       116  -0.0000000000000
        21       117  -0.0000000000000
        21       118  -0.0000000000000
        21       119  -0.0000000000000
        21       120  -0.0000000000000
        21       121  -0.0000000000000
        21       122  -0.0000000000000
        21       123  -0.0000000000000
        21       124  -0.0000000000000
        21       125  -0.0000000000000
        21       126  -0.0000000000000
        21       127   0.0000000000000
        21       128   0.0000000000000
        21       129  -0.0000000000000
        21       130  -0.0000000000000
        21       131  -0.0000000000000
        21       132   0.0000000000000
        21       133   0.0000000000000
        21       134  -0.0000000000000
        21       135  -0.0000000000000
        21       136   0.0000000000000
        21       137   0.0000000000000
        21       138   0.0000000000000
        21       139   0.0000000000000
        21       140   0.0000000000000

        22         1   0.0000000000000
        22         2   0.0000000000018
        22         3   0.0000000000036
        22         4   0.0000000000053
        22         5   0.0000000000069
        22         6   0.0000000000084
        22         7   0.0000000000098
        22         8   0.0000000000109
        22         9   0.0000000000119
        22        10   0.0000000000126
        22        11   0.0000000000132
        22        12   0.0000000000135
        22        13   0.0000000000135
        22        14   0.0000000000134
        22        15   0.0000000000130
        22        16   0.0000000000125
        22        17   0.0000000000118
        22        18   0.0000000000109
        22        19   0.0000000000100
        22        20   0.0000000000090
        22        21   0.0000000000079
        22        22   0.0000000000068
        22        23   0.0000000000058
        22        24   0.0000000000049
        22        25   0.0000000000040
        22        26   0.0000000000032
        22        27   0.0000000000025
        22        28   0.0000000000019
        22        29   0.0000000000014
        22        30   0.0000000000010
        22        31   0.0000000000007
        22        32   0.0000000000005
        22        33   0.0000000000003
        22        34   0.0000000000002
        22        35   0.0000000000001
        22        36   0.0000000000001
        22        37   0.0000000000000
        22        38   0.0000000000000
        22        39   0.0000000000000
        22        40   0.0000000000000
        22        41   0.0000000000000
        22        42   0.0000000000000
        22        43   0.0000000000000
        22        44   0.0000000000000
        22        45   0.0000000000000
        22        46   0.0000000000000
        22        47   0.0000000000000
        22        48   0.0000000000000
        22        49   0.0000000000000
        22        50   0.0000000000000
        22        51   0.0000000000000
        22        52   0.0000000000000
        22        53   0.0000000000000
        22        54   0.0000000000000
        22        55   0.0000000000000
        22        56   0.0000000000000
        22        57   0.0000000000000
        22        58   0.0000000000000
        22        59   0.0000000000000
        22        60   0.0000000000000
        22        61   0.0000000000000
        22        62   0.0000000000000
        22        63   0.0000000000000
        22        64   0.0000000000000
        22        65   0.0000000000000
        22        66   0.0000000000000
        22        67   0.0000000000000
        22        68   0.0000000000000
        22        69   0.0000000000000
        22        70   0.0000000000000
        22        71   0.0000000000000
        22        72   0.0000000000000
        22        73   0.0000000000000
        22        74   0.0000000000000
        22        75   0.0000000000000
        22        76   0.0000000000000
        22        77   0.0000000000000
        22        78   0.0000000000000
        22        79   0.0000000000000
        22        80   0.0000000000000
        22        81   0.0000000000000
        22        82   0.0000000000000
        22        83   0.0000000000000
        22        84   0.0000000000000
        22        85   0.0000000000000
        22        86   0.0000000000000
        22        87   0.0000000000000
        22        88   0.0000000000000
        22        89   0.0000000000000
        22        90   0.0000000000000
        22        91   0.0000000000000
        22        92   0.0000000000000
        22        93   0.0000000000000
        22        94   0.0000000000000
        22        95   0.0000000000000
        22        96   0.0000000000000
        22        97   0.0000000000000
        22        98   0.0000000000000
        22        99   0.0000000000000
        22       100   0.0000000000000
        22       101   0.0000000000000
        22       102   0.0000000000000
        22       103   0.0000000000000
        22       104   0.0000000000000
        22       105   0.0000000000000
        22       106   0.0000000000000
        22       107   0.0000000000000
        22       108   0.0000000000000
        22       109   0.0000000000000
        22       110   0.0000000000000
        22       111   0.0000000000000
        22       112   0.0000000000000
        22       113   0.0000000000000
        22       114   0.0000000000000
        22       115   0.0000000000000
        22       116   0.0000000000000
        22       117   0.0000000000000
        22       118   0.0000000000000
        22       119   0.0000000000000
        22       120   0.0000000000000
        22       121   0.0000000000000
        22       122   0.0000000000000
        22       123   0.0000000000000
        22       124   0.0000000000000
        22       125   0.0000000000000
        22       126   0.0000000000000
        22       127   0.0000000000000
        22       128  -0.0000000000000
        22       129  -0.0000000000000
        22       130  -0.0000000000000
        22       131   0.0000000000000
        22       132   0.0000000000000
        22       133  -0.0000000000000
        22       134  -0.0000000000000
        22       135  -0.0000000000000
        22       136   0.0000000000000
        22       137   0.0000000000000
        22       138   0.0000000000000
        22       139   0.0000000000000
        22       140   0.0000000000000

        23         1   0.0000000000000
        23         2   0.0000000000106
        23         3   0.0000000000210
        23         4   0.0000000000311
        23         5   0.0000000000406
        23         6   0.0000000000495
        23         7   0.0000000000575
        23         8   0.0000000000645
        23         9   0.0000000000705
        23        10   0.0000000000752
        23        11   0.0000000000787
        23        12   0.0000000000809
        23        13   0.0000000000819
        23        14   0.0000000000815
        23        15   0.0000000000799
        23        16   0.0000000000772
        23        17   0.0000000000735
        23        18   0.0000000000690
        23        19   0.0000000000637
        23        20   0.0000000000579
        23        21   0.0000000000518
        23        22   0.0000000000455
        23        23   0.0000000000393
        23        24   0.0000000000333
        23        25   0.0000000000276
        23        26   0.0000000000224
        23        27   0.0000000000178
        23        28   0.0000000000138
        23        29   0.0000000000104
        23        30   0.0000000000076
        23        31   0.0000000000054
        23        32   0.0000000000037
        23        33   0.0000000000025
        23        34   0.0000000000016
        23        35   0.0000000000010
        23        36   0.0000000000006
        23        37   0.0000000000003
        23        38   0.0000000000002
        23        39   0.0000000000001
        23        40   0.0000000000000
        23        41   0.0000000000000
        23        42   0.0000000000000
        23        43   0.0000000000000
        23        44   0.0000000000000
        23        45   0.0000000000000
        23        46   0.0000000000000
        23        47   0.0000000000000
        23        48   0.0000000000000
        23        49   0.0000000000000
        23        50   0.0000000000000
        23        51   0.0000000000000
        23        52   0.0000000000000
        23        53  -0.0000000000000
        23        54  -0.0000000000000
        23        55  -0.0000000000000
        23        56  -0.0000000000000
        23        57  -0.0000000000000
        23        58  -0.0000000000000
        23        59  -0.0000000000000
        23        60  -0.0000000000000
        23        61  -0.0000000000000
        23        62  -0.0000000000000
        23        63  -0.0000000000000
        23        64  -0.0000000000000
        23        65  -0.0000000000000
        23        66  -0.0000000000000
        23        67  -0.0000000000000
        23        68  -0.0000000000000
        23        69  -0.0000000000000
        23        70  -0.0000000000000
        23        71  -0.0000000000000
        23        72  -0.0000000000000
        23        73  -0.0000000000000
        23        74  -0.0000000000000
        23        75  -0.0000000000000
        23        76  -0.0000000000000
        23        77  -0.0000000000000
        23        78  -0.0000000000000
        23        79  -0.0000000000000
        23        80  -0.0000000000000
        23        81  -0.0000000000000
        23        82  -0.0000000000000
        23        83  -0.0000000000000
        23        84  -0.0000000000000
        23        85  -0.0000000000000
        23        86  -0.0000000000000
        23        87  -0.0000000000000
        23        88  -0.0000000000000
        23        89  -0.0000000000000
        23        90  -0.0000000000000
        23        91  -0.0000000000000
        23        92  -0.0000000000000
        23        93  -0.0000000000000
        23        94  -0.0000000000000
        23        95  -0.0000000000000
        23        96  -0.0000000000000
        23        97  -0.0000000000000
        23        98  -0.0000000000000
        23        99  -0.0000000000000
        23       100  -0.0000000000000
        23       101  -0.0000000000000
        23       102  -0.0000000000000
        23       103  -0.0000000000000
        23       104  -0.0000000000000
        23       105  -0.0000000000000
        23       106  -0.0000000000000
        23       107  -0.0000000000000
        23       108  -0.0000000000000
        23       109  -0.0000000000000
        23       110  -0.0000000000000
        23       111  -0.0000000000000
        23       112  -0.0000000000000
        23       113  -0.0000000000000
        23       114  -0.0000000000000
        23       115  -0.0000000000000
        23       116  -0.0000000000000
        23       117  -0.0000000000000
        23       118  -0.0000000000000
        23       119  -0.0000000000000
        23       120  -0.0000000000000
        23       121  -0.0000000000000
        23       122  -0.0000000000000
        23       123  -0.0000000000000
        23       124  -0.0000000000000
        23       125  -0.0000000000000
        23       126  -0.0000000000000
        23       127  -0.0000000000000
        23       128  -0.0000000000000
        23       129  -0.0000000000000
        23       130   0.0000000000000
        23       131   0.0000000000000
        23       132   0.0000000000000
        23       133  -0.0000000000000
        23       134  -0.0000000000000
        23       135   0.0000000000000
        23       136   0.0000000000000
        23       137   0.0000000000000
        23       138   0.0000000000000
        23       139   0.0000000000000
        23       140   0.0000000000000

        24         1   0.0000000000000
        24         2   0.0000000000571
        24         3   0.0000000001134
        24         4   0.0000000001680
        24         5   0.0000000002199
        24         6   0.0000000002683
        24         7   0.0000000003126
        24         8   0.0000000003519
        24         9   0.0000000003857
        24        10   0.0000000004135
        24        11   0.0000000004348
        24        12   0.0000000004495
        24        13   0.0000000004574
        24        14   0.0000000004585
        24        15   0.0000000004531
        24        16   0.0000000004415
        24        17   0.0000000004241
        24        18   0.0000000004017
        24        19   0.0000000003749
        24        20   0.0000000003448
        24        21   0.0000000003122
        24        22   0.0000000002781
        24        23   0.0000000002436
        24        24   0.0000000002095
        24        25   0.0000000001768
        24        26   0.0000000001461
        24        27   0.0000000001182
        24        28   0.0000000000934
        24        29   0.0000000000720
        24        30   0.0000000000540
        24        31   0.0000000000394
        24        32   0.0000000000278
        24        33   0.0000000000190
        24        34   0.0000000000125
        24        35   0.0000000000080
        24        36   0.0000000000049
        24        37   0.0000000000028
        24        38   0.0000000000016
        24        39   0.0000000000008
        24        40   0.0000000000004
        24        41   0.0000000000002
        24        42   0.0000000000001
        24        43   0.0000000000000
        24        44   0.0000000000000
        24        45   0.0000000000000
        24        46   0.0000000000000
        24        47   0.0000000000000
        24        48   0.0000000000000
        24        49   0.0000000000000
        24        50   0.0000000000000
        24        51   0.0000000000000
        24        52   0.0000000000000
        24        53   0.0000000000000
        24        54   0.0000000000000
        24        55   0.0000000000000
        24        56   0.0000000000000
        24        57   0.0000000000000
        24        58   0.0000000000000
        24        59   0.0000000000000
        24        60   0.0000000000000
        24        61   0.0000000000000
        24        62   0.0000000000000
        24        63   0.0000000000000
        24        64   0.0000000000000
        24        65   0.0000000000000
        24        66   0.0000000000000
        24        67   0.0000000000000
        24        68   0.0000000000000
        24        69   0.0000000000000
        24        70   0.0000000000000
        24        71   0.0000000000000
        24        72   0.0000000000000
        24        73   0.0000000000000
        24        74   0.0000000000000
        24        75   0.0000000000000
        24        76   0.0000000000000
        24        77   0.0000000000000
        24        78   0.0000000000000
        24        79   0.0000000000000
        24        80   0.0000000000000
        24        81   0.0000000000000
        24        82   0.0000000000000
        24        83   0.0000000000000
        24        84   0.0000000000000
        24        85   0.0000000000000
        24        86   0.0000000000000
        24        87   0.0000000000000
        24        88   0.0000000000000
        24        89   0.0000000000000
        24        90   0.0000000000000
        24        91   0.0000000000000
        24        92   0.0000000000000
        24        93   0.0000000000000
        24        94   0.0000000000000
        24        95   0.0000000000000
        24        96   0.0000000000000
        24        97   0.0000000000000
        24        98   0.0000000000000
        24        99   0.0000000000000
        24       100   0.0000000000000
        24       101   0.0000000000000
        24       102   0.0000000000000
        24       103   0.0000000000000
        24       104   0.0000000000000
        24       105   0.0000000000000
        24       106   0.0000000000000
        24       107   0.0000000000000
        24       108   0.0000000000000
        24       109   0.0000000000000
        24       110   0.0000000000000
        24       111   0.0000000000000
        24       112   0.0000000000000
        24       113   0.0000000000000
        24       114   0.0000000000000
        24       115   0.0000000000000
        24       116   0.0000000000000
        24       117   0.0000000000000
        24       118   0.0000000000000
        24       119   0.0000000000000
        24       120   0.0000000000000
        24       121   0.0000000000000
        24       122   0.0000000000000
        24       123   0.0000000000000
        24       124   0.0000000000000
        24       125   0.0000000000000
        24       126   0.0000000000000
        24       127   0.0000000000000
        24       128   0.0000000000000
        24       129   0.0000000000000
        24       130   0.0000000000000
        24       131   0.0000000000000
        24       132  -0.0000000000000
        24       133  -0.0000000000000
        24       134  -0.0000000000000
        24       135   0.0000000000000
        24       136   0.0000000000000
        24       137   0.0000000000000
        24       138  -0.0000000000000
        24       139   0.0000000000000
        24       140   0.0000000000000

        25         1   0.0000000000000
        25         2   0.0000000002849
        25         3   0.0000000005659
        25         4   0.0000000008389
        25         5   0.0000000010999
        25         6   0.0000000013451
        25         7   0.0000000015709
        25         8   0.0000000017740
        25         9   0.0000000019514
        25        10   0.0000000021005
        25        11   0.0000000022193
        25        12   0.0000000023063
        25        13   0.0000000023606
        25        14   0.0000000023819
        25        15   0.0000000023707
        25        16   0.0000000023280
        25        17   0.0000000022559
        25        18   0.0000000021568
        25        19   0.0000000020341
        25        20   0.0000000018915
        25        21   0.0000000017335
        25        22   0.0000000015646
        25        23   0.0000000013896
        25        24   0.0000000012134
        25        25   0.0000000010407
        25        26   0.0000000008755
        25        27   0.0000000007216
        25        28   0.0000000005818
        25        29   0.0000000004580
        25        30   0.0000000003516
        25        31   0.0000000002625
        25        32   0.0000000001903
        25        33   0.0000000001337
        25        34   0.0000000000907
        25        35   0.0000000000593
        25        36   0.0000000000373
        25        37   0.0000000000225
        25        38   0.0000000000129
        25        39   0.0000000000071
        25        40   0.0000000000037
        25        41   0.0000000000018
        25        42   0.0000000000009
        25        43   0.0000000000004
        25        44   0.0000000000002
        25        45   0.0000000000001
        25        46   0.0000000000000
        25        47   0.0000000000000
        25        48   0.0000000000000
        25        49   0.0000000000000
        25        50   0.0000000000000
        25        51   0.0000000000000
        25        52   0.0000000000000
        25        53   0.0000000000000
        25        54  -0.0000000000000
        25        55  -0.0000000000000
        25        56  -0.0000000000000
        25        57  -0.0000000000000
        25        58  -0.0000000000000
        25        59  -0.0000000000000
        25        60  -0.0000000000000
        25        61  -0.0000000000000
        25        62  -0.0000000000000
        25        63  -0.0000000000000
        25        64  -0.0000000000000
        25        65  -0.0000000000000
        25        66  -0.0000000000000
        25        67  -0.0000000000000
        25        68  -0.0000000000000
        25        69  -0.0000000000000
        25        70  -0.0000000000000
        25        71  -0.0000000000000
        25        72  -0.0000000000000
        25        73  -0.0000000000000
        25        74  -0.0000000000000
        25        75  -0.0000000000000
        25        76  -0.0000000000000
        25        77  -0.0000000000000
        25        78  -0.0000000000000
        25        79  -0.0000000000000
        25        80  -0.0000000000000
        25        81  -0.0000000000000
        25        82  -0.0000000000000
        25        83  -0.0000000000000
        25        84  -0.0000000000000
        25        85  -0.0000000000000
        25        86  -0.0000000000000
        25        87  -0.0000000000000
        25        88  -0.0000000000000
        25        89  -0.0000000000000
        25        90  -0.0000000000000
        25        91  -0.0000000000000
        25        92  -0.0000000000000
        25        93  -0.0000000000000
        25        94  -0.0000000000000
        25        95  -0.0000000000000
        25        96  -0.0000000000000
        25        97  -0.0000000000000
        25        98  -0.0000000000000
        25        99  -0.0000000000000
        25       100  -0.0000000000000
        25       101  -0.0000000000000
        25       102  -0.0000000000000
        25       103  -0.0000000000000
        25       104  -0.0000000000000
        25       105  -0.0000000000000
        25       106  -0.0000000000000
        25       107  -0.0000000000000
        25       108  -0.0000000000000
        25       109  -0.0000000000000
        25       110   0.0000000000000
        25       111   0.0000000000000
        25       112   0.0000000000000
        25       113   0.0000000000000
        25       114   0.0000000000000
        25       115   0.0000000000000
        25       116   0.0000000000000
        25       117   0.0000000000000
        25       118   0.0000000000000
        25       119   0.0000000000000
        25       120   0.0000000000000
        25       121   0.0000000000000
        25       122   0.0000000000000
        25       123   0.0000000000000
        25       124   0.0000000000000
        25       125  -0.0000000000000
        25       126  -0.0000000000000
        25       127  -0.0000000000000
        25       128  -0.0000000000000
        25       129  -0.0000000000000
        25       130  -0.0000000000000
        25       131  -0.0000000000000
        25       132  -0.0000000000000
        25       133  -0.0000000000000
        25       134   0.0000000000000
        25       135   0.0000000000000
        25       136   0.0000000000000
        25       137  -0.0000000000000
        25       138  -0.0000000000000
        25       139   0.0000000000000
        25       140   0.0000000000000

        26         1   0.0000000000000
        26         2   0.0000000013149
        26         3   0.0000000026134
        26         4   0.0000000038782
        26         5   0.0000000050925
        26         6   0.0000000062400
        26         7   0.0000000073052
        26         8   0.0000000082736
        26         9   0.0000000091319
        26        10   0.0000000098685
        26        11   0.0000000104735
        26        12   0.0000000109390
        26        13   0.0000000112595
        26        14   0.0000000114320
        26        15   0.0000000114566
        26        16   0.0000000113359
        26        17   0.0000000110760
        26        18   0.0000000106860
        26        19   0.0000000101778
        26        20   0.0000000095665
        26        21   0.0000000088696
        26        22   0.0000000081067
        26        23   0.0000000072987
        26        24   0.0000000064675
        26        25   0.0000000056349
        26        26   0.0000000048218
        26        27   0.0000000040470
        26        28   0.0000000033270
        26        29   0.0000000026747
        26        30   0.0000000020991
        26        31   0.0000000016051
        26        32   0.0000000011933
        26        33   0.0000000008606
        26        34   0.0000000006006
        26        35   0.0000000004045
        26        36   0.0000000002623
        26        37   0.0000000001632
        26        38   0.0000000000972
        26        39   0.0000000000552
        26        40   0.0000000000299
        26        41   0.0000000000153
        26        42   0.0000000000074
        26        43   0.0000000000034
        26        44   0.0000000000015
        26        45   0.0000000000006
        26        46   0.0000000000002
        26        47   0.0000000000001
        26        48   0.0000000000000
        26        49   0.0000000000000
        26        50   0.0000000000000
        26        51   0.0000000000000
        26        52   0.0000000000000
        26        53   0.0000000000000
        26        54   0.0000000000000
        26        55   0.0000000000000
        26        56   0.0000000000000
        26        57   0.0000000000000
        26        58   0.0000000000000
        26        59   0.0000000000000
        26        60   0.0000000000000
        26        61   0.0000000000000
        26        62   0.0000000000001
        26        63   0.0000000000000
        26        64   0.0000000000000
        26        65   0.0000000000000
        26        66   0.0000000000000
        26        67   0.0000000000000
        26        68   0.0000000000000
        26        69   0.0000000000000
        26        70   0.0000000000000
        26        71   0.0000000000000
        26        72   0.0000000000000
        26        73   0.0000000000000
        26        74   0.0000000000000
        26        75   0.0000000000000
        26        76   0.0000000000000
        26        77   0.0000000000000
        26        78   0.0000000000000
        26        79   0.0000000000000
        26        80   0.0000000000000
        26        81   0.0000000000000
        26        82   0.0000000000000
        26        83   0.0000000000000
        26        84   0.0000000000000
        26        85   0.0000000000000
        26        86   0.0000000000000
        26        87   0.0000000000000
        26        88   0.0000000000000
        26        89   0.0000000000000
        26        90   0.0000000000000
        26        91   0.0000000000000
        26        92   0.0000000000000
        26        93   0.0000000000000
        26        94   0.0000000000000
        26        95   0.0000000000000
        26        96   0.0000000000000
        26        97   0.0000000000000
        26        98   0.0000000000000
        26        99   0.0000000000000
        26       100   0.0000000000000
        26       101   0.0000000000000
        26       102   0.0000000000000
        26       103  -0.0000000000000
        26       104  -0.0000000000000
        26       105  -0.0000000000000
        26       106  -0.0000000000000
        26       107  -0.0000000000000
        26       108  -0.0000000000000
        26       109  -0.0000000000000
        26       110  -0.0000000000000
        26       111  -0.0000000000000
        26       112  -0.0000000000000
        26       113  -0.0000000000000
        26       114  -0.0000000000000
        26       115  -0.0000000000000
        26       116  -0.0000000000000
        26       117  -0.0000000000000
        26       118  -0.0000000000000
        26       119  -0.0000000000000
        26       120  -0.0000000000000
        26       121  -0.0000000000000
        26       122  -0.0000000000000
        26       123  -0.0000000000000
        26       124  -0.0000000000000
        26       125  -0.0000000000000
        26       126  -0.0000000000000
        26       127  -0.0000000000000
        26       128  -0.0000000000000
        26       129  -0.0000000000000
        26       130   0.0000000000000
        26       131   0.0000000000000
        26       132   0.0000000000000
        26       133   0.0000000000000
        26       134   0.0000000000000
        26       135   0.0000000000000
        26       136  -0.0000000000000
        26       137  -0.0000000000000
        26       138  -0.0000000000000
        26       139   0.0000000000000
        26       140   0.0000000000000

        27         1   0.0000000000000
        27         2   0.0000000056220
        27         3   0.0000000111800
        27         4   0.0000000166075
        27         5   0.0000000218388
        27         6   0.0000000268099
        27         7   0.0000000314592
        27         8   0.0000000357285
        27         9   0.0000000395636
        27        10   0.0000000429154
        27        11   0.0000000457406
        27        12   0.0000000480032
        27        13   0.0000000496752
        27        14   0.0000000507378
        27        15   0.0000000511824
        27        16   0.0000000510115
        27        17   0.0000000502393
        27        18   0.0000000488925
        27        19   0.0000000470102
        27        20   0.0000000446439
        27        21   0.0000000418567
        27        22   0.0000000387222
        27        23   0.0000000353224
        27        24   0.0000000317459
        27        25   0.0000000280843
        27        26   0.0000000244295
        27        27   0.0000000208696
        27        28   0.0000000174850
        27        29   0.0000000143452
        27        30   0.0000000115053
        27        31   0.0000000090038
        27        32   0.0000000068610
        27        33   0.0000000050793
        27        34   0.0000000036444
        27        35   0.0000000025275
        27        36   0.0000000016896
        27        37   0.0000000010856
        27        38   0.0000000006683
        27        39   0.0000000003930
        27        40   0.0000000002202
        27        41   0.0000000001171
        27        42   0.0000000000590
        27        43   0.0000000000281
        27        44   0.0000000000126
        27        45   0.0000000000053
        27        46   0.0000000000021
        27        47   0.0000000000008
        27        48   0.0000000000003
        27        49   0.0000000000001
        27        50   0.0000000000000
        27        51   0.0000000000000
        27        52   0.0000000000000
        27        53   0.0000000000000
        27        54  -0.0000000000000
        27        55  -0.0000000000000
        27        56  -0.0000000000000
        27        57  -0.0000000000001
        27        58  -0.0000000000001
        27        59  -0.0000000000002
        27        60  -0.0000000000003
        27        61  -0.0000000000004
        27        62  -0.0000000000004
        27        63  -0.0000000000003
        27        64  -0.0000000000003
        27        65  -0.0000000000002
        27        66  -0.0000000000001
        27        67  -0.0000000000001
        27        68  -0.0000000000001
        27        69  -0.0000000000000
        27        70  -0.0000000000000
        27        71  -0.0000000000000
        27        72  -0.0000000000000
        27        73  -0.0000000000000
        27        74  -0.0000000000000
        27        75  -0.0000000000000
        27        76  -0.0000000000000
        27        77  -0.0000000000000
        27        78  -0.0000000000000
        27        79  -0.0000000000000
        27        80  -0.0000000000000
        27        81  -0.0000000000000
        27        82  -0.0000000000000
        27        83  -0.0000000000000
        27        84  -0.0000000000000
        27        85  -0.0000000000000
        27        86  -0.0000000000000
        27        87  -0.0000000000000
        27        88  -0.0000000000000
        27        89  -0.0000000000000
        27        90  -0.0000000000000
        27        91  -0.0000000000000
        27        92  -0.0000000000000
        27        93  -0.0000000000000
        27        94  -0.0000000000000
        27        95  -0.0000000000000
        27        96  -0.0000000000000
        27        97   0.0000000000000
        27        98   0.0000000000000
        27        99   0.0000000000000
        27       100   0.0000000000000
        27       101   0.0000000000000
        27       102   0.0000000000000
        27       103   0.0000000000000
        27       104   0.0000000000000
        27       105   0.0000000000000
        27       106   0.0000000000000
        27       107   0.0000000000000
        27       108   0.0000000000000
        27       109   0.0000000000000
        27       110   0.0000000000000
        27       111   0.0000000000000
        27       112   0.0000000000000
        27       113   0.0000000000000
        27       114   0.0000000000000
        27       115   0.0000000000000
        27       116   0.0000000000000
        27       117   0.0000000000000
        27       118   0.0000000000000
        27       119   0.0000000000000
        27       120   0.0000000000000
        27       121   0.0000000000000
        27       122   0.0000000000000
        27       123   0.0000000000000
        27       124   0.0000000000000
        27       125   0.0000000000000
        27       126   0.0000000000000
        27       127   0.0000000000000
        27       128   0.0000000000000
        27       129   0.0000000000000
        27       130   0.0000000000000
        27       131   0.0000000000000
        27       132   0.0000000000000
        27       133   0.0000000000000
        27       134  -0.0000000000000
        27       135  -0.0000000000000
        27       136  -0.0000000000000
        27       137  -0.0000000000000
        27       138   0.0000000000000
        27       139   0.0000000000000
        27       140   0.0000000000000

        28         1   0.0000000000000
        28         2   0.0000000222863
        28         3   0.0000000443440
        28         4   0.0000000659345
        28         5   0.0000000868218
        28         6   0.0000001067743
        28         7   0.0000001255672
        28         8   0.0000001429848
        28         9   0.0000001588233
        28        10   0.0000001728936
        28        11   0.0000001850245
        28        12   0.0000001950666
        28        13   0.0000002028955
        28        14   0.0000002084163
        28        15   0.0000002115674
        28        16   0.0000002123242
        28        17   0.0000002107030
        28        18   0.0000002067640
        28        19   0.0000002006131
        28        20   0.0000001924038
        28        21   0.0000001823361
        28        22   0.0000001706548
        28        23   0.0000001576452
        28        24   0.0000001436269
        28        25   0.0000001289451
        28        26   0.0000001139596
        28        27   0.0000000990319
        28        28   0.0000000845110
        28        29   0.0000000707178
        28        30   0.0000000579310
        28        31   0.0000000463733
        28        32   0.0000000362011
        28        33   0.0000000274984
        28        34   0.0000000202753
        28        35   0.0000000144729
        28        36   0.0000000099734
        28        37   0.0000000066149
        28        38   0.0000000042096
        28        39   0.0000000025622
        28        40   0.0000000014867
        28        41   0.0000000008199
        28        42   0.0000000004285
        28        43   0.0000000002117
        28        44   0.0000000000986
        28        45   0.0000000000433
        28        46   0.0000000000178
        28        47   0.0000000000069
        28        48   0.0000000000025
        28        49   0.0000000000009
        28        50   0.0000000000003
        28        51   0.0000000000001
        28        52   0.0000000000000
        28        53   0.0000000000000
        28        54   0.0000000000000
        28        55   0.0000000000001
        28        56   0.0000000000002
        28        57   0.0000000000005
        28        58   0.0000000000010
        28        59   0.0000000000016
        28        60   0.0000000000022
        28        61   0.0000000000025
        28        62   0.0000000000025
        28        63   0.0000000000022
        28        64   0.0000000000017
        28        65   0.0000000000012
        28        66   0.0000000000008
        28        67   0.0000000000005
        28        68   0.0000000000003
        28        69   0.0000000000001
        28        70   0.0000000000001
        28        71   0.0000000000000
        28        72   0.0000000000000
        28        73   0.0000000000000
        28        74   0.0000000000000
        28        75   0.0000000000000
        28        76   0.0000000000000
        28        77   0.0000000000000
        28        78   0.0000000000000
        28        79   0.0000000000000
        28        80   0.0000000000000
        28        81   0.0000000000000
        28        82   0.0000000000000
        28        83   0.0000000000000
        28        84   0.0000000000000
        28        85   0.0000000000000
        28        86   0.0000000000000
        28        87   0.0000000000000
        28        88   0.0000000000000
        28        89   0.0000000000000
        28        90   0.0000000000000
        28        91   0.0000000000000
        28        92   0.0000000000000
        28        93  -0.0000000000000
        28        94  -0.0000000000000
        28        95  -0.0000000000000
        28        96  -0.0000000000000
        28        97  -0.0000000000000
        28        98  -0.0000000000000
        28        99  -0.0000000000000
        28       100  -0.0000000000000
        28       101  -0.0000000000000
        28       102  -0.0000000000000
        28       103  -0.0000000000000
        28       104  -0.0000000000000
        28       105  -0.0000000000000
        28       106  -0.0000000000000
        28       107  -0.0000000000000
        28       108   0.0000000000000
        28       109   0.0000000000000
        28       110   0.0000000000000
        28       111   0.0000000000000
        28       112   0.0000000000000
        28       113   0.0000000000000
        28       114   0.0000000000000
        28       115   0.0000000000000
        28       116   0.0000000000000
        28       117   0.0000000000000
        28       118   0.0000000000000
        28       119   0.0000000000000
        28       120   0.0000000000000
        28       121   0.0000000000000
        28       122   0.0000000000000
        28       123   0.0000000000000
        28       124   0.0000000000000
        28       125   0.0000000000000
        28       126   0.0000000000000
        28       127   0.0000000000000
        28       128   0.0000000000000
        28       129   0.0000000000000
        28       130  -0.0000000000000
        28       131  -0.0000000000000
        28       132  -0.0000000000000
        28       133  -0.0000000000000
        28       134  -0.0000000000000
        28       135  -0.0000000000000
        28       136  -0.0000000000000
        28       137   0.0000000000000
        28       138   0.0000000000000
        28       139   0.0000000000000
        28       140   0.0000000000000

        29         1   0.0000000000000
        29         2   0.0000000819877
        29         3   0.0000001632210
        29         4   0.0000002429119
        29         5   0.0000003202775
        29         6   0.0000003945453
        29         7   0.0000004649585
        29         8   0.0000005307826
        29         9   0.0000005913125
        29        10   0.0000006458812
        29        11   0.0000006938690
        29        12   0.0000007347147
        29        13   0.0000007679274
        29        14   0.0000007930997
        29        15   0.0000008099214
        29        16   0.0000008181941
        29        17   0.0000008178452
        29        18   0.0000008089413
        29        19   0.0000007917005
        29        20   0.0000007665011
        29        21   0.0000007338878
        29        22   0.0000006945725
        29        23   0.0000006494288
        29        24   0.0000005994805
        29        25   0.0000005458805
        29        26   0.0000004898823
        29        27   0.0000004328023
        29        28   0.0000003759735
        29        29   0.0000003206937
        29        30   0.0000002681687
        29        31   0.0000002194554
        29        32   0.0000001754093
        29        33   0.0000001366409
        29        34   0.0000001034872
        29        35   0.0000000760022
        29        36   0.0000000539710
        29        37   0.0000000369454
        29        38   0.0000000243008
        29        39   0.0000000153069
        29        40   0.0000000092021
        29        41   0.0000000052623
        29        42   0.0000000028534
        29        43   0.0000000014629
        29        44   0.0000000007074
        29        45   0.0000000003220
        29        46   0.0000000001377
        29        47   0.0000000000553
        29        48   0.0000000000209
        29        49   0.0000000000074
        29        50   0.0000000000025
        29        51   0.0000000000008
        29        52   0.0000000000002
        29        53   0.0000000000000
        29        54  -0.0000000000001
        29        55  -0.0000000000006
        29        56  -0.0000000000020
        29        57  -0.0000000000045
        29        58  -0.0000000000080
        29        59  -0.0000000000118
        29        60  -0.0000000000147
        29        61  -0.0000000000158
        29        62  -0.0000000000148
        29        63  -0.0000000000123
        29        64  -0.0000000000092
        29        65  -0.0000000000062
        29        66  -0.0000000000038
        29        67  -0.0000000000021
        29        68  -0.0000000000011
        29        69  -0.0000000000005
        29        70  -0.0000000000002
        29        71  -0.0000000000001
        29        72  -0.0000000000000
        29        73  -0.0000000000000
        29        74  -0.0000000000000
        29        75  -0.0000000000000
        29        76  -0.0000000000000
        29        77  -0.0000000000000
        29        78  -0.0000000000000
        29        79  -0.0000000000000
        29        80  -0.0000000000000
        29        81  -0.0000000000000
        29        82  -0.0000000000000
        29        83  -0.0000000000000
        29        84  -0.0000000000000
        29        85  -0.0000000000000
        29        86  -0.0000000000000
        29        87  -0.0000000000000
        29        88  -0.0000000000000
        29        89   0.0000000000000
        29        90   0.0000000000000
        29        91   0.0000000000000
        29        92   0.0000000000000
        29        93   0.0000000000000
        29        94   0.0000000000000
        29        95   0.0000000000000
        29        96   0.0000000000000
        29        97   0.0000000000000
        29        98   0.0000000000000
        29        99   0.0000000000000
        29       100   0.0000000000000
        29       101  -0.0000000000000
        29       102  -0.0000000000000
        29       103  -0.0000000000000
        29       104  -0.0000000000000
        29       105  -0.0000000000000
        29       106  -0.0000000000000
        29       107  -0.0000000000000
        29       108  -0.0000000000000
        29       109  -0.0000000000000
        29       110  -0.0000000000000
        29       111  -0.0000000000000
        29       112  -0.0000000000000
        29       113  -0.0000000000000
        29       114  -0.0000000000000
        29       115  -0.0000000000000
        29       116  -0.0000000000000
        29       117  -0.0000000000000
        29       118  -0.0000000000000
        29       119  -0.0000000000000
        29       120  -0.0000000000000
        29       121  -0.0000000000000
        29       122  -0.0000000000000
        29       123  -0.0000000000000
        29       124  -0.0000000000000
        29       125  -0.0000000000000
        29       126  -0.0000000000000
        29       127  -0.0000000000000
        29       128  -0.0000000000000
        29       129  -0.0000000000000
        29       130  -0.0000000000000
        29       131  -0.0000000000000
        29       132  -0.0000000000000
        29       133  -0.0000000000000
        29       134  -0.0000000000000
        29       135   0.0000000000000
        29       136   0.0000000000000
        29       137   0.0000000000000
        29       138   0.0000000000000
        29       139   0.0000000000000
        29       140   0.0000000000000

        30         1   0.0000000000000
        30         2   0.0000002801827
        30         3   0.0000005580675
        30         4   0.0000008312532
        30         5   0.0000010973451
        30         6   0.0000013539656
        30         7   0.0000015987664
        30         8   0.0000018294437
        30         9   0.0000020437550
        30        10   0.0000022395404
        30        11   0.0000024147477
        30        12   0.0000025674622
        30        13   0.0000026959401
        30        14   0.0000027986471
        30        15   0.0000028743013
        30        16   0.0000029219184
        30        17   0.0000029408600
        30        18   0.0000029308825
        30        19   0.0000028921843
        30        20   0.0000028254502
        30        21   0.0000027318872
        30        22   0.0000026132517
        30        23   0.0000024718608
        30        24   0.0000023105848
        30        25   0.0000021328175
        30        26   0.0000019424185
        30        27   0.0000017436256
        30        28   0.0000015409359
        30        29   0.0000013389553
        30        30   0.0000011422209
        30        31   0.0000009550039
        30        32   0.0000007811031
        30        33   0.0000006236467
        30        34   0.0000004849204
        30        35   0.0000003662433
        30        36   0.0000002679124
        30        37   0.0000001892306
        30        38   0.0000001286243
        30        39   0.0000000838440
        30        40   0.0000000522255
        30        41   0.0000000309741
        30        42   0.0000000174309
        30        43   0.0000000092781
        30        44   0.0000000046581
        30        45   0.0000000022008
        30        46   0.0000000009769
        30        47   0.0000000004070
        30        48   0.0000000001591
        30        49   0.0000000000584
        30        50   0.0000000000201
        30        51   0.0000000000065
        30        52   0.0000000000020
        30        53   0.0000000000007
        30        54   0.0000000000015
        30        55   0.0000000000058
        30        56   0.0000000000163
        30        57   0.0000000000343
        30        58   0.0000000000574
        30        59   0.0000000000790
        30        60   0.0000000000921
        30        61   0.0000000000925
        30        62   0.0000000000815
        30        63   0.0000000000637
        30        64   0.0000000000447
        30        65   0.0000000000284
        30        66   0.0000000000164
        30        67   0.0000000000088
        30        68   0.0000000000043
        30        69   0.0000000000020
        30        70   0.0000000000008
        30        71   0.0000000000003
        30        72   0.0000000000001
        30        73   0.0000000000000
        30        74   0.0000000000000
        30        75   0.0000000000000
        30        76   0.0000000000000
        30        77   0.0000000000000
        30        78   0.0000000000000
        30        79   0.0000000000000
        30        80   0.0000000000000
        30        81   0.0000000000000
        30        82   0.0000000000000
        30        83   0.0000000000000
        30        84   0.0000000000000
        30        85   0.0000000000000
        30        86  -0.0000000000000
        30        87  -0.0000000000000
        30        88  -0.0000000000000
        30        89  -0.0000000000000
        30        90  -0.0000000000000
        30        91  -0.0000000000000
        30        92  -0.0000000000000
        30        93  -0.0000000000000
        30        94  -0.0000000000000
        30        95  -0.0000000000000
        30        96   0.0000000000000
        30        97   0.0000000000000
        30        98   0.0000000000000
        30        99   0.0000000000000
        30       100   0.0000000000000
        30       101   0.0000000000000
        30       102   0.0000000000000
        30       103   0.0000000000000
        30       104   0.0000000000000
        30       105   0.0000000000000
        30       106   0.0000000000000
        30       107   0.0000000000000
        30       108   0.0000000000000
        30       109   0.0000000000000
        30       110  -0.0000000000000
        30       111  -0.0000000000000
        30       112  -0.0000000000000
        30       113  -0.0000000000000
        30       114  -0.0000000000000
        30       115  -0.0000000000000
        30       116  -0.0000000000000
        30       117  -0.0000000000000
        30       118  -0.0000000000000
        30       119  -0.0000000000000
        30       120  -0.0000000000000
        30       121  -0.0000000000000
        30       122  -0.0000000000000
        30       123  -0.0000000000000
        30       124  -0.0000000000000
        30       125  -0.0000000000000
        30       126  -0.0000000000000
        30       127  -0.0000000000000
        30       128  -0.0000000000000
        30       129  -0.0000000000000
        30       130  -0.0000000000000
        30       131   0.0000000000000
        30       132   0.0000000000000
        30       133   0.0000000000000
        30       134   0.0000000000000
        30       135   0.0000000000000
        30       136   0.0000000000000
        30       137   0.0000000000000
        30       138  -0.0000000000000
        30       139  -0.0000000000000
        30       140   0.0000000000000

        31         1   0.0000000000000
        31         2   0.0000008903493
        31         3   0.0000017742390
        31         4   0.0000026449177
        31         5   0.0000034956262
        31         6   0.0000043196166
        31         7   0.0000051101725
        31         8   0.0000058606369
        31         9   0.0000065644473
        31        10   0.0000072151812
        31        11   0.0000078066139
        31        12   0.0000083327884
        31        13   0.0000087881010
        31        14   0.0000091674002
        31        15   0.0000094661015
        31        16   0.0000096803159
        31        17   0.0000098069908
        31        18   0.0000098440613
        31        19   0.0000097906069
        31        20   0.0000096470090
        31        21   0.0000094151019
        31        22   0.0000090983071
        31        23   0.0000087017424
        31        24   0.0000082322903
        31        25   0.0000076986139
        31        26   0.0000071111030
        31        27   0.0000064817383
        31        28   0.0000058238566
        31        29   0.0000051518104
        31        30   0.0000044805163
        31        31   0.0000038248976
        31        32   0.0000031992394
        31        33   0.0000026164873
        31        34   0.0000020875417
        31        35   0.0000016206110
        31        36   0.0000012207040
        31        37   0.0000008893437
        31        38   0.0000006245718
        31        39   0.0000004212862
        31        40   0.0000002719039
        31        41   0.0000001672760
        31        42   0.0000000977239
        31        43   0.0000000540239
        31        44   0.0000000281725
        31        45   0.0000000138226
        31        46   0.0000000063685
        31        47   0.0000000027518
        31        48   0.0000000011146
        31        49   0.0000000004233
        31        50   0.0000000001508
        31        51   0.0000000000505
        31        52   0.0000000000159
        31        53   0.0000000000029
        31        54  -0.0000000000117
        31        55  -0.0000000000490
        31        56  -0.0000000001270
        31        57  -0.0000000002464
        31        58  -0.0000000003806
        31        59  -0.0000000004860
        31        60  -0.0000000005262
        31        61  -0.0000000004928
        31        62  -0.0000000004053
        31        63  -0.0000000002964
        31        64  -0.0000000001947
        31        65  -0.0000000001159
        31        66  -0.0000000000629
        31        67  -0.0000000000314
        31        68  -0.0000000000145
        31        69  -0.0000000000062
        31        70  -0.0000000000025
        31        71  -0.0000000000009
        31        72  -0.0000000000003
        31        73  -0.0000000000001
        31        74  -0.0000000000000
        31        75  -0.0000000000000
        31        76  -0.0000000000000
        31        77  -0.0000000000000
        31        78  -0.0000000000000
        31        79  -0.0000000000000
        31        80  -0.0000000000000
        31        81  -0.0000000000000
        31        82  -0.0000000000000
        31        83   0.0000000000000
        31        84   0.0000000000000
        31        85   0.0000000000000
        31        86   0.0000000000000
        31        87   0.0000000000000
        31        88   0.0000000000000
        31        89   0.0000000000000
        31        90   0.0000000000000
        31        91   0.0000000000000
        31        92  -0.0000000000000
        31        93  -0.0000000000000
        31        94  -0.0000000000000
        31        95  -0.0000000000000
        31        96  -0.0000000000000
        31        97  -0.0000000000000
        31        98  -0.0000000000000
        31        99  -0.0000000000000
        31       100  -0.0000000000000
        31       101  -0.0000000000000
        31       102  -0.0000000000000
        31       103   0.0000000000000
        31       104   0.0000000000000
        31       105   0.0000000000000
        31       106   0.0000000000000
        31       107   0.0000000000000
        31       108   0.0000000000000
        31       109   0.0000000000000
        31       110   0.0000000000000
        31       111   0.0000000000000
        31       112   0.0000000000000
        31       113   0.0000000000000
        31       114   0.0000000000000
        31       115   0.0000000000000
        31       116   0.0000000000000
        31       117   0.0000000000000
        31       118   0.0000000000000
        31       119   0.0000000000000
        31       120   0.0000000000000
        31       121   0.0000000000000
        31       122   0.0000000000000
        31       123   0.0000000000000
        31       124   0.0000000000000
        31       125   0.0000000000000
        31       126   0.0000000000000
        31       127   0.0000000000000
        31       128   0.0000000000000
        31       129   0.0000000000000
        31       130   0.0000000000000
        31       131   0.0000000000000
        31       132   0.0000000000000
        31       133   0.0000000000000
        31       134   0.0000000000000
        31       135   0.0000000000000
        31       136  -0.0000000000000
        31       137  -0.0000000000000
        31       138  -0.0000000000000
        31       139  -0.0000000000000
        31       140   0.0000000000000

        32         1   0.0000000000000
        32         2   0.0000026337714
        32         3   0.0000052507877
        32         4   0.0000078335330
        32         5   0.0000103644119
        32         6   0.0000128257626
        32         7   0.0000151998779
        32         8   0.0000174690405
        32         9   0.0000196155780
        32        10   0.0000216219440
        32        11   0.0000234708284
        32        12   0.0000251453034
        32        13   0.0000266290079
        32        14   0.0000279063728
        32        15   0.0000289628924
        32        16   0.0000297854399
        32        17   0.0000303626288
        32        18   0.0000306852174
        32        19   0.0000307465497
        32        20   0.0000305430263
        32        21   0.0000300745900
        32        22   0.0000293452103
        32        23   0.0000283633424
        32        24   0.0000271423302
        32        25   0.0000257007185
        32        26   0.0000240624303
        32        27   0.0000222567605
        32        28   0.0000203181357
        32        29   0.0000182855858
        32        30   0.0000162018823
        32        31   0.0000141123096
        32        32   0.0000120630591
        32        33   0.0000100992719
        32        34   0.0000082628070
        32        35   0.0000065898715
        32        36   0.0000051087191
        32        37   0.0000038376880
        32        38   0.0000027838887
        32        39   0.0000019428439
        32        40   0.0000012993011
        32        41   0.0000008292668
        32        42   0.0000005030629
        32        43   0.0000002889372
        32        44   0.0000001565700
        32        45   0.0000000798082
        32        46   0.0000000381797
        32        47   0.0000000171165
        32        48   0.0000000071862
        32        49   0.0000000028256
        32        50   0.0000000010413
        32        51   0.0000000003597
        32        52   0.0000000001171
        32        53   0.0000000000553
        32        54   0.0000000001300
        32        55   0.0000000004046
        32        56   0.0000000009331
        32        57   0.0000000016451
        32        58   0.0000000023270
        32        59   0.0000000027334
        32        60   0.0000000027329
        32        61   0.0000000023697
        32        62   0.0000000018084
        32        63   0.0000000012289
        32        64   0.0000000007510
        32        65   0.0000000004159
        32        66   0.0000000002102
        32        67   0.0000000000975
        32        68   0.0000000000417
        32        69   0.0000000000165
        32        70   0.0000000000061
        32        71   0.0000000000021
        32        72   0.0000000000007
        32        73   0.0000000000002
        32        74   0.0000000000001
        32        75   0.0000000000000
        32        76   0.0000000000000
        32        77   0.0000000000000
        32        78   0.0000000000000
        32        79   0.0000000000000
        32        80  -0.0000000000000
        32        81  -0.0000000000000
        32        82  -0.0000000000000
        32        83  -0.0000000000000
        32        84  -0.0000000000000
        32        85  -0.0000000000000
        32        86  -0.0000000000000
        32        87  -0.0000000000000
        32        88   0.0000000000000
        32        89   0.0000000000000
        32        90   0.0000000000000
        32        91   0.0000000000000
        32        92   0.0000000000000
        32        93   0.0000000000000
        32        94   0.0000000000000
        32        95   0.0000000000000
        32        96   0.0000000000000
        32        97   0.0000000000000
        32        98  -0.0000000000000
        32        99  -0.0000000000000
        32       100  -0.0000000000000
        32       101  -0.0000000000000
        32       102  -0.0000000000000
        32       103  -0.0000000000000
        32       104  -0.0000000000000
        32       105  -0.0000000000000
        32       106  -0.0000000000000
        32       107  -0.0000000000000
        32       108  -0.0000000000000
        32       109  -0.0000000000000
        32       110  -0.0000000000000
        32       111   0.0000000000000
        32       112   0.0000000000000
        32       113   0.0000000000000
        32       114   0.0000000000000
        32       115   0.0000000000000
        32       116   0.0000000000000
        32       117   0.0000000000000
        32       118   0.0000000000000
        32       119   0.0000000000000
        32       120   0.0000000000000
        32       121   0.0000000000000
        32       122   0.0000000000000
        32       123   0.0000000000000
        32       124   0.0000000000000
        32       125   0.0000000000000
        32       126   0.0000000000000
        32       127   0.0000000000000
        32       128   0.0000000000000
        32       129   0.0000000000000
        32       130   0.0000000000000
        32       131   0.0000000000000
        32       132   0.0000000000000
        32       133  -0.0000000000000
        32       134  -0.0000000000000
        32       135  -0.0000000000000
        32       136  -0.0000000000000
        32       137  -0.0000000000000
        32       138  -0.0000000000000
        32       139  -0.0000000000000
        32       140   0.0000000000000

        33         1   0.0000000000000
        33         2   0.0000072610159
        33         3   0.0000144819460
        33         4   0.0000216208879
        33         5   0.0000286356078
        33         6   0.0000354834970
        33         7   0.0000421215409
        33         8   0.0000485063187
        33         9   0.0000545940462
        33        10   0.0000603406745
        33        11   0.0000657020567
        33        12   0.0000706341940
        33        13   0.0000750935737
        33        14   0.0000790376091
        33        15   0.0000824251918
        33        16   0.0000852173670
        33        17   0.0000873781363
        33        18   0.0000888753946
        33        19   0.0000896819988
        33        20   0.0000897769620
        33        21   0.0000891467603
        33        22   0.0000877867258
        33        23   0.0000857024894
        33        24   0.0000829114200
        33        25   0.0000794439881
        33        26   0.0000753449608
        33        27   0.0000706743116
        33        28   0.0000655077031
        33        29   0.0000599363812
        33        30   0.0000540663006
        33        31   0.0000480162978
        33        32   0.0000419151449
        33        33   0.0000358973621
        33        34   0.0000300977572
        33        35   0.0000246448035
        33        36   0.0000196531704
        33        37   0.0000152159819
        33        38   0.0000113976573
        33        39   0.0000082284404
        33        40   0.0000057018217
        33        41   0.0000037758979
        33        42   0.0000023791554
        33        43   0.0000014202271
        33        44   0.0000008000345
        33        45   0.0000004238411
        33        46   0.0000002106168
        33        47   0.0000000979957
        33        48   0.0000000426543
        33        49   0.0000000173679
        33        50   0.0000000066204
        33        51   0.0000000023703
        33        52   0.0000000007871
        33        53   0.0000000000432
        33        54  -0.0000000009746
        33        55  -0.0000000030538
        33        56  -0.0000000063546
        33        57  -0.0000000101161
        33        58  -0.0000000130035
        33        59  -0.0000000139518
        33        60  -0.0000000127913
        33        61  -0.0000000101996
        33        62  -0.0000000071716
        33        63  -0.0000000044958
        33        64  -0.0000000025352
        33        65  -0.0000000012953
        33        66  -0.0000000006032
        33        67  -0.0000000002572
        33        68  -0.0000000001008
        33        69  -0.0000000000363
        33        70  -0.0000000000121
        33        71  -0.0000000000037
        33        72  -0.0000000000010
        33        73  -0.0000000000003
        33        74  -0.0000000000001
        33        75  -0.0000000000000
        33        76  -0.0000000000000
        33        77   0.0000000000000
        33        78   0.0000000000000
        33        79   0.0000000000000
        33        80   0.0000000000000
        33        81   0.0000000000000
        33        82   0.0000000000000
        33        83   0.0000000000000
        33        84   0.0000000000000
        33        85  -0.0000000000000
        33        86  -0.0000000000000
        33        87  -0.0000000000000
        33        88  -0.0000000000000
        33        89  -0.0000000000000
        33        90  -0.0000000000000
        33        91  -0.0000000000000
        33        92  -0.0000000000000
        33        93   0.0000000000000
        33        94   0.0000000000000
        33        95   0.0000000000000
        33        96   0.0000000000000
        33        97   0.0000000000000
        33        98   0.0000000000000
        33        99   0.0000000000000
        33       100   0.0000000000000
        33       101   0.0000000000000
        33       102   0.0000000000000
        33       103   0.0000000000000
        33       104  -0.0000000000000
        33       105  -0.0000000000000
        33       106  -0.0000000000000
        33       107  -0.0000000000000
        33       108  -0.0000000000000
        33       109  -0.0000000000000
        33       110  -0.0000000000000
        33       111  -0.0000000000000
        33       112  -0.0000000000000
        33       113  -0.0000000000000
        33       114  -0.0000000000000
        33       115  -0.0000000000000
        33       116  -0.0000000000000
        33       117  -0.0000000000000
        33       118  -0.0000000000000
        33       119  -0.0000000000000
        33       120  -0.0000000000000
        33       121  -0.0000000000000
        33       122  -0.0000000000000
        33       123  -0.0000000000000
        33       124  -0.0000000000000
        33       125  -0.0000000000000
        33       126  -0.0000000000000
        33       127  -0.0000000000000
        33       128  -0.0000000000000
        33       129  -0.0000000000000
        33       130  -0.0000000000000
        33       131  -0.0000000000000
        33       132  -0.0000000000000
        33       133  -0.0000000000000
        33       134  -0.0000000000000
        33       135  -0.0000000000000
        33       136  -0.0000000000000
        33       137  -0.0000000000000
        33       138   0.0000000000000
        33       139   0.0000000000000
        33       140   0.0000000000000

        34         1   0.0000000000000
        34         2   0.0000186791772
        34         3   0.0000372699815
        34         4   0.0000556800675
        34         5   0.0000738160607
        34         6   0.0000915832970
        34         7   0.0001088855804
        34         8   0.0001256249959
        34         9   0.0001417018030
        34        10   0.0001570144366
        34        11   0.0001714596411
        34        12   0.0001849327646
        34        13   0.0001973282399
        34        14   0.0002085402820
        34        15   0.0002184638319
        34        16   0.0002269957761
        34        17   0.0002340364726
        34        18   0.0002394916101
        34        19   0.0002432744244
        34        20   0.0002453082881
        34        21   0.0002455296814
        34        22   0.0002438915335
        34        23   0.0002403669051
        34        24   0.0002349529534
        34        25   0.0002276750831
        34        26   0.0002185911370
        34        27   0.0002077954229
        34        28   0.0001954222958
        34        29   0.0001816489344
        34        30   0.0001666968553
        34        31   0.0001508316174
        34        32   0.0001343600898
        34        33   0.0001176246167
        34        34   0.0001009934464
        34        35   0.0000848469501
        34        36   0.0000695594964
        34        37   0.0000554774402
        34        38   0.0000428945541
        34        39   0.0000320273564
        34        40   0.0000229939849
        34        41   0.0000158011607
        34        42   0.0000103437612
        34        43   0.0000064199240
        34        44   0.0000037611088
        34        45   0.0000020718303
        34        46   0.0000010698240
        34        47   0.0000005167465
        34        48   0.0000002332271
        34        49   0.0000000983505
        34        50   0.0000000387730
        34        51   0.0000000142694
        34        52   0.0000000051203
        34        53   0.0000000037259
        34        54   0.0000000091535
        34        55   0.0000000220157
        34        56   0.0000000399708
        34        57   0.0000000568033
        34        58   0.0000000658055
        34        59   0.0000000640041
        34        60   0.0000000534039
        34        61   0.0000000388542
        34        62   0.0000000249628
        34        63   0.0000000143039
        34        64   0.0000000073673
        34        65   0.0000000034314
        34        66   0.0000000014515
        34        67   0.0000000005591
        34        68   0.0000000001962
        34        69   0.0000000000626
        34        70   0.0000000000180
        34        71   0.0000000000046
        34        72   0.0000000000010
        34        73   0.0000000000002
        34        74   0.0000000000000
        34        75  -0.0000000000000
        34        76  -0.0000000000000
        34        77  -0.0000000000000
        34        78  -0.0000000000000
        34        79  -0.0000000000000
        34        80  -0.0000000000000
        34        81  -0.0000000000000
        34        82   0.0000000000000
        34        83   0.0000000000000
        34        84   0.0000000000000
        34        85   0.0000000000000
        34        86   0.0000000000000
        34        87   0.0000000000000
        34        88   0.0000000000000
        34        89   0.0000000000000
        34        90  -0.0000000000000
        34        91  -0.0000000000000
        34        92  -0.0000000000000
        34        93  -0.0000000000000
        34        94  -0.0000000000000
        34        95  -0.0000000000000
        34        96  -0.0000000000000
        34        97  -0.0000000000000
        34        98   0.0000000000000
        34        99   0.0000000000000
        34       100   0.0000000000000
        34       101   0.0000000000000
        34       102   0.0000000000000
        34       103   0.0000000000000
        34       104   0.0000000000000
        34       105   0.0000000000000
        34       106   0.0000000000000
        34       107   0.0000000000000
        34       108   0.0000000000000
        34       109   0.0000000000000
        34       110  -0.0000000000000
        34       111  -0.0000000000000
        34       112  -0.0000000000000
        34       113  -0.0000000000000
        34       114  -0.0000000000000
        34       115  -0.0000000000000
        34       116  -0.0000000000000
        34       117  -0.0000000000000
        34       118  -0.0000000000000
        34       119  -0.0000000000000
        34       120  -0.0000000000000
        34       121  -0.0000000000000
        34       122  -0.0000000000000
        34       123  -0.0000000000000
        34       124  -0.0000000000000
        34       125  -0.0000000000000
        34       126  -0.0000000000000
        34       127  -0.0000000000000
        34       128  -0.0000000000000
        34       129  -0.0000000000000
        34       130  -0.0000000000000
        34       131  -0.0000000000000
        34       132  -0.0000000000000
        34       133  -0.0000000000000
        34       134  -0.0000000000000
        34       135   0.0000000000000
        34       136   0.0000000000000
        34       137   0.0000000000000
        34       138   0.0000000000000
        34       139   0.0000000000000
        34       140   0.0000000000000

        35         1   0.0000000000000
        35         2   0.0000448994953
        35         3   0.0000896197692
        35         4   0.0001339736723
        35         5   0.0001777713782
        35         6   0.0002208195271
        35         7   0.0002629203868
        35         8   0.0003038710932
        35         9   0.0003434630188
        35        10   0.0003814813179
        35        11   0.0004177046953
        35        12   0.0004519054501
        35        13   0.0004838498487
        35        14   0.0005132988905
        35        15   0.0005400095312
        35        16   0.0005637364390
        35        17   0.0005842343623
        35        18   0.0006012611950
        35        19   0.0006145818254
        35        20   0.0006239728596
        35        21   0.0006292283020
        35        22   0.0006301662670
        35        23   0.0006266367758
        35        24   0.0006185306593
        35        25   0.0006057895348
        35        26   0.0005884167537
        35        27   0.0005664891083
        35        28   0.0005401689435
        35        29   0.0005097161251
        35        30   0.0004754990707
        35        31   0.0004380037377
        35        32   0.0003978391020
        35        33   0.0003557372607
        35        34   0.0003125459102
        35        35   0.0002692106791
        35        36   0.0002267448054
        35        37   0.0001861841799
        35        38   0.0001485271694
        35        39   0.0001146612368
        35        40   0.0000852823879
        35        41   0.0000608186246
        35        42   0.0000413736206
        35        43   0.0000267091716
        35        44   0.0000162809866
        35        45   0.0000093295018
        35        46   0.0000050077823
        35        47   0.0000025116956
        35        48   0.0000011755927
        35        49   0.0000005133528
        35        50   0.0000002094046
        35        51   0.0000000801424
        35        52   0.0000000258984
        35        53  -0.0000000103743
        35        54  -0.0000000630873
        35        55  -0.0000001418647
        35        56  -0.0000002278663
        35        57  -0.0000002876635
        35        58  -0.0000002981065
        35        59  -0.0000002607212
        35        60  -0.0000001962778
        35        61  -0.0000001290753
        35        62  -0.0000000749774
        35        63  -0.0000000387943
        35        64  -0.0000000179871
        35        65  -0.0000000075009
        35        66  -0.0000000028165
        35        67  -0.0000000009501
        35        68  -0.0000000002857
        35        69  -0.0000000000752
        35        70  -0.0000000000166
        35        71  -0.0000000000027
        35        72  -0.0000000000001
        35        73   0.0000000000001
        35        74   0.0000000000001
        35        75   0.0000000000000
        35        76   0.0000000000000
        35        77   0.0000000000000
        35        78   0.0000000000000
        35        79  -0.0000000000000
        35        80  -0.0000000000000
        35        81  -0.0000000000000
        35        82  -0.0000000000000
        35        83  -0.0000000000000
        35        84  -0.0000000000000
        35        85  -0.0000000000000
        35        86   0.0000000000000
        35        87   0.0000000000000
        35        88   0.0000000000000
        35        89   0.0000000000000
        35        90   0.0000000000000
        35        91   0.0000000000000
        35        92   0.0000000000000
        35        93   0.0000000000000
        35        94  -0.0000000000000
        35        95  -0.0000000000000
        35        96  -0.0000000000000
        35        97  -0.0000000000000
        35        98  -0.0000000000000
        35        99  -0.0000000000000
        35       100  -0.0000000000000
        35       101  -0.0000000000000
        35       102  -0.0000000000000
        35       103   0.0000000000000
        35       104   0.0000000000000
        35       105   0.0000000000000
        35       106   0.0000000000000
        35       107   0.0000000000000
        35       108   0.0000000000000
        35       109   0.0000000000000
        35       110   0.0000000000000
        35       111   0.0000000000000
        35       112   0.0000000000000
        35       113   0.0000000000000
        35       114   0.0000000000000
        35       115   0.0000000000000
        35       116   0.0000000000000
        35       117   0.0000000000000
        35       118  -0.0000000000000
        35       119  -0.0000000000000
        35       120  -0.0000000000000
        35       121  -0.0000000000000
        35       122  -0.0000000000000
        35       123  -0.0000000000000
        35       124  -0.0000000000000
        35       125  -0.0000000000000
        35       126  -0.0000000000000
        35       127  -0.0000000000000
        35       128  -0.0000000000000
        35       129  -0.0000000000000
        35       130  -0.0000000000000
        35       131   0.0000000000000
        35       132   0.0000000000000
        35       133   0.0000000000000
        35       134   0.0000000000000
        35       135   0.0000000000000
        35       136   0.0000000000000
        35       137   0.0000000000000
        35       138   0.0000000000000
        35       139   0.0000000000000
        35       140   0.0000000000000

        36         1   0.0000000000000
        36         2   0.0001009906831
        36         3   0.0002016480226
        36         4   0.0003016243174
        36         5   0.0004005657982
        36         6   0.0004981104317
        36         7   0.0005938857105
        36         8   0.0006875065247
        36         9   0.0007785731948
        36        10   0.0008666697373
        36        11   0.0009513624385
        36        12   0.0010321988175
        36        13   0.0011087070706
        36        14   0.0011803961046
        36        15   0.0012467562821
        36        16   0.0013072610208
        36        17   0.0013613694110
        36        18   0.0014085300393
        36        19   0.0014481862302
        36        20   0.0014797829442
        36        21   0.0015027755958
        36        22   0.0015166410732
        36        23   0.0015208912610
        36        24   0.0015150893636
        36        25   0.0014988693115
        36        26   0.0014719584818
        36        27   0.0014342038649
        36        28   0.0013856016390
        36        29   0.0013263298463
        36        30   0.0012567834513
        36        31   0.0011776104655
        36        32   0.0010897469775
        36        33   0.0009944477902
        36        34   0.0008933079012
        36        35   0.0007882682993
        36        36   0.0006815976641
        36        37   0.0005758399471
        36        38   0.0004737173107
        36        39   0.0003779798724
        36        40   0.0002912000955
        36        41   0.0002155225796
        36        42   0.0001524002996
        36        43   0.0001023728782
        36        44   0.0000649606006
        36        45   0.0000387408198
        36        46   0.0000216240766
        36        47   0.0000112640199
        36        48   0.0000054672586
        36        49   0.0000024721711
        36        50   0.0000010410124
        36        51   0.0000004096175
        36        52   0.0000001849884
        36        53   0.0000002239661
        36        54   0.0000004771964
        36        55   0.0000008489657
        36        56   0.0000011721056
        36        57   0.0000012988581
        36        58   0.0000011925382
        36        59   0.0000009287168
        36        60   0.0000006240656
        36        61   0.0000003663910
        36        62   0.0000001896212
        36        63   0.0000000870022
        36        64   0.0000000354747
        36        65   0.0000000128325
        36        66   0.0000000040852
        36        67   0.0000000011217
        36        68   0.0000000002526
        36        69   0.0000000000396
        36        70   0.0000000000002
        36        71  -0.0000000000028
        36        72  -0.0000000000014
        36        73  -0.0000000000004
        36        74  -0.0000000000001
        36        75  -0.0000000000000
        36        76  -0.0000000000000
        36        77   0.0000000000000
        36        78   0.0000000000000
        36        79   0.0000000000000
        36        80   0.0000000000000
        36        81   0.0000000000000
        36        82   0.0000000000000
        36        83  -0.0000000000000
        36        84  -0.0000000000000
        36        85  -0.0000000000000
        36        86  -0.0000000000000
        36        87  -0.0000000000000
        36        88  -0.0000000000000
        36        89  -0.0000000000000
        36        90   0.0000000000000
        36        91   0.0000000000000
        36        92   0.0000000000000
        36        93   0.0000000000000
        36        94   0.0000000000000
        36        95   0.0000000000000
        36        96   0.0000000000000
        36        97   0.0000000000000
        36        98  -0.0000000000000
        36        99  -0.0000000000000
        36       100  -0.0000000000000
        36       101  -0.0000000000000
        36       102  -0.0000000000000
        36       103  -0.0000000000000
        36       104  -0.0000000000000
        36       105  -0.0000000000000
        36       106  -0.0000000000000
        36       107  -0.0000000000000
        36       108  -0.0000000000000
        36       109   0.0000000000000
        36       110   0.0000000000000
        36       111   0.0000000000000
        36       112   0.0000000000000
        36       113   0.0000000000000
        36       114   0.0000000000000
        36       115   0.0000000000000
        36       116   0.0000000000000
        36       117   0.0000000000000
        36       118   0.0000000000000
        36       119   0.0000000000000
        36       120   0.0000000000000
        36       121   0.0000000000000
        36       122   0.0000000000000
        36       123   0.0000000000000
        36       124   0.0000000000000
        36       125   0.0000000000000
        36       126   0.0000000000000
        36       127   0.0000000000000
        36       128   0.0000000000000
        36       129   0.0000000000000
        36       130   0.0000000000000
        36       131   0.0000000000000
        36       132   0.0000000000000
        36       133   0.0000000000000
        36       134   0.0000000000000
        36       135   0.0000000000000
        36       136   0.0000000000000
        36       137   0.0000000000000
        36       138   0.0000000000000
        36       139  -0.0000000000000
        36       140   0.0000000000000

        37         1   0.0000000000000
        37         2   0.0002128964307
        37         3   0.0004252272775
        37         4   0.0006364036058
        37         5   0.0008458242978
        37         6   0.0010528712920
        37         7   0.0012569047022
        37         8   0.0014572579534
        37         9   0.0016532330360
        37        10   0.0018440959662
        37        11   0.0020290725461
        37        12   0.0022073445252
        37        13   0.0023780462859
        37        14   0.0025402622009
        37        15   0.0026930248401
        37        16   0.0028353142456
        37        17   0.0029660585375
        37        18   0.0030841361713
        37        19   0.0031883802301
        37        20   0.0032775852132
        37        21   0.0033505168699
        37        22   0.0034059257286
        37        23   0.0034425650817
        37        24   0.0034592143069
        37        25   0.0034547085308
        37        26   0.0034279757520
        37        27   0.0033780826294
        37        28   0.0033042901703
        37        29   0.0032061204680
        37        30   0.0030834353681
        37        31   0.0029365273618
        37        32   0.0027662219387
        37        33   0.0025739888364
        37        34   0.0023620567759
        37        35   0.0021335219758
        37        36   0.0018924346225
        37        37   0.0016438393709
        37        38   0.0013937363357
        37        39   0.0011489198504
        37        40   0.0009166481131
        37        41   0.0007041064016
        37        42   0.0005176626245
        37        43   0.0003619891968
        37        44   0.0002392374288
        37        45   0.0001485570928
        37        46   0.0000862536497
        37        47   0.0000466660947
        37        48   0.0000234843092
        37        49   0.0000109907650
        37        50   0.0000047994174
        37        51   0.0000019200137
        37        52   0.0000003753254
        37        53  -0.0000010601907
        37        54  -0.0000027855457
        37        55  -0.0000044187508
        37        56  -0.0000053044710
        37        57  -0.0000051315996
        37        58  -0.0000041340489
        37        59  -0.0000028325367
        37        60  -0.0000016744503
        37        61  -0.0000008620348
        37        62  -0.0000003883791
        37        63  -0.0000001531160
        37        64  -0.0000000524404
        37        65  -0.0000000152848
        37        66  -0.0000000035930
        37        67  -0.0000000005664
        37        68   0.0000000000100
        37        69   0.0000000000501
        37        70   0.0000000000233
        37        71   0.0000000000072
        37        72   0.0000000000016
        37        73   0.0000000000002
        37        74  -0.0000000000000
        37        75  -0.0000000000000
        37        76  -0.0000000000000
        37        77  -0.0000000000000
        37        78  -0.0000000000000
        37        79  -0.0000000000000
        37        80   0.0000000000000
        37        81   0.0000000000000
        37        82   0.0000000000000
        37        83   0.0000000000000
        37        84   0.0000000000000
        37        85   0.0000000000000
        37        86  -0.0000000000000
        37        87  -0.0000000000000
        37        88  -0.0000000000000
        37        89  -0.0000000000000
        37        90  -0.0000000000000
        37        91  -0.0000000000000
        37        92  -0.0000000000000
        37        93  -0.0000000000000
        37        94   0.0000000000000
        37        95   0.0000000000000
        37        96   0.0000000000000
        37        97   0.0000000000000
        37        98   0.0000000000000
        37        99   0.0000000000000
        37       100   0.0000000000000
        37       101   0.0000000000000
        37       102  -0.0000000000000
        37       103  -0.0000000000000
        37       104  -0.0000000000000
        37       105  -0.0000000000000
        37       106  -0.0000000000000
        37       107  -0.0000000000000
        37       108  -0.0000000000000
        37       109  -0.0000000000000
        37       110  -0.0000000000000
        37       111  -0.0000000000000
        37       112  -0.0000000000000
        37       113  -0.0000000000000
        37       114  -0.0000000000000
        37       115   0.0000000000000
        37       116   0.0000000000000
        37       117   0.0000000000000
        37       118   0.0000000000000
        37       119   0.0000000000000
        37       120   0.0000000000000
        37       121   0.0000000000000
        37       122   0.0000000000000
        37       123   0.0000000000000
        37       124   0.0000000000000
        37       125   0.0000000000000
        37       126   0.0000000000000
        37       127   0.0000000000000
        37       128   0.0000000000000
        37       129   0.0000000000000
        37       130   0.0000000000000
        37       131   0.0000000000000
        37       132   0.0000000000000
        37       133   0.0000000000000
        37       134   0.0000000000000
        37       135   0.0000000000000
        37       136  -0.0000000000000
        37       137  -0.0000000000000
        37       138  -0.0000000000000
        37       139  -0.0000000000000
        37       140   0.0000000000000

        38         1   0.0000000000000
        38         2   0.0004213654945
        38         3   0.0008418642342
        38         4   0.0012605960531
        38         5   0.0016766390115
        38         6   0.0020890404239
        38         7   0.0024968075340
        38         8   0.0028988979978
        38         9   0.0032942102695
        38        10   0.0036815739633
        38        11   0.0040597402596
        38        12   0.0044273724391
        38        13   0.0047830366468
        38        14   0.0051251930237
        38        15   0.0054521873861
        38        16   0.0057622436878
        38        17   0.0060534575719
        38        18   0.0063237914110
        38        19   0.0065710713441
        38        20   0.0067929869648
        38        21   0.0069870944926
        38        22   0.0071508244788
        38        23   0.0072814953805
        38        24   0.0073763346700
        38        25   0.0074325095676
        38        26   0.0074471699824
        38        27   0.0074175068394
        38        28   0.0073408296438
        38        29   0.0072146678713
        38        30   0.0070369015037
        38        31   0.0068059266250
        38        32   0.0065208622083
        38        33   0.0061818036077
        38        34   0.0057901260907
        38        35   0.0053488367777
        38        36   0.0048629637652
        38        37   0.0043399543968
        38        38   0.0037900274462
        38        39   0.0032263837876
        38        40   0.0026651277075
        38        41   0.0021246975506
        38        42   0.0016245819391
        38        43   0.0011831731265
        38        44   0.0008148768140
        38        45   0.0005271120059
        38        46   0.0003184159150
        38        47   0.0001789080645
        38        48   0.0000933179428
        38        49   0.0000451508245
        38        50   0.0000202502584
        38        51   0.0000090545041
        38        52   0.0000066557788
        38        53   0.0000102200109
        38        54   0.0000162503835
        38        55   0.0000206654268
        38        56   0.0000209621840
        38        57   0.0000174184234
        38        58   0.0000121236481
        38        59   0.0000071782553
        38        60   0.0000036490558
        38        61   0.0000015974126
        38        62   0.0000005991451
        38        63   0.0000001889178
        38        64   0.0000000475108
        38        65   0.0000000079372
        38        66  -0.0000000001353
        38        67  -0.0000000007516
        38        68  -0.0000000003554
        38        69  -0.0000000001085
        38        70  -0.0000000000225
        38        71  -0.0000000000019
        38        72   0.0000000000009
        38        73   0.0000000000005
        38        74   0.0000000000002
        38        75   0.0000000000000
        38        76   0.0000000000000
        38        77  -0.0000000000000
        38        78  -0.0000000000000
        38        79  -0.0000000000000
        38        80  -0.0000000000000
        38        81  -0.0000000000000
        38        82  -0.0000000000000
        38        83   0.0000000000000
        38        84   0.0000000000000
        38        85   0.0000000000000
        38        86   0.0000000000000
        38        87   0.0000000000000
        38        88   0.0000000000000
        38        89   0.0000000000000
        38        90  -0.0000000000000
        38        91  -0.0000000000000
        38        92  -0.0000000000000
        38        93  -0.0000000000000
        38        94  -0.0000000000000
        38        95  -0.0000000000000
        38        96  -0.0000000000000
        38        97   0.0000000000000
        38        98   0.0000000000000
        38        99   0.0000000000000
        38       100   0.0000000000000
        38       101   0.0000000000000
        38       102   0.0000000000000
        38       103   0.0000000000000
        38       104   0.0000000000000
        38       105   0.0000000000000
        38       106   0.0000000000000
        38       107  -0.0000000000000
        38       108  -0.0000000000000
        38       109  -0.0000000000000
        38       110  -0.0000000000000
        38       111  -0.0000000000000
        38       112  -0.0000000000000
        38       113  -0.0000000000000
        38       114  -0.0000000000000
        38       115  -0.0000000000000
        38       116  -0.0000000000000
        38       117  -0.0000000000000
        38       118  -0.0000000000000
        38       119  -0.0000000000000
        38       120  -0.0000000000000
        38       121  -0.0000000000000
        38       122  -0.0000000000000
        38       123  -0.0000000000000
        38       124  -0.0000000000000
        38       125  -0.0000000000000
        38       126  -0.0000000000000
        38       127  -0.0000000000000
        38       128  -0.0000000000000
        38       129  -0.0000000000000
        38       130  -0.0000000000000
        38       131  -0.0000000000000
        38       132  -0.0000000000000
        38       133  -0.0000000000000
        38       134  -0.0000000000000
        38       135  -0.0000000000000
        38       136  -0.0000000000000
        38       137  -0.0000000000000
        38       138  -0.0000000000000
        38       139  -0.0000000000000
        38       140   0.0000000000000

        39         1   0.0000000000000
        39         2   0.0007844733550
        39         3   0.0015677705454
        39         4   0.0023486753055
        39         5   0.0031259368817
        39         6   0.0038982552634
        39         7   0.0046642656546
        39         8   0.0054225223204
        39         9   0.0061714818411
        39        10   0.0069094857590
        39        11   0.0076347425852
        39        12   0.0083453091314
        39        13   0.0090390711442
        39        14   0.0097137232373
        39        15   0.0103667481560
        39        16   0.0109953954522
        39        17   0.0115966597190
        39        18   0.0121672586285
        39        19   0.0127036111418
        39        20   0.0132018164357
        39        21   0.0136576343272
        39        22   0.0140664682908
        39        23   0.0144233525926
        39        24   0.0147229456366
        39        25   0.0149595323830
        39        26   0.0151270397197
        39        27   0.0152190700181
        39        28   0.0152289598916
        39        29   0.0151498734992
        39        30   0.0149749427350
        39        31   0.0146974704212
        39        32   0.0143112172112
        39        33   0.0138107981743
        39        34   0.0131922203957
        39        35   0.0124535969727
        39        36   0.0115960724506
        39        37   0.0106249840655
        39        38   0.0095512511720
        39        39   0.0083929144336
        39        40   0.0071766098115
        39        41   0.0059385354408
        39        42   0.0047241447695
        39        43   0.0035854759269
        39        44   0.0025750125292
        39        45   0.0017359115894
        39        46   0.0010910314863
        39        47   0.0006363184728
        39        48   0.0003436089134
        39        49   0.0001721277363
        39        50   0.0000795542395
        39        51   0.0000274597189
        39        52  -0.0000119219128
        39        53  -0.0000477868573
        39        54  -0.0000735008398
        39        55  -0.0000805428955
        39        56  -0.0000694497535
        39        57  -0.0000490145539
        39        58  -0.0000288967082
        39        59  -0.0000143675866
        39        60  -0.0000060213158
        39        61  -0.0000020949895
        39        62  -0.0000005771666
        39        63  -0.0000001068735
        39        64  -0.0000000005798
        39        65   0.0000000097240
        39        66   0.0000000048916
        39        67   0.0000000015176
        39        68   0.0000000003014
        39        69   0.0000000000133
        39        70  -0.0000000000189
        39        71  -0.0000000000098
        39        72  -0.0000000000030
        39        73  -0.0000000000006
        39        74  -0.0000000000000
        39        75   0.0000000000000
        39        76   0.0000000000000
        39        77   0.0000000000000
        39        78   0.0000000000000
        39        79   0.0000000000000
        39        80  -0.0000000000000
        39        81  -0.0000000000000
        39        82  -0.0000000000000
        39        83  -0.0000000000000
        39        84  -0.0000000000000
        39        85  -0.0000000000000
        39        86   0.0000000000000
        39        87   0.0000000000000
        39        88   0.0000000000000
        39        89   0.0000000000000
        39        90   0.0000000000000
        39        91   0.0000000000000
        39        92   0.0000000000000
        39        93  -0.0000000000000
        39        94  -0.0000000000000
        39        95  -0.0000000000000
        39        96  -0.0000000000000
        39        97  -0.0000000000000
        39        98  -0.0000000000000
        39        99  -0.0000000000000
        39       100  -0.0000000000000
        39       101   0.0000000000000
        39       102   0.0000000000000
        39       103   0.0000000000000
        39       104   0.0000000000000
        39       105   0.0000000000000
        39       106   0.0000000000000
        39       107   0.0000000000000
        39       108   0.0000000000000
        39       109   0.0000000000000
        39       110   0.0000000000000
        39       111   0.0000000000000
        39       112  -0.0000000000000
        39       113  -0.0000000000000
        39       114  -0.0000000000000
        39       115  -0.0000000000000
        39       116  -0.0000000000000
        39       117  -0.0000000000000
        39       118  -0.0000000000000
        39       119  -0.0000000000000
        39       120  -0.0000000000000
        39       121  -0.0000000000000
        39       122  -0.0000000000000
        39       123  -0.0000000000000
        39       124  -0.0000000000000
        39       125  -0.0000000000000
        39       126  -0.0000000000000
        39       127  -0.0000000000000
        39       128  -0.0000000000000
        39       129  -0.0000000000000
        39       130  -0.0000000000000
        39       131  -0.0000000000000
        39       132  -0.0000000000000
        39       133  -0.0000000000000
        39       134  -0.0000000000000
        39       135  -0.0000000000000
        39       136  -0.0000000000000
        39       137  -0.0000000000000
        39       138  -0.0000000000000
        39       139   0.0000000000000
        39       140   0.0000000000000

        40         1   0.0000000000000
        40         2   0.0013766281965
        40         3   0.0027519065087
        40         4   0.0041244503486
        40         5   0.0054928276199
        40         6   0.0068555378087
        40         7   0.0082109897325
        40         8   0.0095574779854
        40         9   0.0108931579639
        40        10   0.0122160192755
        40        11   0.0135238572773
        40        12   0.0148142424541
        40        13   0.0160844873113
        40        14   0.0173316104340
        40        15   0.0185522973343
        40        16   0.0197428576981
        40        17   0.0208991786268
        40        18   0.0220166734806
        40        19   0.0230902259597
        40        20   0.0241141291246
        40        21   0.0250820191848
        40        22   0.0259868040898
        40        23   0.0268205872920
        40        24   0.0275745875705
        40        25   0.0282390565920
        40        26   0.0288031970751
        40        27   0.0292550861836
        40        28   0.0295816113848
        40        29   0.0297684298256
        40        30   0.0297999678632
        40        31   0.0296594854793
        40        32   0.0293292419582
        40        33   0.0287908157820
        40        34   0.0280256548405
        40        35   0.0270159644135
        40        36   0.0257460806261
        40        37   0.0242045237918
        40        38   0.0223869673011
        40        39   0.0203003655305
        40        40   0.0179683781954
        40        41   0.0154378913326
        40        42   0.0127855687539
        40        43   0.0101217831231
        40        44   0.0075868166456
        40        45   0.0053325174018
        40        46   0.0034857786794
        40        47   0.0021080071751
        40        48   0.0011763709315
        40        49   0.0006045638116
        40        50   0.0002999008328
        40        51   0.0001951507010
        40        52   0.0002208348472
        40        53   0.0002852058214
        40        54   0.0003093579370
        40        55   0.0002689112399
        40        56   0.0001895360217
        40        57   0.0001098247330
        40        58   0.0000525789701
        40        59   0.0000206015071
        40        60   0.0000063531128
        40        61   0.0000013458708
        40        62   0.0000000572291
        40        63  -0.0000001083541
        40        64  -0.0000000608452
        40        65  -0.0000000197124
        40        66  -0.0000000038582
        40        67  -0.0000000000388
        40        68   0.0000000003256
        40        69   0.0000000001546
        40        70   0.0000000000435
        40        71   0.0000000000070
        40        72  -0.0000000000004
        40        73  -0.0000000000007
        40        74  -0.0000000000003
        40        75  -0.0000000000001
        40        76  -0.0000000000000
        40        77   0.0000000000000
        40        78   0.0000000000000
        40        79   0.0000000000000
        40        80   0.0000000000000
        40        81   0.0000000000000
        40        82   0.0000000000000
        40        83  -0.0000000000000
        40        84  -0.0000000000000
        40        85  -0.0000000000000
        40        86  -0.0000000000000
        40        87  -0.0000000000000
        40        88  -0.0000000000000
        40        89   0.0000000000000
        40        90   0.0000000000000
        40        91   0.0000000000000
        40        92   0.0000000000000
        40        93   0.0000000000000
        40        94   0.0000000000000
        40        95   0.0000000000000
        40        96  -0.0000000000000
        40        97  -0.0000000000000
        40        98  -0.0000000000000
        40        99  -0.0000000000000
        40       100  -0.0000000000000
        40       101  -0.0000000000000
        40       102  -0.0000000000000
        40       103  -0.0000000000000
        40       104  -0.0000000000000
        40       105   0.0000000000000
        40       106   0.0000000000000
        40       107   0.0000000000000
        40       108   0.0000000000000
        40       109   0.0000000000000
        40       110   0.0000000000000
        40       111   0.0000000000000
        40       112   0.0000000000000
        40       113   0.0000000000000
        40       114   0.0000000000000
        40       115   0.0000000000000
        40       116   0.0000000000000
        40       117  -0.0000000000000
        40       118  -0.0000000000000
        40       119  -0.0000000000000
        40       120  -0.0000000000000
        40       121  -0.0000000000000
        40       122  -0.0000000000000
        40       123  -0.0000000000000
        40       124  -0.0000000000000
        40       125  -0.0000000000000
        40       126  -0.0000000000000
        40       127  -0.0000000000000
        40       128  -0.0000000000000
        40       129  -0.0000000000000
        40       130  -0.0000000000000
        40       131  -0.0000000000000
        40       132  -0.0000000000000
        40       133  -0.0000000000000
        40       134  -0.0000000000000
        40       135  -0.0000000000000
        40       136   0.0000000000000
        40       137   0.0000000000000
        40       138   0.0000000000000
        40       139   0.0000000000000
        40       140   0.0000000000000

        41         1   0.0000000000000
        41         2   0.0022819956672
        41         3   0.0045628550501
        41         4   0.0068414383200
        41         5   0.0091165517434
        41         6   0.0113869236007
        41         7   0.0136511781335
        41         8   0.0159078073939
        41         9   0.0181551406672
        41        10   0.0203913110050
        41        11   0.0226142182994
        41        12   0.0248214882185
        41        13   0.0270104262117
        41        14   0.0291779656624
        41        15   0.0313206091150
        41        16   0.0334343613301
        41        17   0.0355146527149
        41        18   0.0375562514445
        41        19   0.0395531623168
        41        20   0.0414985100816
        41        21   0.0433844046446
        41        22   0.0452017851906
        41        23   0.0469402399014
        41        24   0.0485877976144
        41        25   0.0501306875307
        41        26   0.0515530630575
        41        27   0.0528366862504
        41        28   0.0539605704268
        41        29   0.0549005808909
        41        30   0.0556289982304
        41        31   0.0561140567747
        41        32   0.0563194849351
        41        33   0.0562040981976
        41        34   0.0557215358129
        41        35   0.0548202987999
        41        36   0.0534443551126
        41        37   0.0515347507462
        41        38   0.0490329284288
        41        39   0.0458868478774
        41        40   0.0420614481667
        41        41   0.0375555199865
        41        42   0.0324265724146
        41        43   0.0268234258468
        41        44   0.0210178820912
        41        45   0.0154114341681
        41        46   0.0104674829132
        41        47   0.0065442178302
        41        48   0.0037704452399
        41        49   0.0019921595604
        41        50   0.0008256673167
        41        51  -0.0000591741799
        41        52  -0.0007089218990
        41        53  -0.0010106816932
        41        54  -0.0009516135129
        41        55  -0.0006814125548
        41        56  -0.0003867945284
        41        57  -0.0001753197426
        41        58  -0.0000618471507
        41        59  -0.0000152671800
        41        60  -0.0000013070594
        41        61   0.0000010348173
        41        62   0.0000006855266
        41        63   0.0000002383508
        41        64   0.0000000477447
        41        65  -0.0000000004934
        41        66  -0.0000000048172
        41        67  -0.0000000022084
        41        68  -0.0000000005836
        41        69  -0.0000000000716
        41        70   0.0000000000180
        41        71   0.0000000000142
        41        72   0.0000000000049
        41        73   0.0000000000010
        41        74   0.0000000000001
        41        75  -0.0000000000001
        41        76  -0.0000000000000
        41        77  -0.0000000000000
        41        78  -0.0000000000000
        41        79  -0.0000000000000
        41        80   0.0000000000000
        41        81   0.0000000000000
        41        82   0.0000000000000
        41        83   0.0000000000000
        41        84   0.0000000000000
        41        85  -0.0000000000000
        41        86  -0.0000000000000
        41        87  -0.0000000000000
        41        88  -0.0000000000000
        41        89  -0.0000000000000
        41        90  -0.0000000000000
        41        91  -0.0000000000000
        41        92   0.0000000000000
        41        93   0.0000000000000
        41        94   0.0000000000000
        41        95   0.0000000000000
        41        96   0.0000000000000
        41        97   0.0000000000000
        41        98   0.0000000000000
        41        99  -0.0000000000000
        41       100  -0.0000000000000
        41       101  -0.0000000000000
        41       102  -0.0000000000000
        41       103  -0.0000000000000
        41       104  -0.0000000000000
        41       105  -0.0000000000000
        41       106  -0.0000000000000
        41       107  -0.0000000000000
        41       108  -0.0000000000000
        41       109   0.0000000000000
        41       110   0.0000000000000
        41       111   0.0000000000000
        41       112   0.0000000000000
        41       113   0.0000000000000
        41       114   0.0000000000000
        41       115   0.0000000000000
        41       116   0.0000000000000
        41       117   0.0000000000000
        41       118   0.0000000000000
        41       119   0.0000000000000
        41       120   0.0000000000000
        41       121   0.0000000000000
        41       122   0.0000000000000
        41       123   0.0000000000000
        41       124   0.0000000000000
        41       125   0.0000000000000
        41       126   0.0000000000000
        41       127   0.0000000000000
        41       128   0.0000000000000
        41       129   0.0000000000000
        41       130   0.0000000000000
        41       131   0.0000000000000
        41       132   0.0000000000000
        41       133   0.0000000000000
        41       134   0.0000000000000
        41       135   0.0000000000000
        41       136   0.0000000000000
        41       137   0.0000000000000
        41       138   0.0000000000000
        41       139   0.0000000000000
        41       140   0.0000000000000

        42         1   0.0000000000000
        42         2   0.0035811974057
        42         3   0.0071622186069
        42         4   0.0107429586908
        42         5   0.0143232714834
        42         6   0.0179029514749
        42         7   0.0214817134382
        42         8   0.0250591694709
        42         9   0.0286348029609
        42        10   0.0322079388008
        42        11   0.0357777090012
        42        12   0.0393430126687
        42        13   0.0429024690964
        42        14   0.0464543624472
        42        15   0.0499965761892
        42        16   0.0535265150383
        42        17   0.0570410116656
        42        18   0.0605362148055
        42        19   0.0640074546217
        42        20   0.0674490802206
        42        21   0.0708542629776
        42        22   0.0742147578179
        42        23   0.0775206126669
        42        24   0.0807598138805
        42        25   0.0839178524421
        42        26   0.0869771919555
        42        27   0.0899166148149
        42        28   0.0927104172822
        42        29   0.0953274174989
        42        30   0.0977297328859
        42        31   0.0998712755664
        42        32   0.1016959080579
        42        33   0.1031352002102
        42        34   0.1041057401076
        42        35   0.1045059925096
        42        36   0.1042128005401
        42        37   0.1030778548035
        42        38   0.1009249226100
        42        39   0.0975496213334
        42        40   0.0927251776610
        42        41   0.0862216321952
        42        42   0.0778492793112
        42        43   0.0675492691653
        42        44   0.0555479190968
        42        45   0.0425643954212
        42        46   0.0299756343681
        42        47   0.0192762948214
        42        48   0.0112844952598
        42        49   0.0064013726907
        42        50   0.0045060410181
        42        51   0.0043999080672
        42        52   0.0044331335700
        42        53   0.0037398771195
        42        54   0.0025125329414
        42        55   0.0013318151972
        42        56   0.0005456096167
        42        57   0.0001596828479
        42        58   0.0000222731811
        42        59  -0.0000076832589
        42        60  -0.0000068133854
        42        61  -0.0000026305140
        42        62  -0.0000005577876
        42        63   0.0000000111743
        42        64   0.0000000638472
        42        65   0.0000000291414
        42        66   0.0000000073606
        42        67   0.0000000006302
        42        68  -0.0000000003897
        42        69  -0.0000000002321
        42        70  -0.0000000000699
        42        71  -0.0000000000113
        42        72   0.0000000000009
        42        73   0.0000000000013
        42        74   0.0000000000005
        42        75   0.0000000000001
        42        76   0.0000000000000
        42        77  -0.0000000000000
        42        78  -0.0000000000000
        42        79  -0.0000000000000
        42        80  -0.0000000000000
        42        81  -0.0000000000000
        42        82   0.0000000000000
        42        83   0.0000000000000
        42        84   0.0000000000000
        42        85   0.0000000000000
        42        86   0.0000000000000
        42        87   0.0000000000000
        42        88  -0.0000000000000
        42        89  -0.0000000000000
        42        90  -0.0000000000000
        42        91  -0.0000000000000
        42        92  -0.0000000000000
        42        93  -0.0000000000000
        42        94  -0.0000000000000
        42        95   0.0000000000000
        42        96   0.0000000000000
        42        97   0.0000000000000
        42        98   0.0000000000000
        42        99   0.0000000000000
        42       100   0.0000000000000
        42       101   0.0000000000000
        42       102   0.0000000000000
        42       103  -0.0000000000000
        42       104  -0.0000000000000
        42       105  -0.0000000000000
        42       106  -0.0000000000000
        42       107  -0.0000000000000
        42       108  -0.0000000000000
        42       109  -0.0000000000000
        42       110  -0.0000000000000
        42       111  -0.0000000000000
        42       112  -0.0000000000000
        42       113   0.0000000000000
        42       114   0.0000000000000
        42       115   0.0000000000000
        42       116   0.0000000000000
        42       117   0.0000000000000
        42       118   0.0000000000000
        42       119   0.0000000000000
        42       120   0.0000000000000
        42       121   0.0000000000000
        42       122   0.0000000000000
        42       123   0.0000000000000
        42       124   0.0000000000000
        42       125   0.0000000000000
        42       126   0.0000000000000
        42       127   0.0000000000000
        42       128   0.0000000000000
        42       129   0.0000000000000
        42       130   0.0000000000000
        42       131   0.0000000000000
        42       132   0.0000000000000
        42       133   0.0000000000000
        42       134   0.0000000000000
        42       135   0.0000000000000
        42       136   0.0000000000000
        42       137   0.0000000000000
        42       138   0.0000000000000
        42       139   0.0000000000000
        42       140   0.0000000000000

        43         1   0.0000000000000
        43         2   0.0053316995777
        43         3   0.0106653500732
        43         4   0.0160031115923
        43         5   0.0213471526011
        43         6   0.0266996563387
        43         7   0.0320628255038
        43         8   0.0374388850609
        43         9   0.0428300828097
        43        10   0.0482386871807
        43        11   0.0536669815361
        43        12   0.0591172540383
        43        13   0.0645917818876
        43        14   0.0700928084055
        43        15   0.0756225110165
        43        16   0.0811829576487
        43        17   0.0867760483694
        43        18   0.0924034381629
        43        19   0.0980664355636
        43        20   0.1037658702800
        43        21   0.1095019208609
        43        22   0.1152738906700
        43        23   0.1210799167011
        43        24   0.1269165907262
        43        25   0.1327784654137
        43        26   0.1386574086809
        43        27   0.1445417566248
        43        28   0.1504151974613
        43        29   0.1562552938998
        43        30   0.1620315162752
        43        31   0.1677026092726
        43        32   0.1732130451355
        43        33   0.1784882175708
        43        34   0.1834278924837
        43        35   0.1878972425143
        43        36   0.1917145448623
        43        37   0.1946343334700
        43        38   0.1963245427529
        43        39   0.1963363706891
        43        40   0.1940663932418
        43        41   0.1887181378904
        43        42   0.1792721204900
        43        43   0.1645561619129
        43        44   0.1434683434845
        43        45   0.1158057780793
        43        46   0.0841310115790
        43        47   0.0552673553424
        43        48   0.0325182394593
        43        49   0.0138822275491
        43        50  -0.0008397800699
        43        51  -0.0090716097777
        43        52  -0.0102593985600
        43        53  -0.0072763478385
        43        54  -0.0036631589491
        43        55  -0.0012715671222
        43        56  -0.0002197931922
        43        57   0.0000614055426
        43        58   0.0000668905257
        43        59   0.0000286137325
        43        60   0.0000067163100
        43        61   0.0000000379908
        43        62  -0.0000007275124
        43        63  -0.0000003474443
        43        64  -0.0000000853587
        43        65  -0.0000000038340
        43        66   0.0000000067312
        43        67   0.0000000034270
        43        68   0.0000000009147
        43        69   0.0000000000979
        43        70  -0.0000000000373
        43        71  -0.0000000000249
        43        72  -0.0000000000078
        43        73  -0.0000000000014
        43        74   0.0000000000000
        43        75   0.0000000000001
        43        76   0.0000000000001
        43        77   0.0000000000000
        43        78   0.0000000000000
        43        79  -0.0000000000000
        43        80  -0.0000000000000
        43        81  -0.0000000000000
        43        82  -0.0000000000000
        43        83  -0.0000000000000
        43        84   0.0000000000000
        43        85   0.0000000000000
        43        86   0.0000000000000
        43        87   0.0000000000000
        43        88   0.0000000000000
        43        89   0.0000000000000
        43        90  -0.0000000000000
        43        91  -0.0000000000000
        43        92  -0.0000000000000
        43        93  -0.0000000000000
        43        94  -0.0000000000000
        43        95  -0.0000000000000
        43        96  -0.0000000000000
        43        97   0.0000000000000
        43        98   0.0000000000000
        43        99   0.0000000000000
        43       100   0.0000000000000
        43       101   0.0000000000000
        43       102   0.0000000000000
        43       103   0.0000000000000
        43       104   0.0000000000000
        43       105   0.0000000000000
        43       106  -0.0000000000000
        43       107  -0.0000000000000
        43       108  -0.0000000000000
        43       109  -0.0000000000000
        43       110  -0.0000000000000
        43       111  -0.0000000000000
        43       112  -0.0000000000000
        43       113  -0.0000000000000
        43       114  -0.0000000000000
        43       115  -0.0000000000000
        43       116  -0.0000000000000
        43       117  -0.0000000000000
        43       118   0.0000000000000
        43       119   0.0000000000000
        43       120   0.0000000000000
        43       121   0.0000000000000
        43       122   0.0000000000000
        43       123   0.0000000000000
        43       124   0.0000000000000
        43       125   0.0000000000000
        43       126   0.0000000000000
        43       127   0.0000000000000
        43       128   0.0000000000000
        43       129   0.0000000000000
        43       130   0.0000000000000
        43       131   0.0000000000000
        43       132   0.0000000000000
        43       133   0.0000000000000
        43       134   0.0000000000000
        43       135   0.0000000000000
        43       136   0.0000000000000
        43       137   0.0000000000000
        43       138   0.0000000000000
        43       139   0.0000000000000
        43       140   0.0000000000000

        44         1   0.0000000000000
        44         2   0.0075437856040
        44         3   0.0150931827082
        44         4   0.0226542283745
        44         5   0.0302330748990
        44         6   0.0378360500519
        44         7   0.0454697179617
        44         8   0.0531409412700
        44         9   0.0608569451014
        44        10   0.0686253833242
        44        11   0.0764544075239
        44        12   0.0843527390658
        44        13   0.0923297445600
        44        14   0.1003955149646
        44        15   0.1085609484379
        44        16   0.1168378368676
        44        17   0.1252389557256
        44        18   0.1337781564846
        44        19   0.1424704602140
        44        20   0.1513321500629
        44        21   0.1603808589934
        44        22   0.1696356471446
        44        23   0.1791170602721
        44        24   0.1888471563596
        44        25   0.1988494810080
        44        26   0.2091489624799
        44        27   0.2197716825569
        44        28   0.2307444569273
        44        29   0.2420941242315
        44        30   0.2538463889685
        44        31   0.2660239783341
        44        32   0.2786437367261
        44        33   0.2917120600175
        44        34   0.3052177054802
        44        35   0.3191203978254
        44        36   0.3333325998739
        44        37   0.3476899900423
        44        38   0.3619029683187
        44        39   0.3754758951156
        44        40   0.3875701728303
        44        41   0.3967757671121
        44        42   0.4006955914027
        44        43   0.3954486464596
        44        44   0.3741884147429
        44        45   0.3288223475424
        44        46   0.2470112212952
        44        47   0.1573860628569
        44        48   0.1027523405702
        44        49   0.0835111058680
        44        50   0.0723694083960
        44        51   0.0534438585166
        44        52   0.0306379054163
        44        53   0.0129152610877
        44        54   0.0034851629765
        44        55   0.0001549134007
        44        56  -0.0003931331915
        44        57  -0.0002178018649
        44        58  -0.0000531768504
        44        59   0.0000040622476
        44        60   0.0000095447274
        44        61   0.0000044135781
        44        62   0.0000010813167
        44        63   0.0000000400508
        44        64  -0.0000000908099
        44        65  -0.0000000440005
        44        66  -0.0000000104533
        44        67  -0.0000000003526
        44        68   0.0000000008378
        44        69   0.0000000004044
        44        70   0.0000000001035
        44        71   0.0000000000102
        44        72  -0.0000000000044
        44        73  -0.0000000000028
        44        74  -0.0000000000008
        44        75  -0.0000000000001
        44        76   0.0000000000000
        44        77   0.0000000000000
        44        78   0.0000000000000
        44        79   0.0000000000000
        44        80   0.0000000000000
        44        81  -0.0000000000000
        44        82  -0.0000000000000
        44        83  -0.0000000000000
        44        84  -0.0000000000000
        44        85  -0.0000000000000
        44        86  -0.0000000000000
        44        87   0.0000000000000
        44        88   0.0000000000000
        44        89   0.0000000000000
        44        90   0.0000000000000
        44        91   0.0000000000000
        44        92   0.0000000000000
        44        93  -0.0000000000000
        44        94  -0.0000000000000
        44        95  -0.0000000000000
        44        96  -0.0000000000000
        44        97  -0.0000000000000
        44        98  -0.0000000000000
        44        99  -0.0000000000000
        44       100   0.0000000000000
        44       101   0.0000000000000
        44       102   0.0000000000000
        44       103   0.0000000000000
        44       104   0.0000000000000
        44       105   0.0000000000000
        44       106   0.0000000000000
        44       107   0.0000000000000
        44       108   0.0000000000000
        44       109  -0.0000000000000
        44       110  -0.0000000000000
        44       111  -0.0000000000000
        44       112  -0.0000000000000
        44       113  -0.0000000000000
        44       114  -0.0000000000000
        44       115  -0.0000000000000
        44       116  -0.0000000000000
        44       117  -0.0000000000000
        44       118  -0.0000000000000
        44       119  -0.0000000000000
        44       120  -0.0000000000000
        44       121  -0.0000000000000
        44       122  -0.0000000000000
        44       123  -0.0000000000000
        44       124  -0.0000000000000
        44       125  -0.0000000000000
        44       126   0.0000000000000
        44       127   0.0000000000000
        44       128   0.0000000000000
        44       129   0.0000000000000
        44       130   0.0000000000000
        44       131   0.0000000000000
        44       132   0.0000000000000
        44       133   0.0000000000000
        44       134   0.0000000000000
        44       135  -0.0000000000000
        44       136   0.0000000000000
        44       137   0.0000000000000
        44       138   0.0000000000000
        44       139   0.0000000000000
        44       140   0.0000000000000

        45         1   0.0000000000000
        45         2   0.0101546165729
        45         3   0.0203201436437
        45         4   0.0305082147101
        45         5   0.0407307558677
        45         6   0.0510001366153
        45         7   0.0613293262650
        45         8   0.0717320584939
        45         9   0.0822230067031
        45        10   0.0928179730978
        45        11   0.1035340947705
        45        12   0.1143900705682
        45        13   0.1254064131733
        45        14   0.1366057316398
        45        15   0.1480130506528
        45        16   0.1596561740595
        45        17   0.1715661018275
        45        18   0.1837775116039
        45        19   0.1963293185934
        45        20   0.2092653306937
        45        21   0.2226350199118
        45        22   0.2364944362985
        45        23   0.2509072973096
        45        24   0.2659462940629
        45        25   0.2816946669883
        45        26   0.2982481175695
        45        27   0.3157171411558
        45        28   0.3342298892297
        45        29   0.3539356991419
        45        30   0.3750094659584
        45        31   0.3976570742804
        45        32   0.4221221538466
        45        33   0.4486944589134
        45        34   0.4777201642838
        45        35   0.5096142362458
        45        36   0.5448745678212
        45        37   0.5840962560217
        45        38   0.6279809720936
        45        39   0.6773275910019
        45        40   0.7329673495398
        45        41   0.7955477455820
        45        42   0.8648886601800
        45        43   0.9383634035988
        45        44   1.0041666117452
        45        45   1.0402113323263
        45        46   0.8854376128348
        45        47   0.4987912268104
        45        48   0.1431021191754
        45        49  -0.0429742534194
        45        50  -0.0759381314780
        45        51  -0.0420188274830
        45        52  -0.0080760050503
        45        53   0.0058209587549
        45        54   0.0063110682035
        45        55   0.0032063484195
        45        56   0.0009862448559
        45        57   0.0001263099610
        45        58  -0.0000461199208
        45        59  -0.0000309468489
        45        60  -0.0000065273006
        45        61   0.0000014150786
        45        62   0.0000016414463
        45        63   0.0000006625506
        45        64   0.0000001436107
        45        65   0.0000000011507
        45        66  -0.0000000125034
        45        67  -0.0000000053059
        45        68  -0.0000000010770
        45        69   0.0000000000320
        45        70   0.0000000001136
        45        71   0.0000000000472
        45        72   0.0000000000109
        45        73   0.0000000000008
        45        74  -0.0000000000006
        45        75  -0.0000000000003
        45        76  -0.0000000000001
        45        77  -0.0000000000000
        45        78   0.0000000000000
        45        79   0.0000000000000
        45        80   0.0000000000000
        45        81   0.0000000000000
        45        82   0.0000000000000
        45        83  -0.0000000000000
        45        84  -0.0000000000000
        45        85  -0.0000000000000
        45        86  -0.0000000000000
        45        87  -0.0000000000000
        45        88  -0.0000000000000
        45        89   0.0000000000000
        45        90   0.0000000000000
        45        91   0.0000000000000
        45        92   0.0000000000000
        45        93   0.0000000000000
        45        94   0.0000000000000
        45        95  -0.0000000000000
        45        96  -0.0000000000000
        45        97  -0.0000000000000
        45        98  -0.0000000000000
        45        99  -0.0000000000000
        45       100  -0.0000000000000
        45       101  -0.0000000000000
        45       102  -0.0000000000000
        45       103   0.0000000000000
        45       104   0.0000000000000
        45       105   0.0000000000000
        45       106   0.0000000000000
        45       107   0.0000000000000
        45       108   0.0000000000000
        45       109   0.0000000000000
        45       110   0.0000000000000
        45       111   0.0000000000000
        45       112   0.0000000000000
        45       113  -0.0000000000000
        45       114  -0.0000000000000
        45       115  -0.0000000000000
        45       116  -0.0000000000000
        45       117  -0.0000000000000
        45       118  -0.0000000000000
        45       119  -0.0000000000000
        45       120  -0.0000000000000
        45       121  -0.0000000000000
        45       122  -0.0000000000000
        45       123  -0.0000000000000
        45       124  -0.0000000000000
        45       125  -0.0000000000000
        45       126  -0.0000000000000
        45       127  -0.0000000000000
        45       128  -0.0000000000000
        45       129  -0.0000000000000
        45       130  -0.0000000000000
        45       131  -0.0000000000000
        45       132  -0.0000000000000
        45       133  -0.0000000000000
        45       134  -0.0000000000000
        45       135  -0.0000000000000
        45       136  -0.0000000000000
        45       137  -0.0000000000000
        45       138   0.0000000000000
        45       139   0.0000000000000
        45       140   0.0000000000000

        46         1   0.0000000000000
        46         2   0.0130023242245
        46         3   0.0260220313683
        46         4   0.0390775825814
        46         5   0.0521879668468
        46         6   0.0653729725081
        46         7   0.0786534718604
        46         8   0.0920517243516
        46         9   0.1055917043667
        46        10   0.1192994603537
        46        11   0.1332035131798
        46        12   0.1473353030990
        46        13   0.1617296966493
        46        14   0.1764255672840
        46        15   0.1914664667398
        46        16   0.2069014082779
        46        17   0.2227857882838
        46        18   0.2391824797052
        46        19   0.2561631399895
        46        20   0.2738097883536
        46        21   0.2922167234831
        46        22   0.3114928747044
        46        23   0.3317647095958
        46        24   0.3531798622513
        46        25   0.3759117039654
        46        26   0.4001651594667
        46        27   0.4261841884609
        46        28   0.4542615220194
        46        29   0.4847514946145
        46        30   0.5180871912232
        46        31   0.5548037108299
        46        32   0.5955702614498
        46        33   0.6412352710731
        46        34   0.6928911233636
        46        35   0.7519692428091
        46        36   0.8203834622248
        46        37   0.9007526650588
        46        38   0.9967582403168
        46        39   1.1137398617225
        46        40   1.2597308315312
        46        41   1.4473414479249
        46        42   1.6973602862067
        46        43   2.0459687185175
        46        44   2.5602873593737
        46        45   3.3696314326941
        46        46   4.7602577049699
        46        47   2.9585901063604
        46        48   1.7963992003258
        46        49   0.9044325226280
        46        50   0.3451209696914
        46        51   0.0839726366560
        46        52   0.0039364692769
        46        53  -0.0047155076339
        46        54   0.0002340971140
        46        55   0.0023540523745
        46        56   0.0017679267604
        46        57   0.0007698818501
        46        58   0.0002133346845
        46        59   0.0000278553900
        46        60  -0.0000052948536
        46        61  -0.0000033151868
        46        62  -0.0000001933292
        46        63   0.0000004792206
        46        64   0.0000002897267
        46        65   0.0000000938460
        46        66   0.0000000163235
        46        67  -0.0000000009188
        46        68  -0.0000000016758
        46        69  -0.0000000005788
        46        70  -0.0000000000855
        46        71   0.0000000000171
        46        72   0.0000000000154
        46        73   0.0000000000053
        46        74   0.0000000000010
        46        75   0.0000000000000
        46        76  -0.0000000000001
        46        77  -0.0000000000000
        46        78  -0.0000000000000
        46        79  -0.0000000000000
        46        80   0.0000000000000
        46        81   0.0000000000000
        46        82   0.0000000000000
        46        83   0.0000000000000
        46        84   0.0000000000000
        46        85  -0.0000000000000
        46        86  -0.0000000000000
        46        87  -0.0000000000000
        46        88  -0.0000000000000
        46        89  -0.0000000000000
        46        90  -0.0000000000000
        46        91   0.0000000000000
        46        92   0.0000000000000
        46        93   0.0000000000000
        46        94   0.0000000000000
        46        95   0.0000000000000
        46        96   0.0000000000000
        46        97   0.0000000000000
        46        98  -0.0000000000000
        46        99  -0.0000000000000
        46       100  -0.0000000000000
        46       101  -0.0000000000000
        46       102  -0.0000000000000
        46       103  -0.0000000000000
        46       104  -0.0000000000000
        46       105  -0.0000000000000
        46       106   0.0000000000000
        46       107   0.0000000000000
        46       108   0.0000000000000
        46       109   0.0000000000000
        46       110   0.0000000000000
        46       111   0.0000000000000
        46       112   0.0000000000000
        46       113   0.0000000000000
        46       114   0.0000000000000
        46       115   0.0000000000000
        46       116   0.0000000000000
        46       117   0.0000000000000
        46       118  -0.0000000000000
        46       119  -0.0000000000000
        46       120  -0.0000000000000
        46       121  -0.0000000000000
        46       122  -0.0000000000000
        46       123  -0.0000000000000
        46       124  -0.0000000000000
        46       125  -0.0000000000000
        46       126  -0.0000000000000
        46       127  -0.0000000000000
        46       128  -0.0000000000000
        46       129  -0.0000000000000
        46       130  -0.0000000000000
        46       131  -0.0000000000000
        46       132  -0.0000000000000
        46       133  -0.0000000000000
        46       134  -0.0000000000000
        46       135  -0.0000000000000
        46       136  -0.0000000000000
        46       137   0.0000000000000
        46       138   0.0000000000000
        46       139   0.0000000000000
        46       140   0.0000000000000

        47         1   0.0000000000000
        47         2   0.0000000000000
        47         3   0.0000000000000
        47         4   0.0000000000000
        47         5   0.0000000000000
        47         6   0.0000000000000
        47         7   0.0000000000000
        47         8   0.0000000000000
        47         9   0.0000000000000
        47        10   0.0000000000000
        47        11   0.0000000000000
        47        12   0.0000000000000
        47        13   0.0000000000000
        47        14   0.0000000000000
        47        15   0.0000000000000
        47        16   0.0000000000000
        47        17   0.0000000000000
        47        18   0.0000000000000
        47        19   0.0000000000000
        47        20   0.0000000000000
        47        21   0.0000000000000
        47        22   0.0000000000000
        47        23   0.0000000000000
        47        24   0.0000000000000
        47        25   0.0000000000000
        47        26   0.0000000000000
        47        27   0.0000000000000
        47        28   0.0000000000000
        47        29   0.0000000000000
        47        30   0.0000000000000
        47        31   0.0000000000000
        47        32   0.0000000000000
        47        33   0.0000000000000
        47        34   0.0000000000000
        47        35   0.0000000000000
        47        36   0.0000000000000
        47        37   0.0000000000000
        47        38   0.0000000000000
        47        39   0.0000000000000
        47        40   0.0000000000000
        47        41   0.0000000000000
        47        42   0.0000000000000
        47        43   0.0000000000000
        47        44   0.0000000000000
        47        45   0.0000000000000
        47        46   0.0597064883468
        47        47   1.4749398351000
        47        48   1.6916347199905
        47        49   1.3449738763563
        47        50   0.8151478179753
        47        51   0.3791731605591
        47        52   0.1314892511337
        47        53   0.0314649814335
        47        54   0.0045686213424
        47        55   0.0010410356310
        47        56   0.0012101851862
        47        57   0.0009576813253
        47        58   0.0004828066351
        47        59   0.0001692032198
        47        60   0.0000405479752
        47        61   0.0000053603424
        47        62  -0.0000001292751
        47        63  -0.0000000505961
        47        64   0.0000001560206
        47        65   0.0000001178742
        47        66   0.0000000475168
        47        67   0.0000000122454
        47        68   0.0000000015970
        47        69  -0.0000000002398
        47        70  -0.0000000001982
        47        71  -0.0000000000527
        47        72  -0.0000000000029
        47        73   0.0000000000038
        47        74   0.0000000000020
        47        75   0.0000000000006
        47        76   0.0000000000001
        47        77  -0.0000000000000
        47        78  -0.0000000000000
        47        79  -0.0000000000000
        47        80  -0.0000000000000
        47        81  -0.0000000000000
        47        82   0.0000000000000
        47        83   0.0000000000000
        47        84   0.0000000000000
        47        85   0.0000000000000
        47        86   0.0000000000000
        47        87  -0.0000000000000
        47        88  -0.0000000000000
        47        89  -0.0000000000000
        47        90  -0.0000000000000
        47        91  -0.0000000000000
        47        92  -0.0000000000000
        47        93   0.0000000000000
        47        94   0.0000000000000
        47        95   0.0000000000000
        47        96   0.0000000000000
        47        97   0.0000000000000
        47        98   0.0000000000000
        47        99   0.0000000000000
        47       100  -0.0000000000000
        47       101  -0.0000000000000
        47       102  -0.0000000000000
        47       103  -0.0000000000000
        47       104  -0.0000000000000
        47       105  -0.0000000000000
        47       106  -0.0000000000000
        47       107  -0.0000000000000
        47       108  -0.0000000000000
        47       109   0.0000000000000
        47       110   0.0000000000000
        47       111   0.0000000000000
        47       112   0.0000000000000
        47       113   0.0000000000000
        47       114   0.0000000000000
        47       115   0.0000000000000
        47       116   0.0000000000000
        47       117   0.0000000000000
        47       118   0.0000000000000
        47       119   0.0000000000000
        47       120   0.0000000000000
        47       121   0.0000000000000
        47       122   0.0000000000000
        47       123  -0.0000000000000
        47       124  -0.0000000000000
        47       125  -0.0000000000000
        47       126  -0.0000000000000
        47       127  -0.0000000000000
        47       128  -0.0000000000000
        47       129  -0.0000000000000
        47       130  -0.0000000000000
        47       131  -0.0000000000000
        47       132  -0.0000000000000
        47       133  -0.0000000000000
        47       134  -0.0000000000000
        47       135   0.0000000000000
        47       136   0.0000000000000
        47       137   0.0000000000000
        47       138   0.0000000000000
        47       139   0.0000000000000
        47       140   0.0000000000000

        48         1   0.0000000000000
        48         2   0.0000000000000
        48         3   0.0000000000000
        48         4   0.0000000000000
        48         5   0.0000000000000
        48         6   0.0000000000000
        48         7   0.0000000000000
        48         8   0.0000000000000
        48         9   0.0000000000000
        48        10   0.0000000000000
        48        11   0.0000000000000
        48        12   0.0000000000000
        48        13   0.0000000000000
        48        14   0.0000000000000
        48        15   0.0000000000000
        48        16   0.0000000000000
        48        17   0.0000000000000
        48        18   0.0000000000000
        48        19   0.0000000000000
        48        20   0.0000000000000
        48        21   0.0000000000000
        48        22   0.0000000000000
        48        23   0.0000000000000
        48        24   0.0000000000000
        48        25   0.0000000000000
        48        26   0.0000000000000
        48        27   0.0000000000000
        48        28   0.0000000000000
        48        29   0.0000000000000
        48        30   0.0000000000000
        48        31   0.0000000000000
        48        32   0.0000000000000
        48        33   0.0000000000000
        48        34   0.0000000000000
        48        35   0.0000000000000
        48        36   0.0000000000000
        48        37   0.0000000000000
        48        38   0.0000000000000
        48        39   0.0000000000000
        48        40   0.0000000000000
        48        41   0.0000000000000
        48        42   0.0000000000000
        48        43   0.0000000000000
        48        44   0.0000000000000
        48        45   0.0000000000000
        48        46  -0.3046381347708
        48        47   0.6728743648338
        48        48   1.2064859174431
        48        49   1.3122734856073
        48        50   1.0601543989060
        48        51   0.6651024784933
        48        52   0.3281987961931
        48        53   0.1271290606782
        48        54   0.0382664769674
        48        55   0.0091377029134
        48        56   0.0022562620357
        48        57   0.0010041171064
        48        58   0.0005963592562
        48        59   0.0002973612258
        48        60   0.0001140122734
        48        61   0.0000333433915
        48        62   0.0000072853476
        48        63   0.0000011735408
        48        64   0.0000002028426
        48        65   0.0000000944516
        48        66   0.0000000544695
        48        67   0.0000000231702
        48        68   0.0000000070977
        48        69   0.0000000014906
        48        70   0.0000000001447
        48        71  -0.0000000000340
        48        72  -0.0000000000186
        48        73  -0.0000000000031
        48        74   0.0000000000007
        48        75   0.0000000000006
        48        76   0.0000000000002
        48        77   0.0000000000001
        48        78   0.0000000000000
        48        79  -0.0000000000000
        48        80  -0.0000000000000
        48        81  -0.0000000000000
        48        82  -0.0000000000000
        48        83  -0.0000000000000
        48        84   0.0000000000000
        48        85   0.0000000000000
        48        86   0.0000000000000
        48        87   0.0000000000000
        48        88   0.0000000000000
        48        89  -0.0000000000000
        48        90  -0.0000000000000
        48        91  -0.0000000000000
        48        92  -0.0000000000000
        48        93  -0.0000000000000
        48        94  -0.0000000000000
        48        95  -0.0000000000000
        48        96   0.0000000000000
        48        97   0.0000000000000
        48        98   0.0000000000000
        48        99   0.0000000000000
        48       100   0.0000000000000
        48       101   0.0000000000000
        48       102   0.0000000000000
        48       103  -0.0000000000000
        48       104  -0.0000000000000
        48       105  -0.0000000000000
        48       106  -0.0000000000000
        48       107  -0.0000000000000
        48       108  -0.0000000000000
        48       109  -0.0000000000000
        48       110  -0.0000000000000
        48       111  -0.0000000000000
        48       112  -0.0000000000000
        48       113   0.0000000000000
        48       114   0.0000000000000
        48       115   0.0000000000000
        48       116   0.0000000000000
        48       117   0.0000000000000
        48       118   0.0000000000000
        48       119   0.0000000000000
        48       120   0.0000000000000
        48       121   0.0000000000000
        48       122   0.0000000000000
        48       123   0.0000000000000
        48       124   0.0000000000000
        48       125   0.0000000000000
        48       126   0.0000000000000
        48       127   0.0000000000000
        48       128   0.0000000000000
        48       129   0.0000000000000
        48       130   0.0000000000000
        48       131   0.0000000000000
        48       132   0.0000000000000
        48       133   0.0000000000000
        48       134   0.0000000000000
        48       135   0.0000000000000
        48       136   0.0000000000000
        48       137   0.0000000000000
        48       138   0.0000000000000
        48       139   0.0000000000000
        48       140   0.0000000000000

        49         1   0.0000000000000
        49         2   0.0000000000000
        49         3   0.0000000000000
        49         4   0.0000000000000
        49         5   0.0000000000000
        49         6   0.0000000000000
        49         7   0.0000000000000
        49         8   0.0000000000000
        49         9   0.0000000000000
        49        10   0.0000000000000
        49        11   0.0000000000000
        49        12   0.0000000000000
        49        13   0.0000000000000
        49        14   0.0000000000000
        49        15   0.0000000000000
        49        16   0.0000000000000
        49        17   0.0000000000000
        49        18   0.0000000000000
        49        19   0.0000000000000
        49        20   0.0000000000000
        49        21   0.0000000000000
        49        22   0.0000000000000
        49        23   0.0000000000000
        49        24   0.0000000000000
        49        25   0.0000000000000
        49        26   0.0000000000000
        49        27   0.0000000000000
        49        28   0.0000000000000
        49        29   0.0000000000000
        49        30   0.0000000000000
        49        31   0.0000000000000
        49        32   0.0000000000000
        49        33   0.0000000000000
        49        34   0.0000000000000
        49        35   0.0000000000000
        49        36   0.0000000000000
        49        37   0.0000000000000
        49        38   0.0000000000000
        49        39   0.0000000000000
        49        40   0.0000000000000
        49        41   0.0000000000000
        49        42   0.0000000000000
        49        43   0.0000000000000
        49        44   0.0000000000000
        49        45   0.0000000000000
        49        46  -0.3716781347268
        49        47   0.3043235016194
        49        48   0.8069055913208
        49        49   1.0972717116268
        49        50   1.0926618571326
        49        51   0.8462021852121
        49        52   0.5216889417299
        49        53   0.2592952895858
        49        54   0.1046515094357
        49        55   0.0345914046947
        49        56   0.0097062654457
        49        57   0.0026609113181
        49        58   0.0009290554402
        49        59   0.0004206866860
        49        60   0.0001900529969
        49        61   0.0000735154917
        49        62   0.0000233960318
        49        63   0.0000061052059
        49        64   0.0000013453071
        49        65   0.0000002888033
        49        66   0.0000000819505
        49        67   0.0000000316060
        49        68   0.0000000121601
        49        69   0.0000000039175
        49        70   0.0000000009900
        49        71   0.0000000001797
        49        72   0.0000000000161
        49        73  -0.0000000000024
        49        74  -0.0000000000010
        49        75   0.0000000000001
        49        76   0.0000000000002
        49        77   0.0000000000001
        49        78   0.0000000000000
        49        79   0.0000000000000
        49        80   0.0000000000000
        49        81  -0.0000000000000
        49        82  -0.0000000000000
        49        83  -0.0000000000000
        49        84  -0.0000000000000
        49        85  -0.0000000000000
        49        86   0.0000000000000
        49        87   0.0000000000000
        49        88   0.0000000000000
        49        89   0.0000000000000
        49        90   0.0000000000000
        49        91  -0.0000000000000
        49        92  -0.0000000000000
        49        93  -0.0000000000000
        49        94  -0.0000000000000
        49        95  -0.0000000000000
        49        96  -0.0000000000000
        49        97  -0.0000000000000
        49        98   0.0000000000000
        49        99   0.0000000000000
        49       100   0.0000000000000
        49       101   0.0000000000000
        49       102   0.0000000000000
        49       103   0.0000000000000
        49       104   0.0000000000000
        49       105   0.0000000000000
        49       106  -0.0000000000000
        49       107  -0.0000000000000
        49       108  -0.0000000000000
        49       109  -0.0000000000000
        49       110  -0.0000000000000
        49       111  -0.0000000000000
        49       112  -0.0000000000000
        49       113  -0.0000000000000
        49       114  -0.0000000000000
        49       115  -0.0000000000000
        49       116   0.0000000000000
        49       117   0.0000000000000
        49       118   0.0000000000000
        49       119   0.0000000000000
        49       120   0.0000000000000
        49       121   0.0000000000000
        49       122   0.0000000000000
        49       123   0.0000000000000
        49       124   0.0000000000000
        49       125   0.0000000000000
        49       126   0.0000000000000
        49       127   0.0000000000000
        49       128   0.0000000000000
        49       129   0.0000000000000
        49       130   0.0000000000000
        49       131   0.0000000000000
        49       132   0.0000000000000
        49       133   0.0000000000000
        49       134   0.0000000000000
        49       135   0.0000000000000
        49       136   0.0000000000000
        49       137   0.0000000000000
        49       138   0.0000000000000
        49       139   0.0000000000000
        49       140   0.0000000000000

        50         1   0.0000000000000
        50         2   0.0000000000000
        50         3   0.0000000000000
        50         4   0.0000000000000
        50         5   0.0000000000000
        50         6   0.0000000000000
        50         7   0.0000000000000
        50         8   0.0000000000000
        50         9   0.0000000000000
        50        10   0.0000000000000
        50        11   0.0000000000000
        50        12   0.0000000000000
        50        13   0.0000000000000
        50        14   0.0000000000000
        50        15   0.0000000000000
        50        16   0.0000000000000
        50        17   0.0000000000000
        50        18   0.0000000000000
        50        19   0.0000000000000
        50        20   0.0000000000000
        50        21   0.0000000000000
        50        22   0.0000000000000
        50        23   0.0000000000000
        50        24   0.0000000000000
        50        25   0.0000000000000
        50        26   0.0000000000000
        50        27   0.0000000000000
        50        28   0.0000000000000
        50        29   0.0000000000000
        50        30   0.0000000000000
        50        31   0.0000000000000
        50        32   0.0000000000000
        50        33   0.0000000000000
        50        34   0.0000000000000
        50        35   0.0000000000000
        50        36   0.0000000000000
        50        37   0.0000000000000
        50        38   0.0000000000000
        50        39   0.0000000000000
        50        40   0.0000000000000
        50        41   0.0000000000000
        50        42   0.0000000000000
        50        43   0.0000000000000
        50        44   0.0000000000000
        50        45   0.0000000000000
        50        46  -0.3672511049625
        50        47   0.1278793096266
        50        48   0.5438660154467
        50        49   0.8682992146497
        50        50   1.0076149565755
        50        51   0.9153403774039
        50        52   0.6665508492785
        50        53   0.3952596594888
        50        54   0.1932933248332
        50        55   0.0788401557339
        50        56   0.0272453937869
        50        57   0.0082790400069
        50        58   0.0024273278061
        50        59   0.0007961937427
        50        60   0.0003083455556
        50        61   0.0001251540733
        50        62   0.0000469257676
        50        63   0.0000153783098
        50        64   0.0000043632283
        50        65   0.0000010968295
        50        66   0.0000002630573
        50        67   0.0000000688003
        50        68   0.0000000212518
        50        69   0.0000000070859
        50        70   0.0000000022239
        50        71   0.0000000006050
        50        72   0.0000000001357
        50        73   0.0000000000236
        50        74   0.0000000000029
        50        75   0.0000000000003
        50        76   0.0000000000001
        50        77   0.0000000000001
        50        78   0.0000000000000
        50        79   0.0000000000000
        50        80   0.0000000000000
        50        81   0.0000000000000
        50        82   0.0000000000000
        50        83  -0.0000000000000
        50        84  -0.0000000000000
        50        85  -0.0000000000000
        50        86  -0.0000000000000
        50        87   0.0000000000000
        50        88   0.0000000000000
        50        89   0.0000000000000
        50        90   0.0000000000000
        50        91   0.0000000000000
        50        92   0.0000000000000
        50        93  -0.0000000000000
        50        94  -0.0000000000000
        50        95  -0.0000000000000
        50        96  -0.0000000000000
        50        97  -0.0000000000000
        50        98  -0.0000000000000
        50        99  -0.0000000000000
        50       100   0.0000000000000
        50       101   0.0000000000000
        50       102   0.0000000000000
        50       103   0.0000000000000
        50       104   0.0000000000000
        50       105   0.0000000000000
        50       106   0.0000000000000
        50       107   0.0000000000000
        50       108  -0.0000000000000
        50       109  -0.0000000000000
        50       110  -0.0000000000000
        50       111  -0.0000000000000
        50       112  -0.0000000000000
        50       113  -0.0000000000000
        50       114  -0.0000000000000
        50       115  -0.0000000000000
        50       116  -0.0000000000000
        50       117  -0.0000000000000
        50       118  -0.0000000000000
        50       119  -0.0000000000000
        50       120   0.0000000000000
        50       121   0.0000000000000
        50       122   0.0000000000000
        50       123   0.0000000000000
        50       124   0.0000000000000
        50       125   0.0000000000000
        50       126   0.0000000000000
        50       127   0.0000000000000
        50       128   0.0000000000000
        50       129   0.0000000000000
        50       130   0.0000000000000
        50       131   0.0000000000000
        50       132   0.0000000000000
        50       133   0.0000000000000
        50       134   0.0000000000000
        50       135   0.0000000000000
        50       136   0.0000000000000
        50       137   0.0000000000000
        50       138   0.0000000000000
        50       139   0.0000000000000
        50       140   0.0000000000000

        51         1   0.0000000000000
        51         2   0.0000000000000
        51         3   0.0000000000000
        51         4   0.0000000000000
        51         5   0.0000000000000
        51         6   0.0000000000000
        51         7   0.0000000000000
        51         8   0.0000000000000
        51         9   0.0000000000000
        51        10   0.0000000000000
        51        11   0.0000000000000
        51        12   0.0000000000000
        51        13   0.0000000000000
        51        14   0.0000000000000
        51        15   0.0000000000000
        51        16   0.0000000000000
        51        17   0.0000000000000
        51        18   0.0000000000000
        51        19   0.0000000000000
        51        20   0.0000000000000
        51        21   0.0000000000000
        51        22   0.0000000000000
        51        23   0.0000000000000
        51        24   0.0000000000000
        51        25   0.0000000000000
        51        26   0.0000000000000
        51        27   0.0000000000000
        51        28   0.0000000000000
        51        29   0.0000000000000
        51        30   0.0000000000000
        51        31   0.0000000000000
        51        32   0.0000000000000
        51        33   0.0000000000000
        51        34   0.0000000000000
        51        35   0.0000000000000
        51        36   0.0000000000000
        51        37   0.0000000000000
        51        38   0.0000000000000
        51        39   0.0000000000000
        51        40   0.0000000000000
        51        41   0.0000000000000
        51        42   0.0000000000000
        51        43   0.0000000000000
        51        44   0.0000000000000
        51        45   0.0000000000000
        51        46  -0.3480946105073
        51        47   0.0366890406933
        51        48   0.3779676283615
        51        49   0.6814302890672
        51        50   0.8822608095539
        51        51   0.9047644198889
        51        52   0.7506271048982
        51        53   0.5106717316297
        51        54   0.2887200353285
        51        55   0.1374076074459
        51        56   0.0557906357252
        51        57   0.0196898450934
        51        58   0.0062565280963
        51        59   0.0019152103180
        51        60   0.0006193738446
        51        61   0.0002212346142
        51        62   0.0000827144257
        51        63   0.0000297385635
        51        64   0.0000097640696
        51        65   0.0000028845855
        51        66   0.0000007771744
        51        67   0.0000001993115
        51        68   0.0000000521585
        51        69   0.0000000147343
        51        70   0.0000000044292
        51        71   0.0000000013211
        51        72   0.0000000003658
        51        73   0.0000000000902
        51        74   0.0000000000194
        51        75   0.0000000000036
        51        76   0.0000000000006
        51        77   0.0000000000001
        51        78   0.0000000000000
        51        79   0.0000000000000
        51        80   0.0000000000000
        51        81   0.0000000000000
        51        82   0.0000000000000
        51        83   0.0000000000000
        51        84   0.0000000000000
        51        85  -0.0000000000000
        51        86  -0.0000000000000
        51        87  -0.0000000000000
        51        88  -0.0000000000000
        51        89   0.0000000000000
        51        90   0.0000000000000
        51        91   0.0000000000000
        51        92   0.0000000000000
        51        93   0.0000000000000
        51        94   0.0000000000000
        51        95  -0.0000000000000
        51        96  -0.0000000000000
        51        97  -0.0000000000000
        51        98  -0.0000000000000
        51        99  -0.0000000000000
        51       100  -0.0000000000000
        51       101  -0.0000000000000
        51       102   0.0000000000000
        51       103   0.0000000000000
        51       104   0.0000000000000
        51       105   0.0000000000000
        51       106   0.0000000000000
        51       107   0.0000000000000
        51       108   0.0000000000000
        51       109   0.0000000000000
        51       110   0.0000000000000
        51       111  -0.0000000000000
        51       112  -0.0000000000000
        51       113  -0.0000000000000
        51       114  -0.0000000000000
        51       115  -0.0000000000000
        51       116  -0.0000000000000
        51       117  -0.0000000000000
        51       118  -0.0000000000000
        51       119  -0.0000000000000
        51       120  -0.0000000000000
        51       121  -0.0000000000000
        51       122  -0.0000000000000
        51       123  -0.0000000000000
        51       124   0.0000000000000
        51       125   0.0000000000000
        51       126   0.0000000000000
        51       127   0.0000000000000
        51       128   0.0000000000000
        51       129   0.0000000000000
        51       130   0.0000000000000
        51       131   0.0000000000000
        51       132   0.0000000000000
        51       133   0.0000000000000
        51       134   0.0000000000000
        51       135   0.0000000000000
        51       136   0.0000000000000
        51       137   0.0000000000000
        51       138   0.0000000000000
        51       139   0.0000000000000
        51       140   0.0000000000000

        52         1   0.0000000000000
        52         2   0.0000000000000
        52         3   0.0000000000000
        52         4   0.0000000000000
        52         5   0.0000000000000
        52         6   0.0000000000000
        52         7   0.0000000000000
        52         8   0.0000000000000
        52         9   0.0000000000000
        52        10   0.0000000000000
        52        11   0.0000000000000
        52        12   0.0000000000000
        52        13   0.0000000000000
        52        14   0.0000000000000
        52        15   0.0000000000000
        52        16   0.0000000000000
        52        17   0.0000000000000
        52        18   0.0000000000000
        52        19   0.0000000000000
        52        20   0.0000000000000
        52        21   0.0000000000000
        52        22   0.0000000000000
        52        23   0.0000000000000
        52        24   0.0000000000000
        52        25   0.0000000000000
        52        26   0.0000000000000
        52        27   0.0000000000000
        52        28   0.0000000000000
        52        29   0.0000000000000
        52        30   0.0000000000000
        52        31   0.0000000000000
        52        32   0.0000000000000
        52        33   0.0000000000000
        52        34   0.0000000000000
        52        35   0.0000000000000
        52        36   0.0000000000000
        52        37   0.0000000000000
        52        38   0.0000000000000
        52        39   0.0000000000000
        52        40   0.0000000000000
        52        41   0.0000000000000
        52        42   0.0000000000000
        52        43   0.0000000000000
        52        44   0.0000000000000
        52        45   0.0000000000000
        52        46  -0.3281648239238
        52        47  -0.0139880627436
        52        48   0.2717093422609
        52        49   0.5418919307492
        52        50   0.7580476162568
        52        51   0.8508354560393
        52        52   0.7822277682246
        52        53   0.5943864689158
        52        54   0.3775001915987
        52        55   0.2029452431267
        52        56   0.0935659078446
        52        57   0.0375322766190
        52        58   0.0133599607507
        52        59   0.0043584217296
        52        60   0.0013722851580
        52        61   0.0004435045038
        52        62   0.0001518767491
        52        63   0.0000537055716
        52        64   0.0000185855181
        52        65   0.0000060441858
        52        66   0.0000018185300
        52        67   0.0000005094700
        52        68   0.0000001363726
        52        69   0.0000000363002
        52        70   0.0000000099596
        52        71   0.0000000028311
        52        72   0.0000000008092
        52        73   0.0000000002230
        52        74   0.0000000000574
        52        75   0.0000000000136
        52        76   0.0000000000030
        52        77   0.0000000000006
        52        78   0.0000000000001
        52        79   0.0000000000000
        52        80   0.0000000000000
        52        81   0.0000000000000
        52        82   0.0000000000000
        52        83   0.0000000000000
        52        84   0.0000000000000
        52        85   0.0000000000000
        52        86   0.0000000000000
        52        87  -0.0000000000000
        52        88  -0.0000000000000
        52        89  -0.0000000000000
        52        90   0.0000000000000
        52        91   0.0000000000000
        52        92   0.0000000000000
        52        93   0.0000000000000
        52        94   0.0000000000000
        52        95   0.0000000000000
        52        96   0.0000000000000
        52        97  -0.0000000000000
        52        98  -0.0000000000000
        52        99  -0.0000000000000
        52       100  -0.0000000000000
        52       101  -0.0000000000000
        52       102  -0.0000000000000
        52       103  -0.0000000000000
        52       104  -0.0000000000000
        52       105   0.0000000000000
        52       106   0.0000000000000
        52       107   0.0000000000000
        52       108   0.0000000000000
        52       109   0.0000000000000
        52       110   0.0000000000000
        52       111   0.0000000000000
        52       112   0.0000000000000
        52       113   0.0000000000000
        52       114  -0.0000000000000
        52       115  -0.0000000000000
        52       116  -0.0000000000000
        52       117  -0.0000000000000
        52       118  -0.0000000000000
        52       119  -0.0000000000000
        52       120  -0.0000000000000
        52       121  -0.0000000000000
        52       122  -0.0000000000000
        52       123  -0.0000000000000
        52       124  -0.0000000000000
        52       125  -0.0000000000000
        52       126  -0.0000000000000
        52       127  -0.0000000000000
        52       128   0.0000000000000
        52       129   0.0000000000000
        52       130   0.0000000000000
        52       131   0.0000000000000
        52       132   0.0000000000000
        52       133   0.0000000000000
        52       134   0.0000000000000
        52       135   0.0000000000000
        52       136   0.0000000000000
        52       137   0.0000000000000
        52       138   0.0000000000000
        52       139   0.0000000000000
        52       140   0.0000000000000

        53         1   0.0000000000000
        53         2   0.0000000000000
        53         3   0.0000000000000
        53         4   0.0000000000000
        53         5   0.0000000000000
        53         6   0.0000000000000
        53         7   0.0000000000000
        53         8   0.0000000000000
        53         9   0.0000000000000
        53        10   0.0000000000000
        53        11   0.0000000000000
        53        12   0.0000000000000
        53        13   0.0000000000000
        53        14   0.0000000000000
        53        15   0.0000000000000
        53        16   0.0000000000000
        53        17   0.0000000000000
        53        18   0.0000000000000
        53        19   0.0000000000000
        53        20   0.0000000000000
        53        21   0.0000000000000
        53        22   0.0000000000000
        53        23   0.0000000000000
        53        24   0.0000000000000
        53        25   0.0000000000000
        53        26   0.0000000000000
        53        27   0.0000000000000
        53        28   0.0000000000000
        53        29   0.0000000000000
        53        30   0.0000000000000
        53        31   0.0000000000000
        53        32   0.0000000000000
        53        33   0.0000000000000
        53        34   0.0000000000000
        53        35   0.0000000000000
        53        36   0.0000000000000
        53        37   0.0000000000000
        53        38   0.0000000000000
        53        39   0.0000000000000
        53        40   0.0000000000000
        53        41   0.0000000000000
        53        42   0.0000000000000
        53        43   0.0000000000000
        53        44   0.0000000000000
        53        45   0.0000000000000
        53        46  -0.3104958475625
        53        47  -0.0438248538878
        53        48   0.2014593232563
        53        49   0.4402890212693
        53        50   0.6509173780040
        53        51   0.7801826464744
        53        52   0.7769323706814
        53        53   0.6457424664470
        53        54   0.4512924604375
        53        55   0.2681516015197
        53        56   0.1371612433643
        53        57   0.0611914714734
        53        58   0.0241662359609
        53        59   0.0086167337217
        53        60   0.0028556138531
        53        61   0.0009159626473
        53        62   0.0002968292296
        53        63   0.0000993404192
        53        64   0.0000338732618
        53        65   0.0000113762190
        53        66   0.0000036541644
        53        67   0.0000011074070
        53        68   0.0000003173977
        53        69   0.0000000874042
        53        70   0.0000000236959
        53        71   0.0000000064713
        53        72   0.0000000017953
        53        73   0.0000000005002
        53        74   0.0000000001368
        53        75   0.0000000000360
        53        76   0.0000000000090
        53        77   0.0000000000021
        53        78   0.0000000000005
        53        79   0.0000000000001
        53        80   0.0000000000000
        53        81   0.0000000000000
        53        82   0.0000000000000
        53        83   0.0000000000000
        53        84   0.0000000000000
        53        85   0.0000000000000
        53        86   0.0000000000000
        53        87   0.0000000000000
        53        88   0.0000000000000
        53        89   0.0000000000000
        53        90   0.0000000000000
        53        91   0.0000000000000
        53        92   0.0000000000000
        53        93   0.0000000000000
        53        94   0.0000000000000
        53        95   0.0000000000000
        53        96   0.0000000000000
        53        97   0.0000000000000
        53        98   0.0000000000000
        53        99   0.0000000000000
        53       100  -0.0000000000000
        53       101  -0.0000000000000
        53       102  -0.0000000000000
        53       103  -0.0000000000000
        53       104  -0.0000000000000
        53       105  -0.0000000000000
        53       106  -0.0000000000000
        53       107   0.0000000000000
        53       108   0.0000000000000
        53       109   0.0000000000000
        53       110   0.0000000000000
        53       111   0.0000000000000
        53       112   0.0000000000000
        53       113   0.0000000000000
        53       114   0.0000000000000
        53       115   0.0000000000000
        53       116   0.0000000000000
        53       117   0.0000000000000
        53       118  -0.0000000000000
        53       119  -0.0000000000000
        53       120  -0.0000000000000
        53       121  -0.0000000000000
        53       122  -0.0000000000000
        53       123  -0.0000000000000
        53       124  -0.0000000000000
        53       125  -0.0000000000000
        53       126  -0.0000000000000
        53       127  -0.0000000000000
        53       128   0.0000000000000
        53       129   0.0000000000000
        53       130   0.0000000000000
        53       131   0.0000000000000
        53       132   0.0000000000000
        53       133   0.0000000000000
        53       134   0.0000000000000
        53       135   0.0000000000000
        53       136   0.0000000000000
        53       137   0.0000000000000
        53       138   0.0000000000000
        53       139   0.0000000000000
        53       140   0.0000000000000

        54         1   0.0000000000000
        54         2   0.0000000000000
        54         3   0.0000000000000
        54         4   0.0000000000000
        54         5   0.0000000000000
        54         6   0.0000000000000
        54         7   0.0000000000000
        54         8   0.0000000000000
        54         9   0.0000000000000
        54        10   0.0000000000000
        54        11   0.0000000000000
        54        12   0.0000000000000
        54        13   0.0000000000000
        54        14   0.0000000000000
        54        15   0.0000000000000
        54        16   0.0000000000000
        54        17   0.0000000000000
        54        18   0.0000000000000
        54        19   0.0000000000000
        54        20   0.0000000000000
        54        21   0.0000000000000
        54        22   0.0000000000000
        54        23   0.0000000000000
        54        24   0.0000000000000
        54        25   0.0000000000000
        54        26   0.0000000000000
        54        27   0.0000000000000
        54        28   0.0000000000000
        54        29   0.0000000000000
        54        30   0.0000000000000
        54        31   0.0000000000000
        54        32   0.0000000000000
        54        33   0.0000000000000
        54        34   0.0000000000000
        54        35   0.0000000000000
        54        36   0.0000000000000
        54        37   0.0000000000000
        54        38   0.0000000000000
        54        39   0.0000000000000
        54        40   0.0000000000000
        54        41   0.0000000000000
        54        42   0.0000000000000
        54        43   0.0000000000000
        54        44   0.0000000000000
        54        45   0.0000000000000
        54        46  -0.2953645781710
        54        47  -0.0621027016746
        54        48   0.1535058891199
        54        49   0.3662359900818
        54        50   0.5638629644023
        54        51   0.7083017528373
        54        52   0.7497214563176
        54        53   0.6698713342023
        54        54   0.5068369324058
        54        55   0.3274815598507
        54        56   0.1827409038144
        54        57   0.0891508317436
        54        58   0.0385192382835
        54        59   0.0149601901797
        54        60   0.0053232533309
        54        61   0.0017806594163
        54        62   0.0005782138872
        54        63   0.0001879376218
        54        64   0.0000620734385
        54        65   0.0000206719364
        54        66   0.0000067923547
        54        67   0.0000021573742
        54        68   0.0000006553174
        54        69   0.0000001904652
        54        70   0.0000000534911
        54        71   0.0000000147417
        54        72   0.0000000040470
        54        73   0.0000000011151
        54        74   0.0000000003074
        54        75   0.0000000000838
        54        76   0.0000000000223
        54        77   0.0000000000057
        54        78   0.0000000000014
        54        79   0.0000000000003
        54        80   0.0000000000001
        54        81   0.0000000000000
        54        82   0.0000000000000
        54        83   0.0000000000000
        54        84   0.0000000000000
        54        85   0.0000000000000
        54        86   0.0000000000000
        54        87   0.0000000000000
        54        88   0.0000000000000
        54        89   0.0000000000000
        54        90   0.0000000000000
        54        91   0.0000000000000
        54        92   0.0000000000000
        54        93   0.0000000000000
        54        94   0.0000000000000
        54        95   0.0000000000000
        54        96   0.0000000000000
        54        97   0.0000000000000
        54        98   0.0000000000000
        54        99   0.0000000000000
        54       100   0.0000000000000
        54       101   0.0000000000000
        54       102   0.0000000000000
        54       103  -0.0000000000000
        54       104  -0.0000000000000
        54       105  -0.0000000000000
        54       106  -0.0000000000000
        54       107  -0.0000000000000
        54       108  -0.0000000000000
        54       109   0.0000000000000
        54       110   0.0000000000000
        54       111   0.0000000000000
        54       112   0.0000000000000
        54       113   0.0000000000000
        54       114   0.0000000000000
        54       115   0.0000000000000
        54       116   0.0000000000000
        54       117   0.0000000000000
        54       118   0.0000000000000
        54       119   0.0000000000000
        54       120   0.0000000000000
        54       121   0.0000000000000
        54       122   0.0000000000000
        54       123   0.0000000000000
        54       124   0.0000000000000
        54       125   0.0000000000000
        54       126   0.0000000000000
        54       127   0.0000000000000
        54       128   0.0000000000000
        54       129   0.0000000000000
        54       130   0.0000000000000
        54       131   0.0000000000000
        54       132   0.0000000000000
        54       133   0.0000000000000
        54       134   0.0000000000000
        54       135   0.0000000000000
        54       136   0.0000000000000
        54       137   0.0000000000000
        54       138   0.0000000000000
        54       139   0.0000000000000
        54       140   0.0000000000000

        55         1   0.0000000000000
        55         2   0.0000000000000
        55         3   0.0000000000000
        55         4   0.0000000000000
        55         5   0.0000000000000
        55         6   0.0000000000000
        55         7   0.0000000000000
        55         8   0.0000000000000
        55         9   0.0000000000000
        55        10   0.0000000000000
        55        11   0.0000000000000
        55        12   0.0000000000000
        55        13   0.0000000000000
        55        14   0.0000000000000
        55        15   0.0000000000000
        55        16   0.0000000000000
        55        17   0.0000000000000
        55        18   0.0000000000000
        55        19   0.0000000000000
        55        20   0.0000000000000
        55        21   0.0000000000000
        55        22   0.0000000000000
        55        23   0.0000000000000
        55        24   0.0000000000000
        55        25   0.0000000000000
        55        26   0.0000000000000
        55        27   0.0000000000000
        55        28   0.0000000000000
        55        29   0.0000000000000
        55        30   0.0000000000000
        55        31   0.0000000000000
        55        32   0.0000000000000
        55        33   0.0000000000000
        55        34   0.0000000000000
        55        35   0.0000000000000
        55        36   0.0000000000000
        55        37   0.0000000000000
        55        38   0.0000000000000
        55        39   0.0000000000000
        55        40   0.0000000000000
        55        41   0.0000000000000
        55        42   0.0000000000000
        55        43   0.0000000000000
        55        44   0.0000000000000
        55        45   0.0000000000000
        55        46  -0.2824169673335
        55        47  -0.0735219758238
        55        48   0.1198868987299
        55        49   0.3116903582023
        55        50   0.4948508501275
        55        51   0.6425616811525
        55        52   0.7119144873580
        55        53   0.6738572142765
        55        54   0.5445467469229
        55        55   0.3776581254120
        55        56   0.2269269177458
        55        57   0.1194806204165
        55        58   0.0557832733502
        55        59   0.0233887050875
        55        60   0.0089353286270
        55        61   0.0031668760569
        55        62   0.0010650295854
        55        63   0.0003486496256
        55        64   0.0001136002061
        55        65   0.0000372248428
        55        66   0.0000122079201
        55        67   0.0000039505433
        55        68   0.0000012439075
        55        69   0.0000003781136
        55        70   0.0000001109357
        55        71   0.0000000316123
        55        72   0.0000000088379
        55        73   0.0000000024487
        55        74   0.0000000006765
        55        75   0.0000000001863
        55        76   0.0000000000509
        55        77   0.0000000000137
        55        78   0.0000000000036
        55        79   0.0000000000009
        55        80   0.0000000000002
        55        81   0.0000000000001
        55        82   0.0000000000000
        55        83   0.0000000000000
        55        84   0.0000000000000
        55        85   0.0000000000000
        55        86   0.0000000000000
        55        87   0.0000000000000
        55        88   0.0000000000000
        55        89   0.0000000000000
        55        90   0.0000000000000
        55        91   0.0000000000000
        55        92   0.0000000000000
        55        93   0.0000000000000
        55        94   0.0000000000000
        55        95   0.0000000000000
        55        96   0.0000000000000
        55        97   0.0000000000000
        55        98   0.0000000000000
        55        99   0.0000000000000
        55       100   0.0000000000000
        55       101   0.0000000000000
        55       102   0.0000000000000
        55       103   0.0000000000000
        55       104   0.0000000000000
        55       105   0.0000000000000
        55       106   0.0000000000000
        55       107  -0.0000000000000
        55       108  -0.0000000000000
        55       109   0.0000000000000
        55       110   0.0000000000000
        55       111   0.0000000000000
        55       112   0.0000000000000
        55       113   0.0000000000000
        55       114   0.0000000000000
        55       115   0.0000000000000
        55       116   0.0000000000000
        55       117   0.0000000000000
        55       118   0.0000000000000
        55       119   0.0000000000000
        55       120   0.0000000000000
        55       121   0.0000000000000
        55       122   0.0000000000000
        55       123   0.0000000000000
        55       124   0.0000000000000
        55       125   0.0000000000000
        55       126   0.0000000000000
        55       127   0.0000000000000
        55       128   0.0000000000000
        55       129   0.0000000000000
        55       130   0.0000000000000
        55       131   0.0000000000000
        55       132   0.0000000000000
        55       133   0.0000000000000
        55       134   0.0000000000000
        55       135   0.0000000000000
        55       136   0.0000000000000
        55       137   0.0000000000000
        55       138   0.0000000000000
        55       139   0.0000000000000
        55       140   0.0000000000000

        56         1   0.0000000000000
        56         2   0.0000000000000
        56         3   0.0000000000000
        56         4   0.0000000000000
        56         5   0.0000000000000
        56         6   0.0000000000000
        56         7   0.0000000000000
        56         8   0.0000000000000
        56         9   0.0000000000000
        56        10   0.0000000000000
        56        11   0.0000000000000
        56        12   0.0000000000000
        56        13   0.0000000000000
        56        14   0.0000000000000
        56        15   0.0000000000000
        56        16   0.0000000000000
        56        17   0.0000000000000
        56        18   0.0000000000000
        56        19   0.0000000000000
        56        20   0.0000000000000
        56        21   0.0000000000000
        56        22   0.0000000000000
        56        23   0.0000000000000
        56        24   0.0000000000000
        56        25   0.0000000000000
        56        26   0.0000000000000
        56        27   0.0000000000000
        56        28   0.0000000000000
        56        29   0.0000000000000
        56        30   0.0000000000000
        56        31   0.0000000000000
        56        32   0.0000000000000
        56        33   0.0000000000000
        56        34   0.0000000000000
        56        35   0.0000000000000
        56        36   0.0000000000000
        56        37   0.0000000000000
        56        38   0.0000000000000
        56        39   0.0000000000000
        56        40   0.0000000000000
        56        41   0.0000000000000
        56        42   0.0000000000000
        56        43   0.0000000000000
        56        44   0.0000000000000
        56        45   0.0000000000000
        56        46  -0.2712151173289
        56        47  -0.0806199890225
        56        48   0.0958521688343
        56        49   0.2710086851454
        56        50   0.4405863282772
        56        51   0.5855498389554
        56        52   0.6708787846277
        56        53   0.6644539897261
        56        54   0.5668853274548
        56        55   0.4174253284827
        56        56   0.2672417550589
        56        57   0.1502653081110
        56        58   0.0750325795870
        56        59   0.0336563633755
        56        60   0.0137290200886
        56        61   0.0051645923440
        56        62   0.0018217884510
        56        63   0.0006144687225
        56        64   0.0002022360128
        56        65   0.0000660176968
        56        66   0.0000215285636
        56        67   0.0000069909294
        56        68   0.0000022394909
        56        69   0.0000007010333
        56        70   0.0000002132608
        56        71   0.0000000630282
        56        72   0.0000000181726
        56        73   0.0000000051464
        56        74   0.0000000014415
        56        75   0.0000000004012
        56        76   0.0000000001111
        56        77   0.0000000000306
        56        78   0.0000000000083
        56        79   0.0000000000022
        56        80   0.0000000000006
        56        81   0.0000000000002
        56        82   0.0000000000000
        56        83   0.0000000000000
        56        84   0.0000000000000
        56        85   0.0000000000000
        56        86   0.0000000000000
        56        87   0.0000000000000
        56        88   0.0000000000000
        56        89   0.0000000000000
        56        90   0.0000000000000
        56        91   0.0000000000000
        56        92   0.0000000000000
        56        93   0.0000000000000
        56        94   0.0000000000000
        56        95   0.0000000000000
        56        96   0.0000000000000
        56        97   0.0000000000000
        56        98   0.0000000000000
        56        99   0.0000000000000
        56       100   0.0000000000000
        56       101   0.0000000000000
        56       102   0.0000000000000
        56       103   0.0000000000000
        56       104   0.0000000000000
        56       105   0.0000000000000
        56       106   0.0000000000000
        56       107   0.0000000000000
        56       108   0.0000000000000
        56       109   0.0000000000000
        56       110   0.0000000000000
        56       111   0.0000000000000
        56       112   0.0000000000000
        56       113   0.0000000000000
        56       114   0.0000000000000
        56       115   0.0000000000000
        56       116   0.0000000000000
        56       117   0.0000000000000
        56       118   0.0000000000000
        56       119   0.0000000000000
        56       120   0.0000000000000
        56       121   0.0000000000000
        56       122   0.0000000000000
        56       123   0.0000000000000
        56       124   0.0000000000000
        56       125   0.0000000000000
        56       126   0.0000000000000
        56       127   0.0000000000000
        56       128   0.0000000000000
        56       129   0.0000000000000
        56       130   0.0000000000000
        56       131   0.0000000000000
        56       132   0.0000000000000
        56       133   0.0000000000000
        56       134   0.0000000000000
        56       135   0.0000000000000
        56       136   0.0000000000000
        56       137   0.0000000000000
        56       138   0.0000000000000
        56       139   0.0000000000000
        56       140   0.0000000000000

        57         1   0.0000000000000
        57         2   0.0000000000000
        57         3   0.0000000000000
        57         4   0.0000000000000
        57         5   0.0000000000000
        57         6   0.0000000000000
        57         7   0.0000000000000
        57         8   0.0000000000000
        57         9   0.0000000000000
        57        10   0.0000000000000
        57        11   0.0000000000000
        57        12   0.0000000000000
        57        13   0.0000000000000
        57        14   0.0000000000000
        57        15   0.0000000000000
        57        16   0.0000000000000
        57        17   0.0000000000000
        57        18   0.0000000000000
        57        19   0.0000000000000
        57        20   0.0000000000000
        57        21   0.0000000000000
        57        22   0.0000000000000
        57        23   0.0000000000000
        57        24   0.0000000000000
        57        25   0.0000000000000
        57        26   0.0000000000000
        57        27   0.0000000000000
        57        28   0.0000000000000
        57        29   0.0000000000000
        57        30   0.0000000000000
        57        31   0.0000000000000
        57        32   0.0000000000000
        57        33   0.0000000000000
        57        34   0.0000000000000
        57        35   0.0000000000000
        57        36   0.0000000000000
        57        37   0.0000000000000
        57        38   0.0000000000000
        57        39   0.0000000000000
        57        40   0.0000000000000
        57        41   0.0000000000000
        57        42   0.0000000000000
        57        43   0.0000000000000
        57        44   0.0000000000000
        57        45   0.0000000000000
        57        46  -0.2613655670954
        57        47  -0.0848418217530
        57        48   0.0784700727781
        57        49   0.2403338231165
        57        50   0.3979425856179
        57        51   0.5374569491867
        57        52   0.6308531399968
        57        53   0.6470982404117
        57        54   0.5770866617329
        57        55   0.4469839578771
        57        56   0.3021934186007
        57        57   0.1798837107588
        57        58   0.0952460605939
        57        59   0.0453406413795
        57        60   0.0196197775159
        57        61   0.0078087831230
        57        62   0.0028967460212
        57        63   0.0010168921344
        57        64   0.0003434991372
        57        65   0.0001134643339
        57        66   0.0000370943114
        57        67   0.0000120625243
        57        68   0.0000038933002
        57        69   0.0000012394717
        57        70   0.0000003867610
        57        71   0.0000001178505
        57        72   0.0000000350620
        57        73   0.0000000102147
        57        74   0.0000000029279
        57        75   0.0000000008298
        57        76   0.0000000002334
        57        77   0.0000000000652
        57        78   0.0000000000181
        57        79   0.0000000000050
        57        80   0.0000000000014
        57        81   0.0000000000004
        57        82   0.0000000000001
        57        83   0.0000000000000
        57        84   0.0000000000000
        57        85   0.0000000000000
        57        86   0.0000000000000
        57        87   0.0000000000000
        57        88   0.0000000000000
        57        89   0.0000000000000
        57        90   0.0000000000000
        57        91   0.0000000000000
        57        92   0.0000000000000
        57        93   0.0000000000000
        57        94   0.0000000000000
        57        95   0.0000000000000
        57        96   0.0000000000000
        57        97   0.0000000000000
        57        98   0.0000000000000
        57        99   0.0000000000000
        57       100   0.0000000000000
        57       101   0.0000000000000
        57       102   0.0000000000000
        57       103   0.0000000000000
        57       104   0.0000000000000
        57       105   0.0000000000000
        57       106   0.0000000000000
        57       107   0.0000000000000
        57       108   0.0000000000000
        57       109   0.0000000000000
        57       110   0.0000000000000
        57       111   0.0000000000000
        57       112   0.0000000000000
        57       113   0.0000000000000
        57       114   0.0000000000000
        57       115   0.0000000000000
        57       116   0.0000000000000
        57       117   0.0000000000000
        57       118   0.0000000000000
        57       119   0.0000000000000
        57       120   0.0000000000000
        57       121   0.0000000000000
        57       122   0.0000000000000
        57       123   0.0000000000000
        57       124   0.0000000000000
        57       125   0.0000000000000
        57       126   0.0000000000000
        57       127   0.0000000000000
        57       128   0.0000000000000
        57       129   0.0000000000000
        57       130   0.0000000000000
        57       131   0.0000000000000
        57       132   0.0000000000000
        57       133   0.0000000000000
        57       134   0.0000000000000
        57       135   0.0000000000000
        57       136   0.0000000000000
        57       137   0.0000000000000
        57       138   0.0000000000000
        57       139   0.0000000000000
        57       140   0.0000000000000

        58         1   0.0000000000000
        58         2   0.0000000000000
        58         3   0.0000000000000
        58         4   0.0000000000000
        58         5   0.0000000000000
        58         6   0.0000000000000
        58         7   0.0000000000000
        58         8   0.0000000000000
        58         9   0.0000000000000
        58        10   0.0000000000000
        58        11   0.0000000000000
        58        12   0.0000000000000
        58        13   0.0000000000000
        58        14   0.0000000000000
        58        15   0.0000000000000
        58        16   0.0000000000000
        58        17   0.0000000000000
        58        18   0.0000000000000
        58        19   0.0000000000000
        58        20   0.0000000000000
        58        21   0.0000000000000
        58        22   0.0000000000000
        58        23   0.0000000000000
        58        24   0.0000000000000
        58        25   0.0000000000000
        58        26   0.0000000000000
        58        27   0.0000000000000
        58        28   0.0000000000000
        58        29   0.0000000000000
        58        30   0.0000000000000
        58        31   0.0000000000000
        58        32   0.0000000000000
        58        33   0.0000000000000
        58        34   0.0000000000000
        58        35   0.0000000000000
        58        36   0.0000000000000
        58        37   0.0000000000000
        58        38   0.0000000000000
        58        39   0.0000000000000
        58        40   0.0000000000000
        58        41   0.0000000000000
        58        42   0.0000000000000
        58        43   0.0000000000000
        58        44   0.0000000000000
        58        45   0.0000000000000
        58        46  -0.2525379820071
        58        47  -0.0870462001220
        58        48   0.0658694398628
        58        49   0.2170263380856
        58        50   0.3643537653004
        58        51   0.4974629598566
        58        52   0.5939619500285
        58        53   0.6257204272832
        58        54   0.5783491794365
        58        55   0.4674021888740
        58        56   0.3311458063110
        58        57   0.2071380089216
        58        58   0.1154606189401
        58        59   0.0579262465013
        58        60   0.0264245096409
        58        61   0.0110760223828
        58        62   0.0043139760893
        58        63   0.0015807756675
        58        64   0.0005524403238
        58        65   0.0001867482185
        58        66   0.0000618471991
        58        67   0.0000202470615
        58        68   0.0000065753634
        58        69   0.0000021153023
        58        70   0.0000006713163
        58        71   0.0000002093059
        58        72   0.0000000639608
        58        73   0.0000000191582
        58        74   0.0000000056370
        58        75   0.0000000016349
        58        76   0.0000000004691
        58        77   0.0000000001336
        58        78   0.0000000000378
        58        79   0.0000000000106
        58        80   0.0000000000030
        58        81   0.0000000000008
        58        82   0.0000000000002
        58        83   0.0000000000001
        58        84   0.0000000000000
        58        85   0.0000000000000
        58        86   0.0000000000000
        58        87   0.0000000000000
        58        88   0.0000000000000
        58        89   0.0000000000000
        58        90   0.0000000000000
        58        91   0.0000000000000
        58        92   0.0000000000000
        58        93   0.0000000000000
        58        94   0.0000000000000
        58        95   0.0000000000000
        58        96   0.0000000000000
        58        97   0.0000000000000
        58        98   0.0000000000000
        58        99   0.0000000000000
        58       100   0.0000000000000
        58       101   0.0000000000000
        58       102   0.0000000000000
        58       103   0.0000000000000
        58       104   0.0000000000000
        58       105   0.0000000000000
        58       106   0.0000000000000
        58       107   0.0000000000000
        58       108   0.0000000000000
        58       109   0.0000000000000
        58       110   0.0000000000000
        58       111   0.0000000000000
        58       112   0.0000000000000
        58       113   0.0000000000000
        58       114   0.0000000000000
        58       115   0.0000000000000
        58       116   0.0000000000000
        58       117   0.0000000000000
        58       118   0.0000000000000
        58       119   0.0000000000000
        58       120   0.0000000000000
        58       121   0.0000000000000
        58       122   0.0000000000000
        58       123   0.0000000000000
        58       124   0.0000000000000
        58       125   0.0000000000000
        58       126   0.0000000000000
        58       127   0.0000000000000
        58       128   0.0000000000000
        58       129   0.0000000000000
        58       130   0.0000000000000
        58       131   0.0000000000000
        58       132   0.0000000000000
        58       133   0.0000000000000
        58       134   0.0000000000000
        58       135   0.0000000000000
        58       136   0.0000000000000
        58       137   0.0000000000000
        58       138   0.0000000000000
        58       139   0.0000000000000
        58       140   0.0000000000000

        59         1   0.0000000000000
        59         2   0.0000000000000
        59         3   0.0000000000000
        59         4   0.0000000000000
        59         5   0.0000000000000
        59         6   0.0000000000000
        59         7   0.0000000000000
        59         8   0.0000000000000
        59         9   0.0000000000000
        59        10   0.0000000000000
        59        11   0.0000000000000
        59        12   0.0000000000000
        59        13   0.0000000000000
        59        14   0.0000000000000
        59        15   0.0000000000000
        59        16   0.0000000000000
        59        17   0.0000000000000
        59        18   0.0000000000000
        59        19   0.0000000000000
        59        20   0.0000000000000
        59        21   0.0000000000000
        59        22   0.0000000000000
        59        23   0.0000000000000
        59        24   0.0000000000000
        59        25   0.0000000000000
        59        26   0.0000000000000
        59        27   0.0000000000000
        59        28   0.0000000000000
        59        29   0.0000000000000
        59        30   0.0000000000000
        59        31   0.0000000000000
        59        32   0.0000000000000
        59        33   0.0000000000000
        59        34   0.0000000000000
        59        35   0.0000000000000
        59        36   0.0000000000000
        59        37   0.0000000000000
        59        38   0.0000000000000
        59        39   0.0000000000000
        59        40   0.0000000000000
        59        41   0.0000000000000
        59        42   0.0000000000000
        59        43   0.0000000000000
        59        44   0.0000000000000
        59        45   0.0000000000000
        59        46  -0.2444576138232
        59        47  -0.0877597849694
        59        48   0.0568184970994
        59        49   0.1992573995931
        59        50   0.3378266644134
        59        51   0.4644387011385
        59        52   0.5610463520539
        59        53   0.6029373283589
        59        54   0.5734302371618
        59        55   0.4801410523358
        59        56   0.3540999419957
        59        57   0.2312680657696
        59        58   0.1348671983974
        59        59   0.0708815259481
        59        60   0.0338956884426
        59        61   0.0148912304869
        59        62   0.0060703271266
        59        63   0.0023205224006
        59        64   0.0008414270650
        59        65   0.0002929188355
        59        66   0.0000990641102
        59        67   0.0000328771588
        59        68   0.0000107792656
        59        69   0.0000035004153
        59        70   0.0000011248550
        59        71   0.0000003567468
        59        72   0.0000001113700
        59        73   0.0000000341761
        59        74   0.0000000103121
        59        75   0.0000000030647
        59        76   0.0000000008995
        59        77   0.0000000002614
        59        78   0.0000000000754
        59        79   0.0000000000216
        59        80   0.0000000000062
        59        81   0.0000000000018
        59        82   0.0000000000005
        59        83   0.0000000000001
        59        84   0.0000000000000
        59        85   0.0000000000000
        59        86   0.0000000000000
        59        87   0.0000000000000
        59        88   0.0000000000000
        59        89   0.0000000000000
        59        90   0.0000000000000
        59        91   0.0000000000000
        59        92   0.0000000000000
        59        93   0.0000000000000
        59        94   0.0000000000000
        59        95   0.0000000000000
        59        96   0.0000000000000
        59        97   0.0000000000000
        59        98   0.0000000000000
        59        99   0.0000000000000
        59       100   0.0000000000000
        59       101   0.0000000000000
        59       102   0.0000000000000
        59       103   0.0000000000000
        59       104   0.0000000000000
        59       105   0.0000000000000
        59       106   0.0000000000000
        59       107   0.0000000000000
        59       108   0.0000000000000
        59       109   0.0000000000000
        59       110   0.0000000000000
        59       111   0.0000000000000
        59       112   0.0000000000000
        59       113   0.0000000000000
        59       114   0.0000000000000
        59       115   0.0000000000000
        59       116   0.0000000000000
        59       117   0.0000000000000
        59       118   0.0000000000000
        59       119   0.0000000000000
        59       120   0.0000000000000
        59       121   0.0000000000000
        59       122   0.0000000000000
        59       123   0.0000000000000
        59       124   0.0000000000000
        59       125   0.0000000000000
        59       126   0.0000000000000
        59       127   0.0000000000000
        59       128   0.0000000000000
        59       129   0.0000000000000
        59       130   0.0000000000000
        59       131   0.0000000000000
        59       132   0.0000000000000
        59       133   0.0000000000000
        59       134   0.0000000000000
        59       135   0.0000000000000
        59       136   0.0000000000000
        59       137   0.0000000000000
        59       138   0.0000000000000
        59       139   0.0000000000000
        59       140   0.0000000000000

        60         1   0.0000000000000
        60         2   0.0000000000000
        60         3   0.0000000000000
        60         4   0.0000000000000
        60         5   0.0000000000000
        60         6   0.0000000000000
        60         7   0.0000000000000
        60         8   0.0000000000000
        60         9   0.0000000000000
        60        10   0.0000000000000
        60        11   0.0000000000000
        60        12   0.0000000000000
        60        13   0.0000000000000
        60        14   0.0000000000000
        60        15   0.0000000000000
        60        16   0.0000000000000
        60        17   0.0000000000000
        60        18   0.0000000000000
        60        19   0.0000000000000
        60        20   0.0000000000000
        60        21   0.0000000000000
        60        22   0.0000000000000
        60        23   0.0000000000000
        60        24   0.0000000000000
        60        25   0.0000000000000
        60        26   0.0000000000000
        60        27   0.0000000000000
        60        28   0.0000000000000
        60        29   0.0000000000000
        60        30   0.0000000000000
        60        31   0.0000000000000
        60        32   0.0000000000000
        60        33   0.0000000000000
        60        34   0.0000000000000
        60        35   0.0000000000000
        60        36   0.0000000000000
        60        37   0.0000000000000
        60        38   0.0000000000000
        60        39   0.0000000000000
        60        40   0.0000000000000
        60        41   0.0000000000000
        60        42   0.0000000000000
        60        43   0.0000000000000
        60        44   0.0000000000000
        60        45   0.0000000000000
        60        46  -0.2368937129620
        60        47  -0.0873124590358
        60        48   0.0504837465890
        60        49   0.1857381335372
        60        50   0.3168432289179
        60        51   0.4372596725451
        60        52   0.5322358042987
        60        53   0.5803640514247
        60        54   0.5645105551827
        60        55   0.4867315340875
        60        56   0.3714689561566
        60        57   0.2518967502635
        60        58   0.1528537126078
        60        59   0.0837159236696
        60        60   0.0417568028534
        60        61   0.0191407394172
        60        62   0.0081368573787
        60        63   0.0032381681167
        60        64   0.0012183797668
        60        65   0.0004379522651
        60        66   0.0001519890131
        60        67   0.0000514287964
        60        68   0.0000171023692
        60        69   0.0000056177263
        60        70   0.0000018262663
        60        71   0.0000005872959
        60        72   0.0000001865193
        60        73   0.0000000584095
        60        74   0.0000000180235
        60        75   0.0000000054827
        60        76   0.0000000016465
        60        77   0.0000000004892
        60        78   0.0000000001441
        60        79   0.0000000000422
        60        80   0.0000000000123
        60        81   0.0000000000036
        60        82   0.0000000000010
        60        83   0.0000000000003
        60        84   0.0000000000001
        60        85   0.0000000000000
        60        86   0.0000000000000
        60        87   0.0000000000000
        60        88   0.0000000000000
        60        89   0.0000000000000
        60        90   0.0000000000000
        60        91   0.0000000000000
        60        92   0.0000000000000
        60        93   0.0000000000000
        60        94   0.0000000000000
        60        95   0.0000000000000
        60        96   0.0000000000000
        60        97   0.0000000000000
        60        98   0.0000000000000
        60        99   0.0000000000000
        60       100   0.0000000000000
        60       101   0.0000000000000
        60       102   0.0000000000000
        60       103   0.0000000000000
        60       104   0.0000000000000
        60       105   0.0000000000000
        60       106   0.0000000000000
        60       107   0.0000000000000
        60       108   0.0000000000000
        60       109   0.0000000000000
        60       110   0.0000000000000
        60       111   0.0000000000000
        60       112   0.0000000000000
        60       113   0.0000000000000
        60       114   0.0000000000000
        60       115   0.0000000000000
        60       116   0.0000000000000
        60       117   0.0000000000000
        60       118   0.0000000000000
        60       119   0.0000000000000
        60       120   0.0000000000000
        60       121   0.0000000000000
        60       122   0.0000000000000
        60       123   0.0000000000000
        60       124   0.0000000000000
        60       125   0.0000000000000
        60       126   0.0000000000000
        60       127   0.0000000000000
        60       128   0.0000000000000
        60       129   0.0000000000000
        60       130   0.0000000000000
        60       131   0.0000000000000
        60       132   0.0000000000000
        60       133   0.0000000000000
        60       134   0.0000000000000
        60       135   0.0000000000000
        60       136   0.0000000000000
        60       137   0.0000000000000
        60       138   0.0000000000000
        60       139   0.0000000000000
        60       140   0.0000000000000

        61         1   0.0000000000000
        61         2   0.0000000000000
        61         3   0.0000000000000
        61         4   0.0000000000000
        61         5   0.0000000000000
        61         6   0.0000000000000
        61         7   0.0000000000000
        61         8   0.0000000000000
        61         9   0.0000000000000
        61        10   0.0000000000000
        61        11   0.0000000000000
        61        12   0.0000000000000
        61        13   0.0000000000000
        61        14   0.0000000000000
        61        15   0.0000000000000
        61        16   0.0000000000000
        61        17   0.0000000000000
        61        18   0.0000000000000
        61        19   0.0000000000000
        61        20   0.0000000000000
        61        21   0.0000000000000
        61        22   0.0000000000000
        61        23   0.0000000000000
        61        24   0.0000000000000
        61        25   0.0000000000000
        61        26   0.0000000000000
        61        27   0.0000000000000
        61        28   0.0000000000000
        61        29   0.0000000000000
        61        30   0.0000000000000
        61        31   0.0000000000000
        61        32   0.0000000000000
        61        33   0.0000000000000
        61        34   0.0000000000000
        61        35   0.0000000000000
        61        36   0.0000000000000
        61        37   0.0000000000000
        61        38   0.0000000000000
        61        39   0.0000000000000
        61        40   0.0000000000000
        61        41   0.0000000000000
        61        42   0.0000000000000
        61        43   0.0000000000000
        61        44   0.0000000000000
        61        45   0.0000000000000
        61        46  -0.2296493279912
        61        47  -0.0859130254690
        61        48   0.0462872703186
        61        49   0.1755432039449
        61        50   0.3002513147398
        61        51   0.4149246927091
        61        52   0.5073017325080
        61        53   0.5589143870253
        61        54   0.5532104397246
        61        55   0.4885868314481
        61        56   0.3838892081355
        61        57   0.2689449316955
        61        58   0.1690082736326
        61        59   0.0960155578977
        61        60   0.0497328421100
        61        61   0.0236877914225
        61        62   0.0104635100134
        61        63   0.0043233745105
        61        64   0.0016857305182
        61        65   0.0006259603169
        61        66   0.0002234404177
        61        67   0.0000773727762
        61        68   0.0000262027103
        61        69   0.0000087328875
        61        70   0.0000028754726
        61        71   0.0000009368488
        61        72   0.0000003019740
        61        73   0.0000000962077
        61        74   0.0000000302713
        61        75   0.0000000094048
        61        76   0.0000000028868
        61        77   0.0000000008766
        61        78   0.0000000002638
        61        79   0.0000000000788
        61        80   0.0000000000234
        61        81   0.0000000000069
        61        82   0.0000000000020
        61        83   0.0000000000006
        61        84   0.0000000000002
        61        85   0.0000000000001
        61        86   0.0000000000000
        61        87   0.0000000000000
        61        88   0.0000000000000
        61        89   0.0000000000000
        61        90   0.0000000000000
        61        91   0.0000000000000
        61        92   0.0000000000000
        61        93   0.0000000000000
        61        94   0.0000000000000
        61        95   0.0000000000000
        61        96   0.0000000000000
        61        97   0.0000000000000
        61        98   0.0000000000000
        61        99   0.0000000000000
        61       100   0.0000000000000
        61       101   0.0000000000000
        61       102   0.0000000000000
        61       103   0.0000000000000
        61       104   0.0000000000000
        61       105   0.0000000000000
        61       106   0.0000000000000
        61       107   0.0000000000000
        61       108   0.0000000000000
        61       109   0.0000000000000
        61       110   0.0000000000000
        61       111   0.0000000000000
        61       112   0.0000000000000
        61       113   0.0000000000000
        61       114   0.0000000000000
        61       115   0.0000000000000
        61       116   0.0000000000000
        61       117   0.0000000000000
        61       118   0.0000000000000
        61       119   0.0000000000000
        61       120   0.0000000000000
        61       121   0.0000000000000
        61       122   0.0000000000000
        61       123   0.0000000000000
        61       124   0.0000000000000
        61       125   0.0000000000000
        61       126   0.0000000000000
        61       127   0.0000000000000
        61       128   0.0000000000000
        61       129   0.0000000000000
        61       130   0.0000000000000
        61       131   0.0000000000000
        61       132   0.0000000000000
        61       133   0.0000000000000
        61       134   0.0000000000000
        61       135   0.0000000000000
        61       136   0.0000000000000
        61       137   0.0000000000000
        61       138   0.0000000000000
        61       139   0.0000000000000
        61       140   0.0000000000000

        62         1   0.0000000000000
        62         2   0.0000000000000
        62         3   0.0000000000000
        62         4   0.0000000000000
        62         5   0.0000000000000
        62         6   0.0000000000000
        62         7   0.0000000000000
        62         8   0.0000000000000
        62         9   0.0000000000000
        62        10   0.0000000000000
        62        11   0.0000000000000
        62        12   0.0000000000000
        62        13   0.0000000000000
        62        14   0.0000000000000
        62        15   0.0000000000000
        62        16   0.0000000000000
        62        17   0.0000000000000
        62        18   0.0000000000000
        62        19   0.0000000000000
        62        20   0.0000000000000
        62        21   0.0000000000000
        62        22   0.0000000000000
        62        23   0.0000000000000
        62        24   0.0000000000000
        62        25   0.0000000000000
        62        26   0.0000000000000
        62        27   0.0000000000000
        62        28   0.0000000000000
        62        29   0.0000000000000
        62        30   0.0000000000000
        62        31   0.0000000000000
        62        32   0.0000000000000
        62        33   0.0000000000000
        62        34   0.0000000000000
        62        35   0.0000000000000
        62        36   0.0000000000000
        62        37   0.0000000000000
        62        38   0.0000000000000
        62        39   0.0000000000000
        62        40   0.0000000000000
        62        41   0.0000000000000
        62        42   0.0000000000000
        62        43   0.0000000000000
        62        44   0.0000000000000
        62        45   0.0000000000000
        62        46  -0.2225534017724
        62        47  -0.0836934886730
        62        48   0.0438195372176
        62        49   0.1679956311798
        62        50   0.2871723167739
        62        51   0.3965852680066
        62        52   0.4858603797945
        62        53   0.5390407936808
        62        54   0.5406743040208
        62        55   0.4869144520075
        62        56   0.3920814681430
        62        57   0.2825424412331
        62        58   0.1830978002866
        62        59   0.1074593252314
        62        60   0.0575727907407
        62        61   0.0283874373098
        62        62   0.0129855377686
        62        63   0.0055549634725
        62        64   0.0022401703793
        62        65   0.0008586698925
        62        66   0.0003154660179
        62        67   0.0001120128634
        62        68   0.0000387394349
        62        69   0.0000131370806
        62        70   0.0000043899869
        62        71   0.0000014499867
        62        72   0.0000004739798
        62        73   0.0000001533530
        62        74   0.0000000490893
        62        75   0.0000000155421
        62        76   0.0000000048676
        62        77   0.0000000015091
        62        78   0.0000000004637
        62        79   0.0000000001414
        62        80   0.0000000000429
        62        81   0.0000000000129
        62        82   0.0000000000039
        62        83   0.0000000000012
        62        84   0.0000000000003
        62        85   0.0000000000001
        62        86   0.0000000000000
        62        87   0.0000000000000
        62        88   0.0000000000000
        62        89   0.0000000000000
        62        90   0.0000000000000
        62        91   0.0000000000000
        62        92   0.0000000000000
        62        93   0.0000000000000
        62        94   0.0000000000000
        62        95   0.0000000000000
        62        96   0.0000000000000
        62        97   0.0000000000000
        62        98   0.0000000000000
        62        99   0.0000000000000
        62       100   0.0000000000000
        62       101   0.0000000000000
        62       102   0.0000000000000
        62       103   0.0000000000000
        62       104   0.0000000000000
        62       105   0.0000000000000
        62       106   0.0000000000000
        62       107   0.0000000000000
        62       108   0.0000000000000
        62       109   0.0000000000000
        62       110   0.0000000000000
        62       111   0.0000000000000
        62       112   0.0000000000000
        62       113   0.0000000000000
        62       114   0.0000000000000
        62       115   0.0000000000000
        62       116   0.0000000000000
        62       117   0.0000000000000
        62       118   0.0000000000000
        62       119   0.0000000000000
        62       120   0.0000000000000
        62       121   0.0000000000000
        62       122   0.0000000000000
        62       123   0.0000000000000
        62       124   0.0000000000000
        62       125   0.0000000000000
        62       126   0.0000000000000
        62       127   0.0000000000000
        62       128   0.0000000000000
        62       129   0.0000000000000
        62       130   0.0000000000000
        62       131   0.0000000000000
        62       132   0.0000000000000
        62       133   0.0000000000000
        62       134   0.0000000000000
        62       135   0.0000000000000
        62       136   0.0000000000000
        62       137   0.0000000000000
        62       138   0.0000000000000
        62       139   0.0000000000000
        62       140   0.0000000000000

        63         1   0.0000000000000
        63         2   0.0000000000000
        63         3   0.0000000000000
        63         4   0.0000000000000
        63         5   0.0000000000000
        63         6   0.0000000000000
        63         7   0.0000000000000
        63         8   0.0000000000000
        63         9   0.0000000000000
        63        10   0.0000000000000
        63        11   0.0000000000000
        63        12   0.0000000000000
        63        13   0.0000000000000
        63        14   0.0000000000000
        63        15   0.0000000000000
        63        16   0.0000000000000
        63        17   0.0000000000000
        63        18   0.0000000000000
        63        19   0.0000000000000
        63        20   0.0000000000000
        63        21   0.0000000000000
        63        22   0.0000000000000
        63        23   0.0000000000000
        63        24   0.0000000000000
        63        25   0.0000000000000
        63        26   0.0000000000000
        63        27   0.0000000000000
        63        28   0.0000000000000
        63        29   0.0000000000000
        63        30   0.0000000000000
        63        31   0.0000000000000
        63        32   0.0000000000000
        63        33   0.0000000000000
        63        34   0.0000000000000
        63        35   0.0000000000000
        63        36   0.0000000000000
        63        37   0.0000000000000
        63        38   0.0000000000000
        63        39   0.0000000000000
        63        40   0.0000000000000
        63        41   0.0000000000000
        63        42   0.0000000000000
        63        43   0.0000000000000
        63        44   0.0000000000000
        63        45   0.0000000000000
        63        46  -0.2154549435341
        63        47  -0.0807359998819
        63        48   0.0427845092512
        63        49   0.1625907866374
        63        50   0.2769300707084
        63        51   0.3815382581380
        63        52   0.4674818709838
        63        53   0.5209077039385
        63        54   0.5276736340250
        63        55   0.4826926274903
        63        56   0.3967599214939
        63        57   0.2929496327121
        63        58   0.1950347577526
        63        59   0.1178203291956
        63        60   0.0650636373228
        63        61   0.0330989485159
        63        62   0.0156303401047
        63        63   0.0069034502221
        63        64   0.0028730914041
        63        65   0.0011352199277
        63        66   0.0004290966433
        63        67   0.0001563382737
        63        68   0.0000553068402
        63        69   0.0000191232892
        63        70   0.0000064980729
        63        71   0.0000021785598
        63        72   0.0000007223890
        63        73   0.0000002371808
        63        74   0.0000000771297
        63        75   0.0000000248418
        63        76   0.0000000079247
        63        77   0.0000000025049
        63        78   0.0000000007851
        63        79   0.0000000002442
        63        80   0.0000000000755
        63        81   0.0000000000232
        63        82   0.0000000000071
        63        83   0.0000000000022
        63        84   0.0000000000007
        63        85   0.0000000000002
        63        86   0.0000000000001
        63        87   0.0000000000000
        63        88   0.0000000000000
        63        89   0.0000000000000
        63        90   0.0000000000000
        63        91   0.0000000000000
        63        92   0.0000000000000
        63        93   0.0000000000000
        63        94   0.0000000000000
        63        95   0.0000000000000
        63        96   0.0000000000000
        63        97   0.0000000000000
        63        98   0.0000000000000
        63        99   0.0000000000000
        63       100   0.0000000000000
        63       101   0.0000000000000
        63       102   0.0000000000000
        63       103   0.0000000000000
        63       104   0.0000000000000
        63       105   0.0000000000000
        63       106   0.0000000000000
        63       107   0.0000000000000
        63       108   0.0000000000000
        63       109   0.0000000000000
        63       110   0.0000000000000
        63       111   0.0000000000000
        63       112   0.0000000000000
        63       113   0.0000000000000
        63       114   0.0000000000000
        63       115   0.0000000000000
        63       116   0.0000000000000
        63       117   0.0000000000000
        63       118   0.0000000000000
        63       119   0.0000000000000
        63       120   0.0000000000000
        63       121   0.0000000000000
        63       122   0.0000000000000
        63       123   0.0000000000000
        63       124   0.0000000000000
        63       125   0.0000000000000
        63       126   0.0000000000000
        63       127   0.0000000000000
        63       128   0.0000000000000
        63       129   0.0000000000000
        63       130   0.0000000000000
        63       131   0.0000000000000
        63       132   0.0000000000000
        63       133   0.0000000000000
        63       134   0.0000000000000
        63       135   0.0000000000000
        63       136   0.0000000000000
        63       137   0.0000000000000
        63       138   0.0000000000000
        63       139   0.0000000000000
        63       140   0.0000000000000

        64         1   0.0000000000000
        64         2   0.0000000000000
        64         3   0.0000000000000
        64         4   0.0000000000000
        64         5   0.0000000000000
        64         6   0.0000000000000
        64         7   0.0000000000000
        64         8   0.0000000000000
        64         9   0.0000000000000
        64        10   0.0000000000000
        64        11   0.0000000000000
        64        12   0.0000000000000
        64        13   0.0000000000000
        64        14   0.0000000000000
        64        15   0.0000000000000
        64        16   0.0000000000000
        64        17   0.0000000000000
        64        18   0.0000000000000
        64        19   0.0000000000000
        64        20   0.0000000000000
        64        21   0.0000000000000
        64        22   0.0000000000000
        64        23   0.0000000000000
        64        24   0.0000000000000
        64        25   0.0000000000000
        64        26   0.0000000000000
        64        27   0.0000000000000
        64        28   0.0000000000000
        64        29   0.0000000000000
        64        30   0.0000000000000
        64        31   0.0000000000000
        64        32   0.0000000000000
        64        33   0.0000000000000
        64        34   0.0000000000000
        64        35   0.0000000000000
        64        36   0.0000000000000
        64        37   0.0000000000000
        64        38   0.0000000000000
        64        39   0.0000000000000
        64        40   0.0000000000000
        64        41   0.0000000000000
        64        42   0.0000000000000
        64        43   0.0000000000000
        64        44   0.0000000000000
        64        45   0.0000000000000
        64        46  -0.2082188572118
        64        47  -0.0770898498784
        64        48   0.0429641280686
        64        49   0.1589455209145
        64        50   0.2689981894539
        64        51   0.3692061230322
        64        52   0.4517448455094
        64        53   0.5045088478332
        64        54   0.5147032261170
        64        55   0.4766829019367
        64        56   0.3985797070592
        64        57   0.3004955419888
        64        58   0.2048410811385
        64        59   0.1269578023016
        64        60   0.0720369349003
        64        61   0.0376949094430
        64        62   0.0183237314229
        64        63   0.0083340224862
        64        64   0.0035715365980
        64        65   0.0014522588690
        64        66   0.0005642252547
        64        67   0.0002109120519
        64        68   0.0000763725098
        64        69   0.0000269596873
        64        70   0.0000093293474
        64        71   0.0000031789819
        64        72   0.0000010700851
        64        73   0.0000003565390
        64        74   0.0000001177069
        64        75   0.0000000385207
        64        76   0.0000000124992
        64        77   0.0000000040224
        64        78   0.0000000012845
        64        79   0.0000000004073
        64        80   0.0000000001284
        64        81   0.0000000000403
        64        82   0.0000000000126
        64        83   0.0000000000039
        64        84   0.0000000000012
        64        85   0.0000000000004
        64        86   0.0000000000001
        64        87   0.0000000000000
        64        88   0.0000000000000
        64        89   0.0000000000000
        64        90   0.0000000000000
        64        91   0.0000000000000
        64        92   0.0000000000000
        64        93   0.0000000000000
        64        94   0.0000000000000
        64        95   0.0000000000000
        64        96   0.0000000000000
        64        97   0.0000000000000
        64        98   0.0000000000000
        64        99   0.0000000000000
        64       100   0.0000000000000
        64       101   0.0000000000000
        64       102   0.0000000000000
        64       103   0.0000000000000
        64       104   0.0000000000000
        64       105   0.0000000000000
        64       106   0.0000000000000
        64       107   0.0000000000000
        64       108   0.0000000000000
        64       109   0.0000000000000
        64       110   0.0000000000000
        64       111   0.0000000000000
        64       112   0.0000000000000
        64       113   0.0000000000000
        64       114   0.0000000000000
        64       115   0.0000000000000
        64       116   0.0000000000000
        64       117   0.0000000000000
        64       118   0.0000000000000
        64       119   0.0000000000000
        64       120   0.0000000000000
        64       121   0.0000000000000
        64       122   0.0000000000000
        64       123   0.0000000000000
        64       124   0.0000000000000
        64       125   0.0000000000000
        64       126   0.0000000000000
        64       127   0.0000000000000
        64       128   0.0000000000000
        64       129   0.0000000000000
        64       130   0.0000000000000
        64       131   0.0000000000000
        64       132   0.0000000000000
        64       133   0.0000000000000
        64       134   0.0000000000000
        64       135   0.0000000000000
        64       136   0.0000000000000
        64       137   0.0000000000000
        64       138   0.0000000000000
        64       139   0.0000000000000
        64       140   0.0000000000000

        65         1   0.0000000000000
        65         2   0.0000000000000
        65         3   0.0000000000000
        65         4   0.0000000000000
        65         5   0.0000000000000
        65         6   0.0000000000000
        65         7   0.0000000000000
        65         8   0.0000000000000
        65         9   0.0000000000000
        65        10   0.0000000000000
        65        11   0.0000000000000
        65        12   0.0000000000000
        65        13   0.0000000000000
        65        14   0.0000000000000
        65        15   0.0000000000000
        65        16   0.0000000000000
        65        17   0.0000000000000
        65        18   0.0000000000000
        65        19   0.0000000000000
        65        20   0.0000000000000
        65        21   0.0000000000000
        65        22   0.0000000000000
        65        23   0.0000000000000
        65        24   0.0000000000000
        65        25   0.0000000000000
        65        26   0.0000000000000
        65        27   0.0000000000000
        65        28   0.0000000000000
        65        29   0.0000000000000
        65        30   0.0000000000000
        65        31   0.0000000000000
        65        32   0.0000000000000
        65        33   0.0000000000000
        65        34   0.0000000000000
        65        35   0.0000000000000
        65        36   0.0000000000000
        65        37   0.0000000000000
        65        38   0.0000000000000
        65        39   0.0000000000000
        65        40   0.0000000000000
        65        41   0.0000000000000
        65        42   0.0000000000000
        65        43   0.0000000000000
        65        44   0.0000000000000
        65        45   0.0000000000000
        65        46  -0.2007230432284
        65        47  -0.0727825424698
        65        48   0.0441947747164
        65        49   0.1567635983928
        65        50   0.2629616534856
        65        51   0.3591151858393
        65        52   0.4382610809645
        65        53   0.4897431453122
        65        54   0.5020608386938
        65        55   0.4694595672549
        65        56   0.3981121669570
        65        57   0.3055332685237
        65        58   0.2126147686014
        65        59   0.1348039641507
        65        60   0.0783696429031
        65        61   0.0420669348113
        65        62   0.0209950572325
        65        63   0.0098095054782
        65        64   0.0043194409023
        65        65   0.0018042821380
        65        66   0.0007196116904
        65        67   0.0002758077091
        65        68   0.0001022282089
        65        69   0.0000368640773
        65        70   0.0000130041318
        65        71   0.0000045085256
        65        72   0.0000015419168
        65        73   0.0000005215566
        65        74   0.0000001747774
        65        75   0.0000000580808
        65        76   0.0000000191505
        65        77   0.0000000062676
        65        78   0.0000000020370
        65        79   0.0000000006578
        65        80   0.0000000002112
        65        81   0.0000000000675
        65        82   0.0000000000215
        65        83   0.0000000000068
        65        84   0.0000000000022
        65        85   0.0000000000007
        65        86   0.0000000000002
        65        87   0.0000000000001
        65        88   0.0000000000000
        65        89   0.0000000000000
        65        90   0.0000000000000
        65        91   0.0000000000000
        65        92   0.0000000000000
        65        93   0.0000000000000
        65        94   0.0000000000000
        65        95   0.0000000000000
        65        96   0.0000000000000
        65        97   0.0000000000000
        65        98   0.0000000000000
        65        99   0.0000000000000
        65       100   0.0000000000000
        65       101   0.0000000000000
        65       102   0.0000000000000
        65       103   0.0000000000000
        65       104   0.0000000000000
        65       105   0.0000000000000
        65       106   0.0000000000000
        65       107   0.0000000000000
        65       108   0.0000000000000
        65       109   0.0000000000000
        65       110   0.0000000000000
        65       111   0.0000000000000
        65       112   0.0000000000000
        65       113   0.0000000000000
        65       114   0.0000000000000
        65       115   0.0000000000000
        65       116   0.0000000000000
        65       117   0.0000000000000
        65       118   0.0000000000000
        65       119   0.0000000000000
        65       120   0.0000000000000
        65       121   0.0000000000000
        65       122   0.0000000000000
        65       123   0.0000000000000
        65       124   0.0000000000000
        65       125   0.0000000000000
        65       126   0.0000000000000
        65       127   0.0000000000000
        65       128   0.0000000000000
        65       129   0.0000000000000
        65       130   0.0000000000000
        65       131   0.0000000000000
        65       132   0.0000000000000
        65       133   0.0000000000000
        65       134   0.0000000000000
        65       135   0.0000000000000
        65       136   0.0000000000000
        65       137   0.0000000000000
        65       138   0.0000000000000
        65       139   0.0000000000000
        65       140   0.0000000000000

        66         1   0.0000000000000
        66         2   0.0000000000000
        66         3   0.0000000000000
        66         4   0.0000000000000
        66         5   0.0000000000000
        66         6   0.0000000000000
        66         7   0.0000000000000
        66         8   0.0000000000000
        66         9   0.0000000000000
        66        10   0.0000000000000
        66        11   0.0000000000000
        66        12   0.0000000000000
        66        13   0.0000000000000
        66        14   0.0000000000000
        66        15   0.0000000000000
        66        16   0.0000000000000
        66        17   0.0000000000000
        66        18   0.0000000000000
        66        19   0.0000000000000
        66        20   0.0000000000000
        66        21   0.0000000000000
        66        22   0.0000000000000
        66        23   0.0000000000000
        66        24   0.0000000000000
        66        25   0.0000000000000
        66        26   0.0000000000000
        66        27   0.0000000000000
        66        28   0.0000000000000
        66        29   0.0000000000000
        66        30   0.0000000000000
        66        31   0.0000000000000
        66        32   0.0000000000000
        66        33   0.0000000000000
        66        34   0.0000000000000
        66        35   0.0000000000000
        66        36   0.0000000000000
        66        37   0.0000000000000
        66        38   0.0000000000000
        66        39   0.0000000000000
        66        40   0.0000000000000
        66        41   0.0000000000000
        66        42   0.0000000000000
        66        43   0.0000000000000
        66        44   0.0000000000000
        66        45   0.0000000000000
        66        46  -0.1928564687341
        66        47  -0.0678272296345
        66        48   0.0463513364673
        66        49   0.1558118751740
        66        50   0.2584889323894
        66        51   0.3508759268788
        66        52   0.4266843234059
        66        53   0.4764620970361
        66        54   0.4899086122785
        66        55   0.4614441212705
        66        56   0.3958381905118
        66        57   0.3084104225725
        66        58   0.2185018384459
        66        59   0.1413491185828
        66        60   0.0839810893122
        66        61   0.0461284310875
        66        62   0.0235809205407
        66        63   0.0112929896086
        66        64   0.0050989623110
        66        65   0.0021841283091
        66        66   0.0008929949867
        66        67   0.0003505970342
        66        68   0.0001329590696
        66        69   0.0000489827856
        66        70   0.0000176230123
        66        71   0.0000062210891
        66        72   0.0000021632446
        66        73   0.0000007432267
        66        74   0.0000002528498
        66        75   0.0000000853021
        66        76   0.0000000285636
        66        77   0.0000000094993
        66        78   0.0000000031392
        66        79   0.0000000010314
        66        80   0.0000000003371
        66        81   0.0000000001097
        66        82   0.0000000000356
        66        83   0.0000000000115
        66        84   0.0000000000037
        66        85   0.0000000000012
        66        86   0.0000000000004
        66        87   0.0000000000001
        66        88   0.0000000000000
        66        89   0.0000000000000
        66        90   0.0000000000000
        66        91   0.0000000000000
        66        92   0.0000000000000
        66        93   0.0000000000000
        66        94   0.0000000000000
        66        95   0.0000000000000
        66        96   0.0000000000000
        66        97   0.0000000000000
        66        98   0.0000000000000
        66        99   0.0000000000000
        66       100   0.0000000000000
        66       101   0.0000000000000
        66       102   0.0000000000000
        66       103   0.0000000000000
        66       104   0.0000000000000
        66       105   0.0000000000000
        66       106   0.0000000000000
        66       107   0.0000000000000
        66       108   0.0000000000000
        66       109   0.0000000000000
        66       110   0.0000000000000
        66       111   0.0000000000000
        66       112   0.0000000000000
        66       113   0.0000000000000
        66       114   0.0000000000000
        66       115   0.0000000000000
        66       116   0.0000000000000
        66       117   0.0000000000000
        66       118   0.0000000000000
        66       119   0.0000000000000
        66       120   0.0000000000000
        66       121   0.0000000000000
        66       122   0.0000000000000
        66       123   0.0000000000000
        66       124   0.0000000000000
        66       125   0.0000000000000
        66       126   0.0000000000000
        66       127   0.0000000000000
        66       128   0.0000000000000
        66       129   0.0000000000000
        66       130   0.0000000000000
        66       131   0.0000000000000
        66       132   0.0000000000000
        66       133   0.0000000000000
        66       134   0.0000000000000
        66       135   0.0000000000000
        66       136   0.0000000000000
        66       137   0.0000000000000
        66       138   0.0000000000000
        66       139   0.0000000000000
        66       140   0.0000000000000

        67         1   0.0000000000000
        67         2   0.0000000000000
        67         3   0.0000000000000
        67         4   0.0000000000000
        67         5   0.0000000000000
        67         6   0.0000000000000
        67         7   0.0000000000000
        67         8   0.0000000000000
        67         9   0.0000000000000
        67        10   0.0000000000000
        67        11   0.0000000000000
        67        12   0.0000000000000
        67        13   0.0000000000000
        67        14   0.0000000000000
        67        15   0.0000000000000
        67        16   0.0000000000000
        67        17   0.0000000000000
        67        18   0.0000000000000
        67        19   0.0000000000000
        67        20   0.0000000000000
        67        21   0.0000000000000
        67        22   0.0000000000000
        67        23   0.0000000000000
        67        24   0.0000000000000
        67        25   0.0000000000000
        67        26   0.0000000000000
        67        27   0.0000000000000
        67        28   0.0000000000000
        67        29   0.0000000000000
        67        30   0.0000000000000
        67        31   0.0000000000000
        67        32   0.0000000000000
        67        33   0.0000000000000
        67        34   0.0000000000000
        67        35   0.0000000000000
        67        36   0.0000000000000
        67        37   0.0000000000000
        67        38   0.0000000000000
        67        39   0.0000000000000
        67        40   0.0000000000000
        67        41   0.0000000000000
        67        42   0.0000000000000
        67        43   0.0000000000000
        67        44   0.0000000000000
        67        45   0.0000000000000
        67        46  -0.1845179675168
        67        47  -0.0622278304319
        67        48   0.0493362444945
        67        49   0.1559036811599
        67        50   0.2553117485803
        67        51   0.3441664915343
        67        52   0.4167112519217
        67        53   0.4644984669853
        67        54   0.4783183007024
        67        55   0.4529383438653
        67        56   0.3921522208677
        67        57   0.3094514409737
        67        58   0.2226744541071
        67        59   0.1466271531484
        67        60   0.0888276705217
        67        61   0.0498150401850
        67        62   0.0260275326625
        67        63   0.0127499370782
        67        64   0.0058917445409
        67        65   0.0025835510055
        67        66   0.0010812841190
        67        67   0.0004343842231
        67        68   0.0001684331145
        67        69   0.0000633763746
        67        70   0.0000232579271
        67        71   0.0000083629692
        67        72   0.0000029582648
        67        73   0.0000010328375
        67        74   0.0000003568214
        67        75   0.0000001222071
        67        76   0.0000000415455
        67        77   0.0000000140320
        67        78   0.0000000047116
        67        79   0.0000000015737
        67        80   0.0000000005232
        67        81   0.0000000001732
        67        82   0.0000000000572
        67        83   0.0000000000188
        67        84   0.0000000000062
        67        85   0.0000000000020
        67        86   0.0000000000007
        67        87   0.0000000000002
        67        88   0.0000000000001
        67        89   0.0000000000000
        67        90   0.0000000000000
        67        91   0.0000000000000
        67        92   0.0000000000000
        67        93   0.0000000000000
        67        94   0.0000000000000
        67        95   0.0000000000000
        67        96   0.0000000000000
        67        97   0.0000000000000
        67        98   0.0000000000000
        67        99   0.0000000000000
        67       100   0.0000000000000
        67       101   0.0000000000000
        67       102   0.0000000000000
        67       103   0.0000000000000
        67       104   0.0000000000000
        67       105   0.0000000000000
        67       106   0.0000000000000
        67       107   0.0000000000000
        67       108   0.0000000000000
        67       109   0.0000000000000
        67       110   0.0000000000000
        67       111   0.0000000000000
        67       112   0.0000000000000
        67       113   0.0000000000000
        67       114   0.0000000000000
        67       115   0.0000000000000
        67       116   0.0000000000000
        67       117   0.0000000000000
        67       118   0.0000000000000
        67       119   0.0000000000000
        67       120   0.0000000000000
        67       121   0.0000000000000
        67       122   0.0000000000000
        67       123   0.0000000000000
        67       124   0.0000000000000
        67       125   0.0000000000000
        67       126   0.0000000000000
        67       127   0.0000000000000
        67       128   0.0000000000000
        67       129   0.0000000000000
        67       130   0.0000000000000
        67       131   0.0000000000000
        67       132   0.0000000000000
        67       133   0.0000000000000
        67       134   0.0000000000000
        67       135   0.0000000000000
        67       136   0.0000000000000
        67       137   0.0000000000000
        67       138   0.0000000000000
        67       139   0.0000000000000
        67       140   0.0000000000000

        68         1   0.0000000000000
        68         2   0.0000000000000
        68         3   0.0000000000000
        68         4   0.0000000000000
        68         5   0.0000000000000
        68         6   0.0000000000000
        68         7   0.0000000000000
        68         8   0.0000000000000
        68         9   0.0000000000000
        68        10   0.0000000000000
        68        11   0.0000000000000
        68        12   0.0000000000000
        68        13   0.0000000000000
        68        14   0.0000000000000
        68        15   0.0000000000000
        68        16   0.0000000000000
        68        17   0.0000000000000
        68        18   0.0000000000000
        68        19   0.0000000000000
        68        20   0.0000000000000
        68        21   0.0000000000000
        68        22   0.0000000000000
        68        23   0.0000000000000
        68        24   0.0000000000000
        68        25   0.0000000000000
        68        26   0.0000000000000
        68        27   0.0000000000000
        68        28   0.0000000000000
        68        29   0.0000000000000
        68        30   0.0000000000000
        68        31   0.0000000000000
        68        32   0.0000000000000
        68        33   0.0000000000000
        68        34   0.0000000000000
        68        35   0.0000000000000
        68        36   0.0000000000000
        68        37   0.0000000000000
        68        38   0.0000000000000
        68        39   0.0000000000000
        68        40   0.0000000000000
        68        41   0.0000000000000
        68        42   0.0000000000000
        68        43   0.0000000000000
        68        44   0.0000000000000
        68        45   0.0000000000000
        68        46  -0.1756155697345
        68        47  -0.0559826050395
        68        48   0.0530718590665
        68        49   0.1568871258006
        68        50   0.2532103597991
        68        51   0.3387194282774
        68        52   0.4080788508285
        68        53   0.4536830748614
        68        54   0.4673035290875
        68        55   0.4441530806128
        68        56   0.3873717118736
        68        57   0.3089485393990
        68        58   0.2253149057460
        68        59   0.1507026617619
        68        60   0.0928965465838
        68        61   0.0530834434807
        68        62   0.0282918576078
        68        63   0.0141497002979
        68        64   0.0066800043634
        68        65   0.0029937946016
        68        66   0.0012807943920
        68        67   0.0005258763137
        68        68   0.0002083100917
        68        69   0.0000800132739
        68        70   0.0000299457535
        68        71   0.0000109691459
        68        72   0.0000039483094
        68        73   0.0000014013118
        68        74   0.0000004917571
        68        75   0.0000001709981
        68        76   0.0000000590128
        68        77   0.0000000202354
        68        78   0.0000000069002
        68        79   0.0000000023414
        68        80   0.0000000007911
        68        81   0.0000000002663
        68        82   0.0000000000894
        68        83   0.0000000000299
        68        84   0.0000000000100
        68        85   0.0000000000033
        68        86   0.0000000000011
        68        87   0.0000000000004
        68        88   0.0000000000001
        68        89   0.0000000000000
        68        90   0.0000000000000
        68        91   0.0000000000000
        68        92   0.0000000000000
        68        93   0.0000000000000
        68        94   0.0000000000000
        68        95   0.0000000000000
        68        96   0.0000000000000
        68        97   0.0000000000000
        68        98   0.0000000000000
        68        99   0.0000000000000
        68       100   0.0000000000000
        68       101   0.0000000000000
        68       102   0.0000000000000
        68       103   0.0000000000000
        68       104   0.0000000000000
        68       105   0.0000000000000
        68       106   0.0000000000000
        68       107   0.0000000000000
        68       108   0.0000000000000
        68       109   0.0000000000000
        68       110   0.0000000000000
        68       111   0.0000000000000
        68       112   0.0000000000000
        68       113   0.0000000000000
        68       114   0.0000000000000
        68       115   0.0000000000000
        68       116   0.0000000000000
        68       117   0.0000000000000
        68       118   0.0000000000000
        68       119   0.0000000000000
        68       120   0.0000000000000
        68       121   0.0000000000000
        68       122   0.0000000000000
        68       123   0.0000000000000
        68       124   0.0000000000000
        68       125   0.0000000000000
        68       126   0.0000000000000
        68       127   0.0000000000000
        68       128   0.0000000000000
        68       129   0.0000000000000
        68       130   0.0000000000000
        68       131   0.0000000000000
        68       132   0.0000000000000
        68       133   0.0000000000000
        68       134   0.0000000000000
        68       135   0.0000000000000
        68       136   0.0000000000000
        68       137   0.0000000000000
        68       138   0.0000000000000
        68       139   0.0000000000000
        68       140   0.0000000000000

        69         1   0.0000000000000
        69         2   0.0000000000000
        69         3   0.0000000000000
        69         4   0.0000000000000
        69         5   0.0000000000000
        69         6   0.0000000000000
        69         7   0.0000000000000
        69         8   0.0000000000000
        69         9   0.0000000000000
        69        10   0.0000000000000
        69        11   0.0000000000000
        69        12   0.0000000000000
        69        13   0.0000000000000
        69        14   0.0000000000000
        69        15   0.0000000000000
        69        16   0.0000000000000
        69        17   0.0000000000000
        69        18   0.0000000000000
        69        19   0.0000000000000
        69        20   0.0000000000000
        69        21   0.0000000000000
        69        22   0.0000000000000
        69        23   0.0000000000000
        69        24   0.0000000000000
        69        25   0.0000000000000
        69        26   0.0000000000000
        69        27   0.0000000000000
        69        28   0.0000000000000
        69        29   0.0000000000000
        69        30   0.0000000000000
        69        31   0.0000000000000
        69        32   0.0000000000000
        69        33   0.0000000000000
        69        34   0.0000000000000
        69        35   0.0000000000000
        69        36   0.0000000000000
        69        37   0.0000000000000
        69        38   0.0000000000000
        69        39   0.0000000000000
        69        40   0.0000000000000
        69        41   0.0000000000000
        69        42   0.0000000000000
        69        43   0.0000000000000
        69        44   0.0000000000000
        69        45   0.0000000000000
        69        46  -0.1660661605728
        69        47  -0.0490866171213
        69        48   0.0574951868265
        69        49   0.1586368326320
        69        50   0.2520028308290
        69        51   0.3343112512322
        69        52   0.4005604140490
        69        53   0.4438542091304
        69        54   0.4568422573464
        69        55   0.4352318582572
        69        56   0.3817486687958
        69        57   0.3071585168221
        69        58   0.2266045909241
        69        59   0.1536602243511
        69        60   0.0961992133573
        69        61   0.0559091376325
        69        62   0.0303417932721
        69        63   0.0154664697580
        69        64   0.0074473860086
        69        65   0.0034061195152
        69        66   0.0014874987256
        69        67   0.0006234774919
        69        68   0.0002520663460
        69        69   0.0000987712545
        69        70   0.0000376849234
        69        71   0.0000140604676
        69        72   0.0000051503107
        69        73   0.0000018585255
        69        74   0.0000006626293
        69        75   0.0000002339713
        69        76   0.0000000819670
        69        77   0.0000000285299
        69        78   0.0000000098763
        69        79   0.0000000034031
        69        80   0.0000000011680
        69        81   0.0000000003995
        69        82   0.0000000001363
        69        83   0.0000000000464
        69        84   0.0000000000158
        69        85   0.0000000000054
        69        86   0.0000000000018
        69        87   0.0000000000006
        69        88   0.0000000000002
        69        89   0.0000000000001
        69        90   0.0000000000000
        69        91   0.0000000000000
        69        92   0.0000000000000
        69        93   0.0000000000000
        69        94   0.0000000000000
        69        95   0.0000000000000
        69        96   0.0000000000000
        69        97   0.0000000000000
        69        98   0.0000000000000
        69        99   0.0000000000000
        69       100   0.0000000000000
        69       101   0.0000000000000
        69       102   0.0000000000000
        69       103   0.0000000000000
        69       104   0.0000000000000
        69       105   0.0000000000000
        69       106   0.0000000000000
        69       107   0.0000000000000
        69       108   0.0000000000000
        69       109   0.0000000000000
        69       110   0.0000000000000
        69       111   0.0000000000000
        69       112   0.0000000000000
        69       113   0.0000000000000
        69       114   0.0000000000000
        69       115   0.0000000000000
        69       116   0.0000000000000
        69       117   0.0000000000000
        69       118   0.0000000000000
        69       119   0.0000000000000
        69       120   0.0000000000000
        69       121   0.0000000000000
        69       122   0.0000000000000
        69       123   0.0000000000000
        69       124   0.0000000000000
        69       125   0.0000000000000
        69       126   0.0000000000000
        69       127   0.0000000000000
        69       128   0.0000000000000
        69       129   0.0000000000000
        69       130   0.0000000000000
        69       131   0.0000000000000
        69       132   0.0000000000000
        69       133   0.0000000000000
        69       134   0.0000000000000
        69       135   0.0000000000000
        69       136   0.0000000000000
        69       137   0.0000000000000
        69       138   0.0000000000000
        69       139   0.0000000000000
        69       140   0.0000000000000

        70         1   0.0000000000000
        70         2   0.0000000000000
        70         3   0.0000000000000
        70         4   0.0000000000000
        70         5   0.0000000000000
        70         6   0.0000000000000
        70         7   0.0000000000000
        70         8   0.0000000000000
        70         9   0.0000000000000
        70        10   0.0000000000000
        70        11   0.0000000000000
        70        12   0.0000000000000
        70        13   0.0000000000000
        70        14   0.0000000000000
        70        15   0.0000000000000
        70        16   0.0000000000000
        70        17   0.0000000000000
        70        18   0.0000000000000
        70        19   0.0000000000000
        70        20   0.0000000000000
        70        21   0.0000000000000
        70        22   0.0000000000000
        70        23   0.0000000000000
        70        24   0.0000000000000
        70        25   0.0000000000000
        70        26   0.0000000000000
        70        27   0.0000000000000
        70        28   0.0000000000000
        70        29   0.0000000000000
        70        30   0.0000000000000
        70        31   0.0000000000000
        70        32   0.0000000000000
        70        33   0.0000000000000
        70        34   0.0000000000000
        70        35   0.0000000000000
        70        36   0.0000000000000
        70        37   0.0000000000000
        70        38   0.0000000000000
        70        39   0.0000000000000
        70        40   0.0000000000000
        70        41   0.0000000000000
        70        42   0.0000000000000
        70        43   0.0000000000000
        70        44   0.0000000000000
        70        45   0.0000000000000
        70        46  -0.1557951987440
        70        47  -0.0415332885619
        70        48   0.0625542769262
        70        49   0.1610480877260
        70        50   0.2515371865649
        70        51   0.3307543145576
        70        52   0.3939612838983
        70        53   0.4348625475090
        70        54   0.4468921218622
        70        55   0.4262695138455
        70        56   0.3754812762970
        70        57   0.3043032353215
        70        58   0.2267169600848
        70        59   0.1555959283687
        70        60   0.0987655050543
        70        61   0.0582836775388
        70        62   0.0321556486320
        70        63   0.0166797216369
        70        64   0.0081795654802
        70        65   0.0038122421821
        70        66   0.0016972685941
        70        67   0.0007253947159
        70        68   0.0002990311773
        70        69   0.0001194457343
        70        70   0.0000464351536
        70        71   0.0000176419765
        70        72   0.0000065755852
        70        73   0.0000024126769
        70        74   0.0000008740453
        70        75   0.0000003134147
        70        76   0.0000001114621
        70        77   0.0000000393769
        70        78   0.0000000138353
        70        79   0.0000000048393
        70        80   0.0000000016863
        70        81   0.0000000005858
        70        82   0.0000000002030
        70        83   0.0000000000702
        70        84   0.0000000000242
        70        85   0.0000000000084
        70        86   0.0000000000029
        70        87   0.0000000000010
        70        88   0.0000000000003
        70        89   0.0000000000001
        70        90   0.0000000000000
        70        91   0.0000000000000
        70        92   0.0000000000000
        70        93   0.0000000000000
        70        94   0.0000000000000
        70        95   0.0000000000000
        70        96   0.0000000000000
        70        97   0.0000000000000
        70        98   0.0000000000000
        70        99   0.0000000000000
        70       100   0.0000000000000
        70       101   0.0000000000000
        70       102   0.0000000000000
        70       103   0.0000000000000
        70       104   0.0000000000000
        70       105   0.0000000000000
        70       106   0.0000000000000
        70       107   0.0000000000000
        70       108   0.0000000000000
        70       109   0.0000000000000
        70       110   0.0000000000000
        70       111   0.0000000000000
        70       112   0.0000000000000
        70       113   0.0000000000000
        70       114   0.0000000000000
        70       115   0.0000000000000
        70       116   0.0000000000000
        70       117   0.0000000000000
        70       118   0.0000000000000
        70       119   0.0000000000000
        70       120   0.0000000000000
        70       121   0.0000000000000
        70       122   0.0000000000000
        70       123   0.0000000000000
        70       124   0.0000000000000
        70       125   0.0000000000000
        70       126   0.0000000000000
        70       127   0.0000000000000
        70       128   0.0000000000000
        70       129   0.0000000000000
        70       130   0.0000000000000
        70       131   0.0000000000000
        70       132   0.0000000000000
        70       133   0.0000000000000
        70       134   0.0000000000000
        70       135   0.0000000000000
        70       136   0.0000000000000
        70       137   0.0000000000000
        70       138   0.0000000000000
        70       139   0.0000000000000
        70       140   0.0000000000000

        71         1   0.0000000000000
        71         2   0.0000000000000
        71         3   0.0000000000000
        71         4   0.0000000000000
        71         5   0.0000000000000
        71         6   0.0000000000000
        71         7   0.0000000000000
        71         8   0.0000000000000
        71         9   0.0000000000000
        71        10   0.0000000000000
        71        11   0.0000000000000
        71        12   0.0000000000000
        71        13   0.0000000000000
        71        14   0.0000000000000
        71        15   0.0000000000000
        71        16   0.0000000000000
        71        17   0.0000000000000
        71        18   0.0000000000000
        71        19   0.0000000000000
        71        20   0.0000000000000
        71        21   0.0000000000000
        71        22   0.0000000000000
        71        23   0.0000000000000
        71        24   0.0000000000000
        71        25   0.0000000000000
        71        26   0.0000000000000
        71        27   0.0000000000000
        71        28   0.0000000000000
        71        29   0.0000000000000
        71        30   0.0000000000000
        71        31   0.0000000000000
        71        32   0.0000000000000
        71        33   0.0000000000000
        71        34   0.0000000000000
        71        35   0.0000000000000
        71        36   0.0000000000000
        71        37   0.0000000000000
        71        38   0.0000000000000
        71        39   0.0000000000000
        71        40   0.0000000000000
        71        41   0.0000000000000
        71        42   0.0000000000000
        71        43   0.0000000000000
        71        44   0.0000000000000
        71        45   0.0000000000000
        71        46  -0.1447360295092
        71        47  -0.0333150810430
        71        48   0.0682058193223
        71        49   0.1640326392353
        71        50   0.2516856043693
        71        51   0.3278904923210
        71        52   0.3881148205216
        71        53   0.4265733889226
        71        54   0.4374007239785
        71        55   0.4173264816834
        71        56   0.3687245532743
        71        57   0.3005721905756
        71        58   0.2258134278830
        71        59   0.1566109576144
        71        60   0.1006383255851
        71        61   0.0602117541582
        71        62   0.0337211560310
        71        63   0.0177742613620
        71        64   0.0088646167941
        71        65   0.0042046724348
        71        66   0.0019060864545
        71        67   0.0008297436091
        71        68   0.0003484297608
        71        69   0.0001417633134
        71        70   0.0000561200059
        71        71   0.0000217024479
        71        72   0.0000082290401
        71        73   0.0000030697673
        71        74   0.0000011299900
        71        75   0.0000004114993
        71        76   0.0000001485641
        71        77   0.0000000532668
        71        78   0.0000000189928
        71        79   0.0000000067419
        71        80   0.0000000023845
        71        81   0.0000000008409
        71        82   0.0000000002959
        71        83   0.0000000001039
        71        84   0.0000000000365
        71        85   0.0000000000128
        71        86   0.0000000000045
        71        87   0.0000000000016
        71        88   0.0000000000006
        71        89   0.0000000000002
        71        90   0.0000000000001
        71        91   0.0000000000000
        71        92   0.0000000000000
        71        93   0.0000000000000
        71        94   0.0000000000000
        71        95   0.0000000000000
        71        96   0.0000000000000
        71        97   0.0000000000000
        71        98   0.0000000000000
        71        99   0.0000000000000
        71       100   0.0000000000000
        71       101   0.0000000000000
        71       102   0.0000000000000
        71       103   0.0000000000000
        71       104   0.0000000000000
        71       105   0.0000000000000
        71       106   0.0000000000000
        71       107   0.0000000000000
        71       108   0.0000000000000
        71       109   0.0000000000000
        71       110   0.0000000000000
        71       111   0.0000000000000
        71       112   0.0000000000000
        71       113   0.0000000000000
        71       114   0.0000000000000
        71       115   0.0000000000000
        71       116   0.0000000000000
        71       117   0.0000000000000
        71       118   0.0000000000000
        71       119   0.0000000000000
        71       120   0.0000000000000
        71       121   0.0000000000000
        71       122   0.0000000000000
        71       123   0.0000000000000
        71       124   0.0000000000000
        71       125   0.0000000000000
        71       126   0.0000000000000
        71       127   0.0000000000000
        71       128   0.0000000000000
        71       129   0.0000000000000
        71       130   0.0000000000000
        71       131   0.0000000000000
        71       132   0.0000000000000
        71       133   0.0000000000000
        71       134   0.0000000000000
        71       135   0.0000000000000
        71       136   0.0000000000000
        71       137   0.0000000000000
        71       138   0.0000000000000
        71       139   0.0000000000000
        71       140   0.0000000000000

        72         1   0.0000000000000
        72         2   0.0000000000000
        72         3   0.0000000000000
        72         4   0.0000000000000
        72         5   0.0000000000000
        72         6   0.0000000000000
        72         7   0.0000000000000
        72         8   0.0000000000000
        72         9   0.0000000000000
        72        10   0.0000000000000
        72        11   0.0000000000000
        72        12   0.0000000000000
        72        13   0.0000000000000
        72        14   0.0000000000000
        72        15   0.0000000000000
        72        16   0.0000000000000
        72        17   0.0000000000000
        72        18   0.0000000000000
        72        19   0.0000000000000
        72        20   0.0000000000000
        72        21   0.0000000000000
        72        22   0.0000000000000
        72        23   0.0000000000000
        72        24   0.0000000000000
        72        25   0.0000000000000
        72        26   0.0000000000000
        72        27   0.0000000000000
        72        28   0.0000000000000
        72        29   0.0000000000000
        72        30   0.0000000000000
        72        31   0.0000000000000
        72        32   0.0000000000000
        72        33   0.0000000000000
        72        34   0.0000000000000
        72        35   0.0000000000000
        72        36   0.0000000000000
        72        37   0.0000000000000
        72        38   0.0000000000000
        72        39   0.0000000000000
        72        40   0.0000000000000
        72        41   0.0000000000000
        72        42   0.0000000000000
        72        43   0.0000000000000
        72        44   0.0000000000000
        72        45   0.0000000000000
        72        46  -0.1328278762221
        72        47  -0.0244232426943
        72        48   0.0744134171824
        72        49   0.1675154043881
        72        50   0.2523399118256
        72        51   0.3255861788169
        72        52   0.3828787706624
        72        53   0.4188673016817
        72        54   0.4283123900150
        72        55   0.4084395142757
        72        56   0.3615995700812
        72        57   0.2961260881392
        72        58   0.2240413892329
        72        59   0.1568069496048
        72        60   0.1018692261142
        72        61   0.0617083577752
        72        62   0.0350342190523
        72        63   0.0187399656443
        72        64   0.0094931703964
        72        65   0.0045769451695
        72        66   0.0021102186585
        72        67   0.0009346459975
        72        68   0.0003994280185
        72        69   0.0001653986708
        72        70   0.0000666317338
        72        71   0.0000262150745
        72        72   0.0000101088442
        72        73   0.0000038332345
        72        74   0.0000014336045
        72        75   0.0000005301743
        72        76   0.0000001943081
        72        77   0.0000000707033
        72        78   0.0000000255806
        72        79   0.0000000092134
        72        80   0.0000000033066
        72        81   0.0000000011834
        72        82   0.0000000004226
        72        83   0.0000000001507
        72        84   0.0000000000537
        72        85   0.0000000000191
        72        86   0.0000000000068
        72        87   0.0000000000024
        72        88   0.0000000000009
        72        89   0.0000000000003
        72        90   0.0000000000001
        72        91   0.0000000000000
        72        92   0.0000000000000
        72        93   0.0000000000000
        72        94   0.0000000000000
        72        95   0.0000000000000
        72        96   0.0000000000000
        72        97   0.0000000000000
        72        98   0.0000000000000
        72        99   0.0000000000000
        72       100   0.0000000000000
        72       101   0.0000000000000
        72       102   0.0000000000000
        72       103   0.0000000000000
        72       104   0.0000000000000
        72       105   0.0000000000000
        72       106   0.0000000000000
        72       107   0.0000000000000
        72       108   0.0000000000000
        72       109   0.0000000000000
        72       110   0.0000000000000
        72       111   0.0000000000000
        72       112   0.0000000000000
        72       113   0.0000000000000
        72       114   0.0000000000000
        72       115   0.0000000000000
        72       116   0.0000000000000
        72       117   0.0000000000000
        72       118   0.0000000000000
        72       119   0.0000000000000
        72       120   0.0000000000000
        72       121   0.0000000000000
        72       122   0.0000000000000
        72       123   0.0000000000000
        72       124   0.0000000000000
        72       125   0.0000000000000
        72       126   0.0000000000000
        72       127   0.0000000000000
        72       128   0.0000000000000
        72       129   0.0000000000000
        72       130   0.0000000000000
        72       131   0.0000000000000
        72       132   0.0000000000000
        72       133   0.0000000000000
        72       134   0.0000000000000
        72       135   0.0000000000000
        72       136   0.0000000000000
        72       137   0.0000000000000
        72       138   0.0000000000000
        72       139   0.0000000000000
        72       140   0.0000000000000

        73         1   0.0000000000000
        73         2   0.0000000000000
        73         3   0.0000000000000
        73         4   0.0000000000000
        73         5   0.0000000000000
        73         6   0.0000000000000
        73         7   0.0000000000000
        73         8   0.0000000000000
        73         9   0.0000000000000
        73        10   0.0000000000000
        73        11   0.0000000000000
        73        12   0.0000000000000
        73        13   0.0000000000000
        73        14   0.0000000000000
        73        15   0.0000000000000
        73        16   0.0000000000000
        73        17   0.0000000000000
        73        18   0.0000000000000
        73        19   0.0000000000000
        73        20   0.0000000000000
        73        21   0.0000000000000
        73        22   0.0000000000000
        73        23   0.0000000000000
        73        24   0.0000000000000
        73        25   0.0000000000000
        73        26   0.0000000000000
        73        27   0.0000000000000
        73        28   0.0000000000000
        73        29   0.0000000000000
        73        30   0.0000000000000
        73        31   0.0000000000000
        73        32   0.0000000000000
        73        33   0.0000000000000
        73        34   0.0000000000000
        73        35   0.0000000000000
        73        36   0.0000000000000
        73        37   0.0000000000000
        73        38   0.0000000000000
        73        39   0.0000000000000
        73        40   0.0000000000000
        73        41   0.0000000000000
        73        42   0.0000000000000
        73        43   0.0000000000000
        73        44   0.0000000000000
        73        45   0.0000000000000
        73        46  -0.1200106491516
        73        47  -0.0148467052816
        73        48   0.0811455109481
        73        49   0.1714310187469
        73        50   0.2534075699113
        73        51   0.3237281037885
        73        52   0.3781320191600
        73        53   0.4116398488103
        73        54   0.4195724926686
        73        55   0.3996295812543
        73        56   0.3542011164853
        73        57   0.2911007266743
        73        58   0.2215336507072
        73        59   0.1562827861677
        73        60   0.1025148288956
        73        61   0.0627961808044
        73        62   0.0360975518370
        73        63   0.0195713191066
        73        64   0.0100584031198
        73        65   0.0049237533238
        73        66   0.0023063441459
        73        67   0.0010383132081
        73        68   0.0004511756032
        73        69   0.0001899929745
        73        70   0.0000778377296
        73        71   0.0000311391213
        73        72   0.0000122065556
        73        73   0.0000047037632
        73        74   0.0000017870210
        73        75   0.0000006710732
        73        76   0.0000002496551
        73        77   0.0000000921862
        73        78   0.0000000338399
        73        79   0.0000000123648
        73        80   0.0000000045019
        73        81   0.0000000016346
        73        82   0.0000000005923
        73        83   0.0000000002143
        73        84   0.0000000000775
        73        85   0.0000000000280
        73        86   0.0000000000101
        73        87   0.0000000000037
        73        88   0.0000000000013
        73        89   0.0000000000005
        73        90   0.0000000000002
        73        91   0.0000000000001
        73        92   0.0000000000000
        73        93   0.0000000000000
        73        94   0.0000000000000
        73        95   0.0000000000000
        73        96   0.0000000000000
        73        97   0.0000000000000
        73        98   0.0000000000000
        73        99   0.0000000000000
        73       100   0.0000000000000
        73       101   0.0000000000000
        73       102   0.0000000000000
        73       103   0.0000000000000
        73       104   0.0000000000000
        73       105   0.0000000000000
        73       106   0.0000000000000
        73       107   0.0000000000000
        73       108   0.0000000000000
        73       109   0.0000000000000
        73       110   0.0000000000000
        73       111   0.0000000000000
        73       112   0.0000000000000
        73       113   0.0000000000000
        73       114   0.0000000000000
        73       115   0.0000000000000
        73       116   0.0000000000000
        73       117   0.0000000000000
        73       118   0.0000000000000
        73       119   0.0000000000000
        73       120   0.0000000000000
        73       121   0.0000000000000
        73       122   0.0000000000000
        73       123   0.0000000000000
        73       124   0.0000000000000
        73       125   0.0000000000000
        73       126   0.0000000000000
        73       127   0.0000000000000
        73       128   0.0000000000000
        73       129   0.0000000000000
        73       130   0.0000000000000
        73       131   0.0000000000000
        73       132   0.0000000000000
        73       133   0.0000000000000
        73       134   0.0000000000000
        73       135   0.0000000000000
        73       136   0.0000000000000
        73       137   0.0000000000000
        73       138   0.0000000000000
        73       139   0.0000000000000
        73       140   0.0000000000000

        74         1   0.0000000000000
        74         2   0.0000000000000
        74         3   0.0000000000000
        74         4   0.0000000000000
        74         5   0.0000000000000
        74         6   0.0000000000000
        74         7   0.0000000000000
        74         8   0.0000000000000
        74         9   0.0000000000000
        74        10   0.0000000000000
        74        11   0.0000000000000
        74        12   0.0000000000000
        74        13   0.0000000000000
        74        14   0.0000000000000
        74        15   0.0000000000000
        74        16   0.0000000000000
        74        17   0.0000000000000
        74        18   0.0000000000000
        74        19   0.0000000000000
        74        20   0.0000000000000
        74        21   0.0000000000000
        74        22   0.0000000000000
        74        23   0.0000000000000
        74        24   0.0000000000000
        74        25   0.0000000000000
        74        26   0.0000000000000
        74        27   0.0000000000000
        74        28   0.0000000000000
        74        29   0.0000000000000
        74        30   0.0000000000000
        74        31   0.0000000000000
        74        32   0.0000000000000
        74        33   0.0000000000000
        74        34   0.0000000000000
        74        35   0.0000000000000
        74        36   0.0000000000000
        74        37   0.0000000000000
        74        38   0.0000000000000
        74        39   0.0000000000000
        74        40   0.0000000000000
        74        41   0.0000000000000
        74        42   0.0000000000000
        74        43   0.0000000000000
        74        44   0.0000000000000
        74        45   0.0000000000000
        74        46  -0.1062128880907
        74        47  -0.0045712648908
        74        48   0.0883704227023
        74        49   0.1757182545376
        74        50   0.2548069703716
        74        51   0.3222193577558
        74        52   0.3737715872165
        74        53   0.4048007717349
        74        54   0.4111300975287
        74        55   0.3909075896755
        74        56   0.3466038992405
        74        57   0.2856107687993
        74        58   0.2184087552839
        74        59   0.1551324964412
        74        60   0.1026340292802
        74        61   0.0635033409133
        74        62   0.0369193227235
        74        63   0.0202668282166
        74        64   0.0105559013076
        74        65   0.0052409954916
        74        66   0.0024916391747
        74        67   0.0011391118637
        74        68   0.0005028441453
        74        69   0.0002151721760
        74        70   0.0000895878563
        74        71   0.0000364223055
        74        72   0.0000145076490
        74        73   0.0000056792727
        74        74   0.0000021912628
        74        75   0.0000008354408
        74        76   0.0000003154534
        74        77   0.0000001181940
        74        78   0.0000000440156
        74        79   0.0000000163139
        74        80   0.0000000060247
        74        81   0.0000000022188
        74        82   0.0000000008156
        74        83   0.0000000002994
        74        84   0.0000000001098
        74        85   0.0000000000403
        74        86   0.0000000000148
        74        87   0.0000000000054
        74        88   0.0000000000020
        74        89   0.0000000000007
        74        90   0.0000000000003
        74        91   0.0000000000001
        74        92   0.0000000000000
        74        93   0.0000000000000
        74        94   0.0000000000000
        74        95   0.0000000000000
        74        96   0.0000000000000
        74        97   0.0000000000000
        74        98   0.0000000000000
        74        99   0.0000000000000
        74       100   0.0000000000000
        74       101   0.0000000000000
        74       102   0.0000000000000
        74       103   0.0000000000000
        74       104   0.0000000000000
        74       105   0.0000000000000
        74       106   0.0000000000000
        74       107   0.0000000000000
        74       108   0.0000000000000
        74       109   0.0000000000000
        74       110   0.0000000000000
        74       111   0.0000000000000
        74       112   0.0000000000000
        74       113   0.0000000000000
        74       114   0.0000000000000
        74       115   0.0000000000000
        74       116   0.0000000000000
        74       117   0.0000000000000
        74       118   0.0000000000000
        74       119   0.0000000000000
        74       120   0.0000000000000
        74       121   0.0000000000000
        74       122   0.0000000000000
        74       123   0.0000000000000
        74       124   0.0000000000000
        74       125   0.0000000000000
        74       126   0.0000000000000
        74       127   0.0000000000000
        74       128   0.0000000000000
        74       129   0.0000000000000
        74       130   0.0000000000000
        74       131   0.0000000000000
        74       132   0.0000000000000
        74       133   0.0000000000000
        74       134   0.0000000000000
        74       135   0.0000000000000
        74       136   0.0000000000000
        74       137   0.0000000000000
        74       138   0.0000000000000
        74       139   0.0000000000000
        74       140   0.0000000000000

        75         1   0.0000000000000
        75         2   0.0000000000000
        75         3   0.0000000000000
        75         4   0.0000000000000
        75         5   0.0000000000000
        75         6   0.0000000000000
        75         7   0.0000000000000
        75         8   0.0000000000000
        75         9   0.0000000000000
        75        10   0.0000000000000
        75        11   0.0000000000000
        75        12   0.0000000000000
        75        13   0.0000000000000
        75        14   0.0000000000000
        75        15   0.0000000000000
        75        16   0.0000000000000
        75        17   0.0000000000000
        75        18   0.0000000000000
        75        19   0.0000000000000
        75        20   0.0000000000000
        75        21   0.0000000000000
        75        22   0.0000000000000
        75        23   0.0000000000000
        75        24   0.0000000000000
        75        25   0.0000000000000
        75        26   0.0000000000000
        75        27   0.0000000000000
        75        28   0.0000000000000
        75        29   0.0000000000000
        75        30   0.0000000000000
        75        31   0.0000000000000
        75        32   0.0000000000000
        75        33   0.0000000000000
        75        34   0.0000000000000
        75        35   0.0000000000000
        75        36   0.0000000000000
        75        37   0.0000000000000
        75        38   0.0000000000000
        75        39   0.0000000000000
        75        40   0.0000000000000
        75        41   0.0000000000000
        75        42   0.0000000000000
        75        43   0.0000000000000
        75        44   0.0000000000000
        75        45   0.0000000000000
        75        46  -0.0913261790578
        75        47   0.0064156756573
        75        48   0.0960421943196
        75        49   0.1803084972744
        75        50   0.2564602255991
        75        51   0.3209748466594
        75        52   0.3697096543683
        75        53   0.3982728383140
        75        54   0.4029394626920
        75        55   0.3822784503248
        75        56   0.3388674366203
        75        57   0.2797531718243
        75        58   0.2147718232904
        75        59   0.1534439915847
        75        60   0.1022858746147
        75        61   0.0638614534167
        75        62   0.0375118778277
        75        63   0.0208283790118
        75        64   0.0109834364339
        75        65   0.0055257546087
        75        66   0.0026638218355
        75        67   0.0012356111399
        75        68   0.0005536589440
        75        69   0.0002405639014
        75        70   0.0001017220008
        75        71   0.0000420036337
        75        72   0.0000169923622
        75        73   0.0000067550677
        75        74   0.0000026462130
        75        75   0.0000010240827
        75        76   0.0000003924054
        75        77   0.0000001491676
        75        78   0.0000000563483
        75        79   0.0000000211820
        75        80   0.0000000079330
        75        81   0.0000000029629
        75        82   0.0000000011044
        75        83   0.0000000004112
        75        84   0.0000000001529
        75        85   0.0000000000569
        75        86   0.0000000000212
        75        87   0.0000000000079
        75        88   0.0000000000029
        75        89   0.0000000000011
        75        90   0.0000000000004
        75        91   0.0000000000002
        75        92   0.0000000000001
        75        93   0.0000000000000
        75        94   0.0000000000000
        75        95   0.0000000000000
        75        96   0.0000000000000
        75        97   0.0000000000000
        75        98   0.0000000000000
        75        99   0.0000000000000
        75       100   0.0000000000000
        75       101   0.0000000000000
        75       102   0.0000000000000
        75       103   0.0000000000000
        75       104   0.0000000000000
        75       105   0.0000000000000
        75       106   0.0000000000000
        75       107   0.0000000000000
        75       108   0.0000000000000
        75       109   0.0000000000000
        75       110   0.0000000000000
        75       111   0.0000000000000
        75       112   0.0000000000000
        75       113   0.0000000000000
        75       114   0.0000000000000
        75       115   0.0000000000000
        75       116   0.0000000000000
        75       117   0.0000000000000
        75       118   0.0000000000000
        75       119   0.0000000000000
        75       120   0.0000000000000
        75       121   0.0000000000000
        75       122   0.0000000000000
        75       123   0.0000000000000
        75       124   0.0000000000000
        75       125   0.0000000000000
        75       126   0.0000000000000
        75       127   0.0000000000000
        75       128   0.0000000000000
        75       129   0.0000000000000
        75       130   0.0000000000000
        75       131   0.0000000000000
        75       132   0.0000000000000
        75       133   0.0000000000000
        75       134   0.0000000000000
        75       135   0.0000000000000
        75       136   0.0000000000000
        75       137   0.0000000000000
        75       138   0.0000000000000
        75       139   0.0000000000000
        75       140   0.0000000000000

        76         1   0.0000000000000
        76         2   0.0000000000000
        76         3   0.0000000000000
        76         4   0.0000000000000
        76         5   0.0000000000000
        76         6   0.0000000000000
        76         7   0.0000000000000
        76         8   0.0000000000000
        76         9   0.0000000000000
        76        10   0.0000000000000
        76        11   0.0000000000000
        76        12   0.0000000000000
        76        13   0.0000000000000
        76        14   0.0000000000000
        76        15   0.0000000000000
        76        16   0.0000000000000
        76        17   0.0000000000000
        76        18   0.0000000000000
        76        19   0.0000000000000
        76        20   0.0000000000000
        76        21   0.0000000000000
        76        22   0.0000000000000
        76        23   0.0000000000000
        76        24   0.0000000000000
        76        25   0.0000000000000
        76        26   0.0000000000000
        76        27   0.0000000000000
        76        28   0.0000000000000
        76        29   0.0000000000000
        76        30   0.0000000000000
        76        31   0.0000000000000
        76        32   0.0000000000000
        76        33   0.0000000000000
        76        34   0.0000000000000
        76        35   0.0000000000000
        76        36   0.0000000000000
        76        37   0.0000000000000
        76        38   0.0000000000000
        76        39   0.0000000000000
        76        40   0.0000000000000
        76        41   0.0000000000000
        76        42   0.0000000000000
        76        43   0.0000000000000
        76        44   0.0000000000000
        76        45   0.0000000000000
        76        46  -0.0751569368536
        76        47   0.0180952659209
        76        48   0.1040625635265
        76        49   0.1851018004322
        76        50   0.2582810157460
        76        51   0.3199152927058
        76        52   0.3658703472430
        76        53   0.3919904573711
        76        54   0.3949607513015
        76        55   0.3737438999351
        76        56   0.3310398443439
        76        57   0.2736101749218
        76        58   0.2107156487960
        76        59   0.1512983999336
        76        60   0.1015280086695
        76        61   0.0639040479303
        76        62   0.0378905902292
        76        63   0.0212605888269
        76        64   0.0113406875855
        76        65   0.0057762248267
        76        66   0.0028211622320
        76        67   0.0013266121604
        76        68   0.0006029232246
        76        69   0.0002658120318
        76        70   0.0001140772924
        76        71   0.0000478164349
        76        72   0.0000196367620
        76        73   0.0000079241250
        76        74   0.0000031506479
        76        75   0.0000012373423
        76        76   0.0000004810442
        76        77   0.0000001854961
        76        78   0.0000000710681
        76        79   0.0000000270915
        76        80   0.0000000102881
        76        81   0.0000000038960
        76        82   0.0000000014725
        76        83   0.0000000005558
        76        84   0.0000000002096
        76        85   0.0000000000791
        76        86   0.0000000000298
        76        87   0.0000000000113
        76        88   0.0000000000042
        76        89   0.0000000000016
        76        90   0.0000000000006
        76        91   0.0000000000002
        76        92   0.0000000000001
        76        93   0.0000000000000
        76        94   0.0000000000000
        76        95   0.0000000000000
        76        96   0.0000000000000
        76        97   0.0000000000000
        76        98   0.0000000000000
        76        99   0.0000000000000
        76       100   0.0000000000000
        76       101   0.0000000000000
        76       102   0.0000000000000
        76       103   0.0000000000000
        76       104   0.0000000000000
        76       105   0.0000000000000
        76       106   0.0000000000000
        76       107   0.0000000000000
        76       108   0.0000000000000
        76       109   0.0000000000000
        76       110   0.0000000000000
        76       111   0.0000000000000
        76       112   0.0000000000000
        76       113   0.0000000000000
        76       114   0.0000000000000
        76       115   0.0000000000000
        76       116   0.0000000000000
        76       117   0.0000000000000
        76       118   0.0000000000000
        76       119   0.0000000000000
        76       120   0.0000000000000
        76       121   0.0000000000000
        76       122   0.0000000000000
        76       123   0.0000000000000
        76       124   0.0000000000000
        76       125   0.0000000000000
        76       126   0.0000000000000
        76       127   0.0000000000000
        76       128   0.0000000000000
        76       129   0.0000000000000
        76       130   0.0000000000000
        76       131   0.0000000000000
        76       132   0.0000000000000
        76       133   0.0000000000000
        76       134   0.0000000000000
        76       135   0.0000000000000
        76       136   0.0000000000000
        76       137   0.0000000000000
        76       138   0.0000000000000
        76       139   0.0000000000000
        76       140   0.0000000000000

        77         1   0.0000000000000
        77         2   0.0000000000000
        77         3   0.0000000000000
        77         4   0.0000000000000
        77         5   0.0000000000000
        77         6   0.0000000000000
        77         7   0.0000000000000
        77         8   0.0000000000000
        77         9   0.0000000000000
        77        10   0.0000000000000
        77        11   0.0000000000000
        77        12   0.0000000000000
        77        13   0.0000000000000
        77        14   0.0000000000000
        77        15   0.0000000000000
        77        16   0.0000000000000
        77        17   0.0000000000000
        77        18   0.0000000000000
        77        19   0.0000000000000
        77        20   0.0000000000000
        77        21   0.0000000000000
        77        22   0.0000000000000
        77        23   0.0000000000000
        77        24   0.0000000000000
        77        25   0.0000000000000
        77        26   0.0000000000000
        77        27   0.0000000000000
        77        28   0.0000000000000
        77        29   0.0000000000000
        77        30   0.0000000000000
        77        31   0.0000000000000
        77        32   0.0000000000000
        77        33   0.0000000000000
        77        34   0.0000000000000
        77        35   0.0000000000000
        77        36   0.0000000000000
        77        37   0.0000000000000
        77        38   0.0000000000000
        77        39   0.0000000000000
        77        40   0.0000000000000
        77        41   0.0000000000000
        77        42   0.0000000000000
        77        43   0.0000000000000
        77        44   0.0000000000000
        77        45   0.0000000000000
        77        46  -0.0573578622671
        77        47   0.0302965421937
        77        48   0.1121902704253
        77        49   0.1899236987271
        77        50   0.2601563210332
        77        51   0.3189594941203
        77        52   0.3621861927077
        77        53   0.3858981261979
        77        54   0.3871601989886
        77        55   0.3653043892796
        77        56   0.3231607019832
        77        57   0.2672518162266
        77        58   0.2063218799112
        77        59   0.1487698207646
        77        60   0.1004155741719
        77        61   0.0636653040629
        77        62   0.0380728577882
        77        63   0.0215701875264
        77        64   0.0116289390070
        77        65   0.0059916027238
        77        66   0.0029624652026
        77        67   0.0014111613872
        77        68   0.0006500348545
        77        69   0.0002905884462
        77        70   0.0001264945679
        77        71   0.0000537913581
        77        72   0.0000224139294
        77        73   0.0000091774806
        77        74   0.0000037023277
        77        75   0.0000014751021
        77        76   0.0000005817193
        77        77   0.0000002275056
        77        78   0.0000000883885
        77        79   0.0000000341633
        77        80   0.0000000131530
        77        81   0.0000000050494
        77        82   0.0000000019346
        77        83   0.0000000007402
        77        84   0.0000000002830
        77        85   0.0000000001082
        77        86   0.0000000000414
        77        87   0.0000000000158
        77        88   0.0000000000061
        77        89   0.0000000000023
        77        90   0.0000000000009
        77        91   0.0000000000003
        77        92   0.0000000000001
        77        93   0.0000000000001
        77        94   0.0000000000000
        77        95   0.0000000000000
        77        96   0.0000000000000
        77        97   0.0000000000000
        77        98   0.0000000000000
        77        99   0.0000000000000
        77       100   0.0000000000000
        77       101   0.0000000000000
        77       102   0.0000000000000
        77       103   0.0000000000000
        77       104   0.0000000000000
        77       105   0.0000000000000
        77       106   0.0000000000000
        77       107   0.0000000000000
        77       108   0.0000000000000
        77       109   0.0000000000000
        77       110   0.0000000000000
        77       111   0.0000000000000
        77       112   0.0000000000000
        77       113   0.0000000000000
        77       114   0.0000000000000
        77       115   0.0000000000000
        77       116   0.0000000000000
        77       117   0.0000000000000
        77       118   0.0000000000000
        77       119   0.0000000000000
        77       120   0.0000000000000
        77       121   0.0000000000000
        77       122   0.0000000000000
        77       123   0.0000000000000
        77       124   0.0000000000000
        77       125   0.0000000000000
        77       126   0.0000000000000
        77       127   0.0000000000000
        77       128   0.0000000000000
        77       129   0.0000000000000
        77       130   0.0000000000000
        77       131   0.0000000000000
        77       132   0.0000000000000
        77       133   0.0000000000000
        77       134   0.0000000000000
        77       135   0.0000000000000
        77       136   0.0000000000000
        77       137   0.0000000000000
        77       138   0.0000000000000
        77       139   0.0000000000000
        77       140   0.0000000000000

        78         1   0.0000000000000
        78         2   0.0000000000000
        78         3   0.0000000000000
        78         4   0.0000000000000
        78         5   0.0000000000000
        78         6   0.0000000000000
        78         7   0.0000000000000
        78         8   0.0000000000000
        78         9   0.0000000000000
        78        10   0.0000000000000
        78        11   0.0000000000000
        78        12   0.0000000000000
        78        13   0.0000000000000
        78        14   0.0000000000000
        78        15   0.0000000000000
        78        16   0.0000000000000
        78        17   0.0000000000000
        78        18   0.0000000000000
        78        19   0.0000000000000
        78        20   0.0000000000000
        78        21   0.0000000000000
        78        22   0.0000000000000
        78        23   0.0000000000000
        78        24   0.0000000000000
        78        25   0.0000000000000
        78        26   0.0000000000000
        78        27   0.0000000000000
        78        28   0.0000000000000
        78        29   0.0000000000000
        78        30   0.0000000000000
        78        31   0.0000000000000
        78        32   0.0000000000000
        78        33   0.0000000000000
        78        34   0.0000000000000
        78        35   0.0000000000000
        78        36   0.0000000000000
        78        37   0.0000000000000
        78        38   0.0000000000000
        78        39   0.0000000000000
        78        40   0.0000000000000
        78        41   0.0000000000000
        78        42   0.0000000000000
        78        43   0.0000000000000
        78        44   0.0000000000000
        78        45   0.0000000000000
        78        46  -0.0374374840896
        78        47   0.0422750443274
        78        48   0.1198652078343
        78        49   0.1944737828810
        78        50   0.2619302963798
        78        51   0.3180176538900
        78        52   0.3585948539161
        78        53   0.3799488449248
        78        54   0.3795098918894
        78        55   0.3569602578653
        78        56   0.3152631658252
        78        57   0.2607379979463
        78        58   0.2016621774465
        78        59   0.1459253595105
        78        60   0.0990004775501
        78        61   0.0631790706545
        78        62   0.0380772564935
        78        63   0.0217654513615
        78        64   0.0118507745402
        78        65   0.0061719570378
        78        66   0.0030870326008
        78        67   0.0014885505520
        78        68   0.0006944959925
        78        69   0.0003146017242
        78        70   0.0001388238088
        78        71   0.0000598591522
        78        72   0.0000252951730
        78        73   0.0000105046807
        78        74   0.0000042981314
        78        75   0.0000017368094
        78        76   0.0000006945924
        78        77   0.0000002754518
        78        78   0.0000001085009
        78        79   0.0000000425139
        78        80   0.0000000165915
        78        81   0.0000000064559
        78        82   0.0000000025069
        78        83   0.0000000009722
        78        84   0.0000000003767
        78        85   0.0000000001460
        78        86   0.0000000000566
        78        87   0.0000000000219
        78        88   0.0000000000085
        78        89   0.0000000000033
        78        90   0.0000000000013
        78        91   0.0000000000005
        78        92   0.0000000000002
        78        93   0.0000000000001
        78        94   0.0000000000000
        78        95   0.0000000000000
        78        96   0.0000000000000
        78        97   0.0000000000000
        78        98   0.0000000000000
        78        99   0.0000000000000
        78       100   0.0000000000000
        78       101   0.0000000000000
        78       102   0.0000000000000
        78       103   0.0000000000000
        78       104   0.0000000000000
        78       105   0.0000000000000
        78       106   0.0000000000000
        78       107   0.0000000000000
        78       108   0.0000000000000
        78       109   0.0000000000000
        78       110   0.0000000000000
        78       111   0.0000000000000
        78       112   0.0000000000000
        78       113   0.0000000000000
        78       114   0.0000000000000
        78       115   0.0000000000000
        78       116   0.0000000000000
        78       117   0.0000000000000
        78       118   0.0000000000000
        78       119   0.0000000000000
        78       120   0.0000000000000
        78       121   0.0000000000000
        78       122   0.0000000000000
        78       123   0.0000000000000
        78       124   0.0000000000000
        78       125   0.0000000000000
        78       126   0.0000000000000
        78       127   0.0000000000000
        78       128   0.0000000000000
        78       129   0.0000000000000
        78       130   0.0000000000000
        78       131   0.0000000000000
        78       132   0.0000000000000
        78       133   0.0000000000000
        78       134   0.0000000000000
        78       135   0.0000000000000
        78       136   0.0000000000000
        78       137   0.0000000000000
        78       138   0.0000000000000
        78       139   0.0000000000000
        78       140   0.0000000000000

        79         1   0.0000000000000
        79         2   0.0000000000000
        79         3   0.0000000000000
        79         4   0.0000000000000
        79         5   0.0000000000000
        79         6   0.0000000000000
        79         7   0.0000000000000
        79         8   0.0000000000000
        79         9   0.0000000000000
        79        10   0.0000000000000
        79        11   0.0000000000000
        79        12   0.0000000000000
        79        13   0.0000000000000
        79        14   0.0000000000000
        79        15   0.0000000000000
        79        16   0.0000000000000
        79        17   0.0000000000000
        79        18   0.0000000000000
        79        19   0.0000000000000
        79        20   0.0000000000000
        79        21   0.0000000000000
        79        22   0.0000000000000
        79        23   0.0000000000000
        79        24   0.0000000000000
        79        25   0.0000000000000
        79        26   0.0000000000000
        79        27   0.0000000000000
        79        28   0.0000000000000
        79        29   0.0000000000000
        79        30   0.0000000000000
        79        31   0.0000000000000
        79        32   0.0000000000000
        79        33   0.0000000000000
        79        34   0.0000000000000
        79        35   0.0000000000000
        79        36   0.0000000000000
        79        37   0.0000000000000
        79        38   0.0000000000000
        79        39   0.0000000000000
        79        40   0.0000000000000
        79        41   0.0000000000000
        79        42   0.0000000000000
        79        43   0.0000000000000
        79        44   0.0000000000000
        79        45   0.0000000000000
        79        46  -0.0154640338814
        79        47   0.0513472098016
        79        48   0.1260514019634
        79        49   0.1983673508409
        79        50   0.2634306451424
        79        51   0.3169976530886
        79        52   0.3550387904884
        79        53   0.3741029408759
        79        54   0.3719873022370
        79        55   0.3487123689436
        79        56   0.3073754778055
        79        57   0.2541201459796
        79        58   0.1967992950861
        79        59   0.1428253454292
        79        60   0.0973309347690
        79        61   0.0624781295007
        79        62   0.0379228454396
        79        63   0.0218557027105
        79        64   0.0120097848544
        79        65   0.0063180886619
        79        66   0.0031946116942
        79        67   0.0015583059672
        79        68   0.0007359165261
        79        69   0.0003376028704
        79        70   0.0001509284065
        79        71   0.0000659530948
        79        72   0.0000282511919
        79        73   0.0000118942608
        79        74   0.0000049342236
        79        75   0.0000020215207
        79        76   0.0000008196430
        79        77   0.0000003295162
        79        78   0.0000001315712
        79        79   0.0000000522532
        79        80   0.0000000206672
        79        81   0.0000000081496
        79        82   0.0000000032068
        79        83   0.0000000012601
        79        84   0.0000000004948
        79        85   0.0000000001942
        79        86   0.0000000000763
        79        87   0.0000000000300
        79        88   0.0000000000118
        79        89   0.0000000000046
        79        90   0.0000000000018
        79        91   0.0000000000007
        79        92   0.0000000000003
        79        93   0.0000000000001
        79        94   0.0000000000000
        79        95   0.0000000000000
        79        96   0.0000000000000
        79        97   0.0000000000000
        79        98   0.0000000000000
        79        99   0.0000000000000
        79       100   0.0000000000000
        79       101   0.0000000000000
        79       102   0.0000000000000
        79       103   0.0000000000000
        79       104   0.0000000000000
        79       105   0.0000000000000
        79       106   0.0000000000000
        79       107   0.0000000000000
        79       108   0.0000000000000
        79       109   0.0000000000000
        79       110   0.0000000000000
        79       111   0.0000000000000
        79       112   0.0000000000000
        79       113   0.0000000000000
        79       114   0.0000000000000
        79       115   0.0000000000000
        79       116   0.0000000000000
        79       117   0.0000000000000
        79       118   0.0000000000000
        79       119   0.0000000000000
        79       120   0.0000000000000
        79       121   0.0000000000000
        79       122   0.0000000000000
        79       123   0.0000000000000
        79       124   0.0000000000000
        79       125   0.0000000000000
        79       126   0.0000000000000
        79       127   0.0000000000000
        79       128   0.0000000000000
        79       129   0.0000000000000
        79       130   0.0000000000000
        79       131   0.0000000000000
        79       132   0.0000000000000
        79       133   0.0000000000000
        79       134   0.0000000000000
        79       135   0.0000000000000
        79       136   0.0000000000000
        79       137   0.0000000000000
        79       138   0.0000000000000
        79       139   0.0000000000000
        79       140   0.0000000000000

        80         1   0.0000000000000
        80         2  -0.0549552229502
        80         3  -0.1091331381357
        80         4  -0.1617819396004
        80         5  -0.2121741061591
        80         6  -0.2596243947177
        80         7  -0.3035032854523
        80         8  -0.3432486496005
        80         9  -0.3783760944702
        80        10  -0.4084878625091
        80        11  -0.4332800850308
        80        12  -0.4525482077748
        80        13  -0.4661904327590
        80        14  -0.4742090464215
        80        15  -0.4767095284277
        80        16  -0.4738973617126
        80        17  -0.4660724960628
        80        18  -0.4536214591280
        80        19  -0.4370071646901
        80        20  -0.4167565422684
        80        21  -0.3934462068870
        80        22  -0.3676865020940
        80        23  -0.3401043774888
        80        24  -0.3113256928673
        80        25  -0.2819576577360
        80        26  -0.2525721961487
        80        27  -0.2236910505432
        80        28  -0.1957733887464
        80        29  -0.1692065595406
        80        30  -0.1443004991241
        80        31  -0.1212862301139
        80        32  -0.1003190721561
        80        33  -0.0814877035444
        80        34  -0.0648309185178
        80        35  -0.0503641703168
        80        36  -0.0381166668364
        80        37  -0.0281758452643
        80        38  -0.0207294543964
        80        39  -0.0160879753872
        80        40  -0.0146650522671
        80        41  -0.0168939197901
        80        42  -0.0230610199217
        80        43  -0.0330232411558
        80        44  -0.0456639053806
        80        45  -0.0574650511572
        80        46  -0.0577973914619
        80        47   0.0502943111230
        80        48   0.1302233746298
        80        49   0.2016370024975
        80        50   0.2646354931499
        80        51   0.3158500658231
        80        52   0.3514738508341
        80        53   0.3683282671070
        80        54   0.3645746877571
        80        55   0.3405623151097
        80        56   0.2995219993811
        80        57   0.2474425273006
        80        58   0.1917880592563
        80        59   0.1395236636954
        80        60   0.0954512322949
        80        61   0.0615936650645
        80        62   0.0376286128184
        80        63   0.0218508814799
        80        64   0.0121102981904
        80        65   0.0064313900851
        80        66   0.0032853354255
        80        67   0.0016201700441
        80        68   0.0007740123682
        80        69   0.0003593883115
        80        70   0.0001626882249
        80        71   0.0000720109912
        80        72   0.0000312531299
        80        73   0.0000133342202
        80        74   0.0000056062382
        80        75   0.0000023279609
        80        76   0.0000009566813
        80        77   0.0000003898059
        80        78   0.0000001577374
        80        79   0.0000000634829
        80        80   0.0000000254427
        80        81   0.0000000101654
        80        82   0.0000000040526
        80        83   0.0000000016134
        80        84   0.0000000006418
        80        85   0.0000000002552
        80        86   0.0000000001015
        80        87   0.0000000000404
        80        88   0.0000000000161
        80        89   0.0000000000064
        80        90   0.0000000000026
        80        91   0.0000000000010
        80        92   0.0000000000004
        80        93   0.0000000000002
        80        94   0.0000000000001
        80        95   0.0000000000000
        80        96   0.0000000000000
        80        97   0.0000000000000
        80        98   0.0000000000000
        80        99   0.0000000000000
        80       100   0.0000000000000
        80       101   0.0000000000000
        80       102   0.0000000000000
        80       103   0.0000000000000
        80       104   0.0000000000000
        80       105   0.0000000000000
        80       106   0.0000000000000
        80       107   0.0000000000000
        80       108   0.0000000000000
        80       109   0.0000000000000
        80       110   0.0000000000000
        80       111   0.0000000000000
        80       112   0.0000000000000
        80       113   0.0000000000000
        80       114   0.0000000000000
        80       115   0.0000000000000
        80       116   0.0000000000000
        80       117   0.0000000000000
        80       118   0.0000000000000
        80       119   0.0000000000000
        80       120   0.0000000000000
        80       121   0.0000000000000
        80       122   0.0000000000000
        80       123   0.0000000000000
        80       124   0.0000000000000
        80       125   0.0000000000000
        80       126   0.0000000000000
        80       127   0.0000000000000
        80       128   0.0000000000000
        80       129   0.0000000000000
        80       130   0.0000000000000
        80       131   0.0000000000000
        80       132   0.0000000000000
        80       133   0.0000000000000
        80       134   0.0000000000000
        80       135   0.0000000000000
        80       136   0.0000000000000
        80       137   0.0000000000000
        80       138   0.0000000000000
        80       139   0.0000000000000
        80       140   0.0000000000000

        81         1   0.0000000000000
        81         2  -0.0338883545389
        81         3  -0.0674568006456
        81         4  -0.1004130651597
        81         5  -0.1324610018799
        81         6  -0.1633061844086
        81         7  -0.1926592930522
        81         8  -0.2202388323783
        81         9  -0.2457740110832
        81        10  -0.2690080709566
        81        11  -0.2897021516348
        81        12  -0.3076396900022
        81        13  -0.3226312960231
        81        14  -0.3345199949933
        81        15  -0.3431866723589
        81        16  -0.3485555002205
        81        17  -0.3505990662116
        81        18  -0.3493428696570
        81        19  -0.3448688032268
        81        20  -0.3373172095997
        81        21  -0.3268871028762
        81        22  -0.3138341853553
        81        23  -0.2984663820892
        81        24  -0.2811367640091
        81        25  -0.2622339329619
        81        26  -0.2421701857181
        81        27  -0.2213680355755
        81        28  -0.2002459206277
        81        29  -0.1792041410874
        81        30  -0.1586122280141
        81        31  -0.1387990397965
        81        32  -0.1200468738010
        81        33  -0.1025906677664
        81        34  -0.0866227712448
        81        35  -0.0723025967973
        81        36  -0.0597686348631
        81        37  -0.0491480119456
        81        38  -0.0405564586321
        81        39  -0.0340798063492
        81        40  -0.0297269980376
        81        41  -0.0273420717201
        81        42  -0.0264513886454
        81        43  -0.0259838190505
        81        44  -0.0236943715046
        81        45  -0.0148698862519
        81        46   0.0105603754515
        81        47   0.0719971160993
        81        48   0.1396892125034
        81        49   0.2060296547495
        81        50   0.2659617342143
        81        51   0.3146477060563
        81        52   0.3478902598658
        81        53   0.3626039115604
        81        54   0.3572590690401
        81        55   0.3325124573837
        81        56   0.2917239249446
        81        57   0.2407433039670
        81        58   0.1866762511060
        81        59   0.1360681573735
        81        60   0.0934016508382
        81        61   0.0605549044146
        81        62   0.0372130485373
        81        63   0.0217611885160
        81        64   0.0121571410617
        81        65   0.0065137110351
        81        66   0.0033596592893
        81        67   0.0016740776295
        81        68   0.0008085997560
        81        69   0.0003798005395
        81        70   0.0001740015164
        81        71   0.0000779767065
        81        72   0.0000342734784
        81        73   0.0000148124676
        81        74   0.0000063094685
        81        75   0.0000026545925
        81        76   0.0000011053692
        81        77   0.0000004563576
        81        78   0.0000001871089
        81        79   0.0000000762951
        81        80   0.0000000309782
        81        81   0.0000000125384
        81        82   0.0000000050635
        81        83   0.0000000020419
        81        84   0.0000000008227
        81        85   0.0000000003314
        81        86   0.0000000001335
        81        87   0.0000000000538
        81        88   0.0000000000217
        81        89   0.0000000000088
        81        90   0.0000000000035
        81        91   0.0000000000014
        81        92   0.0000000000006
        81        93   0.0000000000002
        81        94   0.0000000000001
        81        95   0.0000000000000
        81        96   0.0000000000000
        81        97   0.0000000000000
        81        98   0.0000000000000
        81        99   0.0000000000000
        81       100   0.0000000000000
        81       101   0.0000000000000
        81       102   0.0000000000000
        81       103   0.0000000000000
        81       104   0.0000000000000
        81       105   0.0000000000000
        81       106   0.0000000000000
        81       107   0.0000000000000
        81       108   0.0000000000000
        81       109   0.0000000000000
        81       110   0.0000000000000
        81       111   0.0000000000000
        81       112   0.0000000000000
        81       113   0.0000000000000
        81       114   0.0000000000000
        81       115   0.0000000000000
        81       116   0.0000000000000
        81       117   0.0000000000000
        81       118   0.0000000000000
        81       119   0.0000000000000
        81       120   0.0000000000000
        81       121   0.0000000000000
        81       122   0.0000000000000
        81       123   0.0000000000000
        81       124   0.0000000000000
        81       125   0.0000000000000
        81       126   0.0000000000000
        81       127   0.0000000000000
        81       128   0.0000000000000
        81       129   0.0000000000000
        81       130   0.0000000000000
        81       131   0.0000000000000
        81       132   0.0000000000000
        81       133   0.0000000000000
        81       134   0.0000000000000
        81       135   0.0000000000000
        81       136   0.0000000000000
        81       137   0.0000000000000
        81       138   0.0000000000000
        81       139   0.0000000000000
        81       140   0.0000000000000

        82         1   0.0000000000000
        82         2  -0.0188843108034
        82         3  -0.0377197727432
        82         4  -0.0564608812395
        82         5  -0.0750561271141
        82         6  -0.0934449221539
        82         7  -0.1115554025474
        82         8  -0.1293025048821
        82         9  -0.1465863919147
        82        10  -0.1632913834605
        82        11  -0.1792855438482
        82        12  -0.1944210712757
        82        13  -0.2085356301800
        82        14  -0.2214547595559
        82        15  -0.2329954718207
        82        16  -0.2429711224961
        82        17  -0.2511975750987
        82        18  -0.2575006033918
        82        19  -0.2617243617124
        82        20  -0.2637406144191
        82        21  -0.2634582547657
        82        22  -0.2608324772797
        82        23  -0.2558728213992
        82        24  -0.2486492120222
        82        25  -0.2392951238171
        82        26  -0.2280071266754
        82        27  -0.2150403526460
        82        28  -0.2006998608895
        82        29  -0.1853284377085
        82        30  -0.1692919835881
        82        31  -0.1529641720744
        82        32  -0.1367122807615
        82        33  -0.1208856732469
        82        34  -0.1058071022126
        82        35  -0.0917649256958
        82        36  -0.0790022079202
        82        37  -0.0676976812470
        82        38  -0.0579345749622
        82        39  -0.0496560826754
        82        40  -0.0426086933103
        82        41  -0.0362728385622
        82        42  -0.0297687364211
        82        43  -0.0216981828899
        82        44  -0.0098434659771
        82        45   0.0093511365482
        82        46   0.0412343683286
        82        47   0.0910016321126
        82        48   0.1500684611811
        82        49   0.2110777242094
        82        50   0.2674886560047
        82        51   0.3134491437874
        82        52   0.3442947364748
        82        53   0.3569186779133
        82        54   0.3500318391997
        82        55   0.3245658957064
        82        56   0.2839998195191
        82        57   0.2340554056523
        82        58   0.1815054054659
        82        59   0.1325010703608
        82        60   0.0912185104333
        82        61   0.0593888951742
        82        62   0.0366938272933
        82        63   0.0215967976243
        82        64   0.0121554319769
        82        65   0.0065672349240
        82        66   0.0034182985375
        82        67   0.0017201294247
        82        68   0.0008395866646
        82        69   0.0003987268324
        82        70   0.0001847858085
        82        71   0.0000838012356
        82        72   0.0000372868080
        82        73   0.0000163172178
        82        74   0.0000070390503
        82        75   0.0000029996891
        82        76   0.0000012652443
        82        77   0.0000005291437
        82        78   0.0000002197667
        82        79   0.0000000907717
        82        80   0.0000000373316
        82        81   0.0000000153040
        82        82   0.0000000062594
        82        83   0.0000000025563
        82        84   0.0000000010430
        82        85   0.0000000004254
        82        86   0.0000000001735
        82        87   0.0000000000708
        82        88   0.0000000000289
        82        89   0.0000000000118
        82        90   0.0000000000048
        82        91   0.0000000000020
        82        92   0.0000000000008
        82        93   0.0000000000003
        82        94   0.0000000000001
        82        95   0.0000000000001
        82        96   0.0000000000000
        82        97   0.0000000000000
        82        98   0.0000000000000
        82        99   0.0000000000000
        82       100   0.0000000000000
        82       101   0.0000000000000
        82       102   0.0000000000000
        82       103   0.0000000000000
        82       104   0.0000000000000
        82       105   0.0000000000000
        82       106   0.0000000000000
        82       107   0.0000000000000
        82       108   0.0000000000000
        82       109   0.0000000000000
        82       110   0.0000000000000
        82       111   0.0000000000000
        82       112   0.0000000000000
        82       113   0.0000000000000
        82       114   0.0000000000000
        82       115   0.0000000000000
        82       116   0.0000000000000
        82       117   0.0000000000000
        82       118   0.0000000000000
        82       119   0.0000000000000
        82       120   0.0000000000000
        82       121   0.0000000000000
        82       122   0.0000000000000
        82       123   0.0000000000000
        82       124   0.0000000000000
        82       125   0.0000000000000
        82       126   0.0000000000000
        82       127   0.0000000000000
        82       128   0.0000000000000
        82       129   0.0000000000000
        82       130   0.0000000000000
        82       131   0.0000000000000
        82       132   0.0000000000000
        82       133   0.0000000000000
        82       134   0.0000000000000
        82       135   0.0000000000000
        82       136   0.0000000000000
        82       137   0.0000000000000
        82       138   0.0000000000000
        82       139   0.0000000000000
        82       140   0.0000000000000

        83         1   0.0000000000000
        83         2  -0.0088361834485
        83         3  -0.0177292393213
        83         4  -0.0267349479832
        83         5  -0.0359050811277
        83         6  -0.0452849571418
        83         7  -0.0549111289900
        83         8  -0.0648089977223
        83         9  -0.0749902991179
        83        10  -0.0854504819983
        83        11  -0.0961660385902
        83        12  -0.1070918864274
        83        13  -0.1181589453826
        83        14  -0.1292721033001
        83        15  -0.1403088170223
        83        16  -0.1511186475521
        83        17  -0.1615240709064
        83        18  -0.1713229287331
        83        19  -0.1802928702598
        83        20  -0.1881980722771
        83        21  -0.1947983891255
        83        22  -0.1998608669676
        83        23  -0.2031732542595
        83        24  -0.2045587711149
        83        25  -0.2038910091697
        83        26  -0.2011074957863
        83        27  -0.1962202720083
        83        28  -0.1893219105393
        83        29  -0.1805858230513
        83        30  -0.1702604866238
        83        31  -0.1586582171490
        83        32  -0.1461399571353
        83        33  -0.1330976238937
        83        34  -0.1199343319740
        83        35  -0.1070403619466
        83        36  -0.0947603827957
        83        37  -0.0833473449927
        83        38  -0.0729023011974
        83        39  -0.0633064499265
        83        40  -0.0541581413378
        83        41  -0.0447279035584
        83        42  -0.0339342267690
        83        43  -0.0203224009707
        83        44  -0.0020129581719
        83        45   0.0233687240392
        83        46   0.0585066764114
        83        47   0.1049556420953
        83        48   0.1592885467700
        83        49   0.2160787278053
        83        50   0.2690896436858
        83        51   0.3122586290364
        83        52   0.3406919467456
        83        53   0.3512668206195
        83        54   0.3428879467173
        83        55   0.3167264493549
        83        56   0.2763660868926
        83        57   0.2274072848850
        83        58   0.1763115411567
        83        59   0.1288595104203
        83        60   0.0889343032765
        83        61   0.0581203928265
        83        62   0.0360875854648
        83        63   0.0213676303680
        83        64   0.0121104086965
        83        65   0.0065943688868
        83        66   0.0034621684500
        83        67   0.0017585643530
        83        68   0.0008669623482
        83        69   0.0004160965034
        83        70   0.0001949779130
        83        71   0.0000894433404
        83        72   0.0000402703198
        83        73   0.0000178373279
        83        74   0.0000077901325
        83        75   0.0000033614100
        83        76   0.0000014357489
        83        77   0.0000006080808
        83        78   0.0000002557655
        83        79   0.0000001069842
        83        80   0.0000000445576
        83        81   0.0000000184973
        83        82   0.0000000076608
        83        83   0.0000000031678
        83        84   0.0000000013087
        83        85   0.0000000005404
        83        86   0.0000000002232
        83        87   0.0000000000922
        83        88   0.0000000000381
        83        89   0.0000000000158
        83        90   0.0000000000065
        83        91   0.0000000000027
        83        92   0.0000000000011
        83        93   0.0000000000005
        83        94   0.0000000000002
        83        95   0.0000000000001
        83        96   0.0000000000000
        83        97   0.0000000000000
        83        98   0.0000000000000
        83        99   0.0000000000000
        83       100   0.0000000000000
        83       101   0.0000000000000
        83       102   0.0000000000000
        83       103   0.0000000000000
        83       104   0.0000000000000
        83       105   0.0000000000000
        83       106   0.0000000000000
        83       107   0.0000000000000
        83       108   0.0000000000000
        83       109   0.0000000000000
        83       110   0.0000000000000
        83       111   0.0000000000000
        83       112   0.0000000000000
        83       113   0.0000000000000
        83       114   0.0000000000000
        83       115   0.0000000000000
        83       116   0.0000000000000
        83       117   0.0000000000000
        83       118   0.0000000000000
        83       119   0.0000000000000
        83       120   0.0000000000000
        83       121   0.0000000000000
        83       122   0.0000000000000
        83       123   0.0000000000000
        83       124   0.0000000000000
        83       125   0.0000000000000
        83       126   0.0000000000000
        83       127   0.0000000000000
        83       128   0.0000000000000
        83       129   0.0000000000000
        83       130   0.0000000000000
        83       131   0.0000000000000
        83       132   0.0000000000000
        83       133   0.0000000000000
        83       134   0.0000000000000
        83       135   0.0000000000000
        83       136   0.0000000000000
        83       137   0.0000000000000
        83       138   0.0000000000000
        83       139   0.0000000000000
        83       140   0.0000000000000

        84         1   0.0000000000000
        84         2  -0.0029836531239
        84         3  -0.0060382926977
        84         4  -0.0092342811568
        84         5  -0.0126413532274
        84         6  -0.0163280485257
        84         7  -0.0203609615252
        84         8  -0.0248037150622
        84         9  -0.0297155709445
        84        10  -0.0351496046083
        84        11  -0.0411503853239
        84        12  -0.0477511238941
        84        13  -0.0549702809818
        84        14  -0.0628076754076
        84        15  -0.0712401966355
        84        16  -0.0802173117604
        84        17  -0.0896566648992
        84        18  -0.0994401922583
        84        19  -0.1094113093090
        84        20  -0.1193738487807
        84        21  -0.1290935103653
        84        22  -0.1383025854152
        84        23  -0.1467085960903
        84        24  -0.1540071947739
        84        25  -0.1598991817254
        84        26  -0.1641108337743
        84        27  -0.1664159751826
        84        28  -0.1666575212400
        84        29  -0.1647658080550
        84        30  -0.1607711157739
        84        31  -0.1548084967081
        84        32  -0.1471141067547
        84        33  -0.1380130151787
        84        34  -0.1278980023411
        84        35  -0.1171968064941
        84        36  -0.1063229563088
        84        37  -0.0956057582990
        84        38  -0.0852010437216
        84        39  -0.0749955256411
        84        40  -0.0645289840923
        84        41  -0.0529622931224
        84        42  -0.0391097434942
        84        43  -0.0215318603829
        84        44   0.0013372598068
        84        45   0.0310394913061
        84        46   0.0688097580226
        84        47   0.1148164824667
        84        48   0.1668226798378
        84        49   0.2205938973668
        84        50   0.2705970359111
        84        51   0.3110410786467
        84        52   0.3370774668213
        84        53   0.3456445723002
        84        54   0.3358250620654
        84        55   0.3089986806057
        84        56   0.2688374032707
        84        57   0.2208235835394
        84        58   0.1711258269643
        84        59   0.1251759140062
        84        60   0.0865778862018
        84        61   0.0567718320923
        84        62   0.0354097755899
        84        63   0.0210831864254
        84        64   0.0120272877141
        84        65   0.0065976487494
        84        66   0.0034923295263
        84        67   0.0017897323274
        84        68   0.0008907858804
        84        69   0.0004318771027
        84        70   0.0002045332298
        84        71   0.0000948698038
        84        72   0.0000432042218
        84        73   0.0000193625665
        84        74   0.0000085580267
        84        75   0.0000037378708
        84        76   0.0000016162585
        84        77   0.0000006930407
        84        78   0.0000002951367
        84        79   0.0000001249942
        84        80   0.0000000527079
        84        81   0.0000000221531
        84        82   0.0000000092887
        84        83   0.0000000038884
        84        84   0.0000000016261
        84        85   0.0000000006797
        84        86   0.0000000002841
        84        87   0.0000000001188
        84        88   0.0000000000497
        84        89   0.0000000000208
        84        90   0.0000000000087
        84        91   0.0000000000037
        84        92   0.0000000000015
        84        93   0.0000000000006
        84        94   0.0000000000003
        84        95   0.0000000000001
        84        96   0.0000000000000
        84        97   0.0000000000000
        84        98   0.0000000000000
        84        99   0.0000000000000
        84       100   0.0000000000000
        84       101   0.0000000000000
        84       102   0.0000000000000
        84       103   0.0000000000000
        84       104   0.0000000000000
        84       105   0.0000000000000
        84       106   0.0000000000000
        84       107   0.0000000000000
        84       108   0.0000000000000
        84       109   0.0000000000000
        84       110   0.0000000000000
        84       111   0.0000000000000
        84       112   0.0000000000000
        84       113   0.0000000000000
        84       114   0.0000000000000
        84       115   0.0000000000000
        84       116   0.0000000000000
        84       117   0.0000000000000
        84       118   0.0000000000000
        84       119   0.0000000000000
        84       120   0.0000000000000
        84       121   0.0000000000000
        84       122   0.0000000000000
        84       123   0.0000000000000
        84       124   0.0000000000000
        84       125   0.0000000000000
        84       126   0.0000000000000
        84       127   0.0000000000000
        84       128   0.0000000000000
        84       129   0.0000000000000
        84       130   0.0000000000000
        84       131   0.0000000000000
        84       132   0.0000000000000
        84       133   0.0000000000000
        84       134   0.0000000000000
        84       135   0.0000000000000
        84       136   0.0000000000000
        84       137   0.0000000000000
        84       138   0.0000000000000
        84       139   0.0000000000000
        84       140   0.0000000000000

        85         1   0.0000000000000
        85         2   0.0000312603867
        85         3   0.0000093032811
        85         4  -0.0001191584561
        85         5  -0.0004086095521
        85         6  -0.0009152527474
        85         7  -0.0016974108288
        85         8  -0.0028157582563
        85         9  -0.0043333113075
        85        10  -0.0063150887369
        85        11  -0.0088273377964
        85        12  -0.0119362046753
        85        13  -0.0157057174538
        85        14  -0.0201949485511
        85        15  -0.0254542391029
        85        16  -0.0315204081218
        85        17  -0.0384109442860
        85        18  -0.0461172974248
        85        19  -0.0545975574769
        85        20  -0.0637690319671
        85        21  -0.0735014982140
        85        22  -0.0836121847100
        85        23  -0.0938637743491
        85        24  -0.1039668410644
        85        25  -0.1135880317526
        85        26  -0.1223648887292
        85        27  -0.1299274150551
        85        28  -0.1359253482629
        85        29  -0.1400588022103
        85        30  -0.1421087911193
        85        31  -0.1419635570811
        85        32  -0.1396367865489
        85        33  -0.1352743895822
        85        34  -0.1291465724761
        85        35  -0.1216206033437
        85        36  -0.1131077047171
        85        37  -0.1039781952466
        85        38  -0.0944465361703
        85        39  -0.0844433039776
        85        40  -0.0735089609919
        85        41  -0.0607544836145
        85        42  -0.0449269272857
        85        43  -0.0245902118001
        85        44   0.0016103271128
        85        45   0.0346604290242
        85        46   0.0748939400828
        85        47   0.1216316207293
        85        48   0.1727029835326
        85        49   0.2244169075906
        85        50   0.2718720934671
        85        51   0.3097458484153
        85        52   0.3334390938173
        85        53   0.3400486147712
        85        54   0.3288429857150
        85        55   0.3013879300885
        85        56   0.2614270926878
        85        57   0.2143257074418
        85        58   0.1659751772840
        85        59   0.1214784956046
        85        60   0.0841747090622
        85        61   0.0553633604158
        85        62   0.0346745832620
        85        63   0.0207524216987
        85        64   0.0119111534521
        85        65   0.0065796591618
        85        66   0.0035099387216
        85        67   0.0018140684820
        85        68   0.0009111744056
        85        69   0.0004460699585
        85        70   0.0002134245150
        85        71   0.0001000553620
        85        72   0.0000460719443
        85        73   0.0000208838147
        85        74   0.0000093383335
        85        75   0.0000041272094
        85        76   0.0000018061116
        85        77   0.0000007838610
        85        78   0.0000003378919
        85        79   0.0000001448544
        85        80   0.0000000618311
        85        81   0.0000000263055
        85        82   0.0000000111644
        85        83   0.0000000047304
        85        84   0.0000000020022
        85        85   0.0000000008470
        85        86   0.0000000003583
        85        87   0.0000000001516
        85        88   0.0000000000642
        85        89   0.0000000000272
        85        90   0.0000000000115
        85        91   0.0000000000049
        85        92   0.0000000000021
        85        93   0.0000000000009
        85        94   0.0000000000004
        85        95   0.0000000000002
        85        96   0.0000000000001
        85        97   0.0000000000000
        85        98   0.0000000000000
        85        99   0.0000000000000
        85       100   0.0000000000000
        85       101   0.0000000000000
        85       102   0.0000000000000
        85       103   0.0000000000000
        85       104   0.0000000000000
        85       105   0.0000000000000
        85       106   0.0000000000000
        85       107   0.0000000000000
        85       108   0.0000000000000
        85       109   0.0000000000000
        85       110   0.0000000000000
        85       111   0.0000000000000
        85       112   0.0000000000000
        85       113   0.0000000000000
        85       114   0.0000000000000
        85       115   0.0000000000000
        85       116   0.0000000000000
        85       117   0.0000000000000
        85       118   0.0000000000000
        85       119   0.0000000000000
        85       120   0.0000000000000
        85       121   0.0000000000000
        85       122   0.0000000000000
        85       123   0.0000000000000
        85       124   0.0000000000000
        85       125   0.0000000000000
        85       126   0.0000000000000
        85       127   0.0000000000000
        85       128   0.0000000000000
        85       129   0.0000000000000
        85       130   0.0000000000000
        85       131   0.0000000000000
        85       132   0.0000000000000
        85       133   0.0000000000000
        85       134   0.0000000000000
        85       135   0.0000000000000
        85       136   0.0000000000000
        85       137   0.0000000000000
        85       138   0.0000000000000
        85       139   0.0000000000000
        85       140   0.0000000000000

        86         1   0.0000000000000
        86         2   0.0014814734481
        86         3   0.0029278555333
        86         4   0.0043039574066
        86         5   0.0055732981174
        86         6   0.0066974158972
        86         7   0.0076351653136
        86         8   0.0083420061236
        86         9   0.0087693071792
        86        10   0.0088637098859
        86        11   0.0085666222667
        86        12   0.0078139472556
        86        13   0.0065361869141
        86        14   0.0046591058177
        86        15   0.0021051776233
        86        16  -0.0012039285742
        86        17  -0.0053435524305
        86        18  -0.0103806898708
        86        19  -0.0163669149657
        86        20  -0.0233295640319
        86        21  -0.0312614260937
        86        22  -0.0401095503503
        86        23  -0.0497642467447
        86        24  -0.0600498716998
        86        25  -0.0707194581836
        86        26  -0.0814555126026
        86        27  -0.0918791670734
        86        28  -0.1015691632427
        86        29  -0.1100907737104
        86        30  -0.1170328687647
        86        31  -0.1220493014496
        86        32  -0.1248991405730
        86        33  -0.1254792997575
        86        34  -0.1238423677793
        86        35  -0.1201910463464
        86        36  -0.1148386509885
        86        37  -0.1081255474280
        86        38  -0.1002894303189
        86        39  -0.0913062810769
        86        40  -0.0807447354937
        86        41  -0.0676974555013
        86        42  -0.0508535781249
        86        43  -0.0287439868307
        86        44  -0.0001241135670
        86        45   0.0356187914592
        86        46   0.0781716680155
        86        47   0.1261623348667
        86        48   0.1771114335980
        86        49   0.2274780323188
        86        50   0.2728204398480
        86        51   0.3083236620253
        86        52   0.3297612499333
        86        53   0.3344760441618
        86        54   0.3219433016552
        86        55   0.2939003058378
        86        56   0.2541474033075
        86        57   0.2079322941386
        86        58   0.1608827681715
        86        59   0.1177916669681
        86        60   0.0817470597755
        86        61   0.0539129150782
        86        62   0.0338948928307
        86        63   0.0203836664009
        86        64   0.0117668739736
        86        65   0.0065429683455
        86        66   0.0035162072616
        86        67   0.0018320695890
        86        68   0.0009282916538
        86        69   0.0004587053838
        86        70   0.0002216402740
        86        71   0.0001049823797
        86        72   0.0000488602156
        86        73   0.0000223932027
        86        74   0.0000101270437
        86        75   0.0000045276427
        86        76   0.0000020046373
        86        77   0.0000008803575
        86        78   0.0000003840273
        86        79   0.0000001666099
        86        80   0.0000000719728
        86        81   0.0000000309884
        86        82   0.0000000133096
        86        83   0.0000000057068
        86        84   0.0000000024443
        86        85   0.0000000010463
        86        86   0.0000000004478
        86        87   0.0000000001917
        86        88   0.0000000000821
        86        89   0.0000000000352
        86        90   0.0000000000151
        86        91   0.0000000000065
        86        92   0.0000000000028
        86        93   0.0000000000012
        86        94   0.0000000000005
        86        95   0.0000000000002
        86        96   0.0000000000001
        86        97   0.0000000000000
        86        98   0.0000000000000
        86        99   0.0000000000000
        86       100   0.0000000000000
        86       101   0.0000000000000
        86       102   0.0000000000000
        86       103   0.0000000000000
        86       104   0.0000000000000
        86       105   0.0000000000000
        86       106   0.0000000000000
        86       107   0.0000000000000
        86       108   0.0000000000000
        86       109   0.0000000000000
        86       110   0.0000000000000
        86       111   0.0000000000000
        86       112   0.0000000000000
        86       113   0.0000000000000
        86       114   0.0000000000000
        86       115   0.0000000000000
        86       116   0.0000000000000
        86       117   0.0000000000000
        86       118   0.0000000000000
        86       119   0.0000000000000
        86       120   0.0000000000000
        86       121   0.0000000000000
        86       122   0.0000000000000
        86       123   0.0000000000000
        86       124   0.0000000000000
        86       125   0.0000000000000
        86       126   0.0000000000000
        86       127   0.0000000000000
        86       128   0.0000000000000
        86       129   0.0000000000000
        86       130   0.0000000000000
        86       131   0.0000000000000
        86       132   0.0000000000000
        86       133   0.0000000000000
        86       134   0.0000000000000
        86       135   0.0000000000000
        86       136   0.0000000000000
        86       137   0.0000000000000
        86       138   0.0000000000000
        86       139   0.0000000000000
        86       140   0.0000000000000

        87         1   0.0000000000000
        87         2   0.0022317034955
        87         3   0.0044377268325
        87         4   0.0065926333393
        87         5   0.0086703378626
        87         6   0.0106436956669
        87         7   0.0124840153469
        87         8   0.0141604711961
        87         9   0.0156393973625
        87        10   0.0168834563224
        87        11   0.0178506900639
        87        12   0.0184934863434
        87        13   0.0187575269005
        87        14   0.0185808317685
        87        15   0.0178930749518
        87        16   0.0166154207601
        87        17   0.0146612122407
        87        18   0.0119379227728
        87        19   0.0083508401654
        87        20   0.0038089606484
        87        21  -0.0017665112551
        87        22  -0.0084308781355
        87        23  -0.0162020987022
        87        24  -0.0250451906981
        87        25  -0.0348564939516
        87        26  -0.0454502716670
        87        27  -0.0565508856100
        87        28  -0.0677941237072
        87        29  -0.0787408431940
        87        30  -0.0889046625994
        87        31  -0.0977930006706
        87        32  -0.1049576989175
        87        33  -0.1100483522067
        87        34  -0.1128585751021
        87        35  -0.1133523954979
        87        36  -0.1116547077502
        87        37  -0.1079885869767
        87        38  -0.1025490950743
        87        39  -0.0953240612808
        87        40  -0.0859066803649
        87        41  -0.0733806693125
        87        42  -0.0563739121281
        87        43  -0.0333449951657
        87        44  -0.0030731955127
        87        45   0.0348093644808
        87        46   0.0794820824339
        87        47   0.1289414371582
        87        48   0.1802481432619
        87        49   0.2297790035094
        87        50   0.2733877038827
        87        51   0.3067353707463
        87        52   0.3260292200419
        87        53   0.3289249871402
        87        54   0.3151291581069
        87        55   0.2865425839291
        87        56   0.2470096604608
        87        57   0.2016595657124
        87        58   0.1558684690653
        87        59   0.1141364166771
        87        60   0.0793143117646
        87        61   0.0524363291271
        87        62   0.0330822902016
        87        63   0.0199845758303
        87        64   0.0115990397220
        87        65   0.0064900763868
        87        66   0.0035123651216
        87        67   0.0018442730958
        87        68   0.0009423371238
        87        69   0.0004698378163
        87        70   0.0002291829240
        87        71   0.0001096403314
        87        72   0.0000515590187
        87        73   0.0000238841863
        87        74   0.0000109206137
        87        75   0.0000049375158
        87        76   0.0000022111809
        87        77   0.0000009823356
        87        78   0.0000004335285
        87        79   0.0000001902997
        87        80   0.0000000831766
        87        81   0.0000000362351
        87        82   0.0000000157466
        87        83   0.0000000068311
        87        84   0.0000000029601
        87        85   0.0000000012819
        87        86   0.0000000005550
        87        87   0.0000000002403
        87        88   0.0000000001041
        87        89   0.0000000000451
        87        90   0.0000000000196
        87        91   0.0000000000085
        87        92   0.0000000000037
        87        93   0.0000000000016
        87        94   0.0000000000007
        87        95   0.0000000000003
        87        96   0.0000000000001
        87        97   0.0000000000001
        87        98   0.0000000000000
        87        99   0.0000000000000
        87       100   0.0000000000000
        87       101   0.0000000000000
        87       102   0.0000000000000
        87       103   0.0000000000000
        87       104   0.0000000000000
        87       105   0.0000000000000
        87       106   0.0000000000000
        87       107   0.0000000000000
        87       108   0.0000000000000
        87       109   0.0000000000000
        87       110   0.0000000000000
        87       111   0.0000000000000
        87       112   0.0000000000000
        87       113   0.0000000000000
        87       114   0.0000000000000
        87       115   0.0000000000000
        87       116   0.0000000000000
        87       117   0.0000000000000
        87       118   0.0000000000000
        87       119   0.0000000000000
        87       120   0.0000000000000
        87       121   0.0000000000000
        87       122   0.0000000000000
        87       123   0.0000000000000
        87       124   0.0000000000000
        87       125   0.0000000000000
        87       126   0.0000000000000
        87       127   0.0000000000000
        87       128   0.0000000000000
        87       129   0.0000000000000
        87       130   0.0000000000000
        87       131   0.0000000000000
        87       132   0.0000000000000
        87       133   0.0000000000000
        87       134   0.0000000000000
        87       135   0.0000000000000
        87       136   0.0000000000000
        87       137   0.0000000000000
        87       138   0.0000000000000
        87       139   0.0000000000000
        87       140   0.0000000000000

        88         1   0.0000000000000
        88         2   0.0027318657364
        88         3   0.0054404037503
        88         4   0.0081028807718
        88         5   0.0106965179634
        88         6   0.0131983910104
        88         7   0.0155852619817
        88         8   0.0178333129245
        88         9   0.0199177491883
        88        10   0.0218122388232
        88        11   0.0234881549279
        88        12   0.0249135929670
        88        13   0.0260521480921
        88        14   0.0268614626342
        88        15   0.0272915962471
        88        16   0.0272833360314
        88        17   0.0267666557396
        88        18   0.0256596531301
        88        19   0.0238684374658
        88        20   0.0212885887776
        88        21   0.0178089343803
        88        22   0.0133184332671
        88        23   0.0077168514334
        88        24   0.0009295635326
        88        25  -0.0070738507605
        88        26  -0.0162585658151
        88        27  -0.0265036741748
        88        28  -0.0375855556059
        88        29  -0.0491704357862
        88        30  -0.0608211918753
        88        31  -0.0720221200804
        88        32  -0.0822224257484
        88        33  -0.0908948875552
        88        34  -0.0976009764447
        88        35  -0.1020479252908
        88        36  -0.1041170568436
        88        37  -0.1038381025553
        88        38  -0.1012873488870
        88        39  -0.0964071381502
        88        40  -0.0887853019551
        88        41  -0.0774866641793
        88        42  -0.0610666217035
        88        43  -0.0378752274880
        88        44  -0.0066426325925
        88        45   0.0328549019702
        88        46   0.0793865007298
        88        47   0.1303577177491
        88        48   0.1822984029401
        88        49   0.2313581172017
        88        50   0.2735507209207
        88        51   0.3049550017182
        88        52   0.3222319761258
        88        53   0.3233952330362
        88        54   0.3084050565541
        88        55   0.2793220113567
        88        56   0.2400243003116
        88        57   0.1955215735515
        88        58   0.1509491939226
        88        59   0.1105306467220
        88        60   0.0768931645909
        88        61   0.0509474549380
        88        62   0.0322470930797
        88        63   0.0195621073114
        88        64   0.0114119218030
        88        65   0.0064233757130
        88        66   0.0034996319410
        88        67   0.0018512389867
        88        68   0.0009535362068
        88        69   0.0004795410973
        88        70   0.0002360668453
        88        71   0.0001140251501
        88        72   0.0000541614558
        88        73   0.0000253515728
        88        74   0.0000117160177
        88        75   0.0000053553408
        88        76   0.0000024251265
        88        77   0.0000010896015
        88        78   0.0000004863754
        88        79   0.0000002159587
        88        80   0.0000000954841
        88        81   0.0000000420788
        88        82   0.0000000184980
        88        83   0.0000000081175
        88        84   0.0000000035580
        88        85   0.0000000015585
        88        86   0.0000000006825
        88        87   0.0000000002989
        88        88   0.0000000001309
        88        89   0.0000000000574
        88        90   0.0000000000252
        88        91   0.0000000000110
        88        92   0.0000000000049
        88        93   0.0000000000021
        88        94   0.0000000000009
        88        95   0.0000000000004
        88        96   0.0000000000002
        88        97   0.0000000000001
        88        98   0.0000000000000
        88        99   0.0000000000000
        88       100   0.0000000000000
        88       101   0.0000000000000
        88       102   0.0000000000000
        88       103   0.0000000000000
        88       104   0.0000000000000
        88       105   0.0000000000000
        88       106   0.0000000000000
        88       107   0.0000000000000
        88       108   0.0000000000000
        88       109   0.0000000000000
        88       110   0.0000000000000
        88       111   0.0000000000000
        88       112   0.0000000000000
        88       113   0.0000000000000
        88       114   0.0000000000000
        88       115   0.0000000000000
        88       116   0.0000000000000
        88       117   0.0000000000000
        88       118   0.0000000000000
        88       119   0.0000000000000
        88       120   0.0000000000000
        88       121   0.0000000000000
        88       122   0.0000000000000
        88       123   0.0000000000000
        88       124   0.0000000000000
        88       125   0.0000000000000
        88       126   0.0000000000000
        88       127   0.0000000000000
        88       128   0.0000000000000
        88       129   0.0000000000000
        88       130   0.0000000000000
        88       131   0.0000000000000
        88       132   0.0000000000000
        88       133   0.0000000000000
        88       134   0.0000000000000
        88       135   0.0000000000000
        88       136   0.0000000000000
        88       137   0.0000000000000
        88       138   0.0000000000000
        88       139   0.0000000000000
        88       140   0.0000000000000

        89         1   0.0000000000000
        89         2   0.0031620464570
        89         3   0.0062997119310
        89         4   0.0093894483775
        89         5   0.0124079981240
        89         6   0.0153324850058
        89         7   0.0181404673883
        89         8   0.0208099315003
        89         9   0.0233191989461
        89        10   0.0256467157538
        89        11   0.0277706825552
        89        12   0.0296684775314
        89        13   0.0313158175288
        89        14   0.0326856014961
        89        15   0.0337463891924
        89        16   0.0344604942562
        89        17   0.0347817236559
        89        18   0.0346528861297
        89        19   0.0340033304538
        89        20   0.0327469651238
        89        21   0.0307814470121
        89        22   0.0279894788621
        89        23   0.0242433629541
        89        24   0.0194140199622
        89        25   0.0133854596917
        89        26   0.0060750317406
        89        27  -0.0025414233266
        89        28  -0.0124021430791
        89        29  -0.0233343825248
        89        30  -0.0350381429523
        89        31  -0.0470858159933
        89        32  -0.0589436804150
        89        33  -0.0700175925966
        89        34  -0.0797191965900
        89        35  -0.0875408302110
        89        36  -0.0931174771231
        89        37  -0.0962444860206
        89        38  -0.0968164273586
        89        39  -0.0946668210734
        89        40  -0.0893319223693
        89        41  -0.0798323411507
        89        42  -0.0646332369703
        89        43  -0.0419436263296
        89        44  -0.0103821708431
        89        45   0.0302174475098
        89        46   0.0782975181348
        89        47   0.1307131132549
        89        48   0.1834294122032
        89        49   0.2322728670143
        89        50   0.2733093259386
        89        51   0.3029695766601
        89        52   0.3183634877113
        89        53   0.3178885738798
        89        54   0.3017765823218
        89        55   0.2722460303382
        89        56   0.2332008106392
        89        57   0.1895303555113
        89        58   0.1461391834991
        89        59   0.1069894684911
        89        60   0.0744978730722
        89        61   0.0494582975106
        89        62   0.0313984009930
        89        63   0.0191225176815
        89        64   0.0112094465262
        89        65   0.0063451222536
        89        66   0.0034791939277
        89        67   0.0018535344988
        89        68   0.0009621314172
        89        69   0.0004879040421
        89        70   0.0002423164221
        89        71   0.0001181384931
        89        72   0.0000566635427
        89        73   0.0000267915040
        89        74   0.0000125107774
        89        75   0.0000057798268
        89        76   0.0000026459162
        89        77   0.0000012019726
        89        78   0.0000005425466
        89        79   0.0000002436197
        89        80   0.0000001089363
        89        81   0.0000000485530
        89        82   0.0000000215868
        89        83   0.0000000095805
        89        84   0.0000000042469
        89        85   0.0000000018812
        89        86   0.0000000008330
        89        87   0.0000000003689
        89        88   0.0000000001634
        89        89   0.0000000000724
        89        90   0.0000000000321
        89        91   0.0000000000142
        89        92   0.0000000000063
        89        93   0.0000000000028
        89        94   0.0000000000012
        89        95   0.0000000000006
        89        96   0.0000000000002
        89        97   0.0000000000001
        89        98   0.0000000000000
        89        99   0.0000000000000
        89       100   0.0000000000000
        89       101   0.0000000000000
        89       102   0.0000000000000
        89       103   0.0000000000000
        89       104   0.0000000000000
        89       105   0.0000000000000
        89       106   0.0000000000000
        89       107   0.0000000000000
        89       108   0.0000000000000
        89       109   0.0000000000000
        89       110   0.0000000000000
        89       111   0.0000000000000
        89       112   0.0000000000000
        89       113   0.0000000000000
        89       114   0.0000000000000
        89       115   0.0000000000000
        89       116   0.0000000000000
        89       117   0.0000000000000
        89       118   0.0000000000000
        89       119   0.0000000000000
        89       120   0.0000000000000
        89       121   0.0000000000000
        89       122   0.0000000000000
        89       123   0.0000000000000
        89       124   0.0000000000000
        89       125   0.0000000000000
        89       126   0.0000000000000
        89       127   0.0000000000000
        89       128   0.0000000000000
        89       129   0.0000000000000
        89       130   0.0000000000000
        89       131   0.0000000000000
        89       132   0.0000000000000
        89       133   0.0000000000000
        89       134   0.0000000000000
        89       135   0.0000000000000
        89       136   0.0000000000000
        89       137   0.0000000000000
        89       138   0.0000000000000
        89       139   0.0000000000000
        89       140   0.0000000000000

        90         1   0.0000000000000
        90         2   0.0035764985123
        90         3   0.0071264463064
        90         4   0.0106242789726
        90         5   0.0140448683033
        90         6   0.0173637004751
        90         7   0.0205570380542
        90         8   0.0236020536729
        90         9   0.0264769203060
        90        10   0.0291608377473
        90        11   0.0316339670294
        90        12   0.0338772339130
        90        13   0.0358719492644
        90        14   0.0375991789768
        90        15   0.0390387813921
        90        16   0.0401680206052
        90        17   0.0409596677293
        90        18   0.0413795316485
        90        19   0.0413834331152
        90        20   0.0409137715182
        90        21   0.0398960511288
        90        22   0.0382360414013
        90        23   0.0358186268792
        90        24   0.0325097945419
        90        25   0.0281634844287
        90        26   0.0226349963274
        90        27   0.0158020554136
        90        28   0.0075932698059
        90        29  -0.0019785053623
        90        30  -0.0127831924725
        90        31  -0.0245488853112
        90        32  -0.0368550138815
        90        33  -0.0491515611452
        90        34  -0.0608079672681
        90        35  -0.0711867272302
        90        36  -0.0797241607787
        90        37  -0.0859858813953
        90        38  -0.0896528315674
        90        39  -0.0903986352586
        90        40  -0.0876588288016
        90        41  -0.0803757826121
        90        42  -0.0669019415987
        90        43  -0.0452763942116
        90        44  -0.0139533558014
        90        45   0.0272534890055
        90        46   0.0765391595994
        90        47   0.1302557469604
        90        48   0.1837935598099
        90        49   0.2325911689276
        90        50   0.2726797941386
        90        51   0.3007773885525
        90        52   0.3144228699643
        90        53   0.3124087900027
        90        54   0.2952500645531
        90        55   0.2653219592450
        90        56   0.2265476162393
        90        57   0.1836960331824
        90        58   0.1414502353314
        90        59   0.1035254644242
        90        60   0.0721404635517
        90        61   0.0479791522755
        90        62   0.0305441591983
        90        63   0.0186713766165
        90        64   0.0109951832238
        90        65   0.0062574157769
        90        66   0.0034521861844
        90        67   0.0018517215958
        90        68   0.0009683748047
        90        69   0.0004950264027
        90        70   0.0002479641477
        90        71   0.0001219869729
        90        72   0.0000590639547
        90        73   0.0000282014047
        90        74   0.0000133029737
        90        75   0.0000062099007
        90        76   0.0000028730662
        90        77   0.0000013192865
        90        78   0.0000006020249
        90        79   0.0000002733155
        90        80   0.0000001235739
        90        81   0.0000000556913
        90        82   0.0000000250370
        90        83   0.0000000112357
        90        84   0.0000000050360
        90        85   0.0000000022555
        90        86   0.0000000010098
        90        87   0.0000000004520
        90        88   0.0000000002024
        90        89   0.0000000000907
        90        90   0.0000000000406
        90        91   0.0000000000182
        90        92   0.0000000000082
        90        93   0.0000000000037
        90        94   0.0000000000016
        90        95   0.0000000000007
        90        96   0.0000000000003
        90        97   0.0000000000001
        90        98   0.0000000000001
        90        99   0.0000000000000
        90       100   0.0000000000000
        90       101   0.0000000000000
        90       102   0.0000000000000
        90       103   0.0000000000000
        90       104   0.0000000000000
        90       105   0.0000000000000
        90       106   0.0000000000000
        90       107   0.0000000000000
        90       108   0.0000000000000
        90       109   0.0000000000000
        90       110   0.0000000000000
        90       111   0.0000000000000
        90       112   0.0000000000000
        90       113   0.0000000000000
        90       114   0.0000000000000
        90       115   0.0000000000000
        90       116   0.0000000000000
        90       117   0.0000000000000
        90       118   0.0000000000000
        90       119   0.0000000000000
        90       120   0.0000000000000
        90       121   0.0000000000000
        90       122   0.0000000000000
        90       123   0.0000000000000
        90       124   0.0000000000000
        90       125   0.0000000000000
        90       126   0.0000000000000
        90       127   0.0000000000000
        90       128   0.0000000000000
        90       129   0.0000000000000
        90       130   0.0000000000000
        90       131   0.0000000000000
        90       132   0.0000000000000
        90       133   0.0000000000000
        90       134   0.0000000000000
        90       135   0.0000000000000
        90       136   0.0000000000000
        90       137   0.0000000000000
        90       138   0.0000000000000
        90       139   0.0000000000000
        90       140   0.0000000000000

        91         1   0.0000000000000
        91         2   0.0039866855421
        91         3   0.0079444143130
        91         4   0.0118453338574
        91         5   0.0156620957443
        91         6   0.0193680713718
        91         7   0.0229375608148
        91         8   0.0263459877353
        91         9   0.0295700727832
        91        10   0.0325879755203
        91        11   0.0353793904428
        91        12   0.0379255754901
        91        13   0.0402092805883
        91        14   0.0422145283655
        91        15   0.0439261786696
        91        16   0.0453291836023
        91        17   0.0464074135659
        91        18   0.0471419147011
        91        19   0.0475084579033
        91        20   0.0474742815637
        91        21   0.0469940451879
        91        22   0.0460052349738
        91        23   0.0444236253658
        91        24   0.0421399059625
        91        25   0.0390191763528
        91        26   0.0349055440293
        91        27   0.0296342664021
        91        28   0.0230533915426
        91        29   0.0150553049182
        91        30   0.0056158058281
        91        31  -0.0051653976709
        91        32  -0.0170326124963
        91        33  -0.0295624451509
        91        34  -0.0421829728060
        91        35  -0.0542277097693
        91        36  -0.0650154011084
        91        37  -0.0739279064586
        91        38  -0.0804383989604
        91        39  -0.0840346917598
        91        40  -0.0840124148433
        91        41  -0.0792014252167
        91        42  -0.0678175750181
        91        43  -0.0477052342607
        91        44  -0.0171106350744
        91        45   0.0242410736904
        91        46   0.0743753530525
        91        47   0.1291974472361
        91        48   0.1835314870076
        91        49   0.2323864516661
        91        50   0.2716897873851
        91        51   0.2983857176996
        91        52   0.3104138020176
        91        53   0.3069613499313
        91        54   0.2888321897063
        91        55   0.2585566692494
        91        56   0.2200719468990
        91        57   0.1780268776122
        91        58   0.1368918990398
        91        59   0.1001489232862
        91        60   0.0698309380638
        91        61   0.0465187441370
        91        62   0.0296912320140
        91        63   0.0182135919217
        91        64   0.0107723427219
        91        65   0.0061621879519
        91        66   0.0034196798233
        91        67   0.0018463470172
        91        68   0.0009725215587
        91        69   0.0005010152849
        91        70   0.0002530488511
        91        71   0.0001255813859
        91        72   0.0000613637443
        91        73   0.0000295799065
        91        74   0.0000140912425
        91        75   0.0000066447213
        91        76   0.0000031061796
        91        77   0.0000014414099
        91        78   0.0000006648007
        91        79   0.0000003050812
        91        80   0.0000001394386
        91        81   0.0000000635283
        91        82   0.0000000288730
        91        83   0.0000000130990
        91        84   0.0000000059352
        91        85   0.0000000026871
        91        86   0.0000000012161
        91        87   0.0000000005503
        91        88   0.0000000002490
        91        89   0.0000000001127
        91        90   0.0000000000510
        91        91   0.0000000000231
        91        92   0.0000000000105
        91        93   0.0000000000048
        91        94   0.0000000000022
        91        95   0.0000000000010
        91        96   0.0000000000004
        91        97   0.0000000000002
        91        98   0.0000000000001
        91        99   0.0000000000000
        91       100   0.0000000000000
        91       101   0.0000000000000
        91       102   0.0000000000000
        91       103   0.0000000000000
        91       104   0.0000000000000
        91       105   0.0000000000000
        91       106   0.0000000000000
        91       107   0.0000000000000
        91       108   0.0000000000000
        91       109   0.0000000000000
        91       110   0.0000000000000
        91       111   0.0000000000000
        91       112   0.0000000000000
        91       113   0.0000000000000
        91       114   0.0000000000000
        91       115   0.0000000000000
        91       116   0.0000000000000
        91       117   0.0000000000000
        91       118   0.0000000000000
        91       119   0.0000000000000
        91       120   0.0000000000000
        91       121   0.0000000000000
        91       122   0.0000000000000
        91       123   0.0000000000000
        91       124   0.0000000000000
        91       125   0.0000000000000
        91       126   0.0000000000000
        91       127   0.0000000000000
        91       128   0.0000000000000
        91       129   0.0000000000000
        91       130   0.0000000000000
        91       131   0.0000000000000
        91       132   0.0000000000000
        91       133   0.0000000000000
        91       134   0.0000000000000
        91       135   0.0000000000000
        91       136   0.0000000000000
        91       137   0.0000000000000
        91       138   0.0000000000000
        91       139   0.0000000000000
        91       140   0.0000000000000

        92         1   0.0000000000000
        92         2   0.0043936898087
        92         3   0.0087560039736
        92         4   0.0130567795501
        92         5   0.0172664046671
        92         6   0.0213560565526
        92         7   0.0252979349145
        92         8   0.0290654853284
        92         9   0.0326336081009
        92        10   0.0359788477335
        92        11   0.0390795566102
        92        12   0.0419160233973
        92        13   0.0444705509749
        92        14   0.0467274591721
        92        15   0.0486729724272
        92        16   0.0502949298820
        92        17   0.0515822240538
        92        18   0.0525238348555
        92        19   0.0531072835825
        92        20   0.0533162999184
        92        21   0.0531274997650
        92        22   0.0525059540425
        92        23   0.0513997439481
        92        24   0.0497340045025
        92        25   0.0474055882638
        92        26   0.0442802947270
        92        27   0.0401954347506
        92        28   0.0349709787355
        92        29   0.0284321494883
        92        30   0.0204445107006
        92        31   0.0109590776139
        92        32   0.0000601100939
        92        33  -0.0119966067684
        92        34  -0.0247697259641
        92        35  -0.0376546798937
        92        36  -0.0499441333412
        92        37  -0.0609085666222
        92        38  -0.0698525117385
        92        39  -0.0760816740273
        92        40  -0.0787313639292
        92        41  -0.0764923813883
        92        42  -0.0674230031663
        92        43  -0.0491534439972
        92        44  -0.0196884477906
        92        45   0.0213937048268
        92        46   0.0720232941908
        92        47   0.1277222290896
        92        48   0.1827735648495
        92        49   0.2317344139429
        92        50   0.2703744487503
        92        51   0.2958085057178
        92        52   0.3063435791555
        92        53   0.3015529385481
        92        54   0.2825296081849
        92        55   0.2519562912452
        92        56   0.2137797195302
        92        57   0.1725293676561
        92        58   0.1324716526178
        92        59   0.0968680568165
        92        60   0.0675774680276
        92        61   0.0450843657342
        92        62   0.0288454822188
        92        63   0.0177534436339
        92        64   0.0105437841870
        92        65   0.0060611967919
        92        66   0.0033826732227
        92        67   0.0018379346654
        92        68   0.0009748247631
        92        69   0.0005059820476
        92        70   0.0002576140817
        92        71   0.0001289359706
        92        72   0.0000635660457
        92        73   0.0000309267540
        92        74   0.0000148747584
        92        75   0.0000070836850
        92        76   0.0000033449554
        92        77   0.0000015682444
        92        78   0.0000007308771
        92        79   0.0000003389559
        92        80   0.0000001565740
        92        81   0.0000000720998
        92        82   0.0000000331207
        92        83   0.0000000151874
        92        84   0.0000000069553
        92        85   0.0000000031826
        92        86   0.0000000014556
        92        87   0.0000000006656
        92        88   0.0000000003044
        92        89   0.0000000001392
        92        90   0.0000000000637
        92        91   0.0000000000291
        92        92   0.0000000000133
        92        93   0.0000000000061
        92        94   0.0000000000028
        92        95   0.0000000000013
        92        96   0.0000000000006
        92        97   0.0000000000003
        92        98   0.0000000000001
        92        99   0.0000000000001
        92       100   0.0000000000000
        92       101   0.0000000000000
        92       102   0.0000000000000
        92       103   0.0000000000000
        92       104   0.0000000000000
        92       105   0.0000000000000
        92       106   0.0000000000000
        92       107   0.0000000000000
        92       108   0.0000000000000
        92       109   0.0000000000000
        92       110   0.0000000000000
        92       111   0.0000000000000
        92       112   0.0000000000000
        92       113   0.0000000000000
        92       114   0.0000000000000
        92       115   0.0000000000000
        92       116   0.0000000000000
        92       117   0.0000000000000
        92       118   0.0000000000000
        92       119   0.0000000000000
        92       120   0.0000000000000
        92       121   0.0000000000000
        92       122   0.0000000000000
        92       123   0.0000000000000
        92       124   0.0000000000000
        92       125   0.0000000000000
        92       126   0.0000000000000
        92       127   0.0000000000000
        92       128   0.0000000000000
        92       129   0.0000000000000
        92       130   0.0000000000000
        92       131   0.0000000000000
        92       132   0.0000000000000
        92       133   0.0000000000000
        92       134   0.0000000000000
        92       135   0.0000000000000
        92       136   0.0000000000000
        92       137   0.0000000000000
        92       138   0.0000000000000
        92       139   0.0000000000000
        92       140   0.0000000000000

        93         1   0.0000000000000
        93         2   0.0047968993318
        93         3   0.0095600284750
        93         4   0.0142569359805
        93         5   0.0188557646246
        93         6   0.0233255083899
        93         7   0.0276362649308
        93         8   0.0317594782589
        93         9   0.0356681677684
        93        10   0.0393371402570
        93        11   0.0427431815622
        93        12   0.0458652236796
        93        13   0.0486844812802
        93        14   0.0511845474658
        93        15   0.0533514308641
        93        16   0.0551735025054
        93        17   0.0566412983144
        93        18   0.0577470882253
        93        19   0.0584840737621
        93        20   0.0588450144436
        93        21   0.0588200209211
        93        22   0.0583932171522
        93        23   0.0575380167977
        93        24   0.0562109583711
        93        25   0.0543444923556
        93        26   0.0518398824988
        93        27   0.0485624514583
        93        28   0.0443425584118
        93        29   0.0389864642609
        93        30   0.0323008834810
        93        31   0.0241327555944
        93        32   0.0144212079030
        93        33   0.0032524246626
        93        34  -0.0090977994025
        93        35  -0.0221512791498
        93        36  -0.0352562424577
        93        37  -0.0476521541277
        93        38  -0.0585354154265
        93        39  -0.0670594004889
        93        40  -0.0722004829218
        93        41  -0.0724969993592
        93        42  -0.0658355703632
        93        43  -0.0496197367994
        93        44  -0.0215899731068
        93        45   0.0188687754297
        93        46   0.0696598701386
        93        47   0.1259899253025
        93        48   0.1816400171727
        93        49   0.2307105273207
        93        50   0.2687733441472
        93        51   0.2930642370670
        93        52   0.3022220567586
        93        53   0.2961909237506
        93        54   0.2763485736425
        93        55   0.2455259785767
        93        56   0.2076754565885
        93        57   0.1672082585144
        93        58   0.1281950716494
        93        59   0.0936892040704
        93        60   0.0653865791293
        93        61   0.0436820135911
        93        62   0.0280118539398
        93        63   0.0172946243621
        93        64   0.0103120283965
        93        65   0.0059560262632
        93        66   0.0033420867907
        93        67   0.0018269800682
        93        68   0.0009755312283
        93        69   0.0005100396876
        93        70   0.0002617066765
        93        71   0.0001320677118
        93        72   0.0000656757802
        93        73   0.0000322427001
        93        74   0.0000156532086
        93        75   0.0000075264273
        93        76   0.0000035891956
        93        77   0.0000016997334
        93        78   0.0000008002726
        93        79   0.0000003749852
        93        80   0.0000001750268
        93        81   0.0000000814435
        93        82   0.0000000378069
        93        83   0.0000000175189
        93        84   0.0000000081074
        93        85   0.0000000037487
        93        86   0.0000000017324
        93        87   0.0000000008004
        93        88   0.0000000003698
        93        89   0.0000000001709
        93        90   0.0000000000790
        93        91   0.0000000000365
        93        92   0.0000000000169
        93        93   0.0000000000078
        93        94   0.0000000000036
        93        95   0.0000000000017
        93        96   0.0000000000008
        93        97   0.0000000000004
        93        98   0.0000000000002
        93        99   0.0000000000001
        93       100   0.0000000000000
        93       101   0.0000000000000
        93       102   0.0000000000000
        93       103   0.0000000000000
        93       104   0.0000000000000
        93       105   0.0000000000000
        93       106   0.0000000000000
        93       107   0.0000000000000
        93       108   0.0000000000000
        93       109   0.0000000000000
        93       110   0.0000000000000
        93       111   0.0000000000000
        93       112   0.0000000000000
        93       113   0.0000000000000
        93       114   0.0000000000000
        93       115   0.0000000000000
        93       116   0.0000000000000
        93       117   0.0000000000000
        93       118   0.0000000000000
        93       119   0.0000000000000
        93       120   0.0000000000000
        93       121   0.0000000000000
        93       122   0.0000000000000
        93       123   0.0000000000000
        93       124   0.0000000000000
        93       125   0.0000000000000
        93       126   0.0000000000000
        93       127   0.0000000000000
        93       128   0.0000000000000
        93       129   0.0000000000000
        93       130   0.0000000000000
        93       131   0.0000000000000
        93       132   0.0000000000000
        93       133   0.0000000000000
        93       134   0.0000000000000
        93       135   0.0000000000000
        93       136   0.0000000000000
        93       137   0.0000000000000
        93       138   0.0000000000000
        93       139   0.0000000000000
        93       140   0.0000000000000

        94         1   0.0000000000000
        94         2   0.0051955375905
        94         3   0.0103549401292
        94         4   0.0154434959668
        94         5   0.0204271297870
        94         6   0.0252726779422
        94         7   0.0299481589913
        94         8   0.0344230338502
        94         9   0.0386684515547
        94        10   0.0426574774466
        94        11   0.0463653010480
        94        12   0.0497694210614
        94        13   0.0528498046867
        94        14   0.0555890173530
        94        15   0.0579723161798
        94        16   0.0599876944552
        94        17   0.0616258525325
        94        18   0.0628800488683
        94        19   0.0637457482544
        94        20   0.0642199274188
        94        21   0.0642998191533
        94        22   0.0639807831846
        94        23   0.0632529143307
        94        24   0.0620959993583
        94        25   0.0604726190158
        94        26   0.0583196980605
        94        27   0.0555397521859
        94        28   0.0519944619019
        94        29   0.0475047450646
        94        30   0.0418625351368
        94        31   0.0348589759112
        94        32   0.0263306694589
        94        33   0.0162195820909
        94        34   0.0046343363902
        94        35  -0.0081059546261
        94        36  -0.0214643329668
        94        37  -0.0347218529308
        94        38  -0.0470345832256
        94        39  -0.0574507308778
        94        40  -0.0648085652390
        94        41  -0.0674955369929
        94        42  -0.0632220279599
        94        43  -0.0491605638418
        94        44  -0.0227756786587
        94        45   0.0167743785099
        94        46   0.0674253391312
        94        47   0.1241375423977
        94        48   0.1802402643491
        94        49   0.2293879529493
        94        50   0.2669280452673
        94        51   0.2901741305015
        94        52   0.2980606473336
        94        53   0.2908828465560
        94        54   0.2702946455293
        94        55   0.2392697406614
        94        56   0.2017622530816
        94        57   0.1620666708820
        94        58   0.1240659991015
        94        59   0.0906170277449
        94        60   0.0632633285581
        94        61   0.0423165211357
        94        62   0.0271944569924
        94        63   0.0168402837634
        94        64   0.0100792757764
        94        65   0.0058480899746
        94        66   0.0032987606386
        94        67   0.0018139466396
        94        68   0.0009748783016
        94        69   0.0005133006924
        94        70   0.0002653755184
        94        71   0.0001349957092
        94        72   0.0000676993725
        94        73   0.0000335293977
        94        74   0.0000164267610
        94        75   0.0000079728188
        94        76   0.0000038388090
        94        77   0.0000018358660
        94        78   0.0000008730255
        94        79   0.0000004132230
        94        80   0.0000001948474
        94        81   0.0000000915992
        94        82   0.0000000429602
        94        83   0.0000000201125
        94        84   0.0000000094037
        94        85   0.0000000043928
        94        86   0.0000000020509
        94        87   0.0000000009572
        94        88   0.0000000004467
        94        89   0.0000000002085
        94        90   0.0000000000973
        94        91   0.0000000000454
        94        92   0.0000000000212
        94        93   0.0000000000099
        94        94   0.0000000000046
        94        95   0.0000000000022
        94        96   0.0000000000010
        94        97   0.0000000000005
        94        98   0.0000000000002
        94        99   0.0000000000001
        94       100   0.0000000000000
        94       101   0.0000000000000
        94       102   0.0000000000000
        94       103   0.0000000000000
        94       104   0.0000000000000
        94       105   0.0000000000000
        94       106   0.0000000000000
        94       107   0.0000000000000
        94       108   0.0000000000000
        94       109   0.0000000000000
        94       110   0.0000000000000
        94       111   0.0000000000000
        94       112   0.0000000000000
        94       113   0.0000000000000
        94       114   0.0000000000000
        94       115   0.0000000000000
        94       116   0.0000000000000
        94       117   0.0000000000000
        94       118   0.0000000000000
        94       119   0.0000000000000
        94       120   0.0000000000000
        94       121   0.0000000000000
        94       122   0.0000000000000
        94       123   0.0000000000000
        94       124   0.0000000000000
        94       125   0.0000000000000
        94       126   0.0000000000000
        94       127   0.0000000000000
        94       128   0.0000000000000
        94       129   0.0000000000000
        94       130   0.0000000000000
        94       131   0.0000000000000
        94       132   0.0000000000000
        94       133   0.0000000000000
        94       134   0.0000000000000
        94       135   0.0000000000000
        94       136   0.0000000000000
        94       137   0.0000000000000
        94       138   0.0000000000000
        94       139   0.0000000000000
        94       140   0.0000000000000

        95         1   0.0000000000000
        95         2   0.0055888224658
        95         3   0.0111391774756
        95         4   0.0166141240788
        95         5   0.0219773988999
        95         6   0.0271937095501
        95         7   0.0322290229142
        95         8   0.0370508423455
        95         9   0.0416284694993
        95        10   0.0459332474390
        95        11   0.0499387822306
        95        12   0.0536211406759
        95        13   0.0569590221354
        95        14   0.0599339024384
        95        15   0.0625301473467
        95        16   0.0647350911697
        95        17   0.0665390714212
        95        18   0.0679354000360
        95        19   0.0689202308763
        95        20   0.0694922449859
        95        21   0.0696520107177
        95        22   0.0694007789737
        95        23   0.0687383488114
        95        24   0.0676595166726
        95        25   0.0661485822978
        95        26   0.0641715686551
        95        27   0.0616664166974
        95        28   0.0585326126734
        95        29   0.0546234917652
        95        30   0.0497464358731
        95        31   0.0436773859517
        95        32   0.0361951098412
        95        33   0.0271362217259
        95        34   0.0164639203995
        95        35   0.0043339717324
        95        36  -0.0088642846141
        95        37  -0.0225084877935
        95        38  -0.0357773627428
        95        39  -0.0476682096948
        95        40  -0.0569156303836
        95        41  -0.0617712899294
        95        42  -0.0597749125719
        95        43  -0.0478723220901
        95        44  -0.0232513901365
        95        45   0.0151761098845
        95        46   0.0654263558600
        95        47   0.1222798559935
        95        48   0.1786720143213
        95        49   0.2278357890589
        95        50   0.2648802216628
        95        51   0.2871606650587
        95        52   0.2938714578643
        95        53   0.2856359891686
        95        54   0.2643724730328
        95        55   0.2331903527386
        95        56   0.1960417958695
        95        57   0.1571062047662
        95        58   0.1200867193122
        95        59   0.0876547047274
        95        60   0.0612114750840
        95        61   0.0409916876490
        95        62   0.0263966510082
        95        63   0.0163930754201
        95        64   0.0098474278000
        95        65   0.0057386379986
        95        66   0.0032534546144
        95        67   0.0017992634687
        95        68   0.0009730915487
        95        69   0.0005158753311
        95        70   0.0002686704881
        95        71   0.0001377406154
        95        72   0.0000696444854
        95        73   0.0000347892905
        95        74   0.0000171960285
        95        75   0.0000084229584
        95        76   0.0000040938140
        95        77   0.0000019766812
        95        78   0.0000009491956
        95        79   0.0000004537331
        95        80   0.0000002160916
        95        81   0.0000001026099
        95        82   0.0000000486109
        95        83   0.0000000229884
        95        84   0.0000000108571
        95        85   0.0000000051229
        95        86   0.0000000024158
        95        87   0.0000000011387
        95        88   0.0000000005367
        95        89   0.0000000002529
        95        90   0.0000000001192
        95        91   0.0000000000562
        95        92   0.0000000000265
        95        93   0.0000000000125
        95        94   0.0000000000059
        95        95   0.0000000000028
        95        96   0.0000000000013
        95        97   0.0000000000006
        95        98   0.0000000000003
        95        99   0.0000000000001
        95       100   0.0000000000001
        95       101   0.0000000000000
        95       102   0.0000000000000
        95       103   0.0000000000000
        95       104   0.0000000000000
        95       105   0.0000000000000
        95       106   0.0000000000000
        95       107   0.0000000000000
        95       108   0.0000000000000
        95       109   0.0000000000000
        95       110   0.0000000000000
        95       111   0.0000000000000
        95       112   0.0000000000000
        95       113   0.0000000000000
        95       114   0.0000000000000
        95       115   0.0000000000000
        95       116   0.0000000000000
        95       117   0.0000000000000
        95       118   0.0000000000000
        95       119   0.0000000000000
        95       120   0.0000000000000
        95       121   0.0000000000000
        95       122   0.0000000000000
        95       123   0.0000000000000
        95       124   0.0000000000000
        95       125   0.0000000000000
        95       126   0.0000000000000
        95       127   0.0000000000000
        95       128   0.0000000000000
        95       129   0.0000000000000
        95       130   0.0000000000000
        95       131   0.0000000000000
        95       132   0.0000000000000
        95       133   0.0000000000000
        95       134   0.0000000000000
        95       135   0.0000000000000
        95       136   0.0000000000000
        95       137   0.0000000000000
        95       138   0.0000000000000
        95       139   0.0000000000000
        95       140   0.0000000000000

        96         1   0.0000000000000
        96         2   0.0059759774281
        96         3   0.0119111903580
        96         4   0.0177665020680
        96         5   0.0235034937339
        96         6   0.0290847756444
        96         7   0.0344742929571
        96         8   0.0396376196546
        96         9   0.0445422361569
        96        10   0.0491577870016
        96        11   0.0534563156329
        96        12   0.0574124738416
        96        13   0.0610037038345
        96        14   0.0642103912842
        96        15   0.0670159879319
        96        16   0.0694071021170
        96        17   0.0713735543325
        96        18   0.0729083910734
        96        19   0.0740078408387
        96        20   0.0746711755604
        96        21   0.0749003998440
        96        22   0.0746996167862
        96        23   0.0740738010774
        96        24   0.0730265481587
        96        25   0.0715561980395
        96        26   0.0696496568889
        96        27   0.0672734547599
        96        28   0.0643623549322
        96        29   0.0608074010672
        96        30   0.0564476022098
        96        31   0.0510718688510
        96        32   0.0444389193337
        96        33   0.0363208025684
        96        34   0.0265690829226
        96        35   0.0151923134359
        96        36   0.0024234183035
        96        37  -0.0112456419265
        96        38  -0.0250665244610
        96        39  -0.0380379131781
        96        40  -0.0488316933075
        96        41  -0.0555886805845
        96        42  -0.0556925507776
        96        43  -0.0458749099175
        96        44  -0.0230563993446
        96        45   0.0141042543730
        96        46   0.0637392419819
        96        47   0.1205100633268
        96        48   0.1770204772623
        96        49   0.2261176545346
        96        50   0.2626701561791
        96        51   0.2840464258104
        96        52   0.2896666032686
        96        53   0.2804570481737
        96        54   0.2585856663556
        96        55   0.2272893388570
        96        56   0.1905144323319
        96        57   0.1523270770472
        96        58   0.1162581365508
        96        59   0.0848041113520
        96        60   0.0592336418078
        96        61   0.0397104022050
        96        62   0.0256211279539
        96        63   0.0159552046836
        96        64   0.0096181105672
        96        65   0.0056287659993
        96        66   0.0032068501984
        96        67   0.0017833243773
        96        68   0.0009703831908
        96        69   0.0005178703450
        96        70   0.0002716416015
        96        71   0.0001403241491
        96        72   0.0000715197782
        96        73   0.0000360255087
        96        74   0.0000179620306
        96        75   0.0000088771641
        96        76   0.0000043543386
        96        77   0.0000021222706
        96        78   0.0000010288679
        96        79   0.0000004965912
        96        80   0.0000002388208
        96        81   0.0000001145218
        96        82   0.0000000547915
        96        83   0.0000000261683
        96        84   0.0000000124815
        96        85   0.0000000059477
        96        86   0.0000000028323
        96        87   0.0000000013482
        96        88   0.0000000006416
        96        89   0.0000000003053
        96        90   0.0000000001452
        96        91   0.0000000000691
        96        92   0.0000000000329
        96        93   0.0000000000156
        96        94   0.0000000000074
        96        95   0.0000000000035
        96        96   0.0000000000017
        96        97   0.0000000000008
        96        98   0.0000000000004
        96        99   0.0000000000002
        96       100   0.0000000000001
        96       101   0.0000000000000
        96       102   0.0000000000000
        96       103   0.0000000000000
        96       104   0.0000000000000
        96       105   0.0000000000000
        96       106   0.0000000000000
        96       107   0.0000000000000
        96       108   0.0000000000000
        96       109   0.0000000000000
        96       110   0.0000000000000
        96       111   0.0000000000000
        96       112   0.0000000000000
        96       113   0.0000000000000
        96       114   0.0000000000000
        96       115   0.0000000000000
        96       116   0.0000000000000
        96       117   0.0000000000000
        96       118   0.0000000000000
        96       119   0.0000000000000
        96       120   0.0000000000000
        96       121   0.0000000000000
        96       122   0.0000000000000
        96       123   0.0000000000000
        96       124   0.0000000000000
        96       125   0.0000000000000
        96       126   0.0000000000000
        96       127   0.0000000000000
        96       128   0.0000000000000
        96       129   0.0000000000000
        96       130   0.0000000000000
        96       131   0.0000000000000
        96       132   0.0000000000000
        96       133   0.0000000000000
        96       134   0.0000000000000
        96       135   0.0000000000000
        96       136   0.0000000000000
        96       137   0.0000000000000
        96       138   0.0000000000000
        96       139   0.0000000000000
        96       140   0.0000000000000

        97         1   0.0000000000000
        97         2   0.0063562369870
        97         3   0.0126694508375
        97         4   0.0188983453593
        97         5   0.0250023816080
        97         6   0.0309421066267
        97         7   0.0366794763798
        97         8   0.0421781661813
        97         9   0.0474038638083
        97        10   0.0523245414899
        97        11   0.0569107036342
        97        12   0.0611356076774
        97        13   0.0649754559208
        97        14   0.0684095566691
        97        15   0.0714204534060
        97        16   0.0739940210658
        97        17   0.0761195284569
        97        18   0.0777896649572
        97        19   0.0790005262353
        97        20   0.0797515446117
        97        21   0.0800453280732
        97        22   0.0798873261438
        97        23   0.0792851536157
        97        24   0.0782472566983
        97        25   0.0767803980289
        97        26   0.0748852138475
        97        27   0.0725490021589
        97        28   0.0697352110737
        97        29   0.0663701809855
        97        30   0.0623298217745
        97        31   0.0574318737973
        97        32   0.0514421267767
        97        33   0.0441034158575
        97        34   0.0351920873470
        97        35   0.0245970305856
        97        36   0.0124039816591
        97        37  -0.0010394194073
        97        38  -0.0150919180807
        97        39  -0.0287975947540
        97        40  -0.0408065878457
        97        41  -0.0491790470722
        97        42  -0.0511638664048
        97        43  -0.0432977603048
        97        44  -0.0222523604724
        97        45   0.0135611462472
        97        46   0.0624137323544
        97        47   0.1189008566521
        97        48   0.1753579248821
        97        49   0.2242906304260
        97        50   0.2603356241142
        97        51   0.2808532362875
        97        52   0.2854576989174
        97        53   0.2753519189783
        97        54   0.2529367512811
        97        55   0.2215670193259
        97        56   0.1851792809750
        97        57   0.1477282784494
        97        58   0.1125799562305
        97        59   0.0820660025738
        97        60   0.0573314709253
        97        61   0.0384747616589
        97        62   0.0248699918666
        97        63   0.0155284763055
        97        64   0.0093926995787
        97        65   0.0055194259620
        97        66   0.0031595538214
        97        67   0.0017664880061
        97        68   0.0009669511857
        97        69   0.0005193879943
        97        70   0.0002743383227
        97        71   0.0001427686839
        97        72   0.0000733346929
        97        73   0.0000372417715
        97        74   0.0000187261568
        97        75   0.0000093359621
        97        76   0.0000046206203
        97        77   0.0000022727805
        97        78   0.0000011121540
        97        79   0.0000005418865
        97        80   0.0000002631041
        97        81   0.0000001273851
        97        82   0.0000000615372
        97        83   0.0000000296757
        97        84   0.0000000142920
        97        85   0.0000000068764
        97        86   0.0000000033062
        97        87   0.0000000015888
        97        88   0.0000000007633
        97        89   0.0000000003666
        97        90   0.0000000001761
        97        91   0.0000000000845
        97        92   0.0000000000406
        97        93   0.0000000000195
        97        94   0.0000000000094
        97        95   0.0000000000045
        97        96   0.0000000000022
        97        97   0.0000000000010
        97        98   0.0000000000005
        97        99   0.0000000000002
        97       100   0.0000000000001
        97       101   0.0000000000001
        97       102   0.0000000000000
        97       103   0.0000000000000
        97       104   0.0000000000000
        97       105   0.0000000000000
        97       106   0.0000000000000
        97       107   0.0000000000000
        97       108   0.0000000000000
        97       109   0.0000000000000
        97       110   0.0000000000000
        97       111   0.0000000000000
        97       112   0.0000000000000
        97       113   0.0000000000000
        97       114   0.0000000000000
        97       115   0.0000000000000
        97       116   0.0000000000000
        97       117   0.0000000000000
        97       118   0.0000000000000
        97       119   0.0000000000000
        97       120   0.0000000000000
        97       121   0.0000000000000
        97       122   0.0000000000000
        97       123   0.0000000000000
        97       124   0.0000000000000
        97       125   0.0000000000000
        97       126   0.0000000000000
        97       127   0.0000000000000
        97       128   0.0000000000000
        97       129   0.0000000000000
        97       130   0.0000000000000
        97       131   0.0000000000000
        97       132   0.0000000000000
        97       133   0.0000000000000
        97       134   0.0000000000000
        97       135   0.0000000000000
        97       136   0.0000000000000
        97       137   0.0000000000000
        97       138   0.0000000000000
        97       139   0.0000000000000
        97       140   0.0000000000000

        98         1   0.0000000000000
        98         2   0.0067288523339
        98         3   0.0134124644423
        98         4   0.0200074198370
        98         5   0.0264710976070
        98         6   0.0327620183964
        98         7   0.0388401842118
        98         8   0.0446674050213
        98         9   0.0502076070763
        98        10   0.0554271189397
        98        11   0.0602949319036
        98        12   0.0647829320316
        98        13   0.0688661015568
        98        14   0.0725226878452
        98        15   0.0757343386078
        98        16   0.0784862025056
        98        17   0.0807669946769
        98        18   0.0825690268199
        98        19   0.0838882006783
        98        20   0.0847239604696
        98        21   0.0850791900720
        98        22   0.0849600162952
        98        23   0.0843754248656
        98        24   0.0833364872852
        98        25   0.0818548094941
        98        26   0.0799395450766
        98        27   0.0775920381404
        98        28   0.0747970885445
        98        29   0.0715103600751
        98        30   0.0676430602323
        98        31   0.0630479382902
        98        32   0.0575143109059
        98        33   0.0507824298927
        98        34   0.0425862645111
        98        35   0.0327263590171
        98        36   0.0211616042860
        98        37   0.0080972041489
        98        38  -0.0059509017133
        98        39  -0.0201046935466
        98        40  -0.0330287147480
        98        41  -0.0427335094290
        98        42  -0.0463582195532
        98        43  -0.0402689671131
        98        44  -0.0209136198112
        98        45   0.0135282844929
        98        46   0.0614770832367
        98        47   0.1175059973546
        98        48   0.1737436861767
        98        49   0.2224045682794
        98        50   0.2579110899292
        98        51   0.2776015378087
        98        52   0.2812555162758
        98        53   0.2703255834113
        98        54   0.2474271959910
        98        55   0.2160226102268
        98        56   0.1800343740166
        98        57   0.1433077436547
        98        58   0.1090508655129
        98        59   0.0794401835085
        98        60   0.0555057695702
        98        61   0.0372861817904
        98        62   0.0241448348247
        98        63   0.0151143408940
        98        64   0.0091723448927
        98        65   0.0054114379295
        98        66   0.0031121012231
        98        67   0.0017490787134
        98        68   0.0009629788435
        98        69   0.0005205254140
        98        70   0.0002768090356
        98        71   0.0001450969092
        98        72   0.0000750992681
        98        73   0.0000384422987
        98        74   0.0000194901299
        98        75   0.0000098000758
        98        76   0.0000048930045
        98        77   0.0000024284136
        98        78   0.0000011991948
        98        79   0.0000005897235
        98        80   0.0000002890182
        98        81   0.0000001412551
        98        82   0.0000000688857
        98        83   0.0000000335358
        98        84   0.0000000163047
        98        85   0.0000000079193
        98        86   0.0000000038436
        98        87   0.0000000018645
        98        88   0.0000000009041
        98        89   0.0000000004383
        98        90   0.0000000002124
        98        91   0.0000000001029
        98        92   0.0000000000499
        98        93   0.0000000000242
        98        94   0.0000000000117
        98        95   0.0000000000057
        98        96   0.0000000000027
        98        97   0.0000000000013
        98        98   0.0000000000006
        98        99   0.0000000000003
        98       100   0.0000000000001
        98       101   0.0000000000001
        98       102   0.0000000000000
        98       103   0.0000000000000
        98       104   0.0000000000000
        98       105   0.0000000000000
        98       106   0.0000000000000
        98       107   0.0000000000000
        98       108   0.0000000000000
        98       109   0.0000000000000
        98       110   0.0000000000000
        98       111   0.0000000000000
        98       112   0.0000000000000
        98       113   0.0000000000000
        98       114   0.0000000000000
        98       115   0.0000000000000
        98       116   0.0000000000000
        98       117   0.0000000000000
        98       118   0.0000000000000
        98       119   0.0000000000000
        98       120   0.0000000000000
        98       121   0.0000000000000
        98       122   0.0000000000000
        98       123   0.0000000000000
        98       124   0.0000000000000
        98       125   0.0000000000000
        98       126   0.0000000000000
        98       127   0.0000000000000
        98       128   0.0000000000000
        98       129   0.0000000000000
        98       130   0.0000000000000
        98       131   0.0000000000000
        98       132   0.0000000000000
        98       133   0.0000000000000
        98       134   0.0000000000000
        98       135   0.0000000000000
        98       136   0.0000000000000
        98       137   0.0000000000000
        98       138   0.0000000000000
        98       139   0.0000000000000
        98       140   0.0000000000000

        99         1   0.0000000000000
        99         2   0.0070930969980
        99         3   0.0141387814440
        99         4   0.0210915586732
        99         5   0.0279067668632
        99         6   0.0345409399534
        99         7   0.0409521640092
        99         8   0.0471004196753
        99         9   0.0529479053993
        99        10   0.0584593372146
        99        11   0.0636022215951
        99        12   0.0683470984723
        99        13   0.0726677520148
        99        14   0.0765413872690
        99        15   0.0799487712531
        99        16   0.0828743375982
        99        17   0.0853062543308
        99        18   0.0872364548142
        99        19   0.0886606320147
        99        20   0.0895781954406
        99        21   0.0899921863961
        99        22   0.0899091356809
        99        23   0.0893388175272
        99        24   0.0882937833080
        99        25   0.0867884159990
        99        26   0.0848369991449
        99        27   0.0824499491832
        99        28   0.0796270420667
        99        29   0.0763465094770
        99        30   0.0725498453986
        99        31   0.0681246089522
        99        32   0.0628914318730
        99        33   0.0566055609008
        99        34   0.0489847711995
        99        35   0.0397710329833
        99        36   0.0288217288255
        99        37   0.0162122626434
        99        38   0.0023285205796
        99        39  -0.0120497338911
        99        40  -0.0256299273636
        99        41  -0.0364014860710
        99        42  -0.0414197964892
        99        43  -0.0369076131758
        99        44  -0.0191193700227
        99        45   0.0139727969983
        99        46   0.0609382907391
        99        47   0.1163623097064
        99        48   0.1722245767782
        99        49   0.2205017522466
        99        50   0.2554271814627
        99        51   0.2743099755373
        99        52   0.2770697766111
        99        53   0.2653820842181
        99        54   0.2420574951247
        99        55   0.2106543609758
        99        56   0.1750768210744
        99        57   0.1390625275675
        99        58   0.1056687094946
        99        59   0.0769256714708
        99        60   0.0537566457274
        99        61   0.0361455008135
        99        62   0.0234468083714
        99        63   0.0147139394342
        99        64   0.0089579960104
        99        65   0.0053055022517
        99        66   0.0030649625231
        99        67   0.0017313880911
        99        68   0.0009586348778
        99        69   0.0005213742357
        99        70   0.0002791006598
        99        71   0.0001473315604
        99        72   0.0000768239826
        99        73   0.0000396317321
        99        74   0.0000202559731
        99        75   0.0000102704143
        99        76   0.0000051719428
        99        77   0.0000025894307
        99        78   0.0000012901619
        99        79   0.0000006402227
        99        80   0.0000003166493
        99        81   0.0000001561918
        99        82   0.0000000768783
        99        83   0.0000000377757
        99        84   0.0000000185374
        99        85   0.0000000090875
        99        86   0.0000000044515
        99        87   0.0000000021793
        99        88   0.0000000010664
        99        89   0.0000000005217
        99        90   0.0000000002551
        99        91   0.0000000001247
        99        92   0.0000000000610
        99        93   0.0000000000298
        99        94   0.0000000000145
        99        95   0.0000000000071
        99        96   0.0000000000035
        99        97   0.0000000000017
        99        98   0.0000000000008
        99        99   0.0000000000004
        99       100   0.0000000000002
        99       101   0.0000000000001
        99       102   0.0000000000000
        99       103   0.0000000000000
        99       104   0.0000000000000
        99       105   0.0000000000000
        99       106   0.0000000000000
        99       107   0.0000000000000
        99       108   0.0000000000000
        99       109   0.0000000000000
        99       110   0.0000000000000
        99       111   0.0000000000000
        99       112   0.0000000000000
        99       113   0.0000000000000
        99       114   0.0000000000000
        99       115   0.0000000000000
        99       116   0.0000000000000
        99       117   0.0000000000000
        99       118   0.0000000000000
        99       119   0.0000000000000
        99       120   0.0000000000000
        99       121   0.0000000000000
        99       122   0.0000000000000
        99       123   0.0000000000000
        99       124   0.0000000000000
        99       125   0.0000000000000
        99       126   0.0000000000000
        99       127   0.0000000000000
        99       128   0.0000000000000
        99       129   0.0000000000000
        99       130   0.0000000000000
        99       131   0.0000000000000
        99       132   0.0000000000000
        99       133   0.0000000000000
        99       134   0.0000000000000
        99       135   0.0000000000000
        99       136   0.0000000000000
        99       137   0.0000000000000
        99       138   0.0000000000000
        99       139   0.0000000000000
        99       140   0.0000000000000

       100         1   0.0000000000000
       100         2   0.0074482724656
       100         3   0.0148470080577
       100         4   0.0221486790366
       100         5   0.0293066266663
       100         6   0.0362754407673
       100         7   0.0430113323086
       100         8   0.0494724913791
       100         9   0.0556194249932
       100        10   0.0614152703281
       100        11   0.0668260797505
       100        12   0.0718210745821
       100        13   0.0763728650818
       100        14   0.0804576346281
       100        15   0.0840552865982
       100        16   0.0871495529618
       100        17   0.0897280641501
       100        18   0.0917823802897
       100        19   0.0933079843432
       100        20   0.0943042378143
       100        21   0.0947742986092
       100        22   0.0947249958738
       100        23   0.0941666413791
       100        24   0.0931127157659
       100        25   0.0915792707512
       100        26   0.0895836910249
       100        27   0.0871421255679
       100        28   0.0842644659990
       100        29   0.0809454501545
       100        30   0.0771508290298
       100        31   0.0727992965594
       100        32   0.0677445329512
       100        33   0.0617666368810
       100        34   0.0545859746459
       100        35   0.0459111879897
       100        36   0.0355239382779
       100        37   0.0233884704492
       100        38   0.0097659392220
       100        39  -0.0046714919175
       100        40  -0.0186938653584
       100        41  -0.0302931516587
       100        42  -0.0364656615506
       100        43  -0.0333190225400
       100        44  -0.0169477457225
       100        45   0.0148529675436
       100        46   0.0607921543825
       100        47   0.1154919398187
       100        48   0.1708356985467
       100        49   0.2186168809970
       100        50   0.2529104039003
       100        51   0.2709951538562
       100        52   0.2729090550325
       100        53   0.2605245667217
       100        54   0.2368272946746
       100        55   0.2054597159383
       100        56   0.1703029833945
       100        57   0.1349889809346
       100        58   0.1024306592369
       100        59   0.0745208466953
       100        60   0.0520836333131
       100        61   0.0350530746340
       100        62   0.0227766898009
       100        63   0.0143281452900
       100        64   0.0087504259736
       100        65   0.0052022119490
       100        66   0.0030185477288
       100        67   0.0017136769329
       100        68   0.0009540738005
       100        69   0.0005220204293
       100        70   0.0002812583904
       100        71   0.0001494952123
       100        72   0.0000785196273
       100        73   0.0000408150689
       100        74   0.0000210259799
       100        75   0.0000107480624
       100        76   0.0000054579909
       100        77   0.0000027561513
       100        78   0.0000013852593
       100        79   0.0000006935232
       100        80   0.0000003460936
       100        81   0.0000001722618
       100        82   0.0000000855598
       100        83   0.0000000424252
       100        84   0.0000000210090
       100        85   0.0000000103930
       100        86   0.0000000051372
       100        87   0.0000000025377
       100        88   0.0000000012530
       100        89   0.0000000006184
       100        90   0.0000000003051
       100        91   0.0000000001504
       100        92   0.0000000000742
       100        93   0.0000000000365
       100        94   0.0000000000180
       100        95   0.0000000000089
       100        96   0.0000000000044
       100        97   0.0000000000021
       100        98   0.0000000000011
       100        99   0.0000000000005
       100       100   0.0000000000003
       100       101   0.0000000000001
       100       102   0.0000000000001
       100       103   0.0000000000000
       100       104   0.0000000000000
       100       105   0.0000000000000
       100       106   0.0000000000000
       100       107   0.0000000000000
       100       108   0.0000000000000
       100       109   0.0000000000000
       100       110   0.0000000000000
       100       111   0.0000000000000
       100       112   0.0000000000000
       100       113   0.0000000000000
       100       114   0.0000000000000
       100       115   0.0000000000000
       100       116   0.0000000000000
       100       117   0.0000000000000
       100       118   0.0000000000000
       100       119   0.0000000000000
       100       120   0.0000000000000
       100       121   0.0000000000000
       100       122   0.0000000000000
       100       123   0.0000000000000
       100       124   0.0000000000000
       100       125   0.0000000000000
       100       126   0.0000000000000
       100       127   0.0000000000000
       100       128   0.0000000000000
       100       129   0.0000000000000
       100       130   0.0000000000000
       100       131   0.0000000000000
       100       132   0.0000000000000
       100       133   0.0000000000000
       100       134   0.0000000000000
       100       135   0.0000000000000
       100       136   0.0000000000000
       100       137   0.0000000000000
       100       138   0.0000000000000
       100       139   0.0000000000000
       100       140   0.0000000000000

       101         1   0.0000000000000
       101         2   0.0077937137027
       101         3   0.0155358174480
       101         4   0.0231767985057
       101         5   0.0306680481715
       101         6   0.0379622576341
       101         7   0.0450138064471
       101         8   0.0517791356691
       101         9   0.0582170999100
       101        10   0.0642892937086
       101        11   0.0699603484520
       101        12   0.0751981966561
       101        13   0.0799743009653
       101        14   0.0842638457435
       101        15   0.0880458896525
       101        16   0.0913034781511
       101        17   0.0940237154205
       101        18   0.0961977957998
       101        19   0.0978209953754
       101        20   0.0988926248148
       101        21   0.0994159445144
       101        22   0.0993980414673
       101        23   0.0988496602263
       101        24   0.0977849578015
       101        25   0.0962210909303
       101        26   0.0941774003633
       101        27   0.0916736727768
       101        28   0.0887265103574
       101        29   0.0853423403738
       101        30   0.0815054765861
       101        31   0.0771606884476
       101        32   0.0721927829666
       101        33   0.0664108023275
       101        34   0.0595497731602
       101        35   0.0513046005239
       101        36   0.0414046095582
       101        37   0.0297237478962
       101        38   0.0164103365168
       101        39   0.0020285307728
       101        40  -0.0122655718259
       101        41  -0.0244842251961
       101        42  -0.0315864471438
       101        43  -0.0295924307183
       101        44  -0.0144717548575
       101        45   0.0161226875269
       101        46   0.0610229727411
       101        47   0.1149047105586
       101        48   0.1696015149708
       101        49   0.2167773200594
       101        50   0.2503830564651
       101        51   0.2676715277250
       101        52   0.2687807683104
       101        53   0.2557553677756
       101        54   0.2317355418519
       101        55   0.2004354872696
       101        56   0.1657086491959
       101        57   0.1310829193248
       101        58   0.0993333683840
       101        59   0.0722235902205
       101        60   0.0504858057382
       101        61   0.0340088634356
       101        62   0.0221349429068
       101        63   0.0139576032720
       101        64   0.0085502542863
       101        65   0.0051020648725
       101        66   0.0029732124562
       101        67   0.0016961775106
       101        68   0.0009494365806
       101        69   0.0005225443269
       101        70   0.0002833255462
       101        71   0.0001516101289
       101        72   0.0000801972039
       101        73   0.0000419976053
       101        74   0.0000218026883
       101        75   0.0000112342709
       101        76   0.0000057518071
       101        77   0.0000029289546
       101        78   0.0000014847251
       101        79   0.0000007497829
       101        80   0.0000003774587
       101        81   0.0000001895381
       101        82   0.0000000949792
       101        83   0.0000000475164
       101        84   0.0000000237403
       101        85   0.0000000118489
       101        86   0.0000000059089
       101        87   0.0000000029447
       101        88   0.0000000014667
       101        89   0.0000000007302
       101        90   0.0000000003633
       101        91   0.0000000001807
       101        92   0.0000000000898
       101        93   0.0000000000446
       101        94   0.0000000000222
       101        95   0.0000000000110
       101        96   0.0000000000055
       101        97   0.0000000000027
       101        98   0.0000000000013
       101        99   0.0000000000007
       101       100   0.0000000000003
       101       101   0.0000000000002
       101       102   0.0000000000001
       101       103   0.0000000000000
       101       104   0.0000000000000
       101       105   0.0000000000000
       101       106   0.0000000000000
       101       107   0.0000000000000
       101       108   0.0000000000000
       101       109   0.0000000000000
       101       110   0.0000000000000
       101       111   0.0000000000000
       101       112   0.0000000000000
       101       113   0.0000000000000
       101       114   0.0000000000000
       101       115   0.0000000000000
       101       116   0.0000000000000
       101       117   0.0000000000000
       101       118   0.0000000000000
       101       119   0.0000000000000
       101       120   0.0000000000000
       101       121   0.0000000000000
       101       122   0.0000000000000
       101       123   0.0000000000000
       101       124   0.0000000000000
       101       125   0.0000000000000
       101       126   0.0000000000000
       101       127   0.0000000000000
       101       128   0.0000000000000
       101       129   0.0000000000000
       101       130   0.0000000000000
       101       131   0.0000000000000
       101       132   0.0000000000000
       101       133   0.0000000000000
       101       134   0.0000000000000
       101       135   0.0000000000000
       101       136   0.0000000000000
       101       137   0.0000000000000
       101       138   0.0000000000000
       101       139   0.0000000000000
       101       140   0.0000000000000

       102         1   0.0000000000000
       102         2   0.0081287945201
       102         3   0.0162039604189
       102         4   0.0241740510058
       102         5   0.0319885574695
       102         6   0.0395983207258
       102         7   0.0469559354059
       102         8   0.0540161377950
       102         9   0.0607361717607
       102        10   0.0670761279398
       102        11   0.0729992522567
       102        12   0.0784722204745
       102        13   0.0834653760220
       102        14   0.0879529288602
       102        15   0.0919131136764
       102        16   0.0953283062517
       102        17   0.0981850974415
       102        18   0.1004743248238
       102        19   0.1021910626954
       102        20   0.1033345716633
       102        21   0.1039082094568
       102        22   0.1039193042478
       102        23   0.1033789887975
       102        24   0.1023019820833
       102        25   0.1007062682074
       102        26   0.0986125236633
       102        27   0.0960429207304
       102        28   0.0930185212558
       102        29   0.0895538960895
       102        30   0.0856471553050
       102        31   0.0812639824677
       102        32   0.0763165692795
       102        33   0.0706431539981
       102        34   0.0640001089156
       102        35   0.0560826326071
       102        36   0.0465872728163
       102        37   0.0353181307880
       102        38   0.0223261668319
       102        39   0.0080736907747
       102        40  -0.0063608968189
       102        41  -0.0190217848216
       102        42  -0.0268487181169
       102        43  -0.0258004824381
       102        44  -0.0117567969987
       102        45   0.0177348259580
       102        46   0.0616077349837
       102        47   0.1146004233641
       102        48   0.1685370996343
       102        49   0.2150035667941
       102        50   0.2478633152920
       102        51   0.2643514010269
       102        52   0.2646912231317
       102        53   0.2510761340514
       102        54   0.2267806458864
       102        55   0.1955780280635
       102        56   0.1612892023301
       102        57   0.1273397806199
       102        58   0.0963731158360
       102        59   0.0700314078515
       102        60   0.0489618775597
       102        61   0.0330125093961
       102        62   0.0215217729787
       102        63   0.0136027655021
       102        64   0.0083579683823
       102        65   0.0050054754198
       102        66   0.0029292636824
       102        67   0.0016790960400
       102        68   0.0009448514959
       102        69   0.0005230207904
       102        70   0.0002853435089
       102        71   0.0001536981647
       102        72   0.0000818678487
       102        73   0.0000431848922
       102        74   0.0000225888596
       102        75   0.0000117304483
       102        76   0.0000060541507
       102        77   0.0000031082808
       102        78   0.0000015888333
       102        79   0.0000008091808
       102        80   0.0000004108643
       102        81   0.0000002081010
       102        82   0.0000001051900
       102        83   0.0000000530845
       102        84   0.0000000267541
       102        85   0.0000000134696
       102        86   0.0000000067755
       102        87   0.0000000034058
       102        88   0.0000000017109
       102        89   0.0000000008590
       102        90   0.0000000004311
       102        91   0.0000000002162
       102        92   0.0000000001084
       102        93   0.0000000000543
       102        94   0.0000000000272
       102        95   0.0000000000136
       102        96   0.0000000000068
       102        97   0.0000000000034
       102        98   0.0000000000017
       102        99   0.0000000000008
       102       100   0.0000000000004
       102       101   0.0000000000002
       102       102   0.0000000000001
       102       103   0.0000000000001
       102       104   0.0000000000000
       102       105   0.0000000000000
       102       106   0.0000000000000
       102       107   0.0000000000000
       102       108   0.0000000000000
       102       109   0.0000000000000
       102       110   0.0000000000000
       102       111   0.0000000000000
       102       112   0.0000000000000
       102       113   0.0000000000000
       102       114   0.0000000000000
       102       115   0.0000000000000
       102       116   0.0000000000000
       102       117   0.0000000000000
       102       118   0.0000000000000
       102       119   0.0000000000000
       102       120   0.0000000000000
       102       121   0.0000000000000
       102       122   0.0000000000000
       102       123   0.0000000000000
       102       124   0.0000000000000
       102       125   0.0000000000000
       102       126   0.0000000000000
       102       127   0.0000000000000
       102       128   0.0000000000000
       102       129   0.0000000000000
       102       130   0.0000000000000
       102       131   0.0000000000000
       102       132   0.0000000000000
       102       133   0.0000000000000
       102       134   0.0000000000000
       102       135   0.0000000000000
       102       136   0.0000000000000
       102       137   0.0000000000000
       102       138   0.0000000000000
       102       139   0.0000000000000
       102       140   0.0000000000000

       103         1   0.0000000000000
       103         2   0.0084529327186
       103         3   0.0168502756631
       103         4   0.0251387020843
       103         5   0.0332658557720
       103         6   0.0411807785348
       103         7   0.0488343293231
       103         8   0.0561795865759
       103         9   0.0631722276555
       103        10   0.0697708804918
       103        11   0.0759374433924
       103        12   0.0816373696086
       103        13   0.0868399137927
       103        14   0.0915183380034
       103        15   0.0956500754354
       103        16   0.0992168506235
       103        17   0.1022047554829
       103        18   0.1046042812085
       103        19   0.1064103067234
       103        20   0.1076220450117
       103        21   0.1082429492039
       103        22   0.1082805804870
       103        23   0.1077464388349
       103        24   0.1066557517335
       103        25   0.1050271945974
       103        26   0.1028824511064
       103        27   0.1002453542117
       103        28   0.0971399956424
       103        29   0.0935866097868
       103        30   0.0895933945359
       103        31   0.0851423385404
       103        32   0.0801686786929
       103        33   0.0745378428942
       103        34   0.0680303123367
       103        35   0.0603508001790
       103        36   0.0511784128784
       103        37   0.0402658695701
       103        38   0.0275835293902
       103        39   0.0135023666975
       103        40  -0.0009748128207
       103        41  -0.0139301818568
       103        42  -0.0222982159059
       103        43  -0.0219999872621
       103        44  -0.0088594527483
       103        45   0.0196436066277
       103        46   0.0625187482209
       103        47   0.1145709947953
       103        48   0.1676494622722
       103        49   0.2133098683949
       103        50   0.2453654470195
       103        51   0.2610450070064
       103        52   0.2606457054172
       103        53   0.2464879546895
       103        54   0.2219606382469
       103        55   0.1908833971409
       103        56   0.1570397782734
       103        57   0.1237547674608
       103        58   0.0935459327665
       103        59   0.0679415396187
       103        60   0.0475102941384
       103        61   0.0320634055559
       103        62   0.0209371759966
       103        63   0.0132639239385
       103        64   0.0081739434549
       103        65   0.0049127856303
       103        66   0.0028869653895
       103        67   0.0016626152394
       103        68   0.0009404351203
       103        69   0.0005235194920
       103        70   0.0002873517373
       103        71   0.0001557807087
       103        72   0.0000835427794
       103        73   0.0000443827008
       103        74   0.0000233874612
       103        75   0.0000122381555
       103        76   0.0000063658806
       103        77   0.0000032946323
       103        78   0.0000016978951
       103        79   0.0000008719183
       103        80   0.0000004464435
       103        81   0.0000002280392
       103        82   0.0000001162509
       103        83   0.0000000591678
       103        84   0.0000000300751
       103        85   0.0000000152708
       103        86   0.0000000077470
       103        87   0.0000000039271
       103        88   0.0000000019894
       103        89   0.0000000010072
       103        90   0.0000000005096
       103        91   0.0000000002577
       103        92   0.0000000001302
       103        93   0.0000000000658
       103        94   0.0000000000332
       103        95   0.0000000000167
       103        96   0.0000000000084
       103        97   0.0000000000042
       103        98   0.0000000000021
       103        99   0.0000000000011
       103       100   0.0000000000005
       103       101   0.0000000000003
       103       102   0.0000000000001
       103       103   0.0000000000001
       103       104   0.0000000000000
       103       105   0.0000000000000
       103       106   0.0000000000000
       103       107   0.0000000000000
       103       108   0.0000000000000
       103       109   0.0000000000000
       103       110   0.0000000000000
       103       111   0.0000000000000
       103       112   0.0000000000000
       103       113   0.0000000000000
       103       114   0.0000000000000
       103       115   0.0000000000000
       103       116   0.0000000000000
       103       117   0.0000000000000
       103       118   0.0000000000000
       103       119   0.0000000000000
       103       120   0.0000000000000
       103       121   0.0000000000000
       103       122   0.0000000000000
       103       123   0.0000000000000
       103       124   0.0000000000000
       103       125   0.0000000000000
       103       126   0.0000000000000
       103       127   0.0000000000000
       103       128   0.0000000000000
       103       129   0.0000000000000
       103       130   0.0000000000000
       103       131   0.0000000000000
       103       132   0.0000000000000
       103       133   0.0000000000000
       103       134   0.0000000000000
       103       135   0.0000000000000
       103       136   0.0000000000000
       103       137   0.0000000000000
       103       138   0.0000000000000
       103       139   0.0000000000000
       103       140   0.0000000000000

       104         1   0.0000000000000
       104         2   0.0087655949495
       104         3   0.0174736994439
       104         4   0.0260691633369
       104         5   0.0344978384680
       104         6   0.0427070214090
       104         7   0.0506458873197
       104         8   0.0582659062955
       104         9   0.0655212359095
       104        10   0.0723690849477
       104        11   0.0787700441863
       104        12   0.0846883807033
       104        13   0.0900922927630
       104        14   0.0949541228194
       104        15   0.0992505267027
       104        16   0.1029625976294
       104        17   0.1060759443142
       104        18   0.1085807231612
       104        19   0.1104716252346
       104        20   0.1117478194071
       104        21   0.1124128537058
       104        22   0.1124745173011
       104        23   0.1119446653584
       104        24   0.1108390061462
       104        25   0.1091768373745
       104        26   0.1069806758918
       104        27   0.1042756022188
       104        28   0.1010878523250
       104        29   0.0974416476322
       104        30   0.0933525223102
       104        31   0.0888149558233
       104        32   0.0837830072717
       104        33   0.0781461749505
       104        34   0.0717091944572
       104        35   0.0641917090858
       104        36   0.0552667382701
       104        37   0.0446513493946
       104        38   0.0322517824216
       104        39   0.0183606772915
       104        40   0.0039117458598
       104        41  -0.0092164786200
       104        42  -0.0179633947537
       104        43  -0.0182334460836
       104        44  -0.0058272207597
       104        45   0.0218061373334
       104        46   0.0637257026090
       104        47   0.1148023565654
       104        48   0.1669388731898
       104        49   0.2117049368065
       104        50   0.2429001196074
       104        51   0.2577606495306
       104        52   0.2566485952899
       104        53   0.2419914966600
       104        54   0.2172733235268
       104        55   0.1863475091330
       104        56   0.1529554032814
       104        57   0.1203229723591
       104        58   0.0908477130820
       104        59   0.0659510546362
       104        60   0.0461293095181
       104        61   0.0311607560555
       104        62   0.0203809821198
       104        63   0.0129412395323
       104        64   0.0079984605522
       104        65   0.0048242755417
       104        66   0.0028465439947
       104        67   0.0016468969045
       104        68   0.0009362933957
       104        69   0.0005241052785
       104        70   0.0002893878429
       104        71   0.0001578786674
       104        72   0.0000852332627
       104        73   0.0000455969992
       104        74   0.0000242016544
       104        75   0.0000127591002
       104        76   0.0000066879561
       104        77   0.0000034885749
       104        78   0.0000018122608
       104        79   0.0000009382204
       104        80   0.0000004843439
       104        81   0.0000002494501
       104        82   0.0000001282259
       104        83   0.0000000658083
       104        84   0.0000000337302
       104        85   0.0000000172697
       104        86   0.0000000088339
       104        87   0.0000000045152
       104        88   0.0000000023061
       104        89   0.0000000011770
       104        90   0.0000000006004
       104        91   0.0000000003060
       104        92   0.0000000001559
       104        93   0.0000000000793
       104        94   0.0000000000403
       104        95   0.0000000000205
       104        96   0.0000000000104
       104        97   0.0000000000053
       104        98   0.0000000000027
       104        99   0.0000000000014
       104       100   0.0000000000007
       104       101   0.0000000000003
       104       102   0.0000000000002
       104       103   0.0000000000001
       104       104   0.0000000000000
       104       105   0.0000000000000
       104       106   0.0000000000000
       104       107   0.0000000000000
       104       108   0.0000000000000
       104       109   0.0000000000000
       104       110   0.0000000000000
       104       111   0.0000000000000
       104       112   0.0000000000000
       104       113   0.0000000000000
       104       114   0.0000000000000
       104       115   0.0000000000000
       104       116   0.0000000000000
       104       117   0.0000000000000
       104       118   0.0000000000000
       104       119   0.0000000000000
       104       120   0.0000000000000
       104       121   0.0000000000000
       104       122   0.0000000000000
       104       123   0.0000000000000
       104       124   0.0000000000000
       104       125   0.0000000000000
       104       126   0.0000000000000
       104       127   0.0000000000000
       104       128   0.0000000000000
       104       129   0.0000000000000
       104       130   0.0000000000000
       104       131   0.0000000000000
       104       132   0.0000000000000
       104       133   0.0000000000000
       104       134   0.0000000000000
       104       135   0.0000000000000
       104       136   0.0000000000000
       104       137   0.0000000000000
       104       138   0.0000000000000
       104       139   0.0000000000000
       104       140   0.0000000000000

       105         1   0.0000000000000
       105         2   0.0090663012293
       105         3   0.0180732745850
       105         4   0.0269640057979
       105         5   0.0356826128040
       105         6   0.0441747033743
       105         7   0.0523878232835
       105         8   0.0602718862284
       105         9   0.0677795790629
       105        10   0.0748667372366
       105        11   0.0814926861989
       105        12   0.0876205451752
       105        13   0.0932174902648
       105        14   0.0982549742977
       105        15   0.1027089013989
       105        16   0.1065597547757
       105        17   0.1097926769143
       105        18   0.1123975021079
       105        19   0.1143687420215
       105        20   0.1157055257546
       105        21   0.1164114965436
       105        22   0.1164946677830
       105        23   0.1159672411924
       105        24   0.1148453886300
       105        25   0.1131489917687
       105        26   0.1109013056012
       105        27   0.1081284223167
       105        28   0.1048581798014
       105        29   0.1011176763079
       105        30   0.0969278024097
       105        31   0.0922925183247
       105        32   0.0871809496022
       105        33   0.0815031828983
       105        34   0.0750867669828
       105        35   0.0676688865317
       105        36   0.0589244144773
       105        37   0.0485475915511
       105        38   0.0363958026739
       105        39   0.0226974306930
       105        40   0.0083265776818
       105        41  -0.0048751163944
       105        42  -0.0138588598324
       105        43  -0.0145309693637
       105        44  -0.0026989092461
       105        45   0.0241832584687
       105        46   0.0651972194627
       105        47   0.1152760848872
       105        48   0.1664001267219
       105        49   0.2101927115058
       105        50   0.2404747798015
       105        51   0.2545048870709
       105        52   0.2527034958134
       105        53   0.2375871343605
       105        54   0.2127164148951
       105        55   0.1819662656791
       105        56   0.1490311141929
       105        57   0.1170394843394
       105        58   0.0882743071558
       105        59   0.0640569317027
       105        60   0.0448170530059
       105        61   0.0303036281305
       105        62   0.0198528936888
       105        63   0.0126347680822
       105        64   0.0078317229036
       105        65   0.0047401727345
       105        66   0.0028081934932
       105        67   0.0016320844392
       105        68   0.0009325227499
       105        69   0.0005248385967
       105        70   0.0002914877144
       105        71   0.0001600124790
       105        72   0.0000869506000
       105        73   0.0000468339385
       105        74   0.0000250347865
       105        75   0.0000132951358
       105        76   0.0000070214365
       105        77   0.0000036907397
       105        78   0.0000019323217
       105        79   0.0000010083373
       105        80   0.0000005247289
       105        81   0.0000002724410
       105        82   0.0000001411856
       105        83   0.0000000730517
       105        84   0.0000000377490
       105        85   0.0000000194851
       105        86   0.0000000100483
       105        87   0.0000000051774
       105        88   0.0000000026656
       105        89   0.0000000013714
       105        90   0.0000000007050
       105        91   0.0000000003622
       105        92   0.0000000001859
       105        93   0.0000000000953
       105        94   0.0000000000489
       105        95   0.0000000000250
       105        96   0.0000000000128
       105        97   0.0000000000065
       105        98   0.0000000000033
       105        99   0.0000000000017
       105       100   0.0000000000009
       105       101   0.0000000000004
       105       102   0.0000000000002
       105       103   0.0000000000001
       105       104   0.0000000000001
       105       105   0.0000000000000
       105       106   0.0000000000000
       105       107   0.0000000000000
       105       108   0.0000000000000
       105       109   0.0000000000000
       105       110   0.0000000000000
       105       111   0.0000000000000
       105       112   0.0000000000000
       105       113   0.0000000000000
       105       114   0.0000000000000
       105       115   0.0000000000000
       105       116   0.0000000000000
       105       117   0.0000000000000
       105       118   0.0000000000000
       105       119   0.0000000000000
       105       120   0.0000000000000
       105       121   0.0000000000000
       105       122   0.0000000000000
       105       123   0.0000000000000
       105       124   0.0000000000000
       105       125   0.0000000000000
       105       126   0.0000000000000
       105       127   0.0000000000000
       105       128   0.0000000000000
       105       129   0.0000000000000
       105       130   0.0000000000000
       105       131   0.0000000000000
       105       132   0.0000000000000
       105       133   0.0000000000000
       105       134   0.0000000000000
       105       135   0.0000000000000
       105       136   0.0000000000000
       105       137   0.0000000000000
       105       138   0.0000000000000
       105       139   0.0000000000000
       105       140   0.0000000000000

       106         1   0.0000000000000
       106         2   0.0093546290453
       106         3   0.0186481586455
       106         4   0.0278219721129
       106         5   0.0368185139480
       106         6   0.0455817619505
       106         7   0.0540576892604
       106         8   0.0621947074014
       106         9   0.0699440837720
       106        10   0.0772603283856
       106        11   0.0841015455425
       106        12   0.0904297467767
       106        13   0.0962111219424
       106        14   0.1014162657767
       106        15   0.1060203577577
       106        16   0.1100032936437
       106        17   0.1133497677661
       106        18   0.1160493059396
       106        19   0.1180962496943
       106        20   0.1194896933542
       106        21   0.1202333762241
       106        22   0.1203355327473
       106        23   0.1198087038225
       106        24   0.1186695118780
       106        25   0.1169383978703
       106        26   0.1146392992374
       106        27   0.1117991817938
       106        28   0.1084471523054
       106        29   0.1046124569974
       106        30   0.1003199434888
       106        31   0.0955807471112
       106        32   0.0903758926366
       106        33   0.0846326515693
       106        34   0.0781991035781
       106        35   0.0708306507198
       106        36   0.0622092275773
       106        37   0.0520163507367
       106        38   0.0400741340791
       106        39   0.0265608649399
       106        40   0.0123023073415
       106        41  -0.0008917198665
       106        42  -0.0099884806549
       106        43  -0.0109123158747
       106        44   0.0004945615545
       106        45   0.0267398765103
       106        46   0.0669019528584
       106        47   0.1159707544078
       106        48   0.1660237041783
       106        49   0.2087731300354
       106        50   0.2380940703044
       106        51   0.2512827440614
       106        52   0.2488133665614
       106        53   0.2332750677442
       106        54   0.2082876503696
       106        55   0.1777356654525
       106        56   0.1452620577916
       106        57   0.1138994769569
       106        58   0.0858215992827
       106        59   0.0622561263495
       106        60   0.0435715851418
       106        61   0.0294909963860
       106        62   0.0193525180518
       106        63   0.0123444829231
       106        64   0.0076738705027
       106        65   0.0046606610328
       106        66   0.0027720802646
       106        67   0.0016183053008
       106        68   0.0009292112287
       106        69   0.0005257759595
       106        70   0.0002936856801
       106        71   0.0001622021544
       106        72   0.0000887061296
       106        73   0.0000480998469
       106        74   0.0000258903879
       106        75   0.0000138482598
       106        76   0.0000073674833
       106        77   0.0000039018251
       106        78   0.0000020585123
       106        79   0.0000010825467
       106        80   0.0000005677785
       106        81   0.0000002971298
       106        82   0.0000001552070
       106        83   0.0000000809482
       106        84   0.0000000421638
       106        85   0.0000000219376
       106        86   0.0000000114029
       106        87   0.0000000059219
       106        88   0.0000000030729
       106        89   0.0000000015933
       106        90   0.0000000008254
       106        91   0.0000000004273
       106        92   0.0000000002210
       106        93   0.0000000001142
       106        94   0.0000000000589
       106        95   0.0000000000304
       106        96   0.0000000000157
       106        97   0.0000000000081
       106        98   0.0000000000041
       106        99   0.0000000000021
       106       100   0.0000000000011
       106       101   0.0000000000006
       106       102   0.0000000000003
       106       103   0.0000000000001
       106       104   0.0000000000001
       106       105   0.0000000000000
       106       106   0.0000000000000
       106       107   0.0000000000000
       106       108   0.0000000000000
       106       109   0.0000000000000
       106       110   0.0000000000000
       106       111   0.0000000000000
       106       112   0.0000000000000
       106       113   0.0000000000000
       106       114   0.0000000000000
       106       115   0.0000000000000
       106       116   0.0000000000000
       106       117   0.0000000000000
       106       118   0.0000000000000
       106       119   0.0000000000000
       106       120   0.0000000000000
       106       121   0.0000000000000
       106       122   0.0000000000000
       106       123   0.0000000000000
       106       124   0.0000000000000
       106       125   0.0000000000000
       106       126   0.0000000000000
       106       127   0.0000000000000
       106       128   0.0000000000000
       106       129   0.0000000000000
       106       130   0.0000000000000
       106       131   0.0000000000000
       106       132   0.0000000000000
       106       133   0.0000000000000
       106       134   0.0000000000000
       106       135   0.0000000000000
       106       136   0.0000000000000
       106       137   0.0000000000000
       106       138   0.0000000000000
       106       139   0.0000000000000
       106       140   0.0000000000000

       107         1   0.0000000000000
       107         2   0.0096302169941
       107         3   0.0191976311622
       107         4   0.0286419873185
       107         5   0.0379041192076
       107         6   0.0469264356743
       107         7   0.0556533961206
       107         8   0.0640319662060
       107         9   0.0720120471453
       107        10   0.0795468733275
       107        11   0.0865933738836
       107        12   0.0931124944931
       107        13   0.0990694762258
       107        14   0.1044340886550
       107        15   0.1091808149247
       107        16   0.1132889870120
       107        17   0.1167428701290
       107        18   0.1195316960581
       107        19   0.1216496461225
       107        20   0.1230957853819
       107        21   0.1238739504387
       107        22   0.1239925938871
       107        23   0.1234645888525
       107        24   0.1223069968475
       107        25   0.1205407992998
       107        26   0.1181905795442
       107        27   0.1152840919227
       107        28   0.1118515036021
       107        29   0.1079237287652
       107        30   0.1035285899234
       107        31   0.0986826612829
       107        32   0.0933762812796
       107        33   0.0875508068778
       107        34   0.0810722251548
       107        35   0.0737135870031
       107        36   0.0651670300080
       107        37   0.0551090936445
       107        38   0.0433383948753
       107        39   0.0299967350571
       107        40   0.0158736524468
       107        41   0.0027539298306
       107        42  -0.0063480748542
       107        43  -0.0073888744047
       107        44   0.0037291346271
       107        45   0.0294449313218
       107        46   0.0688093256777
       107        47   0.1168630327058
       107        48   0.1657968140333
       107        49   0.2074428755927
       107        50   0.2357602638074
       107        51   0.2480979367210
       107        52   0.2449806554059
       107        53   0.2290554255249
       107        54   0.2039848881124
       107        55   0.1736518922836
       107        56   0.1416435697871
       107        57   0.1108982783094
       107        58   0.0834855697782
       107        59   0.0605456253155
       107        60   0.0423909439057
       107        61   0.0287217799675
       107        62   0.0188793955962
       107        63   0.0120702946392
       107        64   0.0075249930099
       107        65   0.0045858883600
       107        66   0.0027383475158
       107        67   0.0016056733264
       107        68   0.0009264396172
       107        69   0.0005269704378
       107        70   0.0002960146995
       107        71   0.0001644673409
       107        72   0.0000905112427
       107        73   0.0000494012328
       107        74   0.0000267721725
       107        75   0.0000144206167
       107        76   0.0000077273625
       107        77   0.0000041225998
       107        78   0.0000021913123
       107        79   0.0000011611548
       107        80   0.0000006136915
       107        81   0.0000003236461
       107        82   0.0000001703747
       107        83   0.0000000895528
       107        84   0.0000000470100
       107        85   0.0000000246498
       107        86   0.0000000129123
       107        87   0.0000000067576
       107        88   0.0000000035335
       107        89   0.0000000018460
       107        90   0.0000000009636
       107        91   0.0000000005025
       107        92   0.0000000002618
       107        93   0.0000000001363
       107        94   0.0000000000709
       107        95   0.0000000000368
       107        96   0.0000000000191
       107        97   0.0000000000099
       107        98   0.0000000000051
       107        99   0.0000000000026
       107       100   0.0000000000014
       107       101   0.0000000000007
       107       102   0.0000000000004
       107       103   0.0000000000002
       107       104   0.0000000000001
       107       105   0.0000000000000
       107       106   0.0000000000000
       107       107   0.0000000000000
       107       108   0.0000000000000
       107       109   0.0000000000000
       107       110   0.0000000000000
       107       111   0.0000000000000
       107       112   0.0000000000000
       107       113   0.0000000000000
       107       114   0.0000000000000
       107       115   0.0000000000000
       107       116   0.0000000000000
       107       117   0.0000000000000
       107       118   0.0000000000000
       107       119   0.0000000000000
       107       120   0.0000000000000
       107       121   0.0000000000000
       107       122   0.0000000000000
       107       123   0.0000000000000
       107       124   0.0000000000000
       107       125   0.0000000000000
       107       126   0.0000000000000
       107       127   0.0000000000000
       107       128   0.0000000000000
       107       129   0.0000000000000
       107       130   0.0000000000000
       107       131   0.0000000000000
       107       132   0.0000000000000
       107       133   0.0000000000000
       107       134   0.0000000000000
       107       135   0.0000000000000
       107       136   0.0000000000000
       107       137   0.0000000000000
       107       138   0.0000000000000
       107       139   0.0000000000000
       107       140   0.0000000000000

       108         1   0.0000000000000
       108         2   0.0098927678964
       108         3   0.0197210998484
       108         4   0.0294231680637
       108         5   0.0389382601821
       108         6   0.0482072790631
       108         7   0.0571732311809
       108         8   0.0657816945022
       108         9   0.0739812591218
       108        10   0.0817239353236
       108        11   0.0889655246554
       108        12   0.0956659502712
       108        13   0.1017895432830
       108        14   0.1073052822612
       108        15   0.1121869834239
       108        16   0.1164134395913
       108        17   0.1199685067071
       108        18   0.1228411376388
       108        19   0.1250253639537
       108        20   0.1265202273335
       108        21   0.1273296631350
       108        22   0.1274623392998
       108        23   0.1269314542800
       108        24   0.1257544976063
       108        25   0.1239529747033
       108        26   0.1215520873371
       108        27   0.1185803214635
       108        28   0.1150687690622
       108        29   0.1110496911188
       108        30   0.1065531934675
       108        31   0.1015999904325
       108        32   0.0961876625786
       108        33   0.0902689452946
       108        34   0.0837250789021
       108        35   0.0763454646240
       108        36   0.0678341017431
       108        37   0.0578683794514
       108        38   0.0462334609143
       108        39   0.0330473552659
       108        40   0.0190756145339
       108        41   0.0060856534057
       108        42  -0.0029276394998
       108        43  -0.0039654845463
       108        44   0.0069865064270
       108        45   0.0322711223800
       108        46   0.0708899809168
       108        47   0.1179285439382
       108        48   0.1657043008686
       108        49   0.2061960798371
       108        50   0.2334736952519
       108        51   0.2449531026178
       108        52   0.2412074237109
       108        53   0.2249283517171
       108        54   0.1998061804581
       108        55   0.1697113818528
       108        56   0.1381712343473
       108        57   0.1080314242395
       108        58   0.0812623429927
       108        59   0.0589224896167
       108        60   0.0412731821077
       108        61   0.0279948733064
       108        62   0.0184330234119
       108        63   0.0118120680280
       108        64   0.0073851410719
       108        65   0.0045159737708
       108        66   0.0027071193494
       108        67   0.0015942909239
       108        68   0.0009242825342
       108        69   0.0005284721645
       108        70   0.0002985065756
       108        71   0.0001668274035
       108        72   0.0000923774124
       108        73   0.0000507447949
       108        74   0.0000276840431
       108        75   0.0000150145013
       108        76   0.0000081024483
       108        77   0.0000043539059
       108        78   0.0000023312499
       108        79   0.0000012444992
       108        80   0.0000006626861
       108        81   0.0000003521321
       108        82   0.0000001867812
       108        83   0.0000000989254
       108        84   0.0000000523264
       108        85   0.0000000276465
       108        86   0.0000000145920
       108        87   0.0000000076943
       108        88   0.0000000040535
       108        89   0.0000000021335
       108        90   0.0000000011219
       108        91   0.0000000005894
       108        92   0.0000000003093
       108        93   0.0000000001621
       108        94   0.0000000000849
       108        95   0.0000000000444
       108        96   0.0000000000232
       108        97   0.0000000000121
       108        98   0.0000000000063
       108        99   0.0000000000033
       108       100   0.0000000000017
       108       101   0.0000000000009
       108       102   0.0000000000005
       108       103   0.0000000000002
       108       104   0.0000000000001
       108       105   0.0000000000001
       108       106   0.0000000000000
       108       107   0.0000000000000
       108       108   0.0000000000000
       108       109   0.0000000000000
       108       110   0.0000000000000
       108       111   0.0000000000000
       108       112   0.0000000000000
       108       113   0.0000000000000
       108       114   0.0000000000000
       108       115   0.0000000000000
       108       116   0.0000000000000
       108       117   0.0000000000000
       108       118   0.0000000000000
       108       119   0.0000000000000
       108       120   0.0000000000000
       108       121   0.0000000000000
       108       122   0.0000000000000
       108       123   0.0000000000000
       108       124   0.0000000000000
       108       125   0.0000000000000
       108       126   0.0000000000000
       108       127   0.0000000000000
       108       128   0.0000000000000
       108       129   0.0000000000000
       108       130   0.0000000000000
       108       131   0.0000000000000
       108       132   0.0000000000000
       108       133   0.0000000000000
       108       134   0.0000000000000
       108       135   0.0000000000000
       108       136   0.0000000000000
       108       137   0.0000000000000
       108       138   0.0000000000000
       108       139   0.0000000000000
       108       140   0.0000000000000

       109         1   0.0000000000000
       109         2   0.0101420513388
       109         3   0.0202181056486
       109         4   0.0301648301230
       109         5   0.0399200326535
       109         6   0.0494231747728
       109         7   0.0586158724969
       109         8   0.0674423758833
       109         9   0.0758500205240
       109        10   0.0837896455973
       109        11   0.0912159740462
       109        12   0.0980879511177
       109        13   0.1043690379675
       109        14   0.1100274573774
       109        15   0.1150363889742
       109        16   0.1193741118434
       109        17   0.1230240931760
       109        18   0.1259750225683
       109        19   0.1282207926696
       109        20   0.1297604279118
       109        21   0.1305979639626
       109        22   0.1307422812701
       109        23   0.1302068965707
       109        24   0.1290097162722
       109        25   0.1271727540529
       109        26   0.1247218067425
       109        27   0.1216860497300
       109        28   0.1180974063111
       109        29   0.1139892629439
       109        30   0.1093935151740
       109        31   0.1043340435137
       109        32   0.0988140249915
       109        33   0.0927952674523
       109        34   0.0861717559941
       109        35   0.0787475775098
       109        36   0.0702392478606
       109        37   0.0603293441626
       109        38   0.0487980804655
       109        39   0.0357512801495
       109        40   0.0219423610884
       109        41   0.0091292354613
       109        42   0.0002868432795
       109        43  -0.0006420460216
       109        44   0.0102530259549
       109        45   0.0351944934314
       109        46   0.0731160222690
       109        47   0.1191425362275
       109        48   0.1657294245442
       109        49   0.2050249667701
       109        50   0.2312331777709
       109        51   0.2418500252292
       109        52   0.2374954614776
       109        53   0.2208940750195
       109        54   0.1957498274861
       109        55   0.1659108682940
       109        56   0.1348409257347
       109        57   0.1052946963173
       109        58   0.0791482227254
       109        59   0.0573838874866
       109        60   0.0402163969602
       109        61   0.0273091711468
       109        62   0.0180128750315
       109        63   0.0115696365664
       109        64   0.0072543361746
       109        65   0.0044510137006
       109        66   0.0026785044623
       109        67   0.0015842511154
       109        68   0.0009228094865
       109        69   0.0005303288422
       109        70   0.0003011921832
       109        71   0.0001693015210
       109        72   0.0000943162329
       109        73   0.0000521374396
       109        74   0.0000286301000
       109        75   0.0000156323651
       109        76   0.0000084942278
       109        77   0.0000045966627
       109        78   0.0000024789041
       109        79   0.0000013329504
       109        80   0.0000007150021
       109        81   0.0000003827435
       109        82   0.0000002045281
       109        83   0.0000001091320
       109        84   0.0000000581553
       109        85   0.0000000309548
       109        86   0.0000000164592
       109        87   0.0000000087430
       109        88   0.0000000046397
       109        89   0.0000000024598
       109        90   0.0000000013028
       109        91   0.0000000006893
       109        92   0.0000000003643
       109        93   0.0000000001923
       109        94   0.0000000001014
       109        95   0.0000000000534
       109        96   0.0000000000281
       109        97   0.0000000000147
       109        98   0.0000000000077
       109        99   0.0000000000040
       109       100   0.0000000000021
       109       101   0.0000000000011
       109       102   0.0000000000006
       109       103   0.0000000000003
       109       104   0.0000000000002
       109       105   0.0000000000001
       109       106   0.0000000000000
       109       107   0.0000000000000
       109       108   0.0000000000000
       109       109   0.0000000000000
       109       110   0.0000000000000
       109       111   0.0000000000000
       109       112   0.0000000000000
       109       113   0.0000000000000
       109       114   0.0000000000000
       109       115   0.0000000000000
       109       116   0.0000000000000
       109       117   0.0000000000000
       109       118   0.0000000000000
       109       119   0.0000000000000
       109       120   0.0000000000000
       109       121   0.0000000000000
       109       122   0.0000000000000
       109       123   0.0000000000000
       109       124   0.0000000000000
       109       125   0.0000000000000
       109       126   0.0000000000000
       109       127   0.0000000000000
       109       128   0.0000000000000
       109       129   0.0000000000000
       109       130   0.0000000000000
       109       131   0.0000000000000
       109       132   0.0000000000000
       109       133   0.0000000000000
       109       134   0.0000000000000
       109       135   0.0000000000000
       109       136   0.0000000000000
       109       137   0.0000000000000
       109       138   0.0000000000000
       109       139   0.0000000000000
       109       140   0.0000000000000

       110         1   0.0000000000000
       110         2   0.0103779055946
       110         3   0.0206883265572
       110         4   0.0308664940659
       110         5   0.0408488040346
       110         6   0.0505733427324
       110         7   0.0599803995651
       110         8   0.0690129578065
       110         9   0.0776171564565
       110        10   0.0857427178216
       110        11   0.0933433363780
       110        12   0.1003770251562
       110        13   0.1068064163291
       110        14   0.1125990129672
       110        15   0.1177273891916
       110        16   0.1221693364088
       110        17   0.1259079540846
       110        18   0.1289316845731
       110        19   0.1312342926938
       110        20   0.1328147918751
       110        21   0.1336773196368
       110        22   0.1338309659487
       110        23   0.1332895585257
       110        24   0.1320714092019
       110        25   0.1301990241525
       110        26   0.1276987735262
       110        27   0.1246004874241
       110        28   0.1209368509081
       110        29   0.1167422164841
       110        30   0.1120499084493
       110        31   0.1068862350379
       110        32   0.1012586627501
       110        33   0.0951361350997
       110        34   0.0884231069453
       110        35   0.0809365656639
       110        36   0.0724055686883
       110        37   0.0625211194533
       110        38   0.0510656884081
       110        39   0.0381433848262
       110        40   0.0245065991386
       110        41   0.0119112606838
       110        42   0.0033119741173
       110        43   0.0025850984239
       110        44   0.0135186623901
       110        45   0.0381939510044
       110        46   0.0754611076274
       110        47   0.1204803885013
       110        48   0.1658545175623
       110        49   0.2039204297715
       110        50   0.2290363914905
       110        51   0.2387898465565
       110        52   0.2338463900341
       110        53   0.2169529614004
       110        54   0.1918144116863
       110        55   0.1622474126315
       110        56   0.1316488339956
       110        57   0.1026841464208
       110        58   0.0771397166400
       110        59   0.0559271185046
       110        60   0.0392187528387
       110        61   0.0266635885610
       110        62   0.0176184167026
       110        63   0.0113428146364
       110        64   0.0071325791588
       110        65   0.0043910874849
       110        66   0.0026525994851
       110        67   0.0015756394291
       110        68   0.0009220858752
       110        69   0.0005325862464
       110        70   0.0003041017073
       110        71   0.0001719087945
       110        72   0.0000963394681
       110        73   0.0000535863037
       110        74   0.0000296146541
       110        75   0.0000162768243
       110        76   0.0000089043072
       110        77   0.0000048518711
       110        78   0.0000026349084
       110        79   0.0000014269145
       110        80   0.0000007709023
       110        81   0.0000004156515
       110        82   0.0000002237265
       110        83   0.0000001202446
       110        84   0.0000000645435
       110        85   0.0000000346046
       110        86   0.0000000185331
       110        87   0.0000000099155
       110        88   0.0000000052996
       110        89   0.0000000028296
       110        90   0.0000000015092
       110        91   0.0000000008041
       110        92   0.0000000004279
       110        93   0.0000000002274
       110        94   0.0000000001207
       110        95   0.0000000000640
       110        96   0.0000000000339
       110        97   0.0000000000179
       110        98   0.0000000000094
       110        99   0.0000000000050
       110       100   0.0000000000026
       110       101   0.0000000000014
       110       102   0.0000000000007
       110       103   0.0000000000004
       110       104   0.0000000000002
       110       105   0.0000000000001
       110       106   0.0000000000001
       110       107   0.0000000000000
       110       108   0.0000000000000
       110       109   0.0000000000000
       110       110   0.0000000000000
       110       111   0.0000000000000
       110       112   0.0000000000000
       110       113   0.0000000000000
       110       114   0.0000000000000
       110       115   0.0000000000000
       110       116   0.0000000000000
       110       117   0.0000000000000
       110       118   0.0000000000000
       110       119   0.0000000000000
       110       120   0.0000000000000
       110       121   0.0000000000000
       110       122   0.0000000000000
       110       123   0.0000000000000
       110       124   0.0000000000000
       110       125   0.0000000000000
       110       126   0.0000000000000
       110       127   0.0000000000000
       110       128   0.0000000000000
       110       129   0.0000000000000
       110       130   0.0000000000000
       110       131   0.0000000000000
       110       132   0.0000000000000
       110       133   0.0000000000000
       110       134   0.0000000000000
       110       135   0.0000000000000
       110       136   0.0000000000000
       110       137   0.0000000000000
       110       138   0.0000000000000
       110       139   0.0000000000000
       110       140   0.0000000000000

       111         1   0.0000000000000
       111         2   0.0106002388883
       111         3   0.0211315801265
       111         4   0.0315278889692
       111         5   0.0417242182277
       111         6   0.0516573460690
       111         7   0.0612663002168
       111         8   0.0704928593391
       111         9   0.0792820247714
       111        10   0.0875824571524
       111        11   0.0953468735438
       111        12   0.1025324012922
       111        13   0.1091008853190
       111        14   0.1150191457268
       111        15   0.1202591827838
       111        16   0.1247983267406
       111        17   0.1286193307255
       111        18   0.1317104061231
       111        19   0.1340652011355
       111        20   0.1356827244340
       111        21   0.1365672168139
       111        22   0.1367279745482
       111        23   0.1361791286813
       111        24   0.1349393845918
       111        25   0.1330317248284
       111        26   0.1304830714939
       111        27   0.1273238781874
       111        28   0.1235875354670
       111        29   0.1193092402782
       111        30   0.1145234723613
       111        31   0.1092583969441
       111        32   0.1035247251933
       111        33   0.0972969203461
       111        34   0.0904878987019
       111        35   0.0829258011577
       111        36   0.0743519031244
       111        37   0.0644681017633
       111        38   0.0530652725480
       111        39   0.0402551709312
       111        40   0.0267992803952
       111        41   0.0144583066157
       111        42   0.0061658163323
       111        43   0.0057219999330
       111        44   0.0167760758439
       111        45   0.0412507713427
       111        46   0.0779004475149
       111        47   0.1219179903640
       111        48   0.1660615322162
       111        49   0.2028725386196
       111        50   0.2268802376370
       111        51   0.2357732624829
       111        52   0.2302617506651
       111        53   0.2131055507974
       111        54   0.1879988157228
       111        55   0.1587184153056
       111        56   0.1285914768551
       111        57   0.1001961098337
       111        58   0.0752335513021
       111        59   0.0545496302121
       111        60   0.0382784982087
       111        61   0.0260570766394
       111        62   0.0172491206326
       111        63   0.0111314077711
       111        64   0.0070198575335
       111        65   0.0043362622081
       111        66   0.0026294919843
       111        67   0.0015685356437
       111        68   0.0009221739497
       111        69   0.0005352887209
       111        70   0.0003072648881
       111        71   0.0001746683652
       111        72   0.0000984591086
       111        73   0.0000550987837
       111        74   0.0000306422432
       111        75   0.0000169506705
       111        76   0.0000093344188
       111        77   0.0000051206191
       111        78   0.0000027999546
       111        79   0.0000015268364
       111        80   0.0000008306747
       111        81   0.0000004510430
       111        82   0.0000002444981
       111        83   0.0000001323423
       111        84   0.0000000715418
       111        85   0.0000000386286
       111        86   0.0000000208343
       111        87   0.0000000112250
       111        88   0.0000000060414
       111        89   0.0000000032480
       111        90   0.0000000017443
       111        91   0.0000000009357
       111        92   0.0000000005013
       111        93   0.0000000002682
       111        94   0.0000000001433
       111        95   0.0000000000765
       111        96   0.0000000000407
       111        97   0.0000000000217
       111        98   0.0000000000115
       111        99   0.0000000000061
       111       100   0.0000000000032
       111       101   0.0000000000017
       111       102   0.0000000000009
       111       103   0.0000000000005
       111       104   0.0000000000002
       111       105   0.0000000000001
       111       106   0.0000000000001
       111       107   0.0000000000000
       111       108   0.0000000000000
       111       109   0.0000000000000
       111       110   0.0000000000000
       111       111   0.0000000000000
       111       112   0.0000000000000
       111       113   0.0000000000000
       111       114   0.0000000000000
       111       115   0.0000000000000
       111       116   0.0000000000000
       111       117   0.0000000000000
       111       118   0.0000000000000
       111       119   0.0000000000000
       111       120   0.0000000000000
       111       121   0.0000000000000
       111       122   0.0000000000000
       111       123   0.0000000000000
       111       124   0.0000000000000
       111       125   0.0000000000000
       111       126   0.0000000000000
       111       127   0.0000000000000
       111       128   0.0000000000000
       111       129   0.0000000000000
       111       130   0.0000000000000
       111       131   0.0000000000000
       111       132   0.0000000000000
       111       133   0.0000000000000
       111       134   0.0000000000000
       111       135   0.0000000000000
       111       136   0.0000000000000
       111       137   0.0000000000000
       111       138   0.0000000000000
       111       139   0.0000000000000
       111       140   0.0000000000000

       112         1   0.0000000000000
       112         2   0.0108090299694
       112         3   0.0215478246002
       112         4   0.0321489540788
       112         5   0.0425461977683
       112         6   0.0526750936721
       112         7   0.0624734735259
       112         8   0.0718819743185
       112         9   0.0808445193736
       112        10   0.0893087635629
       112        11   0.0972264982411
       112        12   0.1045540122064
       112        13   0.1112524053967
       112        14   0.1172878521512
       112        15   0.1226318109209
       112        16   0.1272611776224
       112        17   0.1311583806435
       112        18   0.1343114167825
       112        19   0.1367138288381
       112        20   0.1383646268655
       112        21   0.1392681561490
       112        22   0.1394339157403
       112        23   0.1388763319634
       112        24   0.1376144913647
       112        25   0.1356718362082
       112        26   0.1330758189269
       112        27   0.1298574867261
       112        28   0.1260508863532
       112        29   0.1216919601328
       112        30   0.1168161270036
       112        31   0.1114529563859
       112        32   0.1056155588546
       112        33   0.0992825712781
       112        34   0.0923736322397
       112        35   0.0847264254767
       112        36   0.0760939773158
       112        37   0.0661910399562
       112        38   0.0548222048402
       112        39   0.0421151788733
       112        40   0.0288495156430
       112        41   0.0167963939329
       112        42   0.0088670277053
       112        43   0.0087761422120
       112        44   0.0200198082288
       112        45   0.0443481332397
       112        46   0.0804107490035
       112        47   0.1234320245348
       112        48   0.1663324905659
       112        49   0.2018709767073
       112        50   0.2247611531410
       112        51   0.2328006970286
       112        52   0.2267430782280
       112        53   0.2093525791803
       112        54   0.1843022255203
       112        55   0.1553216151926
       112        56   0.1256657000422
       112        57   0.0978272087786
       112        58   0.0734266794213
       112        59   0.0532490284612
       112        60   0.0373939776502
       112        61   0.0254886345035
       112        62   0.0169044756287
       112        63   0.0109352211714
       112        64   0.0069161517243
       112        65   0.0042865969464
       112        66   0.0026092631515
       112        67   0.0015630153887
       112        68   0.0009231337093
       112        69   0.0005384796603
       112        70   0.0003107112701
       112        71   0.0001775995406
       112        72   0.0001006874363
       112        73   0.0000566825699
       112        74   0.0000317176516
       112        75   0.0000176568830
       112        76   0.0000097864297
       112        77   0.0000054040876
       112        78   0.0000029747971
       112        79   0.0000016332018
       112        80   0.0000008946343
       112        81   0.0000004891230
       112        82   0.0000002669761
       112        83   0.0000001455115
       112        84   0.0000000792061
       112        85   0.0000000430628
       112        86   0.0000000233860
       112        87   0.0000000126862
       112        88   0.0000000068743
       112        89   0.0000000037208
       112        90   0.0000000020116
       112        91   0.0000000010862
       112        92   0.0000000005858
       112        93   0.0000000003155
       112        94   0.0000000001697
       112        95   0.0000000000911
       112        96   0.0000000000488
       112        97   0.0000000000261
       112        98   0.0000000000140
       112        99   0.0000000000075
       112       100   0.0000000000040
       112       101   0.0000000000021
       112       102   0.0000000000011
       112       103   0.0000000000006
       112       104   0.0000000000003
       112       105   0.0000000000002
       112       106   0.0000000000001
       112       107   0.0000000000000
       112       108   0.0000000000000
       112       109   0.0000000000000
       112       110   0.0000000000000
       112       111   0.0000000000000
       112       112   0.0000000000000
       112       113   0.0000000000000
       112       114   0.0000000000000
       112       115   0.0000000000000
       112       116   0.0000000000000
       112       117   0.0000000000000
       112       118   0.0000000000000
       112       119   0.0000000000000
       112       120   0.0000000000000
       112       121   0.0000000000000
       112       122   0.0000000000000
       112       123   0.0000000000000
       112       124   0.0000000000000
       112       125   0.0000000000000
       112       126   0.0000000000000
       112       127   0.0000000000000
       112       128   0.0000000000000
       112       129   0.0000000000000
       112       130   0.0000000000000
       112       131   0.0000000000000
       112       132   0.0000000000000
       112       133   0.0000000000000
       112       134   0.0000000000000
       112       135   0.0000000000000
       112       136   0.0000000000000
       112       137   0.0000000000000
       112       138   0.0000000000000
       112       139   0.0000000000000
       112       140   0.0000000000000

       113         1   0.0000000000000
       113         2   0.0110043279751
       113         3   0.0219371586271
       113         4   0.0327298383540
       113         5   0.0433149431664
       113         6   0.0536268392881
       113         7   0.0636022286018
       113         8   0.0731806697772
       113         9   0.0823050682040
       113        10   0.0909221292987
       113        11   0.0989827708071
       113        12   0.1064424904711
       113        13   0.1132616858234
       113        14   0.1194059228981
       113        15   0.1248461505581
       113        16   0.1295588573401
       113        17   0.1335261685519
       113        18   0.1367358827711
       113        19   0.1391814484986
       113        20   0.1408618831111
       113        21   0.1417816373068
       113        22   0.1419504090263
       113        23   0.1413829113823
       113        24   0.1400985991879
       113        25   0.1381213571454
       113        26   0.1354791457970
       113        27   0.1322035761394
       113        28   0.1283293049577
       113        29   0.1238929337196
       113        30   0.1189306407416
       113        31   0.1134730289024
       113        32   0.1075349134863
       113        33   0.1010979822240
       113        34   0.0940871131895
       113        35   0.0863481160590
       113        36   0.0776453027209
       113        37   0.0677079398026
       113        38   0.0563589905269
       113        39   0.0437494274668
       113        40   0.0306846088001
       113        41   0.0189506152590
       113        42   0.0114341905474
       113        43   0.0117556593673
       113        44   0.0232455996172
       113        45   0.0474707008323
       113        46   0.0829701352709
       113        47   0.1250001764639
       113        48   0.1666498502170
       113        49   0.2009054109217
       113        50   0.2226753831639
       113        51   0.2298724529572
       113        52   0.2232919593384
       113        53   0.2056949874102
       113        54   0.1807241209661
       113        55   0.1520550775183
       113        56   0.1228686682124
       113        57   0.0955743482141
       113        58   0.0717162807765
       113        59   0.0520230826468
       113        60   0.0365636398288
       113        61   0.0249573182415
       113        62   0.0165839955234
       113        63   0.0107540667321
       113        64   0.0068214403856
       113        65   0.0042421464699
       113        66   0.0025919902068
       113        67   0.0015591516123
       113        68   0.0009250237520
       113        69   0.0005422019798
       113        70   0.0003144704544
       113        71   0.0001807219275
       113        72   0.0001030370948
       113        73   0.0000583456859
       113        74   0.0000328459333
       113        75   0.0000183986436
       113        76   0.0000102623514
       113        77   0.0000057035572
       113        78   0.0000031602573
       113        79   0.0000017465416
       113        80   0.0000009631255
       113        81   0.0000005301156
       113        82   0.0000002913065
       113        83   0.0000001598469
       113        84   0.0000000875977
       113        85   0.0000000479465
       113        86   0.0000000262132
       113        87   0.0000000143150
       113        88   0.0000000078085
       113        89   0.0000000042543
       113        90   0.0000000023151
       113        91   0.0000000012582
       113        92   0.0000000006829
       113        93   0.0000000003701
       113        94   0.0000000002003
       113        95   0.0000000001082
       113        96   0.0000000000584
       113        97   0.0000000000314
       113        98   0.0000000000169
       113        99   0.0000000000091
       113       100   0.0000000000049
       113       101   0.0000000000026
       113       102   0.0000000000014
       113       103   0.0000000000007
       113       104   0.0000000000004
       113       105   0.0000000000002
       113       106   0.0000000000001
       113       107   0.0000000000001
       113       108   0.0000000000000
       113       109   0.0000000000000
       113       110   0.0000000000000
       113       111   0.0000000000000
       113       112   0.0000000000000
       113       113   0.0000000000000
       113       114   0.0000000000000
       113       115   0.0000000000000
       113       116   0.0000000000000
       113       117   0.0000000000000
       113       118   0.0000000000000
       113       119   0.0000000000000
       113       120   0.0000000000000
       113       121   0.0000000000000
       113       122   0.0000000000000
       113       123   0.0000000000000
       113       124   0.0000000000000
       113       125   0.0000000000000
       113       126   0.0000000000000
       113       127   0.0000000000000
       113       128   0.0000000000000
       113       129   0.0000000000000
       113       130   0.0000000000000
       113       131   0.0000000000000
       113       132   0.0000000000000
       113       133   0.0000000000000
       113       134   0.0000000000000
       113       135   0.0000000000000
       113       136   0.0000000000000
       113       137   0.0000000000000
       113       138   0.0000000000000
       113       139   0.0000000000000
       113       140   0.0000000000000

       114         1   0.0000000000000
       114         2   0.0111862515663
       114         3   0.0222998195275
       114         4   0.0332708978515
       114         5   0.0440309293901
       114         6   0.0545131770774
       114         7   0.0646532791878
       114         8   0.0743897795447
       114         9   0.0836646257993
       114        10   0.0924236303468
       114        11   0.1006168895424
       114        12   0.1081991576715
       114        13   0.1151301725200
       114        14   0.1213749293196
       114        15   0.1269038995801
       114        16   0.1316931913790
       114        17   0.1357246485268
       114        18   0.1389858876104
       114        19   0.1414702737290
       114        20   0.1431768372315
       114        21   0.1441101347986
       114        22   0.1442800589568
       114        23   0.1437016006514
       114        24   0.1423945695203
       114        25   0.1403832747724
       114        26   0.1376961620472
       114        27   0.1343653756480
       114        28   0.1304261370400
       114        29   0.1259156271706
       114        30   0.1208706264719
       114        31   0.1153224572576
       114        32   0.1092870584337
       114        33   0.1027482301416
       114        34   0.0956348449541
       114        35   0.0877996467430
       114        36   0.0790178685321
       114        37   0.0690347987748
       114        38   0.0576959137798
       114        39   0.0451818315039
       114        40   0.0323301477369
       114        41   0.0209448825776
       114        42   0.0138852956688
       114        43   0.0146687099713
       114        44   0.0264498281861
       114        45   0.0506042702059
       114        46   0.0855580619611
       114        47   0.1266012906408
       114        48   0.1669967978723
       114        49   0.1999657980196
       114        50   0.2206192107360
       114        51   0.2269888373152
       114        52   0.2199100751621
       114        53   0.2021339184184
       114        54   0.1772642564655
       114        55   0.1489171729741
       114        56   0.1201978485247
       114        57   0.0934347056090
       114        58   0.0700997581940
       114        59   0.0508697268754
       114        60   0.0357860421950
       114        61   0.0244622473088
       114        62   0.0162872257474
       114        63   0.0105877687961
       114        64   0.0067357049042
       114        65   0.0042029644680
       114        66   0.0025777485470
       114        67   0.0015570159253
       114        68   0.0009279020730
       114        69   0.0005464985713
       114        70   0.0003185723508
       114        71   0.0001840555701
       114        72   0.0001055211665
       114        73   0.0000600965325
       114        74   0.0000340324392
       114        75   0.0000191793536
       114        76   0.0000107643513
       114        77   0.0000060204160
       114        78   0.0000033572295
       114        79   0.0000018674347
       114        80   0.0000010365247
       114        81   0.0000005742659
       114        82   0.0000003176487
       114        83   0.0000001754522
       114        84   0.0000000967838
       114        85   0.0000000533231
       114        86   0.0000000293437
       114        87   0.0000000161290
       114        88   0.0000000088550
       114        89   0.0000000048556
       114        90   0.0000000026591
       114        91   0.0000000014543
       114        92   0.0000000007943
       114        93   0.0000000004331
       114        94   0.0000000002358
       114        95   0.0000000001282
       114        96   0.0000000000696
       114        97   0.0000000000377
       114        98   0.0000000000204
       114        99   0.0000000000110
       114       100   0.0000000000059
       114       101   0.0000000000032
       114       102   0.0000000000017
       114       103   0.0000000000009
       114       104   0.0000000000005
       114       105   0.0000000000003
       114       106   0.0000000000001
       114       107   0.0000000000001
       114       108   0.0000000000000
       114       109   0.0000000000000
       114       110   0.0000000000000
       114       111   0.0000000000000
       114       112   0.0000000000000
       114       113   0.0000000000000
       114       114   0.0000000000000
       114       115   0.0000000000000
       114       116   0.0000000000000
       114       117   0.0000000000000
       114       118   0.0000000000000
       114       119   0.0000000000000
       114       120   0.0000000000000
       114       121   0.0000000000000
       114       122   0.0000000000000
       114       123   0.0000000000000
       114       124   0.0000000000000
       114       125   0.0000000000000
       114       126   0.0000000000000
       114       127   0.0000000000000
       114       128   0.0000000000000
       114       129   0.0000000000000
       114       130   0.0000000000000
       114       131   0.0000000000000
       114       132   0.0000000000000
       114       133   0.0000000000000
       114       134   0.0000000000000
       114       135   0.0000000000000
       114       136   0.0000000000000
       114       137   0.0000000000000
       114       138   0.0000000000000
       114       139   0.0000000000000
       114       140   0.0000000000000

       115         1   0.0000000000000
       115         2   0.0113549873327
       115         3   0.0226361801030
       115         4   0.0337726909369
       115         5   0.0446948994736
       115         6   0.0553350336122
       115         7   0.0656277340396
       115         8   0.0755105929964
       115         9   0.0849246603994
       115        10   0.0938149118870
       115        11   0.1021306744912
       115        12   0.1098260064980
       115        13   0.1168600284570
       115        14   0.1231972021358
       115        15   0.1288075537434
       115        16   0.1336668376234
       115        17   0.1377566374601
       115        18   0.1410644038353
       115        19   0.1435834290462
       115        20   0.1453127617066
       115        21   0.1462570646362
       115        22   0.1464264201947
       115        23   0.1458360877201
       115        24   0.1445062176913
       115        25   0.1424615252163
       115        26   0.1397309171049
       115        27   0.1363470393288
       115        28   0.1323456319513
       115        29   0.1277643782438
       115        30   0.1226405168007
       115        31   0.1170058144863
       115        32   0.1108768394362
       115        33   0.1042387193606
       115        34   0.0970232951777
       115        35   0.0890892934025
       115        36   0.0802226690197
       115        37   0.0701861908320
       115        38   0.0588515738150
       115        39   0.0464345684598
       115        40   0.0338101098391
       115        41   0.0228017499806
       115        42   0.0162373455005
       115        43   0.0175229863894
       115        44   0.0296290675568
       115        45   0.0537354860787
       115        46   0.0881552440681
       115        47   0.1282154883203
       115        48   0.1673574811261
       115        49   0.1990426320655
       115        50   0.2185891440585
       115        51   0.2241502614730
       115        52   0.2165992292562
       115        53   0.1986707042640
       115        54   0.1739226334708
       115        55   0.1459065501601
       115        56   0.1176509887267
       115        57   0.0914057162045
       115        58   0.0685747297653
       115        59   0.0497870579798
       115        60   0.0350598530810
       115        61   0.0240026088711
       115        62   0.0160137483630
       115        63   0.0104361688369
       115        64   0.0066589332064
       115        65   0.0041691063590
       115        66   0.0025666136644
       115        67   0.0015566798335
       115        68   0.0009318268179
       115        69   0.0005514127452
       115        70   0.0003230474314
       115        71   0.0001876210947
       115        72   0.0001081532552
       115        73   0.0000619439365
       115        74   0.0000352828461
       115        75   0.0000200026529
       115        76   0.0000112947656
       115        77   0.0000063561682
       115        78   0.0000035666864
       115        79   0.0000019965125
       115        80   0.0000011152430
       115        81   0.0000006218418
       115        82   0.0000003461775
       115        83   0.0000001924409
       115        84   0.0000001068380
       115        85   0.0000000592400
       115        86   0.0000000328081
       115        87   0.0000000181479
       115        88   0.0000000100263
       115        89   0.0000000055323
       115        90   0.0000000030486
       115        91   0.0000000016776
       115        92   0.0000000009218
       115        93   0.0000000005057
       115        94   0.0000000002770
       115        95   0.0000000001515
       115        96   0.0000000000827
       115        97   0.0000000000451
       115        98   0.0000000000245
       115        99   0.0000000000133
       115       100   0.0000000000072
       115       101   0.0000000000039
       115       102   0.0000000000021
       115       103   0.0000000000011
       115       104   0.0000000000006
       115       105   0.0000000000003
       115       106   0.0000000000002
       115       107   0.0000000000001
       115       108   0.0000000000001
       115       109   0.0000000000000
       115       110   0.0000000000000
       115       111   0.0000000000000
       115       112   0.0000000000000
       115       113   0.0000000000000
       115       114   0.0000000000000
       115       115   0.0000000000000
       115       116   0.0000000000000
       115       117   0.0000000000000
       115       118   0.0000000000000
       115       119   0.0000000000000
       115       120   0.0000000000000
       115       121   0.0000000000000
       115       122   0.0000000000000
       115       123   0.0000000000000
       115       124   0.0000000000000
       115       125   0.0000000000000
       115       126   0.0000000000000
       115       127   0.0000000000000
       115       128   0.0000000000000
       115       129   0.0000000000000
       115       130   0.0000000000000
       115       131   0.0000000000000
       115       132   0.0000000000000
       115       133   0.0000000000000
       115       134   0.0000000000000
       115       135   0.0000000000000
       115       136   0.0000000000000
       115       137   0.0000000000000
       115       138   0.0000000000000
       115       139   0.0000000000000
       115       140   0.0000000000000

       116         1   0.0000000000000
       116         2   0.0115107874718
       116         3   0.0229467439981
       116         4   0.0342359713362
       116         5   0.0453078552679
       116         6   0.0560936563388
       116         7   0.0665270831145
       116         8   0.0765448389860
       116         9   0.0860871356427
       116        10   0.0950981677716
       116        11   0.1035265447295
       116        12   0.1113256758705
       116        13   0.1184541066443
       116        14   0.1248758023219
       116        15   0.1305603754970
       116        16   0.1354832531497
       116        17   0.1396257798685
       116        18   0.1429752558755
       116        19   0.1455249108971
       116        20   0.1472738166899
       116        21   0.1482267419132
       116        22   0.1483939535296
       116        23   0.1477909693353
       116        24   0.1464382661218
       116        25   0.1443609455978
       116        26   0.1415883508065
       116        27   0.1381535962527
       116        28   0.1340928927763
       116        29   0.1294443486740
       116        30   0.1242455239947
       116        31   0.1185283826040
       116        32   0.1123096953556
       116        33   0.1055752634658
       116        34   0.0982590721420
       116        35   0.0902251240406
       116        36   0.0812700998616
       116        37   0.0711757219520
       116        38   0.0598433141067
       116        39   0.0475283796109
       116        40   0.0351469561977
       116        41   0.0245422823525
       116        42   0.0185060505772
       116        43   0.0203253413175
       116        44   0.0327797529608
       116        45   0.0568516293189
       116        46   0.0907436011034
       116        47   0.1298242571622
       116        48   0.1677171872975
       116        49   0.1981271377812
       116        50   0.2165820630326
       116        51   0.2213573160343
       116        52   0.2133613612181
       116        53   0.1953068445978
       116        54   0.1706994669339
       116        55   0.1430221033006
       116        56   0.1152260914506
       116        57   0.0894850551582
       116        58   0.0671390184057
       116        59   0.0487733312194
       116        60   0.0343838518136
       116        61   0.0235776605221
       116        62   0.0157631858516
       116        63   0.0102991292500
       116        64   0.0065911229774
       116        65   0.0041406317406
       116        66   0.0025586628682
       116        67   0.0015582158719
       116        68   0.0009368569931
       116        69   0.0005569886602
       116        70   0.0003279269847
       116        71   0.0001914398581
       116        72   0.0001109475743
       116        73   0.0000638972044
       116        74   0.0000366031910
       116        75   0.0000208724417
       116        76   0.0000118561129
       116        77   0.0000067124437
       116        78   0.0000037896857
       116        79   0.0000021344635
       116        80   0.0000011997293
       116        81   0.0000006731363
       116        82   0.0000003770838
       116        83   0.0000002109375
       116        84   0.0000001178409
       116        85   0.0000000657494
       116        86   0.0000000366398
       116        87   0.0000000203929
       116        88   0.0000000113360
       116        89   0.0000000062932
       116        90   0.0000000034889
       116        91   0.0000000019314
       116        92   0.0000000010676
       116        93   0.0000000005892
       116        94   0.0000000003246
       116        95   0.0000000001785
       116        96   0.0000000000980
       116        97   0.0000000000537
       116        98   0.0000000000294
       116        99   0.0000000000160
       116       100   0.0000000000087
       116       101   0.0000000000047
       116       102   0.0000000000026
       116       103   0.0000000000014
       116       104   0.0000000000008
       116       105   0.0000000000004
       116       106   0.0000000000002
       116       107   0.0000000000001
       116       108   0.0000000000001
       116       109   0.0000000000000
       116       110   0.0000000000000
       116       111   0.0000000000000
       116       112   0.0000000000000
       116       113   0.0000000000000
       116       114   0.0000000000000
       116       115   0.0000000000000
       116       116   0.0000000000000
       116       117   0.0000000000000
       116       118   0.0000000000000
       116       119   0.0000000000000
       116       120   0.0000000000000
       116       121   0.0000000000000
       116       122   0.0000000000000
       116       123   0.0000000000000
       116       124   0.0000000000000
       116       125   0.0000000000000
       116       126   0.0000000000000
       116       127   0.0000000000000
       116       128   0.0000000000000
       116       129   0.0000000000000
       116       130   0.0000000000000
       116       131   0.0000000000000
       116       132   0.0000000000000
       116       133   0.0000000000000
       116       134   0.0000000000000
       116       135   0.0000000000000
       116       136   0.0000000000000
       116       137   0.0000000000000
       116       138   0.0000000000000
       116       139   0.0000000000000
       116       140   0.0000000000000

       117         1   0.0000000000000
       117         2   0.0116539667565
       117         3   0.0232321396442
       117         4   0.0346616790726
       117         5   0.0458710453941
       117         6   0.0567905985779
       117         7   0.0673531796566
       117         8   0.0774946650615
       117         9   0.0871544869637
       117        10   0.0962761141621
       117        11   0.1048074893033
       117        12   0.1127014192470
       117        13   0.1199159158855
       117        14   0.1264144843890
       117        15   0.1321663548727
       117        16   0.1371466528125
       117        17   0.1413365042708
       117        18   0.1447230743282
       117        19   0.1472995399465
       117        20   0.1490650004488
       117        21   0.1500243295491
       117        22   0.1501879730821
       117        23   0.1495716968629
       117        24   0.1481962889195
       117        25   0.1460872175505
       117        26   0.1432742359966
       117        27   0.1397908923977
       117        28   0.1356738181156
       117        29   0.1309614673407
       117        30   0.1256915883192
       117        31   0.1198961142051
       117        32   0.1135916475601
       117        33   0.1067641238657
       117        34   0.0993490370242
       117        35   0.0912152026383
       117        36   0.0821702507220
       117        37   0.0720163756356
       117        38   0.0606875518135
       117        39   0.0484828003041
       117        40   0.0363617001568
       117        41   0.0261859516435
       117        42   0.0207056012331
       117        43   0.0230815165068
       117        44   0.0358979464346
       117        45   0.0599404721038
       117        46   0.0933062236964
       117        47   0.1314105197675
       117        48   0.1680624765134
       117        49   0.1972114147191
       117        50   0.2145953273816
       117        51   0.2186108217254
       117        52   0.2101985472701
       117        53   0.1920439780987
       117        54   0.1675951474603
       117        55   0.1402629368888
       117        56   0.1129213860805
       117        57   0.0876706176206
       117        58   0.0657906395458
       117        59   0.0478269542622
       117        60   0.0337569272898
       117        61   0.0231867317012
       117        62   0.0155352038778
       117        63   0.0101765363991
       117        64   0.0065322843801
       117        65   0.0041176065320
       117        66   0.0025539768310
       117        67   0.0015616986508
       117        68   0.0009430531399
       117        69   0.0005632717422
       117        70   0.0003332433703
       117        71   0.0001955341018
       117        72   0.0001139190403
       117        73   0.0000659661799
       117        74   0.0000379999071
       117        75   0.0000217929041
       117        76   0.0000124511110
       117        77   0.0000070910088
       117        78   0.0000040273774
       117        79   0.0000022820378
       117        80   0.0000012904734
       117        81   0.0000007284695
       117        82   0.0000004105765
       117        83   0.0000002310779
       117        84   0.0000001298809
       117        85   0.0000000729085
       117        86   0.0000000408758
       117        87   0.0000000228878
       117        88   0.0000000127991
       117        89   0.0000000071477
       117        90   0.0000000039860
       117        91   0.0000000022196
       117        92   0.0000000012340
       117        93   0.0000000006849
       117        94   0.0000000003795
       117        95   0.0000000002099
       117        96   0.0000000001159
       117        97   0.0000000000639
       117        98   0.0000000000351
       117        99   0.0000000000193
       117       100   0.0000000000106
       117       101   0.0000000000058
       117       102   0.0000000000031
       117       103   0.0000000000017
       117       104   0.0000000000009
       117       105   0.0000000000005
       117       106   0.0000000000003
       117       107   0.0000000000001
       117       108   0.0000000000001
       117       109   0.0000000000000
       117       110   0.0000000000000
       117       111   0.0000000000000
       117       112   0.0000000000000
       117       113   0.0000000000000
       117       114   0.0000000000000
       117       115   0.0000000000000
       117       116   0.0000000000000
       117       117   0.0000000000000
       117       118   0.0000000000000
       117       119   0.0000000000000
       117       120   0.0000000000000
       117       121   0.0000000000000
       117       122   0.0000000000000
       117       123   0.0000000000000
       117       124   0.0000000000000
       117       125   0.0000000000000
       117       126   0.0000000000000
       117       127   0.0000000000000
       117       128   0.0000000000000
       117       129   0.0000000000000
       117       130   0.0000000000000
       117       131   0.0000000000000
       117       132   0.0000000000000
       117       133   0.0000000000000
       117       134   0.0000000000000
       117       135   0.0000000000000
       117       136   0.0000000000000
       117       137   0.0000000000000
       117       138   0.0000000000000
       117       139   0.0000000000000
       117       140   0.0000000000000

       118         1   0.0000000000000
       118         2   0.0117848988150
       118         3   0.0234931128334
       118         4   0.0350509293592
       118         5   0.0463859504930
       118         6   0.0574277011807
       118         7   0.0681082183201
       118         8   0.0783626121273
       118         9   0.0881295928766
       118        10   0.0973519575263
       118        11   0.1059770320411
       118        12   0.1139570663615
       118        13   0.1212495795602
       118        14   0.1278176523382
       118        15   0.1336301627435
       118        16   0.1386619599438
       118        17   0.1428939714654
       118        18   0.1463132419653
       118        19   0.1489129049811
       118        20   0.1506920913509
       118        21   0.1516557785556
       118        22   0.1518145850561
       118        23   0.1511845137306
       118        24   0.1497866482056
       118        25   0.1476468026145
       118        26   0.1447951131687
       118        27   0.1412655247678
       118        28   0.1370950361452
       118        29   0.1323223654330
       118        30   0.1269853171606
       118        31   0.1211155816699
       118        32   0.1147292703771
       118        33   0.1078120182905
       118        34   0.1003003701649
       118        35   0.0920677281031
       118        36   0.0829331151569
       118        37   0.0727207650457
       118        38   0.0614000166100
       118        39   0.0493163204150
       118        40   0.0374739446205
       118        41   0.0277505508605
       118        42   0.0228485024422
       118        43   0.0257959612761
       118        44   0.0389791906325
       118        45   0.0629901947759
       118        46   0.0958273613394
       118        47   0.1329586852965
       118        48   0.1683812748122
       118        49   0.1962885369984
       118        50   0.2126268491690
       118        51   0.2159118577645
       118        52   0.2071129889584
       118        53   0.1888838482400
       118        54   0.1646102007031
       118        55   0.1376283287966
       118        56   0.1107352995857
       118        57   0.0859604979296
       118        58   0.0645277879159
       118        59   0.0469464801913
       118        60   0.0331780755564
       118        61   0.0228292241900
       118        62   0.0153295132807
       118        63   0.0100683030756
       118        64   0.0064824423660
       118        65   0.0041001048583
       118        66   0.0025526409875
       118        67   0.0015672058266
       118        68   0.0009504779759
       118        69   0.0005703090942
       118        70   0.0003390302749
       118        71   0.0001999271109
       118        72   0.0001170833717
       118        73   0.0000681613063
       118        74   0.0000394798646
       118        75   0.0000227685350
       118        76   0.0000130826938
       118        77   0.0000074937782
       118        78   0.0000042810120
       118        79   0.0000024400529
       118        80   0.0000013880102
       118        81   0.0000007881910
       118        82   0.0000004468842
       118        83   0.0000002530113
       118        84   0.0000001430550
       118        85   0.0000000807801
       118        86   0.0000000455564
       118        87   0.0000000256585
       118        88   0.0000000144322
       118        89   0.0000000081065
       118        90   0.0000000045467
       118        91   0.0000000025462
       118        92   0.0000000014236
       118        93   0.0000000007946
       118        94   0.0000000004427
       118        95   0.0000000002462
       118        96   0.0000000001367
       118        97   0.0000000000757
       118        98   0.0000000000419
       118        99   0.0000000000231
       118       100   0.0000000000127
       118       101   0.0000000000070
       118       102   0.0000000000038
       118       103   0.0000000000021
       118       104   0.0000000000011
       118       105   0.0000000000006
       118       106   0.0000000000003
       118       107   0.0000000000002
       118       108   0.0000000000001
       118       109   0.0000000000001
       118       110   0.0000000000000
       118       111   0.0000000000000
       118       112   0.0000000000000
       118       113   0.0000000000000
       118       114   0.0000000000000
       118       115   0.0000000000000
       118       116   0.0000000000000
       118       117   0.0000000000000
       118       118   0.0000000000000
       118       119   0.0000000000000
       118       120   0.0000000000000
       118       121   0.0000000000000
       118       122   0.0000000000000
       118       123   0.0000000000000
       118       124   0.0000000000000
       118       125   0.0000000000000
       118       126   0.0000000000000
       118       127   0.0000000000000
       118       128   0.0000000000000
       118       129   0.0000000000000
       118       130   0.0000000000000
       118       131   0.0000000000000
       118       132   0.0000000000000
       118       133   0.0000000000000
       118       134   0.0000000000000
       118       135   0.0000000000000
       118       136   0.0000000000000
       118       137   0.0000000000000
       118       138   0.0000000000000
       118       139   0.0000000000000
       118       140   0.0000000000000

       119         1   0.0000000000000
       119         2   0.0119040117571
       119         3   0.0237305179894
       119         4   0.0354049995501
       119         5   0.0468542659060
       119         6   0.0580070710069
       119         7   0.0687947095273
       119         8   0.0791515847805
       119         9   0.0890157414030
       119        10   0.0983293572829
       119        11   0.1070391905527
       119        12   0.1150969787270
       119        13   0.1224597877948
       119        14   0.1290903086715
       119        15   0.1349570968554
       119        16   0.1400347495874
       119        17   0.1443040151537
       119        18   0.1477518319374
       119        19   0.1503712989029
       119        20   0.1521615818746
       119        21   0.1531277603098
       119        22   0.1532806185255
       119        23   0.1526363849733
       119        24   0.1512164226534
       119        25   0.1490468699857
       119        26   0.1461582176396
       119        27   0.1425847682510
       119        28   0.1383638316133
       119        29   0.1335343046090
       119        30   0.1281339166926
       119        31   0.1221939172083
       119        32   0.1157296482639
       119        33   0.1087261081638
       119        34   0.1011206038542
       119        35   0.0927911235302
       119        36   0.0835687337168
       119        37   0.0733013057426
       119        38   0.0619959089395
       119        39   0.0500464802346
       119        40   0.0385018887225
       119        41   0.0292521221017
       119        42   0.0249454642135
       119        43   0.0284717304145
       119        44   0.0420184405471
       119        45   0.0659893566099
       119        46   0.0982924285833
       119        47   0.1344546863246
       119        48   0.1686629319997
       119        49   0.1953526133529
       119        50   0.2106751331934
       119        51   0.2132617700522
       119        52   0.2041069918180
       119        53   0.1858282650953
       119        54   0.1617452454906
       119        55   0.1351176929439
       119        56   0.1086664269630
       119        57   0.0843529682215
       119        58   0.0633488235389
       119        59   0.0461305995890
       119        60   0.0326463964533
       119        61   0.0225046117546
       119        62   0.0151458713630
       119        63   0.0099743704293
       119        64   0.0064416386239
       119        65   0.0040882107059
       119        66   0.0025547468029
       119        67   0.0015748190069
       119        68   0.0009591970086
       119        69   0.0005781498975
       119        70   0.0003453229708
       119        71   0.0002046433781
       119        72   0.0001204571940
       119        73   0.0000704936948
       119        74   0.0000410504143
       119        75   0.0000238041686
       119        76   0.0000137540310
       119        77   0.0000079228280
       119        78   0.0000045519491
       119        79   0.0000026093994
       119        80   0.0000014929231
       119        81   0.0000008526831
       119        82   0.0000004862568
       119        83   0.0000002769007
       119        84   0.0000001574693
       119        85   0.0000000894330
       119        86   0.0000000507262
       119        87   0.0000000287336
       119        88   0.0000000162538
       119        89   0.0000000091811
       119        90   0.0000000051783
       119        91   0.0000000029160
       119        92   0.0000000016394
       119        93   0.0000000009200
       119        94   0.0000000005154
       119        95   0.0000000002882
       119        96   0.0000000001608
       119        97   0.0000000000896
       119        98   0.0000000000498
       119        99   0.0000000000276
       119       100   0.0000000000153
       119       101   0.0000000000084
       119       102   0.0000000000046
       119       103   0.0000000000026
       119       104   0.0000000000014
       119       105   0.0000000000008
       119       106   0.0000000000004
       119       107   0.0000000000002
       119       108   0.0000000000001
       119       109   0.0000000000001
       119       110   0.0000000000000
       119       111   0.0000000000000
       119       112   0.0000000000000
       119       113   0.0000000000000
       119       114   0.0000000000000
       119       115   0.0000000000000
       119       116   0.0000000000000
       119       117   0.0000000000000
       119       118   0.0000000000000
       119       119   0.0000000000000
       119       120   0.0000000000000
       119       121   0.0000000000000
       119       122   0.0000000000000
       119       123   0.0000000000000
       119       124   0.0000000000000
       119       125   0.0000000000000
       119       126   0.0000000000000
       119       127   0.0000000000000
       119       128   0.0000000000000
       119       129   0.0000000000000
       119       130   0.0000000000000
       119       131   0.0000000000000
       119       132   0.0000000000000
       119       133   0.0000000000000
       119       134   0.0000000000000
       119       135   0.0000000000000
       119       136   0.0000000000000
       119       137   0.0000000000000
       119       138   0.0000000000000
       119       139   0.0000000000000
       119       140   0.0000000000000

       120         1   0.0000000000000
       120         2   0.0120117831901
       120         3   0.0239453082217
       120         4   0.0357253142748
       120         5   0.0472778819554
       120         6   0.0585310564333
       120         7   0.0694154503100
       120         8   0.0798648176085
       120         9   0.0898165919655
       120        10   0.0992123834493
       120        11   0.1079984298047
       120        12   0.1161259993275
       120        13   0.1235517434723
       120        14   0.1302379969391
       120        15   0.1361530211377
       120        16   0.1412711848022
       120        17   0.1455730754644
       120        18   0.1490455387501
       120        19   0.1516816474027
       120        20   0.1534806052464
       120        21   0.1544475914387
       120        22   0.1545935488585
       120        23   0.1539349194855
       120        24   0.1524933288410
       120        25   0.1502952172260
       120        26   0.1473713998726
       120        27   0.1437564958668
       120        28   0.1394880665170
       120        29   0.1346050991096
       120        30   0.1291451175151
       120        31   0.1231387460788
       120        32   0.1166003235470
       120        33   0.1095139708354
       120        34   0.1018176300735
       120        35   0.0933940863660
       120        36   0.0840872820147
       120        37   0.0737703206394
       120        38   0.0624899879747
       120        39   0.0506899098361
       120        40   0.0394623087477
       120        41   0.0307048991952
       120        42   0.0270053429451
       120        43   0.0311104523847
       120        44   0.0450100622588
       120        45   0.0689269115372
       120        46   0.1006880253808
       120        47   0.1358860015705
       120        48   0.1688982479228
       120        49   0.1943988116574
       120        50   0.2087392882953
       120        51   0.2106621608294
       120        52   0.2011829348187
       120        53   0.1828790638284
       120        54   0.1590009515696
       120        55   0.1327305427842
       120        56   0.1067135028391
       120        57   0.0828464580984
       120        58   0.0622522584330
       120        59   0.0453781329162
       120        60   0.0321610902028
       120        61   0.0222124395260
       120        62   0.0149840828429
       120        63   0.0098947095846
       120        64   0.0064099332807
       120        65   0.0040820194096
       120        66   0.0025603929397
       120        67   0.0015846246021
       120        68   0.0009692791274
       120        69   0.0005868458096
       120        70   0.0003521585759
       120        71   0.0002097087737
       120        72   0.0001240581499
       120        73   0.0000729751955
       120        74   0.0000427194355
       120        75   0.0000249050106
       120        76   0.0000144685496
       120        77   0.0000083804101
       120        78   0.0000048416675
       120        79   0.0000027910480
       120        80   0.0000016058491
       120        81   0.0000009223632
       120        82   0.0000005289677
       120        83   0.0000003029249
       120        84   0.0000001732403
       120        85   0.0000000989429
       120        86   0.0000000564342
       120        87   0.0000000321448
       120        88   0.0000000182839
       120        89   0.0000000103846
       120        90   0.0000000058890
       120        91   0.0000000033342
       120        92   0.0000000018845
       120        93   0.0000000010632
       120        94   0.0000000005988
       120        95   0.0000000003365
       120        96   0.0000000001888
       120        97   0.0000000001057
       120        98   0.0000000000590
       120        99   0.0000000000329
       120       100   0.0000000000183
       120       101   0.0000000000102
       120       102   0.0000000000056
       120       103   0.0000000000031
       120       104   0.0000000000017
       120       105   0.0000000000009
       120       106   0.0000000000005
       120       107   0.0000000000003
       120       108   0.0000000000002
       120       109   0.0000000000001
       120       110   0.0000000000000
       120       111   0.0000000000000
       120       112   0.0000000000000
       120       113   0.0000000000000
       120       114   0.0000000000000
       120       115   0.0000000000000
       120       116   0.0000000000000
       120       117   0.0000000000000
       120       118   0.0000000000000
       120       119   0.0000000000000
       120       120   0.0000000000000
       120       121   0.0000000000000
       120       122   0.0000000000000
       120       123   0.0000000000000
       120       124   0.0000000000000
       120       125   0.0000000000000
       120       126   0.0000000000000
       120       127   0.0000000000000
       120       128   0.0000000000000
       120       129   0.0000000000000
       120       130   0.0000000000000
       120       131   0.0000000000000
       120       132   0.0000000000000
       120       133   0.0000000000000
       120       134   0.0000000000000
       120       135   0.0000000000000
       120       136   0.0000000000000
       120       137   0.0000000000000
       120       138   0.0000000000000
       120       139   0.0000000000000
       120       140   0.0000000000000

       121         1   0.0000000000000
       121         2   0.0121087346746
       121         3   0.0241385242639
       121         4   0.0360134289117
       121         5   0.0476588620259
       121         6   0.0590022201448
       121         7   0.0699734919330
       121         8   0.0805058377903
       121         9   0.0905361331366
       121        10   0.1000054697247
       121        11   0.1088596107430
       121        12   0.1170493970025
       121        13   0.1245311026224
       121        14   0.1312667383921
       121        15   0.1372242988926
       121        16   0.1423779466633
       121        17   0.1467081260350
       121        18   0.1502016026948
       121        19   0.1528514310158
       121        20   0.1546568554173
       121        21   0.1556231520366
       121        22   0.1557614145051
       121        23   0.1550882857047
       121        24   0.1536256361434
       121        25   0.1514001846625
       121        26   0.1484430396935
       121        27   0.1447890931797
       121        28   0.1404760953036
       121        29   0.1355430328068
       121        30   0.1300270955218
       121        31   0.1239581147502
       121        32   0.1173492373688
       121        33   0.1101835605900
       121        34   0.1023996887140
       121        35   0.0938856066890
       121        36   0.0844991124826
       121        37   0.0741400870219
       121        38   0.0628965996719
       121        39   0.0512623218132
       121        40   0.0403705209338
       121        41   0.0321212680647
       121        42   0.0290351308218
       121        43   0.0337123594299
       121        44   0.0479478877762
       121        45   0.0717922593514
       121        46   0.1030019665422
       121        47   0.1372416645485
       121        48   0.1690794708322
       121        49   0.1934233530172
       121        50   0.2068190145335
       121        51   0.2081148641448
       121        52   0.1983432343456
       121        53   0.1800380628835
       121        54   0.1563779988285
       121        55   0.1304664560019
       121        56   0.1048753732932
       121        57   0.0814395336032
       121        58   0.0612367420994
       121        59   0.0446880215399
       121        60   0.0317214527645
       121        61   0.0219523223785
       121        62   0.0148440000617
       121        63   0.0098293227402
       121        64   0.0063874062685
       121        65   0.0040816389376
       121        66   0.0025696863127
       121        67   0.0015967146225
       121        68   0.0009807971724
       121        69   0.0005964513564
       121        70   0.0003595763191
       121        71   0.0002151507216
       121        72   0.0001279050163
       121        73   0.0000756184761
       121        74   0.0000444953878
       121        75   0.0000260766730
       121        76   0.0000152299569
       121        77   0.0000088689680
       121        78   0.0000051517754
       121        79   0.0000029860564
       121        80   0.0000017274831
       121        81   0.0000009976875
       121        82   0.0000005753159
       121        83   0.0000003312792
       121        84   0.0000001904955
       121        85   0.0000001093927
       121        86   0.0000000627340
       121        87   0.0000000359266
       121        88   0.0000000205449
       121        89   0.0000000117312
       121        90   0.0000000066879
       121        91   0.0000000038065
       121        92   0.0000000021627
       121        93   0.0000000012265
       121        94   0.0000000006943
       121        95   0.0000000003922
       121        96   0.0000000002211
       121        97   0.0000000001244
       121        98   0.0000000000698
       121        99   0.0000000000391
       121       100   0.0000000000219
       121       101   0.0000000000122
       121       102   0.0000000000068
       121       103   0.0000000000038
       121       104   0.0000000000021
       121       105   0.0000000000012
       121       106   0.0000000000006
       121       107   0.0000000000004
       121       108   0.0000000000002
       121       109   0.0000000000001
       121       110   0.0000000000001
       121       111   0.0000000000000
       121       112   0.0000000000000
       121       113   0.0000000000000
       121       114   0.0000000000000
       121       115   0.0000000000000
       121       116   0.0000000000000
       121       117   0.0000000000000
       121       118   0.0000000000000
       121       119   0.0000000000000
       121       120   0.0000000000000
       121       121   0.0000000000000
       121       122   0.0000000000000
       121       123   0.0000000000000
       121       124   0.0000000000000
       121       125   0.0000000000000
       121       126   0.0000000000000
       121       127   0.0000000000000
       121       128   0.0000000000000
       121       129   0.0000000000000
       121       130   0.0000000000000
       121       131   0.0000000000000
       121       132   0.0000000000000
       121       133   0.0000000000000
       121       134   0.0000000000000
       121       135   0.0000000000000
       121       136   0.0000000000000
       121       137   0.0000000000000
       121       138   0.0000000000000
       121       139   0.0000000000000
       121       140   0.0000000000000

       122         1   0.0000000000000
       122         2   0.0121954256802
       122         3   0.0243112824163
       122         4   0.0362710115745
       122         5   0.0479994186830
       122         6   0.0594233094979
       122         7   0.0704721046431
       122         8   0.0810784243999
       122         9   0.0911786366870
       122        10   0.1007133624995
       122        11   0.1096279344993
       122        12   0.1178728061059
       122        13   0.1254039098078
       122        14   0.1321829633957
       122        15   0.1381777205492
       122        16   0.1433621586775
       122        17   0.1477165954022
       122        18   0.1512277285126
       122        19   0.1538886013615
       122        20   0.1556985011992
       122        21   0.1566627980417
       122        22   0.1567927279775
       122        23   0.1561051215594
       122        24   0.1546220759998
       122        25   0.1523705643223
       122        26   0.1493819552620
       122        27   0.1456913677725
       122        28   0.1413366755384
       122        29   0.1363567722102
       122        30   0.1307883891485
       122        31   0.1246604153905
       122        32   0.1179846656282
       122        33   0.1107431608876
       122        34   0.1028753397334
       122        35   0.0942749584681
       122        36   0.0848147564674
       122        37   0.0744228343290
       122        38   0.0632296554131
       122        39   0.0517784684362
       122        40   0.0412403352986
       122        41   0.0335117491566
       122        42   0.0310399909735
       122        43   0.0362763713838
       122        44   0.0508253150040
       122        45   0.0745753226831
       122        46   0.1052233146856
       122        47   0.1385122571134
       122        48   0.1692002697558
       122        49   0.1924234777695
       122        50   0.2049145669826
       122        51   0.2056219056241
       122        52   0.1955902996729
       122        53   0.1773070188902
       122        54   0.1538770367013
       122        55   0.1283250417127
       122        56   0.1031509715793
       122        57   0.0801308805376
       122        58   0.0603010509423
       122        59   0.0440593217636
       122        60   0.0313268731517
       122        61   0.0217239444005
       122        62   0.0147255236914
       122        63   0.0097782444355
       122        64   0.0063741587061
       122        65   0.0040871911428
       122        66   0.0025827431081
       122        67   0.0016111874527
       122        68   0.0009938284961
       122        69   0.0006070243245
       122        70   0.0003676178087
       122        71   0.0002209983814
       122        72   0.0001320178266
       122        73   0.0000784371039
       122        74   0.0000463873669
       122        75   0.0000273252115
       122        76   0.0000160422670
       122        77   0.0000093911543
       122        78   0.0000054840229
       122        79   0.0000031955775
       122        80   0.0000018585837
       122        81   0.0000010791546
       122        82   0.0000006256284
       122        83   0.0000003621780
       122        84   0.0000002093747
       122        85   0.0000001208735
       122        86   0.0000000696849
       122        87   0.0000000401172
       122        88   0.0000000230614
       122        89   0.0000000132365
       122        90   0.0000000075851
       122        91   0.0000000043392
       122        92   0.0000000024779
       122        93   0.0000000014124
       122        94   0.0000000008035
       122        95   0.0000000004562
       122        96   0.0000000002584
       122        97   0.0000000001461
       122        98   0.0000000000824
       122        99   0.0000000000464
       122       100   0.0000000000261
       122       101   0.0000000000146
       122       102   0.0000000000082
       122       103   0.0000000000046
       122       104   0.0000000000025
       122       105   0.0000000000014
       122       106   0.0000000000008
       122       107   0.0000000000004
       122       108   0.0000000000002
       122       109   0.0000000000001
       122       110   0.0000000000001
       122       111   0.0000000000000
       122       112   0.0000000000000
       122       113   0.0000000000000
       122       114   0.0000000000000
       122       115   0.0000000000000
       122       116   0.0000000000000
       122       117   0.0000000000000
       122       118   0.0000000000000
       122       119   0.0000000000000
       122       120   0.0000000000000
       122       121   0.0000000000000
       122       122   0.0000000000000
       122       123   0.0000000000000
       122       124   0.0000000000000
       122       125   0.0000000000000
       122       126   0.0000000000000
       122       127   0.0000000000000
       122       128   0.0000000000000
       122       129   0.0000000000000
       122       130   0.0000000000000
       122       131   0.0000000000000
       122       132   0.0000000000000
       122       133   0.0000000000000
       122       134   0.0000000000000
       122       135   0.0000000000000
       122       136   0.0000000000000
       122       137   0.0000000000000
       122       138   0.0000000000000
       122       139   0.0000000000000
       122       140   0.0000000000000

       123         1   0.0000000000000
       123         2   0.0122724471075
       123         3   0.0244647616230
       123         4   0.0364998238103
       123         5   0.0483018880877
       123         6   0.0597972247788
       123         7   0.0709147399285
       123         8   0.0815865648527
       123         9   0.0917486084341
       123        10   0.1013410663449
       123        11   0.1103088827844
       123        12   0.1186021620863
       123        13   0.1261765291985
       123        14   0.1329934383293
       123        15   0.1390204267454
       123        16   0.1442313064121
       123        17   0.1486062835296
       123        18   0.1521319991551
       123        19   0.1548014924601
       123        20   0.1566140954727
       123        21   0.1575752687007
       123        22   0.1576963819586
       123        23   0.1569944396194
       123        24   0.1554917465028
       123        25   0.1532155043577
       123        26   0.1501973077731
       123        27   0.1464724547782
       123        28   0.1420788750694
       123        29   0.1370552764845
       123        30   0.1314378140693
       123        31   0.1252543077638
       123        32   0.1185151510720
       123        33   0.1112013292501
       123        34   0.1032534213083
       123        35   0.0945716671187
       123        36   0.0850448920349
       123        37   0.0746307007284
       123        38   0.0635025717745
       123        39   0.0522520747043
       123        40   0.0420840099861
       123        41   0.0348850062330
       123        42   0.0330233358487
       123        43   0.0388002248528
       123        44   0.0536354421281
       123        45   0.0772666406667
       123        46   0.1073424120709
       123        47   0.1396898886197
       123        48   0.1692556862180
       123        49   0.1913973921082
       123        50   0.2030267073057
       123        51   0.2031854594012
       123        52   0.1929264931357
       123        53   0.1746875893556
       123        54   0.1514986498594
       123        55   0.1263059097039
       123        56   0.1015392913463
       123        57   0.0789192822073
       123        58   0.0594440710630
       123        59   0.0434911927681
       123        60   0.0309768259867
       123        61   0.0215270550532
       123        62   0.0146286013380
       123        63   0.0097415415723
       123        64   0.0063703135866
       123        65   0.0040988126481
       123        66   0.0025996896213
       123        67   0.0016281485434
       123        68   0.0010084554912
       123        69   0.0006186261470
       123        70   0.0003763273051
       123        71   0.0002272828375
       123        72   0.0001364180010
       123        73   0.0000814456347
       123        74   0.0000484051647
       123        75   0.0000286571671
       123        76   0.0000169098276
       123        77   0.0000099498500
       123        78   0.0000058403141
       123        79   0.0000034208679
       123        80   0.0000019999791
       123        81   0.0000011673093
       123        82   0.0000006802629
       123        83   0.0000003958555
       123        84   0.0000002300312
       123        85   0.0000001334851
       123        86   0.0000000773515
       123        87   0.0000000447588
       123        88   0.0000000258605
       123        89   0.0000000149181
       123        90   0.0000000085916
       123        91   0.0000000049395
       123        92   0.0000000028347
       123        93   0.0000000016237
       123        94   0.0000000009282
       123        95   0.0000000005295
       123        96   0.0000000003014
       123        97   0.0000000001712
       123        98   0.0000000000970
       123        99   0.0000000000549
       123       100   0.0000000000310
       123       101   0.0000000000174
       123       102   0.0000000000098
       123       103   0.0000000000055
       123       104   0.0000000000031
       123       105   0.0000000000017
       123       106   0.0000000000010
       123       107   0.0000000000005
       123       108   0.0000000000003
       123       109   0.0000000000002
       123       110   0.0000000000001
       123       111   0.0000000000001
       123       112   0.0000000000000
       123       113   0.0000000000000
       123       114   0.0000000000000
       123       115   0.0000000000000
       123       116   0.0000000000000
       123       117   0.0000000000000
       123       118   0.0000000000000
       123       119   0.0000000000000
       123       120   0.0000000000000
       123       121   0.0000000000000
       123       122   0.0000000000000
       123       123   0.0000000000000
       123       124   0.0000000000000
       123       125   0.0000000000000
       123       126   0.0000000000000
       123       127   0.0000000000000
       123       128   0.0000000000000
       123       129   0.0000000000000
       123       130   0.0000000000000
       123       131   0.0000000000000
       123       132   0.0000000000000
       123       133   0.0000000000000
       123       134   0.0000000000000
       123       135   0.0000000000000
       123       136   0.0000000000000
       123       137   0.0000000000000
       123       138   0.0000000000000
       123       139   0.0000000000000
       123       140   0.0000000000000

       124         1   0.0000000000000
       124         2   0.0123404144485
       124         3   0.0246001898296
       124         4   0.0367017002255
       124         5   0.0485687029951
       124         6   0.0601269857126
       124         7   0.0713049907098
       124         8   0.0820344089804
       124         9   0.0922507364342
       124        10   0.1018937865841
       124        11   0.1109081551236
       124        12   0.1192436336965
       124        13   0.1268555720864
       124        14   0.1337051887666
       124        15   0.1397598275647
       124        16   0.1449931531953
       124        17   0.1493852743711
       124        18   0.1529227855767
       124        19   0.1555987280942
       124        20   0.1574124804631
       124        21   0.1583695901315
       124        22   0.1584815515609
       124        23   0.1577655284801
       124        24   0.1562440133457
       124        25   0.1539444100132
       124        26   0.1508985029540
       124        27   0.1471417195561
       124        28   0.1427119767750
       124        29   0.1376477055340
       124        30   0.1319843763104
       124        31   0.1257486393622
       124        32   0.1189494322233
       124        33   0.1115668355094
       124        34   0.1035429951855
       124        35   0.0947854558699
       124        36   0.0852002823398
       124        37   0.0747756564466
       124        38   0.0637281821953
       124        39   0.0526957589806
       124        40   0.0429122154643
       124        41   0.0362478853190
       124        42   0.0349869457236
       124        43   0.0412806392486
       124        44   0.0563712258138
       124        45   0.0798574700444
       124        46   0.1093509052270
       124        47   0.1407681572258
       124        48   0.1692420618365
       124        49   0.1903441881814
       124        50   0.2011566291881
       124        51   0.2008077809851
       124        52   0.1903540697859
       124        53   0.1721812806228
       124        54   0.1492433175663
       124        55   0.1244086430018
       124        56   0.1000393714429
       124        57   0.0778036133678
       124        58   0.0586647977380
       124        59   0.0429828987269
       124        60   0.0306708744636
       124        61   0.0213614721069
       124        62   0.0145532301214
       124        63   0.0097193155625
       124        64   0.0063760175084
       124        65   0.0041166562042
       124        66   0.0026206632959
       124        67   0.0016477111860
       124        68   0.0010247661559
       124        69   0.0006313223067
       124        70   0.0003857520049
       124        71   0.0002340372972
       124        72   0.0001411284836
       124        73   0.0000846597076
       124        74   0.0000505593352
       124        75   0.0000300796106
       124        76   0.0000178373519
       124        77   0.0000105481848
       124        78   0.0000062227222
       124        79   0.0000036632978
       124        80   0.0000021525731
       124        81   0.0000012627468
       124        82   0.0000007396109
       124        83   0.0000004325686
       124        84   0.0000002526329
       124        85   0.0000001473372
       124        86   0.0000000858054
       124        87   0.0000000498975
       124        88   0.0000000289720
       124        89   0.0000000167952
       124        90   0.0000000097199
       124        91   0.0000000056152
       124        92   0.0000000032380
       124        93   0.0000000018635
       124        94   0.0000000010703
       124        95   0.0000000006135
       124        96   0.0000000003509
       124        97   0.0000000002002
       124        98   0.0000000001140
       124        99   0.0000000000648
       124       100   0.0000000000367
       124       101   0.0000000000208
       124       102   0.0000000000117
       124       103   0.0000000000066
       124       104   0.0000000000037
       124       105   0.0000000000021
       124       106   0.0000000000012
       124       107   0.0000000000006
       124       108   0.0000000000004
       124       109   0.0000000000002
       124       110   0.0000000000001
       124       111   0.0000000000001
       124       112   0.0000000000000
       124       113   0.0000000000000
       124       114   0.0000000000000
       124       115   0.0000000000000
       124       116   0.0000000000000
       124       117   0.0000000000000
       124       118   0.0000000000000
       124       119   0.0000000000000
       124       120   0.0000000000000
       124       121   0.0000000000000
       124       122   0.0000000000000
       124       123   0.0000000000000
       124       124   0.0000000000000
       124       125   0.0000000000000
       124       126   0.0000000000000
       124       127   0.0000000000000
       124       128   0.0000000000000
       124       129   0.0000000000000
       124       130   0.0000000000000
       124       131   0.0000000000000
       124       132   0.0000000000000
       124       133   0.0000000000000
       124       134   0.0000000000000
       124       135   0.0000000000000
       124       136   0.0000000000000
       124       137   0.0000000000000
       124       138   0.0000000000000
       124       139   0.0000000000000
       124       140   0.0000000000000

       125         1   0.0000000000000
       125         2   0.0123999606629
       125         3   0.0247188297757
       125         4   0.0368785272693
       125         5   0.0488023646411
       125         6   0.0604156966011
       125         7   0.0716465499104
       125         8   0.0824262212517
       125         9   0.0926898371020
       125        10   0.1023768695895
       125        11   0.1114316036387
       125        12   0.1198035525866
       125        13   0.1274478216431
       125        14   0.1343254197816
       125        15   0.1404035188101
       125        16   0.1456556528071
       125        17   0.1500618454205
       125        18   0.1536086535461
       125        19   0.1562891262425
       125        20   0.1581026901421
       125        21   0.1590549760677
       125        22   0.1591575938321
       125        23   0.1584278514860
       125        24   0.1568884082454
       125        25   0.1545668422605
       125        26   0.1514950904966
       125        27   0.1477086586469
       125        28   0.1432453820056
       125        29   0.1381433271803
       125        30   0.1324371846389
       125        31   0.1261523643755
       125        32   0.1192963694843
       125        33   0.1118485936772
       125        34   0.1037532799524
       125        35   0.0949261730381
       125        36   0.0852916890948
       125        37   0.0748694014497
       125        38   0.0639186306149
       125        39   0.0531209515156
       125        40   0.0437340158433
       125        41   0.0376054852855
       125        42   0.0369311224818
       125        43   0.0437135105682
       125        44   0.0590256536194
       125        45   0.0823398873873
       125        46   0.1112417621774
       125        47   0.1417421013450
       125        48   0.1691569600505
       125        49   0.1892637687048
       125        50   0.1993059034718
       125        51   0.1984911752997
       125        52   0.1878751612542
       125        53   0.1697894371010
       125        54   0.1471113989439
       125        55   0.1226327740884
       125        56   0.0986502635135
       125        57   0.0767828038450
       125        58   0.0579623009205
       125        59   0.0425337805264
       125        60   0.0304086499897
       125        61   0.0212270686719
       125        62   0.0144994493996
       125        63   0.0097116988393
       125        64   0.0063914393980
       125        65   0.0041408905382
       125        66   0.0026458130457
       125        67   0.0016699969674
       125        68   0.0010428545256
       125        69   0.0006451826917
       125        70   0.0003959423129
       125        71   0.0002412972903
       125        72   0.0001461738848
       125        73   0.0000880961451
       125        74   0.0000528612638
       125        75   0.0000316001909
       125        76   0.0000188299507
       125        77   0.0000111895604
       125        78   0.0000066335041
       125        79   0.0000039243613
       125        80   0.0000023173528
       125        81   0.0000013661180
       125        82   0.0000008041005
       125        83   0.0000004725983
       125        84   0.0000002773641
       125        85   0.0000001625501
       125        86   0.0000000951248
       125        87   0.0000000555841
       125        88   0.0000000324288
       125        89   0.0000000188888
       125        90   0.0000000109834
       125        91   0.0000000063751
       125        92   0.0000000036933
       125        93   0.0000000021355
       125        94   0.0000000012322
       125        95   0.0000000007095
       125        96   0.0000000004076
       125        97   0.0000000002337
       125        98   0.0000000001337
       125        99   0.0000000000763
       125       100   0.0000000000434
       125       101   0.0000000000247
       125       102   0.0000000000140
       125       103   0.0000000000079
       125       104   0.0000000000045
       125       105   0.0000000000025
       125       106   0.0000000000014
       125       107   0.0000000000008
       125       108   0.0000000000004
       125       109   0.0000000000002
       125       110   0.0000000000001
       125       111   0.0000000000001
       125       112   0.0000000000000
       125       113   0.0000000000000
       125       114   0.0000000000000
       125       115   0.0000000000000
       125       116   0.0000000000000
       125       117   0.0000000000000
       125       118   0.0000000000000
       125       119   0.0000000000000
       125       120   0.0000000000000
       125       121   0.0000000000000
       125       122   0.0000000000000
       125       123   0.0000000000000
       125       124   0.0000000000000
       125       125   0.0000000000000
       125       126   0.0000000000000
       125       127   0.0000000000000
       125       128   0.0000000000000
       125       129   0.0000000000000
       125       130   0.0000000000000
       125       131   0.0000000000000
       125       132   0.0000000000000
       125       133   0.0000000000000
       125       134   0.0000000000000
       125       135   0.0000000000000
       125       136   0.0000000000000
       125       137   0.0000000000000
       125       138   0.0000000000000
       125       139   0.0000000000000
       125       140   0.0000000000000

       126         1   0.0000000000000
       126         2   0.0124517288530
       126         3   0.0248219643853
       126         4   0.0370322214201
       126         5   0.0490054138413
       126         6   0.0606665104893
       126         7   0.0719431678823
       126         8   0.0827663316840
       126         9   0.0930707998703
       126        10   0.1027957414842
       126        11   0.1118851661116
       126        12   0.1202883410769
       126        13   0.1279601557680
       126        14   0.1348614342692
       126        15   0.1409591962399
       126        16   0.1462268601129
       126        17   0.1506443752343
       126        18   0.1541982685052
       126        19   0.1568816016543
       126        20   0.1586938508626
       126        21   0.1596407269186
       126        22   0.1597339456605
       126        23   0.1589909439580
       126        24   0.1574345260137
       126        25   0.1550924152826
       126        26   0.1519966626032
       126        27   0.1481828001719
       126        28   0.1436885138184
       126        29   0.1385514243994
       126        30   0.1328053629600
       126        31   0.1264744619208
       126        32   0.1195648685499
       126        33   0.1120555875758
       126        34   0.1038935730407
       126        35   0.0950037027620
       126        36   0.0853297665881
       126        37   0.0749232463552
       126        38   0.0640852585317
       126        39   0.0535378223879
       126        40   0.0445568755754
       126        41   0.0389612625429
       126        42   0.0388548750427
       126        43   0.0460941250724
       126        44   0.0615919211175
       126        45   0.0847068825642
       126        46   0.1130092705319
       126        47   0.1426081224831
       126        48   0.1689990473058
       126        49   0.1881567144715
       126        50   0.1974763460192
       126        51   0.1962378694778
       126        52   0.1854916584802
       126        53   0.1675131444827
       126        54   0.1451030690422
       126        55   0.1209777601392
       126        56   0.0973710422987
       126        57   0.0758558716653
       126        58   0.0573357669672
       126        59   0.0421432951505
       126        60   0.0301898835895
       126        61   0.0211237954648
       126        62   0.0144673552655
       126        63   0.0097188637537
       126        64   0.0064167757874
       126        65   0.0041717034574
       126        66   0.0026753011078
       126        67   0.0016951369113
       126        68   0.0010628214038
       126        69   0.0006602820797
       126        70   0.0004069521708
       126        71   0.0002491008953
       126        72   0.0001515806388
       126        73   0.0000917730628
       126        74   0.0000553232433
       126        75   0.0000332271880
       126        76   0.0000198931695
       126        77   0.0000118776749
       126        78   0.0000070751183
       126        79   0.0000042056882
       126        80   0.0000024953963
       126        81   0.0000014781344
       126        82   0.0000008742004
       126        83   0.0000005162526
       126        84   0.0000003044266
       126        85   0.0000001792557
       126        86   0.0000001053957
       126        87   0.0000000618746
       126        88   0.0000000362672
       126        89   0.0000000212225
       126        90   0.0000000123972
       126        91   0.0000000072287
       126        92   0.0000000042069
       126        93   0.0000000024435
       126        94   0.0000000014163
       126        95   0.0000000008191
       126        96   0.0000000004727
       126        97   0.0000000002722
       126        98   0.0000000001564
       126        99   0.0000000000896
       126       100   0.0000000000513
       126       101   0.0000000000292
       126       102   0.0000000000166
       126       103   0.0000000000095
       126       104   0.0000000000054
       126       105   0.0000000000030
       126       106   0.0000000000017
       126       107   0.0000000000010
       126       108   0.0000000000005
       126       109   0.0000000000003
       126       110   0.0000000000002
       126       111   0.0000000000001
       126       112   0.0000000000001
       126       113   0.0000000000000
       126       114   0.0000000000000
       126       115   0.0000000000000
       126       116   0.0000000000000
       126       117   0.0000000000000
       126       118   0.0000000000000
       126       119   0.0000000000000
       126       120   0.0000000000000
       126       121   0.0000000000000
       126       122   0.0000000000000
       126       123   0.0000000000000
       126       124   0.0000000000000
       126       125   0.0000000000000
       126       126   0.0000000000000
       126       127   0.0000000000000
       126       128   0.0000000000000
       126       129   0.0000000000000
       126       130   0.0000000000000
       126       131   0.0000000000000
       126       132   0.0000000000000
       126       133   0.0000000000000
       126       134   0.0000000000000
       126       135   0.0000000000000
       126       136   0.0000000000000
       126       137   0.0000000000000
       126       138   0.0000000000000
       126       139   0.0000000000000
       126       140   0.0000000000000

       127         1   0.0000000000000
       127         2   0.0124963648212
       127         3   0.0249108819248
       127         4   0.0371647070255
       127         5   0.0491804016354
       127         6   0.0608825927735
       127         7   0.0721986091766
       127         8   0.0830590860106
       127         9   0.0933985310240
       127        10   0.1031558459475
       127        11   0.1122747980959
       127        12   0.1207044389311
       127        13   0.1283994688999
       127        14   0.1353205502006
       127        15   0.1414345687185
       127        16   0.1467148406232
       127        17   0.1511412499393
       127        18   0.1547002995219
       127        19   0.1573850676558
       127        20   0.1591950813605
       127        21   0.1601361283110
       127        22   0.1602200212667
       127        23   0.1594643101238
       127        24   0.1578919214818
       127        25   0.1555306940104
       127        26   0.1524127528374
       127        27   0.1485736048195
       127        28   0.1440507210567
       127        29   0.1388812034932
       127        30   0.1330979633300
       127        31   0.1267238538045
       127        32   0.1197638011293
       127        33   0.1121967902292
       127        34   0.1039731620469
       127        35   0.0950278611286
       127        36   0.0853249400586
       127        37   0.0749479819915
       127        38   0.0642384909662
       127        39   0.0539552218220
       127        40   0.0453866894827
       127        41   0.0403171619121
       127        42   0.0407561242878
       127        43   0.0484173803330
       127        44   0.0640636057687
       127        45   0.0869524457012
       127        46   0.1146490362525
       127        47   0.1433639281814
       127        48   0.1687680282739
       127        49   0.1870242555679
       127        50   0.1956700495386
       127        51   0.1940501038057
       127        52   0.1832053351505
       127        53   0.1653533436835
       127        54   0.1432183831752
       127        55   0.1194429767480
       127        56   0.0962007339511
       127        57   0.0750218107780
       127        58   0.0567843760288
       127        59   0.0418109062231
       127        60   0.0300143213224
       127        61   0.0210516225688
       127        62   0.0144570642072
       127        63   0.0097410018380
       127        64   0.0064522399721
       127        65   0.0042092967023
       127        66   0.0027093008971
       127        67   0.0017232707780
       127        68   0.0010847742852
       127        69   0.0006767002863
       127        70   0.0004188392557
       127        71   0.0002574889215
       127        72   0.0001573771490
       127        73   0.0000957099783
       127        74   0.0000579585534
       127        75   0.0000349695683
       127        76   0.0000210330274
       127        77   0.0000126165505
       127        78   0.0000075502429
       127        79   0.0000045090564
       127        80   0.0000026878809
       127        81   0.0000015995739
       127        82   0.0000009504235
       127        83   0.0000005638689
       127        84   0.0000003340417
       127        85   0.0000001975990
       127        86   0.0000001167128
       127        87   0.0000000688305
       127        88   0.0000000405271
       127        89   0.0000000238221
       127        90   0.0000000139781
       127        91   0.0000000081867
       127        92   0.0000000047856
       127        93   0.0000000027918
       127        94   0.0000000016252
       127        95   0.0000000009441
       127        96   0.0000000005472
       127        97   0.0000000003164
       127        98   0.0000000001826
       127        99   0.0000000001051
       127       100   0.0000000000603
       127       101   0.0000000000346
       127       102   0.0000000000198
       127       103   0.0000000000113
       127       104   0.0000000000064
       127       105   0.0000000000036
       127       106   0.0000000000021
       127       107   0.0000000000012
       127       108   0.0000000000007
       127       109   0.0000000000004
       127       110   0.0000000000002
       127       111   0.0000000000001
       127       112   0.0000000000001
       127       113   0.0000000000000
       127       114   0.0000000000000
       127       115   0.0000000000000
       127       116   0.0000000000000
       127       117   0.0000000000000
       127       118   0.0000000000000
       127       119   0.0000000000000
       127       120   0.0000000000000
       127       121   0.0000000000000
       127       122   0.0000000000000
       127       123   0.0000000000000
       127       124   0.0000000000000
       127       125   0.0000000000000
       127       126   0.0000000000000
       127       127   0.0000000000000
       127       128   0.0000000000000
       127       129   0.0000000000000
       127       130   0.0000000000000
       127       131   0.0000000000000
       127       132   0.0000000000000
       127       133   0.0000000000000
       127       134   0.0000000000000
       127       135   0.0000000000000
       127       136   0.0000000000000
       127       137   0.0000000000000
       127       138   0.0000000000000
       127       139   0.0000000000000
       127       140   0.0000000000000

       128         1   0.0000000000000
       128         2   0.0125345095970
       128         3   0.0249868611005
       128         4   0.0372778940545
       128         5   0.0493298598179
       128         6   0.0610670846744
       128         7   0.0724166091598
       128         8   0.0833087956802
       128         9   0.0936778973586
       128        10   0.1034625818420
       128        11   0.1126064048537
       128        12   0.1210582299679
       128        13   0.1287725936858
       128        14   0.1357100177509
       128        15   0.1418372712566
       128        16   0.1471275799738
       128        17   0.1515607697397
       128        18   0.1551233233851
       128        19   0.1578083382838
       128        20   0.1596153932650
       128        21   0.1605503502921
       128        22   0.1606251104813
       128        23   0.1598573209593
       128        24   0.1582700074855
       128        25   0.1558910929090
       128        26   0.1527527364464
       128        27   0.1488903685247
       128        28   0.1443411842555
       128        29   0.1391417039800
       128        30   0.1333238801071
       128        31   0.1269093220890
       128        32   0.1199019232049
       128        33   0.1122810777793
       128        34   0.1040012277315
       128        35   0.0950082831391
       128        36   0.0852872784684
       128        37   0.0749537529354
       128        38   0.0643877410850
       128        39   0.0543806545158
       128        40   0.0462278562835
       128        41   0.0416737897095
       128        42   0.0426319381348
       128        43   0.0506780182280
       128        44   0.0664348335577
       128        45   0.0890716275260
       128        46   0.1161579304856
       128        47   0.1440083808397
       128        48   0.1684644161022
       128        49   0.1858679730497
       128        50   0.1938890200227
       128        51   0.1919297177292
       128        52   0.1810174275702
       128        53   0.1633104760093
       128        54   0.1414570579650
       128        55   0.1180276696553
       128        56   0.0951384217403
       128        57   0.0742797953121
       128        58   0.0563075392238
       128        59   0.0415363028240
       128        60   0.0298818978499
       128        61   0.0210106622792
       128        62   0.0144687924642
       128        63   0.0097783713638
       128        64   0.0064980888156
       128        65   0.0042539003412
       128        66   0.0027480044778
       128        67   0.0017545508789
       128        68   0.0011088293123
       128        69   0.0006945231978
       128        70   0.0004316655537
       128        71   0.0002665052470
       128        72   0.0001635939998
       128        73   0.0000999279500
       128        74   0.0000607815538
       128        75   0.0000368370493
       128        76   0.0000222560609
       128        77   0.0000134105633
       128        78   0.0000080617961
       128        79   0.0000048364062
       128        80   0.0000028960930
       128        81   0.0000017312874
       128        82   0.0000010333310
       128        83   0.0000006158168
       128        84   0.0000003664523
       128        85   0.0000002177388
       128        86   0.0000001291798
       128        87   0.0000000765196
       128        88   0.0000000452525
       128        89   0.0000000267159
       128        90   0.0000000157442
       128        91   0.0000000092610
       128        92   0.0000000054368
       128        93   0.0000000031853
       128        94   0.0000000018622
       128        95   0.0000000010863
       128        96   0.0000000006323
       128        97   0.0000000003672
       128        98   0.0000000002127
       128        99   0.0000000001230
       128       100   0.0000000000709
       128       101   0.0000000000408
       128       102   0.0000000000234
       128       103   0.0000000000134
       128       104   0.0000000000077
       128       105   0.0000000000044
       128       106   0.0000000000025
       128       107   0.0000000000014
       128       108   0.0000000000008
       128       109   0.0000000000005
       128       110   0.0000000000003
       128       111   0.0000000000001
       128       112   0.0000000000001
       128       113   0.0000000000000
       128       114   0.0000000000000
       128       115   0.0000000000000
       128       116   0.0000000000000
       128       117   0.0000000000000
       128       118   0.0000000000000
       128       119   0.0000000000000
       128       120   0.0000000000000
       128       121   0.0000000000000
       128       122   0.0000000000000
       128       123   0.0000000000000
       128       124   0.0000000000000
       128       125   0.0000000000000
       128       126   0.0000000000000
       128       127   0.0000000000000
       128       128   0.0000000000000
       128       129   0.0000000000000
       128       130   0.0000000000000
       128       131   0.0000000000000
       128       132   0.0000000000000
       128       133   0.0000000000000
       128       134   0.0000000000000
       128       135   0.0000000000000
       128       136   0.0000000000000
       128       137   0.0000000000000
       128       138   0.0000000000000
       128       139   0.0000000000000
       128       140   0.0000000000000

       129         1   0.0000000000000
       129         2   0.0125667920212
       129         3   0.0250511562708
       129         4   0.0373736560219
       129         5   0.0494562716996
       129         6   0.0612230670001
       129         7   0.0726008309813
       129         8   0.0835196882688
       129         9   0.0939136703133
       129        10   0.1037212413806
       129        11   0.1128857739012
       129        12   0.1213559693548
       129        13   0.1290862234035
       129        14   0.1360369372467
       129        15   0.1421747789202
       129        16   0.1474728943260
       129        17   0.1519110564353
       129        18   0.1554757298777
       129        19   0.1581600318247
       129        20   0.1599635932496
       129        21   0.1608923483647
       129        22   0.1609582790029
       129        23   0.1601791141363
       129        24   0.1585779550972
       129        25   0.1561827771754
       129        26   0.1530257332701
       129        27   0.1491421278695
       129        28   0.1445688242632
       129        29   0.1393417108923
       129        30   0.1334917656694
       129        31   0.1270394266272
       129        32   0.1199877907680
       129        33   0.1123171376480
       129        34   0.1039867378861
       129        35   0.0949542980377
       129        36   0.0852263550742
       129        37   0.0749499205490
       129        38   0.0645413070090
       129        39   0.0548202469125
       129        40   0.0470833408891
       129        41   0.0430305659910
       129        42   0.0444787345395
       129        43   0.0528708204618
       129        44   0.0687004173242
       129        45   0.0910606040664
       129        46   0.1175341079396
       129        47   0.1445415356543
       129        48   0.1680896775222
       129        49   0.1846901342938
       129        50   0.1921357455498
       129        51   0.1898789187858
       129        52   0.1789294784529
       129        53   0.1613852152606
       129        54   0.1398189181620
       129        55   0.1167310317859
       129        56   0.0941829869029
       129        57   0.0736287043268
       129        58   0.0559043508694
       129        59   0.0413188927075
       129        60   0.0297923316005
       129        61   0.0210008800489
       129        62   0.0145026677523
       129        63   0.0098311839495
       129        64   0.0065545590141
       129        65   0.0043057391363
       129        66   0.0027916058568
       129        67   0.0017891342812
       129        68   0.0011351078950
       129        69   0.0007138414493
       129        70   0.0004454969350
       129        71   0.0002761967519
       129        72   0.0001702640112
       129        73   0.0001044496591
       129        74   0.0000638077592
       129        75   0.0000388401584
       129        76   0.0000235693676
       129        77   0.0000142644741
       129        78   0.0000086129585
       129        79   0.0000051898550
       129        80   0.0000031214382
       129        81   0.0000018742053
       129        82   0.0000011235377
       129        83   0.0000006725011
       129        84   0.0000004019243
       129        85   0.0000002398499
       129        86   0.0000001429110
       129        87   0.0000000850162
       129        88   0.0000000504916
       129        89   0.0000000299355
       129        90   0.0000000177160
       129        91   0.0000000104646
       129        92   0.0000000061691
       129        93   0.0000000036293
       129        94   0.0000000021306
       129        95   0.0000000012480
       129        96   0.0000000007294
       129        97   0.0000000004253
       129        98   0.0000000002474
       129        99   0.0000000001436
       129       100   0.0000000000831
       129       101   0.0000000000480
       129       102   0.0000000000277
       129       103   0.0000000000159
       129       104   0.0000000000091
       129       105   0.0000000000052
       129       106   0.0000000000030
       129       107   0.0000000000017
       129       108   0.0000000000010
       129       109   0.0000000000006
       129       110   0.0000000000003
       129       111   0.0000000000002
       129       112   0.0000000000001
       129       113   0.0000000000001
       129       114   0.0000000000000
       129       115   0.0000000000000
       129       116   0.0000000000000
       129       117   0.0000000000000
       129       118   0.0000000000000
       129       119   0.0000000000000
       129       120   0.0000000000000
       129       121   0.0000000000000
       129       122   0.0000000000000
       129       123   0.0000000000000
       129       124   0.0000000000000
       129       125   0.0000000000000
       129       126   0.0000000000000
       129       127   0.0000000000000
       129       128   0.0000000000000
       129       129   0.0000000000000
       129       130   0.0000000000000
       129       131   0.0000000000000
       129       132   0.0000000000000
       129       133   0.0000000000000
       129       134   0.0000000000000
       129       135   0.0000000000000
       129       136   0.0000000000000
       129       137   0.0000000000000
       129       138   0.0000000000000
       129       139   0.0000000000000
       129       140   0.0000000000000

       130         1   0.0000000000000
       130         2   0.0125938214736
       130         3   0.0251049829451
       130         4   0.0374538083430
       130         5   0.0495620434417
       130         6   0.0613535246220
       130         7   0.0727548233933
       130         8   0.0836958588811
       130         9   0.0941104712284
       130        10   0.1039369495499
       130        11   0.1131185089412
       130        12   0.1216037124176
       130        13   0.1293468360290
       130        14   0.1363081788723
       130        15   0.1424543225837
       130        16   0.1477583426747
       130        17   0.1521999629404
       130        18   0.1557656292290
       130        19   0.1584484768065
       130        20   0.1602481879330
       130        21   0.1611707675137
       130        22   0.1612282718065
       130        23   0.1604384972403
       130        24   0.1588245972409
       130        25   0.1564145674446
       130        26   0.1532405142721
       130        27   0.1493375691475
       130        28   0.1447422143870
       130        29   0.1394896701270
       130        30   0.1336099482375
       130        31   0.1271224232478
       130        32   0.1200296746168
       130        33   0.1123133751799
       130        34   0.1039383423760
       130        35   0.0948748150419
       130        36   0.0851511372145
       130        37   0.0749449842261
       130        38   0.0647063619420
       130        39   0.0552788402746
       130        40   0.0479548822535
       130        41   0.0443860228613
       130        42   0.0462926113118
       130        43   0.0549908941763
       130        44   0.0708560285321
       130        45   0.0929166831976
       130        46   0.1187768086267
       130        47   0.1449641901129
       130        48   0.1676454595817
       130        49   0.1834925164938
       130        50   0.1904115827239
       130        51   0.1878983264988
       130        52   0.1769413061833
       130        53   0.1595767480498
       130        54   0.1383028399907
       130        55   0.1155519722743
       130        56   0.0933336202457
       130        57   0.0730681149996
       130        58   0.0555747548955
       130        59   0.0411588965389
       130        60   0.0297460113183
       130        61   0.0210227376448
       130        62   0.0145591560394
       130        63   0.0098998673681
       130        64   0.0066220189154
       130        65   0.0043651155388
       130        66   0.0028403442467
       130        67   0.0018272044712
       130        68   0.0011637472151
       130        69   0.0007347554078
       130        70   0.0004604054976
       130        71   0.0002866144311
       130        72   0.0001774227856
       130        73   0.0001092996923
       130        74   0.0000670539969
       130        75   0.0000409903266
       130        76   0.0000249806656
       130        77   0.0000151834679
       130        78   0.0000092071986
       130        79   0.0000055717147
       130        80   0.0000033654528
       130        81   0.0000020293460
       130        82   0.0000012217166
       130        83   0.0000007343658
       130        84   0.0000004407499
       130        85   0.0000002641237
       130        86   0.0000001580318
       130        87   0.0000000944022
       130        88   0.0000000562979
       130        89   0.0000000335153
       130        90   0.0000000199158
       130        91   0.0000000118119
       130        92   0.0000000069916
       130        93   0.0000000041298
       130        94   0.0000000024341
       130        95   0.0000000014315
       130        96   0.0000000008400
       130        97   0.0000000004917
       130        98   0.0000000002872
       130        99   0.0000000001673
       130       100   0.0000000000973
       130       101   0.0000000000564
       130       102   0.0000000000326
       130       103   0.0000000000188
       130       104   0.0000000000108
       130       105   0.0000000000062
       130       106   0.0000000000036
       130       107   0.0000000000020
       130       108   0.0000000000012
       130       109   0.0000000000007
       130       110   0.0000000000004
       130       111   0.0000000000002
       130       112   0.0000000000001
       130       113   0.0000000000001
       130       114   0.0000000000000
       130       115   0.0000000000000
       130       116   0.0000000000000
       130       117   0.0000000000000
       130       118   0.0000000000000
       130       119   0.0000000000000
       130       120   0.0000000000000
       130       121   0.0000000000000
       130       122   0.0000000000000
       130       123   0.0000000000000
       130       124   0.0000000000000
       130       125   0.0000000000000
       130       126   0.0000000000000
       130       127   0.0000000000000
       130       128   0.0000000000000
       130       129   0.0000000000000
       130       130   0.0000000000000
       130       131   0.0000000000000
       130       132   0.0000000000000
       130       133   0.0000000000000
       130       134   0.0000000000000
       130       135   0.0000000000000
       130       136   0.0000000000000
       130       137   0.0000000000000
       130       138   0.0000000000000
       130       139   0.0000000000000
       130       140   0.0000000000000

       131         1   0.0000000000000
       131         2   0.0126161808302
       131         3   0.0251495037410
       131         4   0.0375200873723
       131         5   0.0496494762976
       131         6   0.0614613120808
       131         7   0.0728819799157
       131         8   0.0838412231084
       131         9   0.0942727183633
       131        10   0.1041146054907
       131        11   0.1133099659436
       131        12   0.1218072457866
       131        13   0.1295606208221
       131        14   0.1365303050580
       131        15   0.1426828074899
       131        16   0.1479911420374
       131        17   0.1524349857584
       131        18   0.1560007626980
       131        19   0.1586816214371
       131        20   0.1604772926029
       131        21   0.1613938503618
       131        22   0.1614434208626
       131        23   0.1606438553862
       131        24   0.1590183367697
       131        25   0.1565948490209
       131        26   0.1534054126363
       131        27   0.1494849419365
       131        28   0.1448694967835
       131        29   0.1395936074252
       131        30   0.1336863521901
       131        31   0.1271661825792
       131        32   0.1200354728299
       131        33   0.1122778129164
       131        34   0.1038642514666
       131        35   0.0947781747612
       131        36   0.0850698108298
       131        37   0.0749463890212
       131        38   0.0648887653497
       131        39   0.0557598299377
       131        40   0.0488428771513
       131        41   0.0457377306777
       131        42   0.0480692953155
       131        43   0.0570336245940
       131        44   0.0728981614547
       131        45   0.0946383445811
       131        46   0.1198866154986
       131        47   0.1452785864456
       131        48   0.1671350253847
       131        49   0.1822788426273
       131        50   0.1887202851279
       131        51   0.1859913413431
       131        52   0.1750555603294
       131        53   0.1578866248288
       131        54   0.1369091164361
       131        55   0.1144896498409
       131        56   0.0925887136890
       131        57   0.0725961220013
       131        58   0.0553169621303
       131        59   0.0410549008275
       131        60   0.0297419894027
       131        61   0.0210757167315
       131        62   0.0146380662713
       131        63   0.0099844422091
       131        64   0.0067006021689
       131        65   0.0044322061208
       131        66   0.0028943965179
       131        67   0.0018689171140
       131        68   0.0011948740486
       131        69   0.0007573630766
       131        70   0.0004764642316
       131        71   0.0002978111668
       131        72   0.0001851078455
       131        73   0.0001145042510
       131        74   0.0000705383371
       131        75   0.0000432998965
       131        76   0.0000264983210
       131        77   0.0000161731810
       131        78   0.0000098482951
       131        79   0.0000059845086
       131        80   0.0000036298161
       131        81   0.0000021978235
       131        82   0.0000013286049
       131        83   0.0000008018973
       131        84   0.0000004832494
       131        85   0.0000002907706
       131        86   0.0000001746800
       131        87   0.0000001047678
       131        88   0.0000000627301
       131        89   0.0000000374935
       131        90   0.0000000223683
       131        91   0.0000000133190
       131        92   0.0000000079147
       131        93   0.0000000046934
       131        94   0.0000000027771
       131        95   0.0000000016396
       131        96   0.0000000009658
       131        97   0.0000000005676
       131        98   0.0000000003328
       131        99   0.0000000001946
       131       100   0.0000000001136
       131       101   0.0000000000661
       131       102   0.0000000000384
       131       103   0.0000000000222
       131       104   0.0000000000129
       131       105   0.0000000000074
       131       106   0.0000000000043
       131       107   0.0000000000025
       131       108   0.0000000000014
       131       109   0.0000000000008
       131       110   0.0000000000005
       131       111   0.0000000000003
       131       112   0.0000000000002
       131       113   0.0000000000001
       131       114   0.0000000000000
       131       115   0.0000000000000
       131       116   0.0000000000000
       131       117   0.0000000000000
       131       118   0.0000000000000
       131       119   0.0000000000000
       131       120   0.0000000000000
       131       121   0.0000000000000
       131       122   0.0000000000000
       131       123   0.0000000000000
       131       124   0.0000000000000
       131       125   0.0000000000000
       131       126   0.0000000000000
       131       127   0.0000000000000
       131       128   0.0000000000000
       131       129   0.0000000000000
       131       130   0.0000000000000
       131       131   0.0000000000000
       131       132   0.0000000000000
       131       133   0.0000000000000
       131       134   0.0000000000000
       131       135   0.0000000000000
       131       136   0.0000000000000
       131       137   0.0000000000000
       131       138   0.0000000000000
       131       139   0.0000000000000
       131       140   0.0000000000000

       132         1   0.0000000000000
       132         2   0.0126344197322
       132         3   0.0251858149635
       132         4   0.0375741303727
       132         5   0.0497207400891
       132         6   0.0615491207223
       132         7   0.0729854998232
       132         8   0.0839594720896
       132         9   0.0944045762897
       132        10   0.1042588265151
       132        11   0.1134651921105
       132        12   0.1219720216661
       132        13   0.1297334082699
       132        14   0.1367094964454
       132        15   0.1428667355518
       132        16   0.1481780864700
       132        17   0.1526231813277
       132        18   0.1561884171688
       132        19   0.1588669474072
       132        20   0.1606585447985
       132        21   0.1615693506074
       132        22   0.1616115583444
       132        23   0.1608030643531
       132        24   0.1591670600305
       132        25   0.1567314865690
       132        26   0.1535282402717
       132        27   0.1495919779322
       132        28   0.1449583037615
       132        29   0.1396610516252
       132        30   0.1337284217846
       132        31   0.1271781118000
       132        32   0.1200126282453
       132        33   0.1122180049288
       132        34   0.1037721577585
       132        35   0.0946721069512
       132        36   0.0849898246174
       132        37   0.0749607241882
       132        38   0.0650934819781
       132        39   0.0562658394100
       132        40   0.0497472863851
       132        41   0.0470833486099
       132        42   0.0498052003292
       132        43   0.0589955781394
       132        44   0.0748247044186
       132        45   0.0962252657855
       132        46   0.1208646377144
       132        47   0.1454863255015
       132        48   0.1665593661409
       132        49   0.1810486199297
       132        50   0.1870594858059
       132        51   0.1841539307220
       132        52   0.1732673024864
       132        53   0.1563100711458
       132        54   0.1356341363389
       132        55   0.1135422009157
       132        56   0.0919481867776
       132        57   0.0722140268894
       132        58   0.0551330644463
       132        59   0.0410092356322
       132        60   0.0297824488077
       132        61   0.0211616555351
       132        62   0.0147408392780
       132        63   0.0100859840707
       132        64   0.0067910863957
       132        65   0.0045075621350
       132        66   0.0029541492102
       132        67   0.0019145417817
       132        68   0.0012286758916
       132        69   0.0007817946196
       132        70   0.0004937632983
       132        71   0.0003098492224
       132        72   0.0001933620237
       132        73   0.0001200926720
       132        74   0.0000742807794
       132        75   0.0000457824385
       132        76   0.0000281315007
       132        77   0.0000172397801
       132        78   0.0000105403807
       132        79   0.0000064309967
       132        80   0.0000039163655
       132        81   0.0000023808575
       132        82   0.0000014450102
       132        83   0.0000008756291
       132        84   0.0000005297741
       132        85   0.0000003200218
       132        86   0.0000001930070
       132        87   0.0000001162118
       132        88   0.0000000698527
       132        89   0.0000000419122
       132        90   0.0000000251008
       132        91   0.0000000150034
       132        92   0.0000000089497
       132        93   0.0000000053274
       132        94   0.0000000031642
       132        95   0.0000000018752
       132        96   0.0000000011088
       132        97   0.0000000006540
       132        98   0.0000000003849
       132        99   0.0000000002260
       132       100   0.0000000001324
       132       101   0.0000000000773
       132       102   0.0000000000451
       132       103   0.0000000000262
       132       104   0.0000000000152
       132       105   0.0000000000088
       132       106   0.0000000000051
       132       107   0.0000000000029
       132       108   0.0000000000017
       132       109   0.0000000000010
       132       110   0.0000000000006
       132       111   0.0000000000003
       132       112   0.0000000000002
       132       113   0.0000000000001
       132       114   0.0000000000001
       132       115   0.0000000000000
       132       116   0.0000000000000
       132       117   0.0000000000000
       132       118   0.0000000000000
       132       119   0.0000000000000
       132       120   0.0000000000000
       132       121   0.0000000000000
       132       122   0.0000000000000
       132       123   0.0000000000000
       132       124   0.0000000000000
       132       125   0.0000000000000
       132       126   0.0000000000000
       132       127   0.0000000000000
       132       128   0.0000000000000
       132       129   0.0000000000000
       132       130   0.0000000000000
       132       131   0.0000000000000
       132       132   0.0000000000000
       132       133   0.0000000000000
       132       134   0.0000000000000
       132       135   0.0000000000000
       132       136   0.0000000000000
       132       137   0.0000000000000
       132       138   0.0000000000000
       132       139   0.0000000000000
       132       140   0.0000000000000

       133         1   0.0000000000000
       133         2   0.0126490482463
       133         3   0.0252149339641
       133         4   0.0376174566490
       133         5   0.0497778482260
       133         6   0.0616194477494
       133         7   0.0730683514088
       133         8   0.0840540301999
       133         9   0.0945099082490
       133        10   0.1043738954067
       133        11   0.1135888684296
       133        12   0.1221030959817
       133        13   0.1298706041892
       133        14   0.1368514822789
       133        15   0.1430121322991
       133        16   0.1483254708279
       133        17   0.1527710871050
       133        18   0.1563353445443
       133        19   0.1590113888580
       133        20   0.1607990237316
       133        21   0.1617044529524
       133        22   0.1617399366318
       133        23   0.1609234104604
       133        24   0.1592780569620
       133        25   0.1568317451389
       133        26   0.1536162104824
       133        27   0.1496658157332
       133        28   0.1450156847061
       133        29   0.1396989630580
       133        30   0.1337430492660
       133        31   0.1271650787335
       133        32   0.1199680406256
       133        33   0.1121409201107
       133        34   0.1036690567604
       133        35   0.0945634293611
       133        36   0.0849173813879
       133        37   0.0749929078520
       133        38   0.0653233774345
       133        39   0.0567970979692
       133        40   0.0506656437640
       133        41   0.0484183941689
       133        42   0.0514951532503
       133        43   0.0608724465002
       133        44   0.0766334616983
       133        45   0.0976779576928
       133        46   0.1217140681672
       133        47   0.1455929742639
       133        48   0.1659261703115
       133        49   0.1798115099866
       133        50   0.1854404768847
       133        51   0.1823980919847
       133        52   0.1715876482514
       133        53   0.1548555004867
       133        54   0.1344822762686
       133        55   0.1127096589960
       133        56   0.0914084946883
       133        57   0.0719161264737
       133        58   0.0550167031379
       133        59   0.0410160400683
       133        60   0.0298626624373
       133        61   0.0212771333724
       133        62   0.0148652309971
       133        63   0.0102031597058
       133        64   0.0068927665541
       133        65   0.0045908699454
       133        66   0.0030195085965
       133        67   0.0019640935697
       133        68   0.0012652115798
       133        69   0.0008081183574
       133        70   0.0005123648820
       133        71   0.0003227792350
       133        72   0.0002022239925
       133        73   0.0001260932955
       133        74   0.0000783015153
       133        75   0.0000484520542
       133        76   0.0000298899117
       133        77   0.0000183898758
       133        78   0.0000112879211
       133        79   0.0000069141772
       133        80   0.0000042271040
       133        81   0.0000025797813
       133        82   0.0000015718167
       133        83   0.0000009561460
       133        84   0.0000005807099
       133        85   0.0000003521307
       133        86   0.0000002131794
       133        87   0.0000001288434
       133        88   0.0000000777370
       133        89   0.0000000468177
       133        90   0.0000000281434
       133        91   0.0000000168846
       133        92   0.0000000101092
       133        93   0.0000000060399
       133        94   0.0000000036007
       133        95   0.0000000021417
       133        96   0.0000000012710
       133        97   0.0000000007525
       133        98   0.0000000004445
       133        99   0.0000000002619
       133       100   0.0000000001540
       133       101   0.0000000000903
       133       102   0.0000000000528
       133       103   0.0000000000308
       133       104   0.0000000000180
       133       105   0.0000000000104
       133       106   0.0000000000061
       133       107   0.0000000000035
       133       108   0.0000000000020
       133       109   0.0000000000012
       133       110   0.0000000000007
       133       111   0.0000000000004
       133       112   0.0000000000002
       133       113   0.0000000000001
       133       114   0.0000000000001
       133       115   0.0000000000000
       133       116   0.0000000000000
       133       117   0.0000000000000
       133       118   0.0000000000000
       133       119   0.0000000000000
       133       120   0.0000000000000
       133       121   0.0000000000000
       133       122   0.0000000000000
       133       123   0.0000000000000
       133       124   0.0000000000000
       133       125   0.0000000000000
       133       126   0.0000000000000
       133       127   0.0000000000000
       133       128   0.0000000000000
       133       129   0.0000000000000
       133       130   0.0000000000000
       133       131   0.0000000000000
       133       132   0.0000000000000
       133       133   0.0000000000000
       133       134   0.0000000000000
       133       135   0.0000000000000
       133       136   0.0000000000000
       133       137   0.0000000000000
       133       138   0.0000000000000
       133       139   0.0000000000000
       133       140   0.0000000000000

       134         1   0.0000000000000
       134         2   0.0126605309897
       134         3   0.0252377874282
       134         4   0.0376514500675
       134         5   0.0498226345610
       134         6   0.0616745675502
       134         7   0.0731332379530
       134         8   0.0841280158580
       134         9   0.0945922320244
       134        10   0.1044637116144
       134        11   0.1136852564741
       134        12   0.1222050711099
       134        13   0.1299771287345
       134        14   0.1369614760229
       134        15   0.1431244793266
       134        16   0.1484390201617
       134        17   0.1528846482076
       134        18   0.1564476866005
       134        19   0.1591212571229
       134        20   0.1609051764209
       134        21   0.1618057008908
       134        22   0.1618351568100
       134        23   0.1610115188014
       134        24   0.1593579489932
       134        25   0.1569022184490
       134        26   0.1536758674846
       134        27   0.1497129320571
       134        28   0.1450480387233
       134        29   0.1397136662434
       134        30   0.1337365050749
       134        31   0.1271333378931
       134        32   0.1199079958871
       134        33   0.1120529106754
       134        34   0.1035613526269
       134        35   0.0944584874214
       134        36   0.0848585216338
       134        37   0.0750482967331
       134        38   0.0655826985055
       134        39   0.0573564495214
       134        40   0.0515994481688
       134        41   0.0497435463119
       134        42   0.0531398748246
       134        43   0.0626657872360
       134        44   0.0783270433517
       134        45   0.0989993637314
       134        46   0.1224365225099
       134        47   0.1455965762417
       134        48   0.1652277132904
       134        49   0.1785526692927
       134        50   0.1838415875503
       134        51   0.1806977126963
       134        52   0.1699901942275
       134        53   0.1535009063818
       134        54   0.1334395292903
       134        55   0.1119873751801
       134        56   0.0909733302879
       134        57   0.0717118574649
       134        58   0.0549800227691
       134        59   0.0410876143392
       134        60   0.0299934526945
       134        61   0.0214307755447
       134        62   0.0150176173516
       134        63   0.0103404115143
       134        64   0.0070085966575
       134        65   0.0046840243204
       134        66   0.0030916585122
       134        67   0.0020182996863
       134        68   0.0013049242235
       134        69   0.0008366042989
       134        70   0.0005324346385
       134        71   0.0003367040289
       134        72   0.0002117584833
       134        73   0.0001325474593
       134        74   0.0000826272815
       134        75   0.0000513262132
       134        76   0.0000317850521
       134        77   0.0000196310716
       134        78   0.0000120959571
       134        79   0.0000074373949
       134        80   0.0000045642508
       134        81   0.0000027960653
       134        82   0.0000017099976
       134        83   0.0000010440907
       134        84   0.0000006364804
       134        85   0.0000003873764
       134        86   0.0000002353802
       134        87   0.0000001427825
       134        88   0.0000000864613
       134        89   0.0000000522612
       134        90   0.0000000315293
       134        91   0.0000000189842
       134        92   0.0000000114073
       134        93   0.0000000068398
       134        94   0.0000000040922
       134        95   0.0000000024428
       134        96   0.0000000014549
       134        97   0.0000000008644
       134        98   0.0000000005124
       134        99   0.0000000003030
       134       100   0.0000000001788
       134       101   0.0000000001052
       134       102   0.0000000000618
       134       103   0.0000000000362
       134       104   0.0000000000212
       134       105   0.0000000000123
       134       106   0.0000000000072
       134       107   0.0000000000042
       134       108   0.0000000000024
       134       109   0.0000000000014
       134       110   0.0000000000008
       134       111   0.0000000000005
       134       112   0.0000000000003
       134       113   0.0000000000002
       134       114   0.0000000000001
       134       115   0.0000000000001
       134       116   0.0000000000000
       134       117   0.0000000000000
       134       118   0.0000000000000
       134       119   0.0000000000000
       134       120   0.0000000000000
       134       121   0.0000000000000
       134       122   0.0000000000000
       134       123   0.0000000000000
       134       124   0.0000000000000
       134       125   0.0000000000000
       134       126   0.0000000000000
       134       127   0.0000000000000
       134       128   0.0000000000000
       134       129   0.0000000000000
       134       130   0.0000000000000
       134       131   0.0000000000000
       134       132   0.0000000000000
       134       133   0.0000000000000
       134       134   0.0000000000000
       134       135   0.0000000000000
       134       136   0.0000000000000
       134       137   0.0000000000000
       134       138   0.0000000000000
       134       139   0.0000000000000
       134       140   0.0000000000000

       135         1   0.0000000000000
       135         2   0.0126692817900
       135         3   0.0252552007273
       135         4   0.0376773431655
       135         5   0.0498567323528
       135         6   0.0617165056374
       135         7   0.0731825667936
       135         8   0.0841842059081
       135         9   0.0946546798416
       135        10   0.1045317469021
       135        11   0.1137581500624
       135        12   0.1222820438418
       135        13   0.1300573610001
       135        14   0.1370441169345
       135        15   0.1432086530441
       135        16   0.1485238256113
       135        17   0.1529691504131
       135        18   0.1565309058266
       135        19   0.1592021715295
       135        20   0.1609827511465
       135        21   0.1618789339774
       135        22   0.1619031083116
       135        23   0.1610732926954
       135        24   0.1594126269640
       135        25   0.1569487658136
       135        26   0.1537130237111
       135        27   0.1497390806326
       135        28   0.1450610562817
       135        29   0.1397107963808
       135        30   0.1337143926864
       135        31   0.1270884936696
       135        32   0.1198381129201
       135        33   0.1119595413821
       135        34   0.1034543053171
       135        35   0.0943616955225
       135        36   0.0848159362394
       135        37   0.0751267486329
       135        38   0.0658674413319
       135        39   0.0579355420669
       135        40   0.0525364676830
       135        41   0.0510442334339
       135        42   0.0547247690542
       135        43   0.0643635005711
       135        44   0.0798980773379
       135        45   0.1001886776250
       135        46   0.1230395071785
       135        47   0.1455149411826
       135        48   0.1644941263907
       135        49   0.1773154740369
       135        50   0.1823175924396
       135        51   0.1791132641076
       135        52   0.1685322642790
       135        53   0.1522911378979
       135        54   0.1325317486721
       135        55   0.1113805717337
       135        56   0.0906304317303
       135        57   0.0715775454523
       135        58   0.0549945542620
       135        59   0.0411960542650
       135        60   0.0301507956909
       135        61   0.0216037970118
       135        62   0.0151844071438
       135        63   0.0104885346921
       135        64   0.0071326974172
       135        65   0.0047834679495
       135        66   0.0031685566605
       135        67   0.0020760495401
       135        68   0.0013472457740
       135        69   0.0008669838115
       135        70   0.0005538599679
       135        71   0.0003515869300
       135        72   0.0002219623887
       135        73   0.0001394645692
       135        74   0.0000872703400
       135        75   0.0000544161327
       135        76   0.0000338259045
       135        77   0.0000209700792
       135        78   0.0000129693000
       135        79   0.0000080040079
       135        80   0.0000049301078
       135        81   0.0000030312678
       135        82   0.0000018605983
       135        83   0.0000011401601
       135        84   0.0000006975476
       135        85   0.0000004260638
       135        86   0.0000002598102
       135        87   0.0000001581607
       135        88   0.0000000961117
       135        89   0.0000000582988
       135        90   0.0000000352952
       135        91   0.0000000213261
       135        92   0.0000000128591
       135        93   0.0000000077373
       135        94   0.0000000046452
       135        95   0.0000000027826
       135        96   0.0000000016630
       135        97   0.0000000009915
       135        98   0.0000000005898
       135        99   0.0000000003500
       135       100   0.0000000002072
       135       101   0.0000000001224
       135       102   0.0000000000721
       135       103   0.0000000000424
       135       104   0.0000000000249
       135       105   0.0000000000146
       135       106   0.0000000000085
       135       107   0.0000000000050
       135       108   0.0000000000029
       135       109   0.0000000000017
       135       110   0.0000000000010
       135       111   0.0000000000006
       135       112   0.0000000000003
       135       113   0.0000000000002
       135       114   0.0000000000001
       135       115   0.0000000000001
       135       116   0.0000000000000
       135       117   0.0000000000000
       135       118   0.0000000000000
       135       119   0.0000000000000
       135       120   0.0000000000000
       135       121   0.0000000000000
       135       122   0.0000000000000
       135       123   0.0000000000000
       135       124   0.0000000000000
       135       125   0.0000000000000
       135       126   0.0000000000000
       135       127   0.0000000000000
       135       128   0.0000000000000
       135       129   0.0000000000000
       135       130   0.0000000000000
       135       131   0.0000000000000
       135       132   0.0000000000000
       135       133   0.0000000000000
       135       134   0.0000000000000
       135       135   0.0000000000000
       135       136   0.0000000000000
       135       137   0.0000000000000
       135       138   0.0000000000000
       135       139   0.0000000000000
       135       140   0.0000000000000

       136         1   0.0000000000000
       136         2   0.0126756589409
       136         3   0.0252678884610
       136         4   0.0376962030367
       136         5   0.0498815555785
       136         6   0.0617470155012
       136         7   0.0732184218553
       136         8   0.0842250039874
       136         9   0.0946999627585
       136        10   0.1045810059669
       136        11   0.1138108323317
       136        12   0.1223375591722
       136        13   0.1301150898351
       136        14   0.1371034182461
       136        15   0.1432688704582
       136        16   0.1485842876438
       136        17   0.1530291603507
       136        18   0.1565897226688
       136        19   0.1592589960216
       136        20   0.1610367381046
       136        21   0.1619292363629
       136        22   0.1619489244693
       136        23   0.1611138708949
       136        24   0.1594472047977
       136        25   0.1569764610591
       136        26   0.1537327057996
       136        27   0.1497492362420
       136        28   0.1450596572564
       136        29   0.1396952176348
       136        30   0.1336815208232
       136        31   0.1270353023525
       136        32   0.1197631202559
       136        33   0.1118656135364
       136        34   0.1033530611102
       136        35   0.0942791010481
       136        36   0.0847974769140
       136        37   0.0752391011567
       136        38   0.0661926464979
       136        39   0.0585545062694
       136        40   0.0535021211282
       136        41   0.0523504253985
       136        42   0.0562825379894
       136        43   0.0659979650516
       136        44   0.0813741023734
       136        45   0.1012624414876
       136        46   0.1235209366290
       136        47   0.1453191949036
       136        48   0.1636631746730
       136        49   0.1760025592508
       136        50   0.1807421988232
       136        51   0.1775046872617
       136        52   0.1670812307552
       136        53   0.1511219189075
       136        54   0.1316969389764
       136        55   0.1108727656646
       136        56   0.0904020809014
       136        57   0.0715614894807
       136        58   0.0551206729259
       136        59   0.0414022928336
       136        60   0.0303887219703
       136        61   0.0218398618284
       136        62   0.0153984229492
       136        63   0.0106707855285
       136        64   0.0072807495200
       136        65   0.0048993364758
       136        66   0.0032565218435
       136        67   0.0021411626104
       136        68   0.0013944255778
       136        69   0.0009005535306
       136        70   0.0005773759712
       136        71   0.0003678398621
       136        72   0.0002330650947
       136        73   0.0001469722995
       136        74   0.0000923021441
       136        75   0.0000577622537
       136        76   0.0000360357303
       136        77   0.0000224205430
       136        78   0.0000139161239
       136        79   0.0000086190146
       136        80   0.0000053277881
       136        81   0.0000032873577
       136        82   0.0000020248786
       136        83   0.0000012451670
       136        84   0.0000007644394
       136        85   0.0000004685368
       136        86   0.0000002866937
       136        87   0.0000001751246
       136        88   0.0000001067839
       136        89   0.0000000649928
       136        90   0.0000000394815
       136        91   0.0000000239363
       136        92   0.0000000144819
       136        93   0.0000000087431
       136        94   0.0000000052669
       136        95   0.0000000031656
       136        96   0.0000000018983
       136        97   0.0000000011356
       136        98   0.0000000006778
       136        99   0.0000000004036
       136       100   0.0000000002397
       136       101   0.0000000001421
       136       102   0.0000000000840
       136       103   0.0000000000495
       136       104   0.0000000000292
       136       105   0.0000000000171
       136       106   0.0000000000100
       136       107   0.0000000000059
       136       108   0.0000000000034
       136       109   0.0000000000020
       136       110   0.0000000000012
       136       111   0.0000000000007
       136       112   0.0000000000004
       136       113   0.0000000000002
       136       114   0.0000000000001
       136       115   0.0000000000001
       136       116   0.0000000000000
       136       117   0.0000000000000
       136       118   0.0000000000000
       136       119   0.0000000000000
       136       120   0.0000000000000
       136       121   0.0000000000000
       136       122   0.0000000000000
       136       123   0.0000000000000
       136       124   0.0000000000000
       136       125   0.0000000000000
       136       126   0.0000000000000
       136       127   0.0000000000000
       136       128   0.0000000000000
       136       129   0.0000000000000
       136       130   0.0000000000000
       136       131   0.0000000000000
       136       132   0.0000000000000
       136       133   0.0000000000000
       136       134   0.0000000000000
       136       135   0.0000000000000
       136       136   0.0000000000000
       136       137   0.0000000000000
       136       138   0.0000000000000
       136       139   0.0000000000000
       136       140   0.0000000000000

       137         1   0.0000000000000
       137         2   0.0126799611101
       137         3   0.0252764462979
       137         4   0.0377089191557
       137         5   0.0498982828159
       137         6   0.0617675586450
       137         7   0.0732425399580
       137         8   0.0842524132464
       137         9   0.0947303399566
       137        10   0.1046139924775
       137        11   0.1138460387173
       137        12   0.1223745704404
       137        13   0.1301534714173
       137        14   0.1371427225190
       137        15   0.1433086426157
       137        16   0.1486240674521
       137        17   0.1530684738397
       137        18   0.1566280596489
       137        19   0.1592957806193
       137        20   0.1610713153275
       137        21   0.1619608974479
       137        22   0.1619769626508
       137        23   0.1611376197829
       137        24   0.1594660086821
       137        25   0.1569895682455
       137        26   0.1537391189180
       137        27   0.1497475620453
       137        28   0.1450479910271
       137        29   0.1396711182741
       137        30   0.1336422050119
       137        31   0.1269782981494
       137        32   0.1196877286806
       137        33   0.1117755454164
       137        34   0.1032604070876
       137        35   0.0942091968213
       137        36   0.0847931829508
       137        37   0.0753617583555
       137        38   0.0665161887120
       137        39   0.0591499740756
       137        40   0.0544130006873
       137        41   0.0535645235812
       137        42   0.0577112795428
       137        43   0.0674754800137
       137        44   0.0826835156000
       137        45   0.1021860142761
       137        46   0.1238988312652
       137        47   0.1450951549559
       137        48   0.1628988437104
       137        49   0.1748549221609
       137        50   0.1794146032384
       137        51   0.1761923682788
       137        52   0.1659314159463
       137        53   0.1502180097943
       137        54   0.1310637612869
       137        55   0.1104929737610
       137        56   0.0902342228501
       137        57   0.0715545276700
       137        58   0.0552237592678
       137        59   0.0415705547124
       137        60   0.0305861558940
       137        61   0.0220401835943
       137        62   0.0155844973727
       137        63   0.0108331677001
       137        64   0.0074158194938
       137        65   0.0050074223172
       137        66   0.0033402761508
       137        67   0.0022043195149
       137        68   0.0014409534261
       137        69   0.0009341488642
       137        70   0.0006012149040
       137        71   0.0003845018829
       137        72   0.0002445585226
       137        73   0.0001548098674
       137        74   0.0000975932948
       137        75   0.0000613030054
       137        76   0.0000383868790
       137        77   0.0000239711412
       137        78   0.0000149325802
       137        79   0.0000092817370
       137        80   0.0000057577844
       137        81   0.0000035651269
       137        82   0.0000022035890
       137        83   0.0000013597159
       137        84   0.0000008376054
       137        85   0.0000005151153
       137        86   0.0000003162519
       137        87   0.0000001938242
       137        88   0.0000001185783
       137        89   0.0000000724098
       137        90   0.0000000441321
       137        91   0.0000000268438
       137        92   0.0000000162943
       137        93   0.0000000098696
       137        94   0.0000000059650
       137        95   0.0000000035970
       137        96   0.0000000021640
       137        97   0.0000000012989
       137        98   0.0000000007778
       137        99   0.0000000004646
       137       100   0.0000000002769
       137       101   0.0000000001646
       137       102   0.0000000000977
       137       103   0.0000000000578
       137       104   0.0000000000341
       137       105   0.0000000000201
       137       106   0.0000000000118
       137       107   0.0000000000069
       137       108   0.0000000000041
       137       109   0.0000000000024
       137       110   0.0000000000014
       137       111   0.0000000000008
       137       112   0.0000000000005
       137       113   0.0000000000003
       137       114   0.0000000000002
       137       115   0.0000000000001
       137       116   0.0000000000001
       137       117   0.0000000000000
       137       118   0.0000000000000
       137       119   0.0000000000000
       137       120   0.0000000000000
       137       121   0.0000000000000
       137       122   0.0000000000000
       137       123   0.0000000000000
       137       124   0.0000000000000
       137       125   0.0000000000000
       137       126   0.0000000000000
       137       127   0.0000000000000
       137       128   0.0000000000000
       137       129   0.0000000000000
       137       130   0.0000000000000
       137       131   0.0000000000000
       137       132   0.0000000000000
       137       133   0.0000000000000
       137       134   0.0000000000000
       137       135   0.0000000000000
       137       136   0.0000000000000
       137       137   0.0000000000000
       137       138   0.0000000000000
       137       139   0.0000000000000
       137       140   0.0000000000000

       138         1   0.0000000000000
       138         2   0.0126824239469
       138         3   0.0252813442117
       138         4   0.0377161932840
       138         5   0.0499078438807
       138         6   0.0617792880338
       138         7   0.0732562911756
       138         8   0.0842680137345
       138         9   0.0947475932854
       138        10   0.1046326809240
       138        11   0.1138659262655
       138        12   0.1223954062780
       138        13   0.1301749940566
       138        14   0.1371646646354
       138        15   0.1433307362144
       138        16   0.1486460472655
       138        17   0.1530900735833
       138        18   0.1566489933327
       138        19   0.1593157061270
       138        20   0.1610897940433
       138        21   0.1619773800130
       138        22   0.1619908213667
       138        23   0.1611482063674
       138        24   0.1594726786233
       138        25   0.1569916224378
       138        26   0.1537356619781
       138        27   0.1497373199157
       138        28   0.1450291512486
       138        29   0.1396412866041
       138        30   0.1335986502766
       138        31   0.1269187822626
       138        32   0.1196123310640
       138        33   0.1116898662676
       138        34   0.1031801953250
       138        35   0.0941656416230
       138        36   0.0848368684531
       138        37   0.0755620423957
       138        38   0.0669524231031
       138        39   0.0598925733371
       138        40   0.0554963049907
       138        41   0.0549586647773
       138        42   0.0593042804297
       138        43   0.0690766362243
       138        44   0.0840533028514
       138        45   0.1030878456655
       138        46   0.1241581750728
       138        47   0.1446467381257
       138        48   0.1618057294692
       138        49   0.1732930245521
       138        50   0.1776282990082
       138        51   0.1744363032772
       138        52   0.1644169695727
       138        53   0.1490791812768
       138        54   0.1303483895790
       138        55   0.1101756305326
       138        56   0.0902412567860
       138        57   0.0717911431310
       138        58   0.0555960760431
       138        59   0.0419996362275
       138        60   0.0310141704215
       138        61   0.0224306020884
       138        62   0.0159187328705
       138        63   0.0111057758928
       138        64   0.0076297405759
       138        65   0.0051700674834
       138        66   0.0034607269292
       138        67   0.0022915727850
       138        68   0.0015029884528
       138        69   0.0009775596484
       138        70   0.0006311847272
       138        71   0.0004049547131
       138        72   0.0002583790938
       138        73   0.0001640697927
       138        74   0.0001037522224
       138        75   0.0000653734478
       138        76   0.0000410621459
       138        77   0.0000257208640
       138        78   0.0000160719959
       138        79   0.0000100208218
       138        80   0.0000062354844
       138        81   0.0000038728654
       138        82   0.0000024012238
       138        83   0.0000014862671
       138        84   0.0000009184105
       138        85   0.0000005665684
       138        86   0.0000003489261
       138        87   0.0000002145174
       138        88   0.0000001316485
       138        89   0.0000000806430
       138        90   0.0000000493042
       138        91   0.0000000300841
       138        92   0.0000000183187
       138        93   0.0000000111308
       138        94   0.0000000067485
       138        95   0.0000000040823
       138        96   0.0000000024639
       138        97   0.0000000014836
       138        98   0.0000000008912
       138        99   0.0000000005341
       138       100   0.0000000003193
       138       101   0.0000000001905
       138       102   0.0000000001134
       138       103   0.0000000000673
       138       104   0.0000000000399
       138       105   0.0000000000236
       138       106   0.0000000000139
       138       107   0.0000000000082
       138       108   0.0000000000048
       138       109   0.0000000000028
       138       110   0.0000000000017
       138       111   0.0000000000010
       138       112   0.0000000000006
       138       113   0.0000000000003
       138       114   0.0000000000002
       138       115   0.0000000000001
       138       116   0.0000000000001
       138       117   0.0000000000000
       138       118   0.0000000000000
       138       119   0.0000000000000
       138       120   0.0000000000000
       138       121   0.0000000000000
       138       122   0.0000000000000
       138       123   0.0000000000000
       138       124   0.0000000000000
       138       125   0.0000000000000
       138       126   0.0000000000000
       138       127   0.0000000000000
       138       128   0.0000000000000
       138       129   0.0000000000000
       138       130   0.0000000000000
       138       131   0.0000000000000
       138       132   0.0000000000000
       138       133   0.0000000000000
       138       134   0.0000000000000
       138       135   0.0000000000000
       138       136   0.0000000000000
       138       137   0.0000000000000
       138       138   0.0000000000000
       138       139   0.0000000000000
       138       140   0.0000000000000

       139         1   0.0000000000000
       139         2   0.0126832174275
       139         3   0.0252829211893
       139         4   0.0377185315728
       139         5   0.0499109093722
       139         6   0.0617830351467
       139         7   0.0732606634719
       139         8   0.0842729447106
       139         9   0.0947530073519
       139        10   0.1046384945999
       139        11   0.1138720496284
       139        12   0.1224017447441
       139        13   0.1301814506237
       139        14   0.1371711427980
       139        15   0.1433371437121
       139        16   0.1486523001367
       139        17   0.1530960976995
       139        18   0.1566547165017
       139        19   0.1593210313975
       139        20   0.1610945514390
       139        21   0.1619812719998
       139        22   0.1619933921399
       139        23   0.1611488533404
       139        24   0.1594706877883
       139        25   0.1569861840436
       139        26   0.1537258394099
       139        27   0.1497219888056
       139        28   0.1450069624509
       139        29   0.1396107247844
       139        30   0.1335582763964
       139        31   0.1268677767395
       139        32   0.1195514833904
       139        33   0.1116231489808
       139        34   0.1031169560630
       139        35   0.0941231718150
       139        36   0.0848426014380
       139        37   0.0756539362654
       139        38   0.0671754685557
       139        39   0.0602894497831
       139        40   0.0560918041285
       139        41   0.0557409995967
       139        42   0.0602107862370
       139        43   0.0699937781028
       139        44   0.0848378772684
       139        45   0.1036068122096
       139        46   0.1243327123428
       139        47   0.1444798472738
       139        48   0.1613784111441
       139        49   0.1727303234961
       139        50   0.1770531198008
       139        51   0.1739340070891
       139        52   0.1640241848174
       139        53   0.1487944179025
       139        54   0.1301517984295
       139        55   0.1100455423353
       139        56   0.0901620197480
       139        57   0.0717534735993
       139        58   0.0555939849562
       139        59   0.0420274040082
       139        60   0.0310649283400
       139        61   0.0224964862662
       139        62   0.0159918638808
       139        63   0.0111793096037
       139        64   0.0076985481118
       139        65   0.0052309325450
       139        66   0.0035121585271
       139        67   0.0023334065421
       139        68   0.0015359341125
       139        69   0.0010027984386
       139        70   0.0006500643043
       139        71   0.0004187886135
       139        72   0.0002683350411
       139        73   0.0001711230134
       139        74   0.0001086805170
       139        75   0.0000687753931
       139        76   0.0000433853912
       139        77   0.0000272924165
       139        78   0.0000171260989
       139        79   0.0000107225152
       139        80   0.0000066994176
       139        81   0.0000041777193
       139        82   0.0000026004277
       139        83   0.0000016157697
       139        84   0.0000010022028
       139        85   0.0000006205466
       139        86   0.0000003835551
       139        87   0.0000002366466
       139        88   0.0000001457373
       139        89   0.0000000895807
       139        90   0.0000000549546
       139        91   0.0000000336442
       139        92   0.0000000205545
       139        93   0.0000000125303
       139        94   0.0000000076218
       139        95   0.0000000046255
       139        96   0.0000000028007
       139        97   0.0000000016918
       139        98   0.0000000010195
       139        99   0.0000000006129
       139       100   0.0000000003676
       139       101   0.0000000002200
       139       102   0.0000000001313
       139       103   0.0000000000782
       139       104   0.0000000000465
       139       105   0.0000000000276
       139       106   0.0000000000163
       139       107   0.0000000000096
       139       108   0.0000000000057
       139       109   0.0000000000033
       139       110   0.0000000000020
       139       111   0.0000000000012
       139       112   0.0000000000007
       139       113   0.0000000000004
       139       114   0.0000000000002
       139       115   0.0000000000001
       139       116   0.0000000000001
       139       117   0.0000000000000
       139       118   0.0000000000000
       139       119   0.0000000000000
       139       120   0.0000000000000
       139       121   0.0000000000000
       139       122   0.0000000000000
       139       123   0.0000000000000
       139       124   0.0000000000000
       139       125   0.0000000000000
       139       126   0.0000000000000
       139       127   0.0000000000000
       139       128   0.0000000000000
       139       129   0.0000000000000
       139       130   0.0000000000000
       139       131   0.0000000000000
       139       132   0.0000000000000
       139       133   0.0000000000000
       139       134   0.0000000000000
       139       135   0.0000000000000
       139       136   0.0000000000000
       139       137   0.0000000000000
       139       138   0.0000000000000
       139       139   0.0000000000000
       139       140   0.0000000000000

       140         1   0.0000000000000
       140         2   0.0126852275632
       140         3   0.0252869182251
       140         4   0.0377244689068
       140         5   0.0499187176557
       140         6   0.0617926232089
       140         7   0.0732719195382
       140         8   0.0842857379059
       140         9   0.0947671894800
       140        10   0.1046539021951
       140        11   0.1138885062810
       140        12   0.1224190637193
       140        13   0.1301994378242
       140        14   0.1371896001832
       140        15   0.1433558733985
       140        16   0.1486711094916
       140        17   0.1531148054193
       140        18   0.1566731580643
       140        19   0.1593390587479
       140        20   0.1611120180650
       140        21   0.1619979955547
       140        22   0.1620090950200
       140        23   0.1611630894983
       140        24   0.1594827585528
       140        25   0.1569950275641
       140        26   0.1537298695659
       140        27   0.1497188850663
       140        28   0.1449934831747
       140        29   0.1395827360119
       140        30   0.1335113583958
       140        31   0.1267989669525
       140        32   0.1194628349931
       140        33   0.1115276145360
       140        34   0.1030463579182
       140        35   0.0941365047306
       140        36   0.0850308427382
       140        37   0.0761358314689
       140        38   0.0680789868691
       140        39   0.0617172409865
       140        40   0.0580760522151
       140        41   0.0582010349697
       140        42   0.0629312059453
       140        43   0.0726378700379
       140        44   0.0870008129856
       140        45   0.1048994823875
       140        46   0.1244756122615
       140        47   0.1433805603972
       140        48   0.1591674820908
       140        49   0.1697398896066
       140        50   0.1737405553119
       140        51   0.1707737594312
       140        52   0.1614040809810
       140        53   0.1469490864355
       140        54   0.1291473068194
       140        55   0.1098077350444
       140        56   0.0905282098061
       140        57   0.0725265244745
       140        58   0.0565849731728
       140        59   0.0430816512900
       140        60   0.0320724412575
       140        61   0.0233909436628
       140        62   0.0167429784431
       140        63   0.0117826794036
       140        64   0.0081658295370
       140        65   0.0055818570605
       140        66   0.0037688842457
       140        67   0.0025170427343
       140        68   0.0016647672693
       140        69   0.0010916821863
       140        70   0.0007105045565
       140        71   0.0004593759691
       140        72   0.0002952972428
       140        73   0.0001888674947
       140        74   0.0001202649237
       140        75   0.0000762859439
       140        76   0.0000482257358
       140        77   0.0000303958846
       140        78   0.0000191071331
       140        79   0.0000119822237
       140        80   0.0000074977774
       140        81   0.0000046822140
       140        82   0.0000029183998
       140        83   0.0000018157145
       140        84   0.0000011276635
       140        85   0.0000006991146
       140        86   0.0000004326649
       140        87   0.0000002672874
       140        88   0.0000001648206
       140        89   0.0000001014446
       140        90   0.0000000623168
       140        91   0.0000000382044
       140        92   0.0000000233735
       140        93   0.0000000142696
       140        94   0.0000000086926
       140        95   0.0000000052834
       140        96   0.0000000032040
       140        97   0.0000000019384
       140        98   0.0000000011700
       140        99   0.0000000007045
       140       100   0.0000000004233
       140       101   0.0000000002537
       140       102   0.0000000001517
       140       103   0.0000000000905
       140       104   0.0000000000539
       140       105   0.0000000000320
       140       106   0.0000000000190
       140       107   0.0000000000112
       140       108   0.0000000000066
       140       109   0.0000000000039
       140       110   0.0000000000023
       140       111   0.0000000000014
       140       112   0.0000000000008
       140       113   0.0000000000005
       140       114   0.0000000000003
       140       115   0.0000000000002
       140       116   0.0000000000001
       140       117   0.0000000000001
       140       118   0.0000000000000
       140       119   0.0000000000000
       140       120   0.0000000000000
       140       121   0.0000000000000
       140       122   0.0000000000000
       140       123   0.0000000000000
       140       124   0.0000000000000
       140       125   0.0000000000000
       140       126   0.0000000000000
       140       127   0.0000000000000
       140       128   0.0000000000000
       140       129   0.0000000000000
       140       130   0.0000000000000
       140       131   0.0000000000000
       140       132   0.0000000000000
       140       133   0.0000000000000
       140       134   0.0000000000000
       140       135   0.0000000000000
       140       136   0.0000000000000
       140       137   0.0000000000000
       140       138   0.0000000000000
       140       139   0.0000000000000
       140       140   0.0000000000000

