           1   0.0000000000000000        0.0000000000000000       -15.075391100780022     
           2   3.3333000000000002E-002   0.0000000000000000       -30.150782201560041     
           3   6.6667000000000004E-002   0.0000000000000000       -20.266067241607882     
           4  0.10000000000000001        0.0000000000000000       -15.373877746051406     
           5  0.13333300000000001        0.0000000000000000       -10.452809238522697     
           6  0.16666700000000001        0.0000000000000000       -9.3692697344569087     
           7  0.20000000000000001        0.0000000000000000       -6.6427398765766394     
           8  0.23333300000000001        0.0000000000000000       -6.2146011960013734     
           9  0.26666699999999999        0.0000000000000000       -5.2685352826978411     
          10  0.29999999999999999        0.0000000000000000       -4.5815256017166375     
          11  0.33333299999999999        0.0000000000000000       -3.6095913221178124     
          12  0.36666700000000002        0.0000000000000000       -3.8195240208143244     
          13  0.40000000000000002        0.0000000000000000       -2.9641629555003659     
          14  0.43333300000000002        0.0000000000000000       -3.1530158326841398     
          15  0.46666700000000000        0.0000000000000000       -2.4677707775383473     
          16  0.50000000000000000        0.0000000000000000       -2.6205858166268516     
          17  0.53333299999999995        0.0000000000000000       -2.0339022318423949     
          18  0.56666700000000003        0.0000000000000000       -2.1504826523779221     
          19  0.59999999999999998        0.0000000000000000       -1.5605306094254126     
          20  0.63333300000000003        0.0000000000000000       -1.5213228366127671     
          21  0.66666700000000001        0.0000000000000000       -1.3201469058304267     
          22  0.69999999999999996        0.0000000000000000       -1.1633072370519779     
          23  0.73333300000000001        0.0000000000000000      -0.85808870254864245     
          24  0.76666699999999999        0.0000000000000000      -0.49827093526017996     
          25  0.80000000000000004        0.0000000000000000      -0.38889108690510693     
          26  0.83333299999999999        0.0000000000000000      -0.16711493318715723     
          27  0.86666699999999997        0.0000000000000000       -1.3749710730940216E-002
          28  0.90000000000000002        0.0000000000000000       0.12390120448086332     
          29  0.93333299999999997        0.0000000000000000       0.12137744123393716     
          30  0.96666700000000005        0.0000000000000000        7.8349555765982029E-002
          31   1.0000000000000000        0.0000000000000000        3.9174777882991035E-002
          32   1.0333330000000001        0.0000000000000000        1.5669911153196412E-002
          33   1.0666670000000000        0.0000000000000000        7.8348145478209265E-003
          34   1.1000000000000001        0.0000000000000000        4.6087323326478372E-003
          35   1.1333329999999999        0.0000000000000000        3.0134096819740440E-003
          36   1.1666669999999999        0.0000000000000000        2.1175143549399173E-003
          37   1.2000000000000000        0.0000000000000000        1.5669647899350958E-003
          38   1.2333330000000000        0.0000000000000000        1.2053599785306428E-003
          39   1.2666670000000000        0.0000000000000000       -1.1060113594235800E-004
          40   1.3000000000000000        0.0000000000000000       -1.4378118473766006E-004
          41   1.3333330000000001        0.0000000000000000       -1.9429838156406192E-004
          42   1.3666670000000001        0.0000000000000000       -2.7650373317712019E-004
          43   1.3999999999999999        0.0000000000000000       -4.2288697179616516E-004
          44   1.4333330000000000        0.0000000000000000       -7.1890506099514019E-004
          45   1.4666669999999999        0.0000000000000000       -1.4378360029607081E-003
          46   1.5000000000000000        0.0000000000000000       -3.5945900074018031E-003
          47   1.5333330000000001        0.0000000000000000       -7.1891800148036764E-003
          48   1.5666670000000000        0.0000000000000000        6.2229420414449177E-002
          49   1.6000000000000001        0.0000000000000000       0.27442743112638252     
          50   1.6333329999999999        0.0000000000000000       0.41999817073369766     
          51   1.6666669999999999        0.0000000000000000       0.69226261175895032     
          52   1.7000000000000000        0.0000000000000000       0.98791091379470053     
          53   1.7333330000000000        0.0000000000000000        1.0811850495303665     
          54   1.7666670000000000        0.0000000000000000        1.3764302788250717     
          55   1.8000000000000000        0.0000000000000000        1.5545382414841955     
          56   1.8333330000000001        0.0000000000000000        1.6590741480968714     
          57   1.8666670000000001        0.0000000000000000        1.7125158351211598     
          58   1.8999999999999999        0.0000000000000000        1.9401418572430105     
          59   1.9333330000000000        0.0000000000000000        1.9819092442258597     
          60   1.9666669999999999        0.0000000000000000        1.9058232614990138     
          61   2.0000000000000000        0.0000000000000000        1.9134362329341668     
          62   2.0333329999999998        0.0000000000000000        1.9449643539879899     
          63   2.0666669999999998        0.0000000000000000        2.0745936651877779     
          64   2.1000000000000001        0.0000000000000000        1.8476084875301604     
          65   2.1333329999999999        0.0000000000000000        1.9680320586944773     
          66   2.1666669999999999        0.0000000000000000        1.8342878416024855     
          67   2.2000000000000002        0.0000000000000000        1.8217418212980367     
          68   2.2333330000000000        0.0000000000000000        1.7153109851662003     
          69   2.2666670000000000        0.0000000000000000        1.6968467059832943     
          70   2.2999999999999998        0.0000000000000000        1.5834719008760059     
          71   2.3333330000000001        0.0000000000000000        1.4673586495040700     
          72   2.3666670000000001        0.0000000000000000        1.4253155758394915     
          73   2.3999999999999999        0.0000000000000000        1.3858837247070201     
          74   2.4333330000000002        0.0000000000000000        1.2019354144230332     
          75   2.4666670000000002        0.0000000000000000        1.2074627946669312     
          76   2.5000000000000000        0.0000000000000000        1.0366407736196317     
          77   2.5333329999999998        0.0000000000000000       0.97939601173153712     
          78   2.5666669999999998        0.0000000000000000       0.91399590611139414     
          79   2.6000000000000001        0.0000000000000000       0.77447539437104906     
          80   2.6333329999999999        0.0000000000000000       0.72294976059431271     
          81   2.6666669999999999        0.0000000000000000       0.60773908521115361     
          82   2.7000000000000002        0.0000000000000000       0.51072976964879047     
          83   2.7333330000000000        0.0000000000000000       0.43741509988622412     
          84   2.7666670000000000        0.0000000000000000       0.34353433193342081     
          85   2.7999999999999998        0.0000000000000000       0.24829389165122226     
          86   2.8333330000000001        0.0000000000000000       0.17916818751343314     
          87   2.8666670000000001        0.0000000000000000        6.6599673984397562E-002
          88   2.8999999999999999        0.0000000000000000        8.5935393775728730E-003
          89   2.9333330000000002        0.0000000000000000      -0.10090778688882222     
          90   2.9666670000000002        0.0000000000000000      -0.15317524084854153     
          91   3.0000000000000000        0.0000000000000000      -0.23504068815008575     
          92   3.0333329999999998        0.0000000000000000      -0.30285233521273258     
          93   3.0666669999999998        0.0000000000000000      -0.46045365661485743     
          94   3.1000000000000001        0.0000000000000000      -0.48064629420958771     
          95   3.1333329999999999        0.0000000000000000      -0.47152545775245885     
          96   3.1666669999999999        0.0000000000000000      -0.64809188660428907     
          97   3.2000000000000002        0.0000000000000000      -0.64816147519542855     
          98   3.2333330000000000        0.0000000000000000      -0.81446814844392568     
          99   3.2666670000000000        0.0000000000000000      -0.77564798586299633     
         100   3.2999999999999998        0.0000000000000000      -0.87740992069279133     
         101   3.3333330000000001        0.0000000000000000      -0.90817111719533516     
         102   3.3666670000000001        0.0000000000000000       -1.0967798648810847     
         103   3.3999999999999999        0.0000000000000000       -1.0226702337225504     
         104   3.4333330000000002        0.0000000000000000       -1.1745565042295130     
         105   3.4666670000000002        0.0000000000000000       -1.0965388091155750     
         106   3.5000000000000000        0.0000000000000000       -1.3494375751634002     
         107   3.5333329999999998        0.0000000000000000       -1.2644581225353044     
         108   3.5666669999999998        0.0000000000000000       -1.3614734363229719     
         109   3.6000000000000001        0.0000000000000000       -1.2371648683321741     
         110   3.6333329999999999        0.0000000000000000       -1.4257352796802156     
         111   3.6666669999999999        0.0000000000000000       -1.5828471563853266     
         112   3.7000000000000002        0.0000000000000000       -1.6052551846761012     
         113   3.7333330000000000        0.0000000000000000       -1.4496045663961072     
         114   3.7666670000000000        0.0000000000000000       -1.6979596127141703     
         115   3.7999999999999998        0.0000000000000000       -1.6367019378403027     
         116   3.8333330000000001        0.0000000000000000       -1.7124372847016016     
         117   3.8666670000000001        0.0000000000000000       -1.8063979557560628     
         118   3.8999999999999999        0.0000000000000000       -1.6494634478289552     
         119   3.9333330000000002        0.0000000000000000       -1.9539105450313268     
         120   3.9666670000000002        0.0000000000000000       -1.7867262327824640     
         121   4.0000000000000000        0.0000000000000000       -1.9075094385615994     
         122   4.0333329999999998        0.0000000000000000       -1.8475419988482629     
         123   4.0666669999999998        0.0000000000000000       -2.0455432610458284     
         124   4.0999999999999996        0.0000000000000000       -1.9732602471807048     
         125   4.1333330000000004        0.0000000000000000       -2.0980820738364159     
         126   4.1666670000000003        0.0000000000000000       -1.8607534095636398     
         127   4.2000000000000002        0.0000000000000000       -2.1312236865010199     
         128   4.2333330000000000        0.0000000000000000       -2.2141522590992886     
         129   4.2666670000000000        0.0000000000000000       -1.9820461535377460     
         130   4.2999999999999998        0.0000000000000000       -2.2414104601896918     
         131   4.3333329999999997        0.0000000000000000       -2.1918298448326330     
         132   4.3666669999999996        0.0000000000000000       -2.1948428006963732     
         133   4.4000000000000004        0.0000000000000000       -2.2482798566660858     
         134   4.4333330000000002        0.0000000000000000       -2.3385082237913846     
         135   4.4666670000000002        0.0000000000000000       -2.0850053858628326     
         136   4.5000000000000000        0.0000000000000000       -2.4187785289563024     
         137   4.5333329999999998        0.0000000000000000       -2.1333115197613650     
         138   4.5666669999999998        0.0000000000000000       -2.4413412685919242     
         139   4.5999999999999996        0.0000000000000000       -2.3884037597157106     
         140   4.6333330000000004        0.0000000000000000       -2.4007923931244277     
         141   4.6666670000000003        0.0000000000000000       -2.1653465975608008     
         142   4.7000000000000002        0.0000000000000000       -2.4321871620107340     
         143   4.7333330000000000        0.0000000000000000       -2.4291729097885129     
         144   4.7666670000000000        0.0000000000000000       -2.3345992233666224     
         145   4.7999999999999998        0.0000000000000000       -2.5810493484431429     
         146   4.8333329999999997        0.0000000000000000       -2.2240428542241020     
         147   4.8666669999999996        0.0000000000000000       -2.4377589790732439     
         148   4.9000000000000004        0.0000000000000000       -2.6170794551342635     
         149   4.9333330000000002        0.0000000000000000       -2.4967522470947499     
         150   4.9666670000000002        0.0000000000000000       -2.6674226024675787     
         151   5.0000000000000000        0.0000000000000000       -1.3337113012337964     
         152   0.0000000000000000        3.3333000000000002E-002   0.0000000000000000     
         153   3.3333000000000002E-002   3.3333000000000002E-002  -12.037547784361717     
         154   6.6667000000000004E-002   3.3333000000000002E-002  -13.421588078233416     
         155  0.10000000000000001        3.3333000000000002E-002  -11.996004831466577     
         156  0.13333300000000001        3.3333000000000002E-002  -9.9389026450122575     
         157  0.16666700000000001        3.3333000000000002E-002  -8.5134512428202189     
         158  0.20000000000000001        3.3333000000000002E-002  -7.0571377260994392     
         159  0.23333300000000001        3.3333000000000002E-002  -6.1816892146064903     
         160  0.26666699999999999        3.3333000000000002E-002  -5.4035786117698823     
         161  0.29999999999999999        3.3333000000000002E-002  -4.7376394712050427     
         162  0.33333299999999999        3.3333000000000002E-002  -4.1275041946911228     
         163  0.36666700000000002        3.3333000000000002E-002  -3.8184205125968886     
         164  0.40000000000000002        3.3333000000000002E-002  -3.3853910134136882     
         165  0.43333300000000002        3.3333000000000002E-002  -3.1640173874625948     
         166  0.46666700000000000        3.3333000000000002E-002  -2.8225661469383105     
         167  0.50000000000000000        3.3333000000000002E-002  -2.6396152786987503     
         168  0.53333299999999995        3.3333000000000002E-002  -2.3431733248218922     
         169  0.56666700000000003        3.3333000000000002E-002  -2.1680589275381732     
         170  0.59999999999999998        3.3333000000000002E-002  -1.8729617409967754     
         171  0.63333300000000003        3.3333000000000002E-002  -1.6865460846930069     
         172  0.66666700000000001        3.3333000000000002E-002  -1.4891061747136678     
         173  0.69999999999999996        3.3333000000000002E-002  -1.2890926882556055     
         174  0.73333300000000001        3.3333000000000002E-002  -1.0473981468591418     
         175  0.76666699999999999        3.3333000000000002E-002 -0.79869346658829543     
         176  0.80000000000000004        3.3333000000000002E-002 -0.61583387075102958     
         177  0.83333299999999999        3.3333000000000002E-002 -0.43122233941742594     
         178  0.86666699999999997        3.3333000000000002E-002 -0.27328749292267962     
         179  0.90000000000000002        3.3333000000000002E-002 -0.14087660421712137     
         180  0.93333299999999997        3.3333000000000002E-002  -5.6598566962049485E-002
         181  0.96666700000000005        3.3333000000000002E-002   9.3862585835128159E-003
         182   1.0000000000000000        3.3333000000000002E-002   7.8349555765982196E-002
         183   1.5000000000000000        3.3333000000000002E-002  -7.1891800148035888E-003
         184   1.5333330000000001        3.3333000000000002E-002   8.4429625947169157E-002
         185   1.5666670000000000        3.3333000000000002E-002  0.17169288940910343     
         186   1.6000000000000001        3.3333000000000002E-002  0.29462740674360793     
         187   1.6333329999999999        3.3333000000000002E-002  0.42072310477532737     
         188   1.6666669999999999        3.3333000000000002E-002  0.58412487756562903     
         189   1.7000000000000000        3.3333000000000002E-002  0.75281813327078917     
         190   1.7333330000000000        3.3333000000000002E-002  0.87895474085578951     
         191   1.7666670000000000        3.3333000000000002E-002   1.0367764836802937     
         192   1.8000000000000000        3.3333000000000002E-002   1.1615131069398850     
         193   1.8333330000000001        3.3333000000000002E-002   1.2505750900709061     
         194   1.8666670000000001        3.3333000000000002E-002   1.3214113301215975     
         195   1.8999999999999999        3.3333000000000002E-002   1.4149667412868172     
         196   1.9333330000000000        3.3333000000000002E-002   1.4500531900949578     
         197   1.9666669999999999        3.3333000000000002E-002   1.4392382238982835     
         198   2.0000000000000000        3.3333000000000002E-002   1.4400679868009922     
         199   2.0333329999999998        3.3333000000000002E-002   1.4509148368278908     
         200   2.0666669999999998        3.3333000000000002E-002   1.4668613798707433     
         201   2.1000000000000001        3.3333000000000002E-002   1.4038114447099246     
         202   2.1333329999999999        3.3333000000000002E-002   1.3969756471964896     
         203   2.1666669999999999        3.3333000000000002E-002   1.3399385465203519     
         204   2.2000000000000002        3.3333000000000002E-002   1.2953335875064567     
         205   2.2333330000000000        3.3333000000000002E-002   1.2316780937958234     
         206   2.2666670000000000        3.3333000000000002E-002   1.1786668377536200     
         207   2.2999999999999998        3.3333000000000002E-002   1.1023720221391426     
         208   2.3333330000000001        3.3333000000000002E-002   1.0240033472842611     
         209   2.3666670000000001        3.3333000000000002E-002  0.96368352022912873     
         210   2.3999999999999999        3.3333000000000002E-002  0.90012405512939675     
         211   2.4333330000000002        3.3333000000000002E-002  0.80604412511684764     
         212   2.4666670000000002        3.3333000000000002E-002  0.74548500002835283     
         213   2.5000000000000000        3.3333000000000002E-002  0.65247807408454750     
         214   2.5333329999999998        3.3333000000000002E-002  0.58098414900100837     
         215   2.5666669999999998        3.3333000000000002E-002  0.50865035717921614     
         216   2.6000000000000001        3.3333000000000002E-002  0.42065450774640939     
         217   2.6333329999999999        3.3333000000000002E-002  0.34892900244356911     
         218   2.6666669999999999        3.3333000000000002E-002  0.26547656901761318     
         219   2.7000000000000002        3.3333000000000002E-002  0.18542281462235544     
         220   2.7333330000000000        3.3333000000000002E-002  0.11201063660876512     
         221   2.7666670000000000        3.3333000000000002E-002   3.4956775958851820E-002
         222   2.7999999999999998        3.3333000000000002E-002  -4.1839607467927628E-002
         223   2.8333330000000001        3.3333000000000002E-002 -0.11349362819623600     
         224   2.8666670000000001        3.3333000000000002E-002 -0.19209505207927841     
         225   2.8999999999999999        3.3333000000000002E-002 -0.25997924033146491     
         226   2.9333330000000002        3.3333000000000002E-002 -0.33501664844804224     
         227   2.9666670000000002        3.3333000000000002E-002 -0.39795545585245018     
         228   3.0000000000000000        3.3333000000000002E-002 -0.46582879295715168     
         229   3.0333329999999998        3.3333000000000002E-002 -0.53521515051371704     
         230   3.0666669999999998        3.3333000000000002E-002 -0.61904184760503811     
         231   3.1000000000000001        3.3333000000000002E-002 -0.66792546093490845     
         232   3.1333329999999999        3.3333000000000002E-002 -0.70992984975064599     
         233   3.1666669999999999        3.3333000000000002E-002 -0.79152781419042073     
         234   3.2000000000000002        3.3333000000000002E-002 -0.84379322483253671     
         235   3.2333330000000000        3.3333000000000002E-002 -0.92074243074939310     
         236   3.2666670000000000        3.3333000000000002E-002 -0.95622925606314690     
         237   3.2999999999999998        3.3333000000000002E-002  -1.0162176954514315     
         238   3.3333330000000001        3.3333000000000002E-002  -1.0710982564629181     
         239   3.3666670000000001        3.3333000000000002E-002  -1.1520781654587520     
         240   3.3999999999999999        3.3333000000000002E-002  -1.1794109615423491     
         241   3.4333330000000002        3.3333000000000002E-002  -1.2420600034947673     
         242   3.4666670000000002        3.3333000000000002E-002  -1.2692149207992647     
         243   3.5000000000000000        3.3333000000000002E-002  -1.3559226095238310     
         244   3.5333329999999998        3.3333000000000002E-002  -1.3739721167767929     
         245   3.5666669999999998        3.3333000000000002E-002  -1.4120062471839592     
         246   3.6000000000000001        3.3333000000000002E-002  -1.4173456054271729     
         247   3.6333329999999999        3.3333000000000002E-002  -1.4975390694341948     
         248   3.6666669999999999        3.3333000000000002E-002  -1.5776726239835173     
         249   3.7000000000000002        3.3333000000000002E-002  -1.6104703875885125     
         250   3.7333330000000000        3.3333000000000002E-002  -1.6043070501786498     
         251   3.7666670000000000        3.3333000000000002E-002  -1.6802173587072775     
         252   3.7999999999999998        3.3333000000000002E-002  -1.7022193035732127     
         253   3.8333330000000001        3.3333000000000002E-002  -1.7448802490987165     
         254   3.8666670000000001        3.3333000000000002E-002  -1.7860723396447538     
         255   3.8999999999999999        3.3333000000000002E-002  -1.7831767850064584     
         256   3.9333330000000002        3.3333000000000002E-002  -1.8667665542564602     
         257   3.9666670000000002        3.3333000000000002E-002  -1.8609526649596873     
         258   4.0000000000000000        3.3333000000000002E-002  -1.9004846803448130     
         259   4.0333329999999998        3.3333000000000002E-002  -1.9177574485952371     
         260   4.0666669999999998        3.3333000000000002E-002  -1.9831885649279204     
         261   4.0999999999999996        3.3333000000000002E-002  -1.9951300598665349     
         262   4.1333330000000004        3.3333000000000002E-002  -2.0273999079063905     
         263   4.1666670000000003        3.3333000000000002E-002  -1.9980633173578493     
         264   4.2000000000000002        3.3333000000000002E-002  -2.0767369775180295     
         265   4.2333330000000000        3.3333000000000002E-002  -2.1173036663668490     
         266   4.2666670000000000        3.3333000000000002E-002  -2.0891017236661353     
         267   4.2999999999999998        3.3333000000000002E-002  -2.1575601594103100     
         268   4.3333329999999997        3.3333000000000002E-002  -2.1713140666926587     
         269   4.3666669999999996        3.3333000000000002E-002  -2.1865959194408999     
         270   4.4000000000000004        3.3333000000000002E-002  -2.2141945159501999     
         271   4.4333330000000002        3.3333000000000002E-002  -2.2376901719460234     
         272   4.4666670000000002        3.3333000000000002E-002  -2.1982458107087455     
         273   4.5000000000000000        3.3333000000000002E-002  -2.2698576482283110     
         274   4.5333329999999998        3.3333000000000002E-002  -2.2378257754026225     
         275   4.5666669999999998        3.3333000000000002E-002  -2.3161111740403135     
         276   4.5999999999999996        3.3333000000000002E-002  -2.3250330171356759     
         277   4.6333330000000004        3.3333000000000002E-002  -2.3199141311491203     
         278   4.6666670000000003        3.3333000000000002E-002  -2.2744981677014260     
         279   4.7000000000000002        3.3333000000000002E-002  -2.3394257421119597     
         280   4.7333330000000000        3.3333000000000002E-002  -2.3575111378093538     
         281   4.7666670000000000        3.3333000000000002E-002  -2.3521104290683943     
         282   4.7999999999999998        3.3333000000000002E-002  -2.4000666228600100     
         283   4.8333329999999997        3.3333000000000002E-002  -2.3345804739682103     
         284   4.8666669999999996        3.3333000000000002E-002  -2.3890413536893544     
         285   4.9000000000000004        3.3333000000000002E-002  -2.4451642107461367     
         286   4.9333330000000002        3.3333000000000002E-002  -2.4157879478299917     
         287   4.9666670000000002        3.3333000000000002E-002  -2.3729068974113425     
         288   5.0000000000000000        3.3333000000000002E-002  -2.0878031380052495     
         289   0.0000000000000000        6.6667000000000004E-002   0.0000000000000000     
         290   3.3333000000000002E-002   6.6667000000000004E-002  -5.0853258647019963     
         291   6.6667000000000004E-002   6.6667000000000004E-002  -8.0184917346755764     
         292  0.10000000000000001        6.6667000000000004E-002  -8.6559296598022488     
         293  0.13333300000000001        6.6667000000000004E-002  -8.2041085480848412     
         294  0.16666700000000001        6.6667000000000004E-002  -7.5100394289657455     
         295  0.20000000000000001        6.6667000000000004E-002  -6.6630230846399208     
         296  0.23333300000000001        6.6667000000000004E-002  -5.9764179808389946     
         297  0.26666699999999999        6.6667000000000004E-002  -5.3418769128936079     
         298  0.29999999999999999        6.6667000000000004E-002  -4.7936852890720578     
         299  0.33333299999999999        6.6667000000000004E-002  -4.2941227671127997     
         300  0.36666700000000002        6.6667000000000004E-002  -3.9224504969217522     
         301  0.40000000000000002        6.6667000000000004E-002  -3.5642537765292368     
         302  0.43333300000000002        6.6667000000000004E-002  -3.2831149798797883     
         303  0.46666700000000000        6.6667000000000004E-002  -2.9980806531131110     
         304  0.50000000000000000        6.6667000000000004E-002  -2.7635527628714613     
         305  0.53333299999999995        6.6667000000000004E-002  -2.5155745745178231     
         306  0.56666700000000003        6.6667000000000004E-002  -2.2985659856919480     
         307  0.59999999999999998        6.6667000000000004E-002  -2.0640417163086013     
         308  0.63333300000000003        6.6667000000000004E-002  -1.8564255412059150     
         309  0.66666700000000001        6.6667000000000004E-002  -1.6553058611100906     
         310  0.69999999999999996        6.6667000000000004E-002  -1.4522436503945777     
         311  0.73333300000000001        6.6667000000000004E-002  -1.2402209941686386     
         312  0.76666699999999999        6.6667000000000004E-002  -1.0297985564477794     
         313  0.80000000000000004        6.6667000000000004E-002 -0.84338061255308072     
         314  0.83333299999999999        6.6667000000000004E-002 -0.66816886328562142     
         315  0.86666699999999997        6.6667000000000004E-002 -0.50721783402331411     
         316  0.90000000000000002        6.6667000000000004E-002 -0.35771368251300911     
         317  0.93333299999999997        6.6667000000000004E-002 -0.21628871744026065     
         318  0.96666700000000005        6.6667000000000004E-002  -6.2559872385632223E-002
         319   1.0000000000000000        6.6667000000000004E-002  0.12732660514527072     
         320   1.5000000000000000        6.6667000000000004E-002   9.1023084583507247E-002
         321   1.5333330000000001        6.6667000000000004E-002  0.18041419435873146     
         322   1.5666670000000000        6.6667000000000004E-002  0.24529861698124700     
         323   1.6000000000000001        6.6667000000000004E-002  0.31123633145198670     
         324   1.6333329999999999        6.6667000000000004E-002  0.38225553086258934     
         325   1.6666669999999999        6.6667000000000004E-002  0.46771040442295897     
         326   1.7000000000000000        6.6667000000000004E-002  0.55821411937548182     
         327   1.7333330000000000        6.6667000000000004E-002  0.64011659609243832     
         328   1.7666670000000000        6.6667000000000004E-002  0.72659641165886657     
         329   1.8000000000000000        6.6667000000000004E-002  0.80003447349501777     
         330   1.8333330000000001        6.6667000000000004E-002  0.85741196789767615     
         331   1.8666670000000001        6.6667000000000004E-002  0.90365103844580508     
         332   1.8999999999999999        6.6667000000000004E-002  0.94576297345087756     
         333   1.9333330000000000        6.6667000000000004E-002  0.96382518223011948     
         334   1.9666669999999999        6.6667000000000004E-002  0.96161980000553282     
         335   2.0000000000000000        6.6667000000000004E-002  0.95630142751092195     
         336   2.0333329999999998        6.6667000000000004E-002  0.95060989734038959     
         337   2.0666669999999998        6.6667000000000004E-002  0.93898580477137272     
         338   2.1000000000000001        6.6667000000000004E-002  0.90599510094823399     
         339   2.1333329999999999        6.6667000000000004E-002  0.87747147628189792     
         340   2.1666669999999999        6.6667000000000004E-002  0.83517554731567023     
         341   2.2000000000000002        6.6667000000000004E-002  0.79054859296573199     
         342   2.2333330000000000        6.6667000000000004E-002  0.73927431209402883     
         343   2.2666670000000000        6.6667000000000004E-002  0.68665621107129915     
         344   2.2999999999999998        6.6667000000000004E-002  0.62642677810703207     
         345   2.3333330000000001        6.6667000000000004E-002  0.56455407209533648     
         346   2.3666670000000001        6.6667000000000004E-002  0.50706484351576264     
         347   2.3999999999999999        6.6667000000000004E-002  0.44721560517070841     
         348   2.4333330000000002        6.6667000000000004E-002  0.37979898224520131     
         349   2.4666670000000002        6.6667000000000004E-002  0.31725408313047676     
         350   2.5000000000000000        6.6667000000000004E-002  0.24927412867081228     
         351   2.5333329999999998        6.6667000000000004E-002  0.18496721407203104     
         352   2.5666669999999998        6.6667000000000004E-002  0.12061057695548015     
         353   2.6000000000000001        6.6667000000000004E-002   5.2711414726745932E-002
         354   2.6333329999999999        6.6667000000000004E-002  -1.2226391456561649E-002
         355   2.6666669999999999        6.6667000000000004E-002  -7.9205103947076319E-002
         356   2.7000000000000002        6.6667000000000004E-002 -0.14515801800804728     
         357   2.7333330000000000        6.6667000000000004E-002 -0.20906621043975712     
         358   2.7666670000000000        6.6667000000000004E-002 -0.27317408688958539     
         359   2.7999999999999998        6.6667000000000004E-002 -0.33674533258889383     
         360   2.8333330000000001        6.6667000000000004E-002 -0.39868845183806884     
         361   2.8666670000000001        6.6667000000000004E-002 -0.46139284950494258     
         362   2.8999999999999999        6.6667000000000004E-002 -0.52124492888424245     
         363   2.9333330000000002        6.6667000000000004E-002 -0.58119913995370365     
         364   2.9666670000000002        6.6667000000000004E-002 -0.63797467165958965     
         365   3.0000000000000000        6.6667000000000004E-002 -0.69539430974223115     
         366   3.0333329999999998        6.6667000000000004E-002 -0.75363656954589586     
         367   3.0666669999999998        6.6667000000000004E-002 -0.81293463697491608     
         368   3.1000000000000001        6.6667000000000004E-002 -0.86251265138788646     
         369   3.1333329999999999        6.6667000000000004E-002 -0.90960644140439662     
         370   3.1666669999999999        6.6667000000000004E-002 -0.96509895974579840     
         371   3.2000000000000002        6.6667000000000004E-002  -1.0158000703775318     
         372   3.2333330000000000        6.6667000000000004E-002  -1.0690852388674585     
         373   3.2666670000000000        6.6667000000000004E-002  -1.1131040392491680     
         374   3.2999999999999998        6.6667000000000004E-002  -1.1610993242408671     
         375   3.3333330000000001        6.6667000000000004E-002  -1.2097197918240559     
         376   3.3666670000000001        6.6667000000000004E-002  -1.2618220129258295     
         377   3.3999999999999999        6.6667000000000004E-002  -1.3018885697127192     
         378   3.4333330000000002        6.6667000000000004E-002  -1.3460452340216136     
         379   3.4666670000000002        6.6667000000000004E-002  -1.3843113815848451     
         380   3.5000000000000000        6.6667000000000004E-002  -1.4320194505175854     
         381   3.5333329999999998        6.6667000000000004E-002  -1.4642695831557244     
         382   3.5666669999999998        6.6667000000000004E-002  -1.4959103339959927     
         383   3.6000000000000001        6.6667000000000004E-002  -1.5242698946431836     
         384   3.6333329999999999        6.6667000000000004E-002  -1.5719122921742115     
         385   3.6666669999999999        6.6667000000000004E-002  -1.6211503458617129     
         386   3.7000000000000002        6.6667000000000004E-002  -1.6552421896784488     
         387   3.7333330000000000        6.6667000000000004E-002  -1.6785898964492743     
         388   3.7666670000000000        6.6667000000000004E-002  -1.7178772676234131     
         389   3.7999999999999998        6.6667000000000004E-002  -1.7478996876015009     
         390   3.8333330000000001        6.6667000000000004E-002  -1.7804125935784181     
         391   3.8666670000000001        6.6667000000000004E-002  -1.8106147454236523     
         392   3.8999999999999999        6.6667000000000004E-002  -1.8325961537668027     
         393   3.9333330000000002        6.6667000000000004E-002  -1.8700831060163081     
         394   3.9666670000000002        6.6667000000000004E-002  -1.8903171103545371     
         395   4.0000000000000000        6.6667000000000004E-002  -1.9170895077041619     
         396   4.0333329999999998        6.6667000000000004E-002  -1.9418914080446372     
         397   4.0666669999999998        6.6667000000000004E-002  -1.9756954658617223     
         398   4.0999999999999996        6.6667000000000004E-002  -1.9975105142691321     
         399   4.1333330000000004        6.6667000000000004E-002  -2.0185614363261548     
         400   4.1666670000000003        6.6667000000000004E-002  -2.0287327567017939     
         401   4.2000000000000002        6.6667000000000004E-002  -2.0625418122754700     
         402   4.2333330000000000        6.6667000000000004E-002  -2.0896699087222177     
         403   4.2666670000000000        6.6667000000000004E-002  -2.1007449196259640     
         404   4.2999999999999998        6.6667000000000004E-002  -2.1300159683694684     
         405   4.3333329999999997        6.6667000000000004E-002  -2.1497287819513096     
         406   4.3666669999999996        6.6667000000000004E-002  -2.1669598014092228     
         407   4.4000000000000004        6.6667000000000004E-002  -2.1854845046627065     
         408   4.4333330000000002        6.6667000000000004E-002  -2.1998594902179938     
         409   4.4666670000000002        6.6667000000000004E-002  -2.2016580860873014     
         410   4.5000000000000000        6.6667000000000004E-002  -2.2252480582948642     
         411   4.5333329999999998        6.6667000000000004E-002  -2.2334312546155646     
         412   4.5666669999999998        6.6667000000000004E-002  -2.2620391826374719     
         413   4.5999999999999996        6.6667000000000004E-002  -2.2755233379526993     
         414   4.6333330000000004        6.6667000000000004E-002  -2.2784650542810594     
         415   4.6666670000000003        6.6667000000000004E-002  -2.2740216970141214     
         416   4.7000000000000002        6.6667000000000004E-002  -2.2949986158792273     
         417   4.7333330000000000        6.6667000000000004E-002  -2.3098615254734014     
         418   4.7666670000000000        6.6667000000000004E-002  -2.3179482959281024     
         419   4.7999999999999998        6.6667000000000004E-002  -2.3321459828241973     
         420   4.8333329999999997        6.6667000000000004E-002  -2.3244109843224852     
         421   4.8666669999999996        6.6667000000000004E-002  -2.3418659268625119     
         422   4.9000000000000004        6.6667000000000004E-002  -2.3590578577117181     
         423   4.9333330000000002        6.6667000000000004E-002  -2.3473385455997224     
         424   4.9666670000000002        6.6667000000000004E-002  -2.3142454796057428     
         425   5.0000000000000000        6.6667000000000004E-002  -2.2466509121782088     
         426   0.0000000000000000       0.10000000000000001        0.0000000000000000     
         427   3.3333000000000002E-002  0.10000000000000001       -2.5930659474949609     
         428   6.6667000000000004E-002  0.10000000000000001       -4.8055244694583310     
         429  0.10000000000000001       0.10000000000000001       -6.0008355734653938     
         430  0.13333300000000001       0.10000000000000001       -6.3412630815816788     
         431  0.16666700000000001       0.10000000000000001       -6.2669191395495210     
         432  0.20000000000000001       0.10000000000000001       -5.9444059275086394     
         433  0.23333300000000001       0.10000000000000001       -5.5133274075720555     
         434  0.26666699999999999       0.10000000000000001       -5.0763380703971457     
         435  0.29999999999999999       0.10000000000000001       -4.6639289065192644     
         436  0.33333299999999999       0.10000000000000001       -4.2813838748198432     
         437  0.36666700000000002       0.10000000000000001       -3.9372654538855145     
         438  0.40000000000000002       0.10000000000000001       -3.6353699880405208     
         439  0.43333300000000002       0.10000000000000001       -3.3571208152512368     
         440  0.46666700000000000       0.10000000000000001       -3.1020401798730513     
         441  0.50000000000000000       0.10000000000000001       -2.8664163620175591     
         442  0.53333299999999995       0.10000000000000001       -2.6415745827801111     
         443  0.56666700000000003       0.10000000000000001       -2.4234903906155378     
         444  0.59999999999999998       0.10000000000000001       -2.2097447540367123     
         445  0.63333300000000003       0.10000000000000001       -2.0086121854230305     
         446  0.66666700000000001       0.10000000000000001       -1.8095202393139664     
         447  0.69999999999999996       0.10000000000000001       -1.6164535792777581     
         448  0.73333300000000001       0.10000000000000001       -1.4213056190531081     
         449  0.76666699999999999       0.10000000000000001       -1.2330997135508857     
         450  0.80000000000000004       0.10000000000000001       -1.0570187839252816     
         451  0.83333299999999999       0.10000000000000001      -0.89015112370375959     
         452  0.86666699999999997       0.10000000000000001      -0.72935726626133779     
         453  0.90000000000000002       0.10000000000000001      -0.56660070713041899     
         454  0.93333299999999997       0.10000000000000001      -0.38829792162304011     
         455  0.96666700000000005       0.10000000000000001      -0.17065898912195784     
         456   1.0000000000000000       0.10000000000000001       0.12198528886406634     
         457   1.5000000000000000       0.10000000000000001       0.23244968513716244     
         458   1.5333330000000001       0.10000000000000001       0.30095905250225402     
         459   1.5666670000000000       0.10000000000000001       0.31805520928406600     
         460   1.6000000000000001       0.10000000000000001       0.32196826434435655     
         461   1.6333329999999999       0.10000000000000001       0.32815244951085604     
         462   1.6666669999999999       0.10000000000000001       0.34341503222811970     
         463   1.7000000000000000       0.10000000000000001       0.36644511513192274     
         464   1.7333330000000000       0.10000000000000001       0.39312258594336891     
         465   1.7666670000000000       0.10000000000000001       0.42264288785068782     
         466   1.8000000000000000       0.10000000000000001       0.44908634652145729     
         467   1.8333330000000001       0.10000000000000001       0.47082929649011840     
         468   1.8666670000000001       0.10000000000000001       0.48671521974278648     
         469   1.8999999999999999       0.10000000000000001       0.49677610542152500     
         470   1.9333330000000000       0.10000000000000001       0.49674662945492654     
         471   1.9666669999999999       0.10000000000000001       0.48700432174803360     
         472   2.0000000000000000       0.10000000000000001       0.47319995859592695     
         473   2.0333329999999998       0.10000000000000001       0.45663077963715343     
         474   2.0666669999999998       0.10000000000000001       0.43537247085930997     
         475   2.1000000000000001       0.10000000000000001       0.40606203335188951     
         476   2.1333329999999999       0.10000000000000001       0.37396972092827013     
         477   2.1666669999999999       0.10000000000000001       0.33707331930573081     
         478   2.2000000000000002       0.10000000000000001       0.29684379022143226     
         479   2.2333330000000000       0.10000000000000001       0.25196681136596444     
         480   2.2666670000000000       0.10000000000000001       0.20613619031250721     
         481   2.2999999999999998       0.10000000000000001       0.15721969988080473     
         482   2.3333330000000001       0.10000000000000001       0.10665436384220063     
         483   2.3666670000000001       0.10000000000000001        5.6576734974210362E-002
         484   2.3999999999999999       0.10000000000000001        5.2521012496883502E-003
         485   2.4333330000000002       0.10000000000000001       -4.7621822724603823E-002
         486   2.4666670000000002       0.10000000000000001      -0.10036404141176783     
         487   2.5000000000000000       0.10000000000000001      -0.15428492696144583     
         488   2.5333329999999998       0.10000000000000001      -0.20796428587923801     
         489   2.5666669999999998       0.10000000000000001      -0.26153621511629749     
         490   2.6000000000000001       0.10000000000000001      -0.31505869300430284     
         491   2.6333329999999999       0.10000000000000001      -0.36895879965643280     
         492   2.6666669999999999       0.10000000000000001      -0.42298068988528581     
         493   2.7000000000000002       0.10000000000000001      -0.47601448160960280     
         494   2.7333330000000000       0.10000000000000001      -0.52831891918966667     
         495   2.7666670000000000       0.10000000000000001      -0.58051159804265251     
         496   2.7999999999999998       0.10000000000000001      -0.63182388233311515     
         497   2.8333330000000001       0.10000000000000001      -0.68267856041732555     
         498   2.8666670000000001       0.10000000000000001      -0.73285393519257724     
         499   2.8999999999999999       0.10000000000000001      -0.78209656193020305     
         500   2.9333330000000002       0.10000000000000001      -0.83046019838082696     
         501   2.9666670000000002       0.10000000000000001      -0.87759712413445057     
         502   3.0000000000000000       0.10000000000000001      -0.92468072416465996     
         503   3.0333329999999998       0.10000000000000001      -0.97144873364667383     
         504   3.0666669999999998       0.10000000000000001       -1.0175027890485806     
         505   3.1000000000000001       0.10000000000000001       -1.0602314332524982     
         506   3.1333329999999999       0.10000000000000001       -1.1017794822663347     
         507   3.1666669999999999       0.10000000000000001       -1.1446451735018641     
         508   3.2000000000000002       0.10000000000000001       -1.1867317117634777     
         509   3.2333330000000000       0.10000000000000001       -1.2285110693872863     
         510   3.2666670000000000       0.10000000000000001       -1.2675255010584805     
         511   3.2999999999999998       0.10000000000000001       -1.3068057497274064     
         512   3.3333330000000001       0.10000000000000001       -1.3465308144483781     
         513   3.3666670000000001       0.10000000000000001       -1.3862236109789088     
         514   3.3999999999999999       0.10000000000000001       -1.4221445564512805     
         515   3.4333330000000002       0.10000000000000001       -1.4577378016359930     
         516   3.4666670000000002       0.10000000000000001       -1.4914857422523338     
         517   3.5000000000000000       0.10000000000000001       -1.5263751663008651     
         518   3.5333329999999998       0.10000000000000001       -1.5563572864170834     
         519   3.5666669999999998       0.10000000000000001       -1.5852404449772746     
         520   3.6000000000000001       0.10000000000000001       -1.6138150402959217     
         521   3.6333329999999999       0.10000000000000001       -1.6479002971590475     
         522   3.6666669999999999       0.10000000000000001       -1.6824962292662160     
         523   3.7000000000000002       0.10000000000000001       -1.7126924475733214     
         524   3.7333330000000000       0.10000000000000001       -1.7387763101445659     
         525   3.7666670000000000       0.10000000000000001       -1.7671849100490289     
         526   3.7999999999999998       0.10000000000000001       -1.7940227504502897     
         527   3.8333330000000001       0.10000000000000001       -1.8201606263252479     
         528   3.8666670000000001       0.10000000000000001       -1.8454096639081532     
         529   3.8999999999999999       0.10000000000000001       -1.8680793109281284     
         530   3.9333330000000002       0.10000000000000001       -1.8937733946786051     
         531   3.9666670000000002       0.10000000000000001       -1.9151828986873816     
         532   4.0000000000000000       0.10000000000000001       -1.9370816487064644     
         533   4.0333329999999998       0.10000000000000001       -1.9592712512326187     
         534   4.0666669999999998       0.10000000000000001       -1.9829311114888435     
         535   4.0999999999999996       0.10000000000000001       -2.0031096791162728     
         536   4.1333330000000004       0.10000000000000001       -2.0211904946316377     
         537   4.1666670000000003       0.10000000000000001       -2.0374139393140198     
         538   4.2000000000000002       0.10000000000000001       -2.0591077710166337     
         539   4.2333330000000000       0.10000000000000001       -2.0792787030202273     
         540   4.2666670000000000       0.10000000000000001       -2.0954602898850041     
         541   4.2999999999999998       0.10000000000000001       -2.1151686123193740     
         542   4.3333329999999997       0.10000000000000001       -2.1322753697924117     
         543   4.3666669999999996       0.10000000000000001       -2.1477082757642028     
         544   4.4000000000000004       0.10000000000000001       -2.1625919570049410     
         545   4.4333330000000002       0.10000000000000001       -2.1749374281911829     
         546   4.4666670000000002       0.10000000000000001       -2.1843475295389401     
         547   4.5000000000000000       0.10000000000000001       -2.1981945876030093     
         548   4.5333329999999998       0.10000000000000001       -2.2102339063443130     
         549   4.5666669999999998       0.10000000000000001       -2.2257922808673412     
         550   4.5999999999999996       0.10000000000000001       -2.2371686230242056     
         551   4.6333330000000004       0.10000000000000001       -2.2439655111737977     
         552   4.6666670000000003       0.10000000000000001       -2.2487119104395412     
         553   4.7000000000000002       0.10000000000000001       -2.2595727699646218     
         554   4.7333330000000000       0.10000000000000001       -2.2700227334478948     
         555   4.7666670000000000       0.10000000000000001       -2.2783167985974200     
         556   4.7999999999999998       0.10000000000000001       -2.2864336134283301     
         557   4.8333329999999997       0.10000000000000001       -2.2895828270867549     
         558   4.8666669999999996       0.10000000000000001       -2.2970647709395871     
         559   4.9000000000000004       0.10000000000000001       -2.3027598951947055     
         560   4.9333330000000002       0.10000000000000001       -2.2972994794742161     
         561   4.9666670000000002       0.10000000000000001       -2.2822935383972687     
         562   5.0000000000000000       0.10000000000000001       -2.2652071886132741     
         563   0.0000000000000000       0.13333300000000001        0.0000000000000000     
         564   3.3333000000000002E-002  0.13333300000000001       -1.4196118303783833     
         565   6.6667000000000004E-002  0.13333300000000001       -2.9346964094779429     
         566  0.10000000000000001       0.13333300000000001       -4.0790361888001350     
         567  0.13333300000000001       0.13333300000000001       -4.7303120272333157     
         568  0.16666700000000001       0.13333300000000001       -5.0188623254542435     
         569  0.20000000000000001       0.13333300000000001       -5.0177742644577021     
         570  0.23333300000000001       0.13333300000000001       -4.8756373784700315     
         571  0.26666699999999999       0.13333300000000001       -4.6587484055708570     
         572  0.29999999999999999       0.13333300000000001       -4.3800563863119644     
         573  0.33333299999999999       0.13333300000000001       -4.1161140347620933     
         574  0.36666700000000002       0.13333300000000001       -3.8562311537287925     
         575  0.40000000000000002       0.13333300000000001       -3.5965655441635991     
         576  0.43333300000000002       0.13333300000000001       -3.3635224067317586     
         577  0.46666700000000000       0.13333300000000001       -3.1431274760666801     
         578  0.50000000000000000       0.13333300000000001       -2.9246787918525645     
         579  0.53333299999999995       0.13333300000000001       -2.7163076832515594     
         580  0.56666700000000003       0.13333300000000001       -2.5202271942698906     
         581  0.59999999999999998       0.13333300000000001       -2.3210548339427874     
         582  0.63333300000000003       0.13333300000000001       -2.1313640800284435     
         583  0.66666700000000001       0.13333300000000001       -1.9460756858537878     
         584  0.69999999999999996       0.13333300000000001       -1.7644935820187679     
         585  0.73333300000000001       0.13333300000000001       -1.5874037043105598     
         586  0.76666699999999999       0.13333300000000001       -1.4180671647451191     
         587  0.80000000000000004       0.13333300000000001       -1.2572468481530430     
         588  0.83333299999999999       0.13333300000000001       -1.1045986665071708     
         589  0.86666699999999997       0.13333300000000001      -0.95336072132053362     
         590  0.90000000000000002       0.13333300000000001      -0.79173380037145225     
         591  0.93333299999999997       0.13333300000000001      -0.59970003357181956     
         592  0.96666700000000005       0.13333300000000001      -0.35367016401857265     
         593   1.0000000000000000       0.13333300000000001       -3.7945050468425223E-002
         594   1.5000000000000000       0.13333300000000001       0.52313093468106364     
         595   1.5333330000000001       0.13333300000000001       0.47394743404211520     
         596   1.5666670000000000       0.13333300000000001       0.40452495909668440     
         597   1.6000000000000001       0.13333300000000001       0.33060133074368880     
         598   1.6333329999999999       0.13333300000000001       0.26320182528584135     
         599   1.6666669999999999       0.13333300000000001       0.20851351549873232     
         600   1.7000000000000000       0.13333300000000001       0.16691371278857897     
         601   1.7333330000000000       0.13333300000000001       0.13673080024752315     
         602   1.7666670000000000       0.13333300000000001       0.11555009741315356     
         603   1.8000000000000000       0.13333300000000001        9.9055897003612628E-002
         604   1.8333330000000001       0.13333300000000001        8.4654104702447039E-002
         605   1.8666670000000001       0.13333300000000001        7.0886098101210021E-002
         606   1.8999999999999999       0.13333300000000001        5.6122453709831169E-002
         607   1.9333330000000000       0.13333300000000001        3.8002407347371828E-002
         608   1.9666669999999999       0.13333300000000001        1.6804969160586894E-002
         609   2.0000000000000000       0.13333300000000001       -6.3272111041151992E-003
         610   2.0333329999999998       0.13333300000000001       -3.0563692562754412E-002
         611   2.0666669999999998       0.13333300000000001       -5.7463069300592452E-002
         612   2.1000000000000001       0.13333300000000001       -8.6931538227729144E-002
         613   2.1333329999999999       0.13333300000000001      -0.11817656696235865     
         614   2.1666669999999999       0.13333300000000001      -0.15262872593878166     
         615   2.2000000000000002       0.13333300000000001      -0.18843334878146378     
         616   2.2333330000000000       0.13333300000000001      -0.22636661880653625     
         617   2.2666670000000000       0.13333300000000001      -0.26513504739491917     
         618   2.2999999999999998       0.13333300000000001      -0.30535561821589924     
         619   2.3333330000000001       0.13333300000000001      -0.34640082781155657     
         620   2.3666670000000001       0.13333300000000001      -0.38671136495432262     
         621   2.3999999999999999       0.13333300000000001      -0.42754599517667291     
         622   2.4333330000000002       0.13333300000000001      -0.46980967172470300     
         623   2.4666670000000002       0.13333300000000001      -0.51216144860335400     
         624   2.5000000000000000       0.13333300000000001      -0.55417690920097884     
         625   2.5333329999999998       0.13333300000000001      -0.59642702698579886     
         626   2.5666669999999998       0.13333300000000001      -0.63791187895056389     
         627   2.6000000000000001       0.13333300000000001      -0.67990663635820536     
         628   2.6333329999999999       0.13333300000000001      -0.72210572607580903     
         629   2.6666669999999999       0.13333300000000001      -0.76344756819696324     
         630   2.7000000000000002       0.13333300000000001      -0.80493265402835545     
         631   2.7333330000000000       0.13333300000000001      -0.84599103404840936     
         632   2.7666670000000000       0.13333300000000001      -0.88613873106461449     
         633   2.7999999999999998       0.13333300000000001      -0.92631195200363725     
         634   2.8333330000000001       0.13333300000000001      -0.96552064951835459     
         635   2.8666670000000001       0.13333300000000001       -1.0046257785797696     
         636   2.8999999999999999       0.13333300000000001       -1.0428130491503469     
         637   2.9333330000000002       0.13333300000000001       -1.0804693079313257     
         638   2.9666670000000002       0.13333300000000001       -1.1175189040379359     
         639   3.0000000000000000       0.13333300000000001       -1.1543063827055724     
         640   3.0333329999999998       0.13333300000000001       -1.1905200315878162     
         641   3.0666669999999998       0.13333300000000001       -1.2259173234563814     
         642   3.1000000000000001       0.13333300000000001       -1.2601107611409503     
         643   3.1333329999999999       0.13333300000000001       -1.2933214182575479     
         644   3.1666669999999999       0.13333300000000001       -1.3266787515340241     
         645   3.2000000000000002       0.13333300000000001       -1.3596790608607425     
         646   3.2333330000000000       0.13333300000000001       -1.3919642840873077     
         647   3.2666670000000000       0.13333300000000001       -1.4233275417023468     
         648   3.2999999999999998       0.13333300000000001       -1.4546743194116385     
         649   3.3333330000000001       0.13333300000000001       -1.4856177257831302     
         650   3.3666670000000001       0.13333300000000001       -1.5159883395646849     
         651   3.3999999999999999       0.13333300000000001       -1.5452843171042421     
         652   3.4333330000000002       0.13333300000000001       -1.5733111412346783     
         653   3.4666670000000002       0.13333300000000001       -1.6007981039612778     
         654   3.5000000000000000       0.13333300000000001       -1.6273071178600775     
         655   3.5333329999999998       0.13333300000000001       -1.6525343000391488     
         656   3.5666669999999998       0.13333300000000001       -1.6764490581925307     
         657   3.6000000000000001       0.13333300000000001       -1.7008321569966125     
         658   3.6333329999999999       0.13333300000000001       -1.7261813818105076     
         659   3.6666669999999999       0.13333300000000001       -1.7523427012016850     
         660   3.7000000000000002       0.13333300000000001       -1.7765015567475566     
         661   3.7333330000000000       0.13333300000000001       -1.7988189005783599     
         662   3.7666670000000000       0.13333300000000001       -1.8215073987334689     
         663   3.7999999999999998       0.13333300000000001       -1.8432409389946278     
         664   3.8333330000000001       0.13333300000000001       -1.8645443155954537     
         665   3.8666670000000001       0.13333300000000001       -1.8845826660636944     
         666   3.8999999999999999       0.13333300000000001       -1.9042495579162653     
         667   3.9333330000000002       0.13333300000000001       -1.9236228876196120     
         668   3.9666670000000002       0.13333300000000001       -1.9421086410984847     
         669   4.0000000000000000       0.13333300000000001       -1.9603612848545355     
         670   4.0333329999999998       0.13333300000000001       -1.9781642134168209     
         671   4.0666669999999998       0.13333300000000001       -1.9959452434296290     
         672   4.0999999999999996       0.13333300000000001       -2.0129339779482609     
         673   4.1333330000000004       0.13333300000000001       -2.0285910208789395     
         674   4.1666670000000003       0.13333300000000001       -2.0434203242877578     
         675   4.2000000000000002       0.13333300000000001       -2.0595648779802285     
         676   4.2333330000000000       0.13333300000000001       -2.0750928647263076     
         677   4.2666670000000000       0.13333300000000001       -2.0899406439236512     
         678   4.2999999999999998       0.13333300000000001       -2.1046892035690408     
         679   4.3333329999999997       0.13333300000000001       -2.1188415037268915     
         680   4.3666669999999996       0.13333300000000001       -2.1319769591212618     
         681   4.4000000000000004       0.13333300000000001       -2.1439223709602335     
         682   4.4333330000000002       0.13333300000000001       -2.1546630728349614     
         683   4.4666670000000002       0.13333300000000001       -2.1642651281326852     
         684   4.5000000000000000       0.13333300000000001       -2.1749173197818727     
         685   4.5333329999999998       0.13333300000000001       -2.1851163693898497     
         686   4.5666669999999998       0.13333300000000001       -2.1959920021097923     
         687   4.5999999999999996       0.13333300000000001       -2.2051923326624538     
         688   4.6333330000000004       0.13333300000000001       -2.2123565172893458     
         689   4.6666670000000003       0.13333300000000001       -2.2184749873146186     
         690   4.7000000000000002       0.13333300000000001       -2.2261962021088375     
         691   4.7333330000000000       0.13333300000000001       -2.2336532456018330     
         692   4.7666670000000000       0.13333300000000001       -2.2406138638038375     
         693   4.7999999999999998       0.13333300000000001       -2.2465142441412054     
         694   4.8333329999999997       0.13333300000000001       -2.2508350783309825     
         695   4.8666669999999996       0.13333300000000001       -2.2551960604297965     
         696   4.9000000000000004       0.13333300000000001       -2.2578074215023358     
         697   4.9333330000000002       0.13333300000000001       -2.2557602845220699     
         698   4.9666670000000002       0.13333300000000001       -2.2496835593411983     
         699   5.0000000000000000       0.13333300000000001       -2.2449219319909304     
         700   0.0000000000000000       0.16666700000000001        0.0000000000000000     
         701   3.3333000000000002E-002  0.16666700000000001      -0.82796924203037769     
         702   6.6667000000000004E-002  0.16666700000000001       -1.8525566951849779     
         703  0.10000000000000001       0.16666700000000001       -2.7350067879642594     
         704  0.13333300000000001       0.16666700000000001       -3.4366746667885870     
         705  0.16666700000000001       0.16666700000000001       -3.8807136168171699     
         706  0.20000000000000001       0.16666700000000001       -4.0916608053334871     
         707  0.23333300000000001       0.16666700000000001       -4.1610406026233662     
         708  0.26666699999999999       0.16666700000000001       -4.1058047571351306     
         709  0.29999999999999999       0.16666700000000001       -3.9961462844015934     
         710  0.33333299999999999       0.16666700000000001       -3.8329860902414539     
         711  0.36666700000000002       0.16666700000000001       -3.6534621009214576     
         712  0.40000000000000002       0.16666700000000001       -3.4790738248253334     
         713  0.43333300000000002       0.16666700000000001       -3.2893228344180723     
         714  0.46666700000000000       0.16666700000000001       -3.1075988266738994     
         715  0.50000000000000000       0.16666700000000001       -2.9255942555506040     
         716  0.53333299999999995       0.16666700000000001       -2.7504078112249482     
         717  0.56666700000000003       0.16666700000000001       -2.5708049840080291     
         718  0.59999999999999998       0.16666700000000001       -2.3971037996198765     
         719  0.63333300000000003       0.16666700000000001       -2.2227110557726104     
         720  0.66666700000000001       0.16666700000000001       -2.0570968268987011     
         721  0.69999999999999996       0.16666700000000001       -1.8908407824696249     
         722  0.73333300000000001       0.16666700000000001       -1.7344659471675594     
         723  0.76666699999999999       0.16666700000000001       -1.5848346828079669     
         724  0.80000000000000004       0.16666700000000001       -1.4463954342556464     
         725  0.83333299999999999       0.16666700000000001       -1.3172505381162656     
         726  0.86666699999999997       0.16666700000000001       -1.1896684177653856     
         727  0.90000000000000002       0.16666700000000001       -1.0482002063307356     
         728  0.93333299999999997       0.16666700000000001      -0.86674464755197056     
         729  0.96666700000000005       0.16666700000000001      -0.60660769951299687     
         730   1.0000000000000000       0.16666700000000001      -0.19560542796637145     
         731   1.5000000000000000       0.16666700000000001       0.83542989992998495     
         732   1.5333330000000001       0.16666700000000001       0.66893108372923960     
         733   1.5666670000000000       0.16666700000000001       0.49878721031787066     
         734   1.6000000000000001       0.16666700000000001       0.33402662603532240     
         735   1.6333329999999999       0.16666700000000001       0.18546108871500100     
         736   1.6666669999999999       0.16666700000000001        5.8286932504258752E-002
         737   1.7000000000000000       0.16666700000000001       -4.7426317942780273E-002
         738   1.7333330000000000       0.16666700000000001      -0.13266499573407642     
         739   1.7666670000000000       0.16666700000000001      -0.20226212013397019     
         740   1.8000000000000000       0.16666700000000001      -0.25842629199332734     
         741   1.8333330000000001       0.16666700000000001      -0.30628815944341520     
         742   1.8666670000000001       0.16666700000000001      -0.34683481254752080     
         743   1.8999999999999999       0.16666700000000001      -0.38366054722384019     
         744   1.9333330000000000       0.16666700000000001      -0.41793214220087155     
         745   1.9666669999999999       0.16666700000000001      -0.45058338902466022     
         746   2.0000000000000000       0.16666700000000001      -0.48162730838933387     
         747   2.0333329999999998       0.16666700000000001      -0.51246134221770034     
         748   2.0666669999999998       0.16666700000000001      -0.54197958855819850     
         749   2.1000000000000001       0.16666700000000001      -0.57240194224213903     
         750   2.1333329999999999       0.16666700000000001      -0.60296851789273165     
         751   2.1666669999999999       0.16666700000000001      -0.63283203113503672     
         752   2.2000000000000002       0.16666700000000001      -0.66490331393109747     
         753   2.2333330000000000       0.16666700000000001      -0.69569252743329535     
         754   2.2666670000000000       0.16666700000000001      -0.72731886187584938     
         755   2.2999999999999998       0.16666700000000001      -0.75996882892242645     
         756   2.3333330000000001       0.16666700000000001      -0.79084083387086779     
         757   2.3666670000000001       0.16666700000000001      -0.82203723776080484     
         758   2.3999999999999999       0.16666700000000001      -0.85411013866607977     
         759   2.4333330000000002       0.16666700000000001      -0.88486895604185256     
         760   2.4666670000000002       0.16666700000000001      -0.91623485311163755     
         761   2.5000000000000000       0.16666700000000001      -0.94803723611465629     
         762   2.5333329999999998       0.16666700000000001      -0.97825326913053257     
         763   2.5666669999999998       0.16666700000000001       -1.0089318564299499     
         764   2.6000000000000001       0.16666700000000001       -1.0400567905295623     
         765   2.6333329999999999       0.16666700000000001       -1.0703177093821896     
         766   2.6666669999999999       0.16666700000000001       -1.1008750181734621     
         767   2.7000000000000002       0.16666700000000001       -1.1303590295615036     
         768   2.7333330000000000       0.16666700000000001       -1.1599954485255635     
         769   2.7666670000000000       0.16666700000000001       -1.1897209509121160     
         770   2.7999999999999998       0.16666700000000001       -1.2181419033522904     
         771   2.8333330000000001       0.16666700000000001       -1.2470199036930536     
         772   2.8666670000000001       0.16666700000000001       -1.2747754412101548     
         773   2.8999999999999999       0.16666700000000001       -1.3026801570357160     
         774   2.9333330000000002       0.16666700000000001       -1.3301041426118134     
         775   2.9666670000000002       0.16666700000000001       -1.3573137424615758     
         776   3.0000000000000000       0.16666700000000001       -1.3838392456379267     
         777   3.0333329999999998       0.16666700000000001       -1.4101524300651378     
         778   3.0666669999999998       0.16666700000000001       -1.4359431274150865     
         779   3.1000000000000001       0.16666700000000001       -1.4610579702628697     
         780   3.1333329999999999       0.16666700000000001       -1.4855263323890475     
         781   3.1666669999999999       0.16666700000000001       -1.5100013866282960     
         782   3.2000000000000002       0.16666700000000001       -1.5341150682684610     
         783   3.2333330000000000       0.16666700000000001       -1.5577680168758161     
         784   3.2666670000000000       0.16666700000000001       -1.5810915706276039     
         785   3.2999999999999998       0.16666700000000001       -1.6043576244295721     
         786   3.3333330000000001       0.16666700000000001       -1.6270647373926617     
         787   3.3666670000000001       0.16666700000000001       -1.6495471191626945     
         788   3.3999999999999999       0.16666700000000001       -1.6711776610487596     
         789   3.4333330000000002       0.16666700000000001       -1.6924024916183849     
         790   3.4666670000000002       0.16666700000000001       -1.7127155590176919     
         791   3.5000000000000000       0.16666700000000001       -1.7327161595015126     
         792   3.5333329999999998       0.16666700000000001       -1.7516469695911119     
         793   3.5666669999999998       0.16666700000000001       -1.7703612696022943     
         794   3.6000000000000001       0.16666700000000001       -1.7887565101847405     
         795   3.6333329999999999       0.16666700000000001       -1.8077920128167790     
         796   3.6666669999999999       0.16666700000000001       -1.8266145573010018     
         797   3.7000000000000002       0.16666700000000001       -1.8447422043172148     
         798   3.7333330000000000       0.16666700000000001       -1.8623987743200203     
         799   3.7666670000000000       0.16666700000000001       -1.8793318646313408     
         800   3.7999999999999998       0.16666700000000001       -1.8962692176697546     
         801   3.8333330000000001       0.16666700000000001       -1.9122295400537257     
         802   3.8666670000000001       0.16666700000000001       -1.9279774084187529     
         803   3.8999999999999999       0.16666700000000001       -1.9431330375893463     
         804   3.9333330000000002       0.16666700000000001       -1.9578409875646658     
         805   3.9666670000000002       0.16666700000000001       -1.9721610517739396     
         806   4.0000000000000000       0.16666700000000001       -1.9860615535418926     
         807   4.0333329999999998       0.16666700000000001       -2.0000529232679005     
         808   4.0666669999999998       0.16666700000000001       -2.0136669246508010     
         809   4.0999999999999996       0.16666700000000001       -2.0264432597441657     
         810   4.1333330000000004       0.16666700000000001       -2.0390338672113666     
         811   4.1666670000000003       0.16666700000000001       -2.0512142625000327     
         812   4.2000000000000002       0.16666700000000001       -2.0631319740019167     
         813   4.2333330000000000       0.16666700000000001       -2.0752775240289449     
         814   4.2666670000000000       0.16666700000000001       -2.0867981428495077     
         815   4.2999999999999998       0.16666700000000001       -2.0980635070120068     
         816   4.3333329999999997       0.16666700000000001       -2.1090122145705412     
         817   4.3666669999999996       0.16666700000000001       -2.1190820326999678     
         818   4.4000000000000004       0.16666700000000001       -2.1287481106950112     
         819   4.4333330000000002       0.16666700000000001       -2.1375602437585068     
         820   4.4666670000000002       0.16666700000000001       -2.1458402711687548     
         821   4.5000000000000000       0.16666700000000001       -2.1538499357397254     
         822   4.5333329999999998       0.16666700000000001       -2.1618701807398040     
         823   4.5666669999999998       0.16666700000000001       -2.1695871145400059     
         824   4.5999999999999996       0.16666700000000001       -2.1769409475464001     
         825   4.6333330000000004       0.16666700000000001       -2.1829323840218353     
         826   4.6666670000000003       0.16666700000000001       -2.1885878539742714     
         827   4.7000000000000002       0.16666700000000001       -2.1941730169161273     
         828   4.7333330000000000       0.16666700000000001       -2.1998321667164218     
         829   4.7666670000000000       0.16666700000000001       -2.2049148457514871     
         830   4.7999999999999998       0.16666700000000001       -2.2094580718775214     
         831   4.8333329999999997       0.16666700000000001       -2.2129835170170442     
         832   4.8666669999999996       0.16666700000000001       -2.2159933309772843     
         833   4.9000000000000004       0.16666700000000001       -2.2175857532031098     
         834   4.9333330000000002       0.16666700000000001       -2.2170758206465235     
         835   4.9666670000000002       0.16666700000000001       -2.2148673728294317     
         836   5.0000000000000000       0.16666700000000001       -2.2134285036443133     
         837   0.0000000000000000       0.20000000000000001        0.0000000000000000     
         838   3.3333000000000002E-002  0.20000000000000001      -0.48963113104712075     
         839   6.6667000000000004E-002  0.20000000000000001       -1.1441867176380287     
         840  0.10000000000000001       0.20000000000000001       -1.8475368129478142     
         841  0.13333300000000001       0.20000000000000001       -2.4473106166406979     
         842  0.16666700000000001       0.20000000000000001       -2.9278626424789840     
         843  0.20000000000000001       0.20000000000000001       -3.2475649303690282     
         844  0.23333300000000001       0.20000000000000001       -3.4417782402126269     
         845  0.26666699999999999       0.20000000000000001       -3.5175679949699292     
         846  0.29999999999999999       0.20000000000000001       -3.5169733969129400     
         847  0.33333299999999999       0.20000000000000001       -3.4678289884484768     
         848  0.36666700000000002       0.20000000000000001       -3.3847148191279808     
         849  0.40000000000000002       0.20000000000000001       -3.2699204999578515     
         850  0.43333300000000002       0.20000000000000001       -3.1479966742301189     
         851  0.46666700000000000       0.20000000000000001       -3.0105491839615333     
         852  0.50000000000000000       0.20000000000000001       -2.8715999663094403     
         853  0.53333299999999995       0.20000000000000001       -2.7235044019273049     
         854  0.56666700000000003       0.20000000000000001       -2.5798467127108271     
         855  0.59999999999999998       0.20000000000000001       -2.4306855836289523     
         856  0.63333300000000003       0.20000000000000001       -2.2841287583295635     
         857  0.66666700000000001       0.20000000000000001       -2.1343141881453875     
         858  0.69999999999999996       0.20000000000000001       -1.9938821624986784     
         859  0.73333300000000001       0.20000000000000001       -1.8574260477915836     
         860  0.76666699999999999       0.20000000000000001       -1.7336475453298841     
         861  0.80000000000000004       0.20000000000000001       -1.6241458037045335     
         862  0.83333299999999999       0.20000000000000001       -1.5298751854192145     
         863  0.86666699999999997       0.20000000000000001       -1.4445105275232497     
         864  0.90000000000000002       0.20000000000000001       -1.3500955279354181     
         865  0.93333299999999997       0.20000000000000001       -1.2167461130232264     
         866  0.96666700000000005       0.20000000000000001       -1.0130876225261054     
         867   1.0000000000000000       0.20000000000000001      -0.73776480783781651     
         868   1.5000000000000000       0.20000000000000001        1.1334019582756141     
         869   1.5333330000000001       0.20000000000000001       0.87125395741726108     
         870   1.5666670000000000       0.20000000000000001       0.59058915437458737     
         871   1.6000000000000001       0.20000000000000001       0.32509615226564997     
         872   1.6333329999999999       0.20000000000000001        8.7973136632986629E-002
         873   1.6666669999999999       0.20000000000000001      -0.11512522426783733     
         874   1.7000000000000000       0.20000000000000001      -0.28431437178349411     
         875   1.7333330000000000       0.20000000000000001      -0.42348821453310742     
         876   1.7666670000000000       0.20000000000000001      -0.53673517952669447     
         877   1.8000000000000000       0.20000000000000001      -0.63019087880302505     
         878   1.8333330000000001       0.20000000000000001      -0.70707677191017526     
         879   1.8666670000000001       0.20000000000000001      -0.77166748156479237     
         880   1.8999999999999999       0.20000000000000001      -0.82670334923256616     
         881   1.9333330000000000       0.20000000000000001      -0.87462354307700196     
         882   1.9666669999999999       0.20000000000000001      -0.91695025332781777     
         883   2.0000000000000000       0.20000000000000001      -0.95486221129737192     
         884   2.0333329999999998       0.20000000000000001      -0.98932395994205069     
         885   2.0666669999999998       0.20000000000000001       -1.0214965497378736     
         886   2.1000000000000001       0.20000000000000001       -1.0508331462465454     
         887   2.1333329999999999       0.20000000000000001       -1.0778984303014458     
         888   2.1666669999999999       0.20000000000000001       -1.1053161578154858     
         889   2.2000000000000002       0.20000000000000001       -1.1309310778277371     
         890   2.2333330000000000       0.20000000000000001       -1.1561663230045769     
         891   2.2666670000000000       0.20000000000000001       -1.1811296986961421     
         892   2.2999999999999998       0.20000000000000001       -1.2036221231997022     
         893   2.3333330000000001       0.20000000000000001       -1.2267249802443048     
         894   2.3666670000000001       0.20000000000000001       -1.2492567013338602     
         895   2.3999999999999999       0.20000000000000001       -1.2699897610343462     
         896   2.4333330000000002       0.20000000000000001       -1.2923677448103674     
         897   2.4666670000000002       0.20000000000000001       -1.3125703716335853     
         898   2.5000000000000000       0.20000000000000001       -1.3326704055782861     
         899   2.5333329999999998       0.20000000000000001       -1.3529348541329584     
         900   2.5666669999999998       0.20000000000000001       -1.3739072626641078     
         901   2.6000000000000001       0.20000000000000001       -1.3934677366435069     
         902   2.6333329999999999       0.20000000000000001       -1.4125743007565974     
         903   2.6666669999999999       0.20000000000000001       -1.4315748866357076     
         904   2.7000000000000002       0.20000000000000001       -1.4514457179538196     
         905   2.7333330000000000       0.20000000000000001       -1.4695241817779625     
         906   2.7666670000000000       0.20000000000000001       -1.4886421863325601     
         907   2.7999999999999998       0.20000000000000001       -1.5068228801148056     
         908   2.8333330000000001       0.20000000000000001       -1.5247159129923891     
         909   2.8666670000000001       0.20000000000000001       -1.5425846490342638     
         910   2.8999999999999999       0.20000000000000001       -1.5603581555490642     
         911   2.9333330000000002       0.20000000000000001       -1.5778280014527581     
         912   2.9666670000000002       0.20000000000000001       -1.5951550340563132     
         913   3.0000000000000000       0.20000000000000001       -1.6124605732387853     
         914   3.0333329999999998       0.20000000000000001       -1.6290596435407347     
         915   3.0666669999999998       0.20000000000000001       -1.6454239246175231     
         916   3.1000000000000001       0.20000000000000001       -1.6618732799414953     
         917   3.1333329999999999       0.20000000000000001       -1.6776533825372835     
         918   3.1666669999999999       0.20000000000000001       -1.6935922223678477     
         919   3.2000000000000002       0.20000000000000001       -1.7091124785762870     
         920   3.2333330000000000       0.20000000000000001       -1.7245808910217437     
         921   3.2666670000000000       0.20000000000000001       -1.7399966411347036     
         922   3.2999999999999998       0.20000000000000001       -1.7552834346399835     
         923   3.3333330000000001       0.20000000000000001       -1.7702930009141291     
         924   3.3666670000000001       0.20000000000000001       -1.7849417692880984     
         925   3.3999999999999999       0.20000000000000001       -1.7995396237895285     
         926   3.4333330000000002       0.20000000000000001       -1.8135008765262506     
         927   3.4666670000000002       0.20000000000000001       -1.8272035059542073     
         928   3.5000000000000000       0.20000000000000001       -1.8406079862043958     
         929   3.5333329999999998       0.20000000000000001       -1.8535501909330565     
         930   3.5666669999999998       0.20000000000000001       -1.8661678862735169     
         931   3.6000000000000001       0.20000000000000001       -1.8786542969100430     
         932   3.6333329999999999       0.20000000000000001       -1.8914767005889519     
         933   3.6666669999999999       0.20000000000000001       -1.9041683968319554     
         934   3.7000000000000002       0.20000000000000001       -1.9166334970945249     
         935   3.7333330000000000       0.20000000000000001       -1.9288031061889879     
         936   3.7666670000000000       0.20000000000000001       -1.9406838540153941     
         937   3.7999999999999998       0.20000000000000001       -1.9520575754220826     
         938   3.8333330000000001       0.20000000000000001       -1.9633990517276292     
         939   3.8666670000000001       0.20000000000000001       -1.9744004337409848     
         940   3.8999999999999999       0.20000000000000001       -1.9848254430065464     
         941   3.9333330000000002       0.20000000000000001       -1.9952008697529415     
         942   3.9666670000000002       0.20000000000000001       -2.0053352832940501     
         943   4.0000000000000000       0.20000000000000001       -2.0152884034065917     
         944   4.0333329999999998       0.20000000000000001       -2.0247608752293225     
         945   4.0666669999999998       0.20000000000000001       -2.0344401119675988     
         946   4.0999999999999996       0.20000000000000001       -2.0437108786430667     
         947   4.1333330000000004       0.20000000000000001       -2.0525138066289870     
         948   4.1666670000000003       0.20000000000000001       -2.0610548530737245     
         949   4.2000000000000002       0.20000000000000001       -2.0697269252072625     
         950   4.2333330000000000       0.20000000000000001       -2.0782733575919283     
         951   4.2666670000000000       0.20000000000000001       -2.0865701677026438     
         952   4.2999999999999998       0.20000000000000001       -2.0947348148239220     
         953   4.3333329999999997       0.20000000000000001       -2.1022545510118973     
         954   4.3666669999999996       0.20000000000000001       -2.1097779119005771     
         955   4.4000000000000004       0.20000000000000001       -2.1166810196141879     
         956   4.4333330000000002       0.20000000000000001       -2.1230855833872120     
         957   4.4666670000000002       0.20000000000000001       -2.1290683953867120     
         958   4.5000000000000000       0.20000000000000001       -2.1351156574129178     
         959   4.5333329999999998       0.20000000000000001       -2.1406471607961786     
         960   4.5666669999999998       0.20000000000000001       -2.1461884750538567     
         961   4.5999999999999996       0.20000000000000001       -2.1512348364194849     
         962   4.6333330000000004       0.20000000000000001       -2.1558357515194420     
         963   4.6666670000000003       0.20000000000000001       -2.1599993983343029     
         964   4.7000000000000002       0.20000000000000001       -2.1639185244265740     
         965   4.7333330000000000       0.20000000000000001       -2.1677437912455333     
         966   4.7666670000000000       0.20000000000000001       -2.1711478365551122     
         967   4.7999999999999998       0.20000000000000001       -2.1743025692937406     
         968   4.8333329999999997       0.20000000000000001       -2.1768171877632865     
         969   4.8666669999999996       0.20000000000000001       -2.1786499248154678     
         970   4.9000000000000004       0.20000000000000001       -2.1797111846126076     
         971   4.9333330000000002       0.20000000000000001       -2.1796859252945073     
         972   4.9666670000000002       0.20000000000000001       -2.1788893711069064     
         973   5.0000000000000000       0.20000000000000001       -2.1784257024933193     
         974   0.0000000000000000       0.23333300000000001        0.0000000000000000     
         975   3.3333000000000002E-002  0.23333300000000001      -0.29931994941228035     
         976   6.6667000000000004E-002  0.23333300000000001      -0.71780098521328017     
         977  0.10000000000000001       0.23333300000000001       -1.2418069294023546     
         978  0.13333300000000001       0.23333300000000001       -1.7453867707252990     
         979  0.16666700000000001       0.23333300000000001       -2.1688463935018012     
         980  0.20000000000000001       0.23333300000000001       -2.5191192624868011     
         981  0.23333300000000001       0.23333300000000001       -2.7684834491222667     
         982  0.26666699999999999       0.23333300000000001       -2.9329664318297701     
         983  0.29999999999999999       0.23333300000000001       -3.0248102135718171     
         984  0.33333299999999999       0.23333300000000001       -3.0609349059536033     
         985  0.36666700000000002       0.23333300000000001       -3.0493137459471962     
         986  0.40000000000000002       0.23333300000000001       -3.0059312684580153     
         987  0.43333300000000002       0.23333300000000001       -2.9373535325931917     
         988  0.46666700000000000       0.23333300000000001       -2.8528604994309079     
         989  0.50000000000000000       0.23333300000000001       -2.7585105638383869     
         990  0.53333299999999995       0.23333300000000001       -2.6565090635420900     
         991  0.56666700000000003       0.23333300000000001       -2.5385165037934345     
         992  0.59999999999999998       0.23333300000000001       -2.4256577599442664     
         993  0.63333300000000003       0.23333300000000001       -2.3012053676672841     
         994  0.66666700000000001       0.23333300000000001       -2.1824166842322459     
         995  0.69999999999999996       0.23333300000000001       -2.0639951076287240     
         996  0.73333300000000001       0.23333300000000001       -1.9560670608217454     
         997  0.76666699999999999       0.23333300000000001       -1.8622774079394031     
         998  0.80000000000000004       0.23333300000000001       -1.7917810563114254     
         999  0.83333299999999999       0.23333300000000001       -1.7440960308038158     
        1000  0.86666699999999997       0.23333300000000001       -1.7236034852434257     
        1001  0.90000000000000002       0.23333300000000001       -1.7013988571471712     
        1002  0.93333299999999997       0.23333300000000001       -1.6528674962496741     
        1003  0.96666700000000005       0.23333300000000001       -1.4955240767263449     
        1004   1.0000000000000000       0.23333300000000001       -1.0929105083763373     
        1005   1.5000000000000000       0.23333300000000001        1.5253666296518780     
        1006   1.5333330000000001       0.23333300000000001        1.0970489192486195     
        1007   1.5666670000000000       0.23333300000000001       0.67604273812824567     
        1008   1.6000000000000001       0.23333300000000001       0.29190810107416965     
        1009   1.6333329999999999       0.23333300000000001       -4.2254463069466099E-002
        1010   1.6666669999999999       0.23333300000000001      -0.32329557415417631     
        1011   1.7000000000000000       0.23333300000000001      -0.55448168237417583     
        1012   1.7333330000000000       0.23333300000000001      -0.74399382515443413     
        1013   1.7666670000000000       0.23333300000000001      -0.89769892635255633     
        1014   1.8000000000000000       0.23333300000000001       -1.0223302317669241     
        1015   1.8333330000000001       0.23333300000000001       -1.1238237065052676     
        1016   1.8666670000000001       0.23333300000000001       -1.2078692972376899     
        1017   1.8999999999999999       0.23333300000000001       -1.2773053811841175     
        1018   1.9333330000000000       0.23333300000000001       -1.3353947796339021     
        1019   1.9666669999999999       0.23333300000000001       -1.3846613777529138     
        1020   2.0000000000000000       0.23333300000000001       -1.4272597748640994     
        1021   2.0333329999999998       0.23333300000000001       -1.4632055317178323     
        1022   2.0666669999999998       0.23333300000000001       -1.4939039642762784     
        1023   2.1000000000000001       0.23333300000000001       -1.5222867703144003     
        1024   2.1333329999999999       0.23333300000000001       -1.5462425396054047     
        1025   2.1666669999999999       0.23333300000000001       -1.5684776665471134     
        1026   2.2000000000000002       0.23333300000000001       -1.5881708377081263     
        1027   2.2333330000000000       0.23333300000000001       -1.6062507806295443     
        1028   2.2666670000000000       0.23333300000000001       -1.6225224212756819     
        1029   2.2999999999999998       0.23333300000000001       -1.6388995318965687     
        1030   2.3333330000000001       0.23333300000000001       -1.6518272921515020     
        1031   2.3666670000000001       0.23333300000000001       -1.6634448099514443     
        1032   2.3999999999999999       0.23333300000000001       -1.6770484744495804     
        1033   2.4333330000000002       0.23333300000000001       -1.6876741303577438     
        1034   2.4666670000000002       0.23333300000000001       -1.6984809564337910     
        1035   2.5000000000000000       0.23333300000000001       -1.7085605680310736     
        1036   2.5333329999999998       0.23333300000000001       -1.7195739279306588     
        1037   2.5666669999999998       0.23333300000000001       -1.7282455160862911     
        1038   2.6000000000000001       0.23333300000000001       -1.7383378659878617     
        1039   2.6333329999999999       0.23333300000000001       -1.7468226355715419     
        1040   2.6666669999999999       0.23333300000000001       -1.7564860337460464     
        1041   2.7000000000000002       0.23333300000000001       -1.7643360569692252     
        1042   2.7333330000000000       0.23333300000000001       -1.7728556786903553     
        1043   2.7666670000000000       0.23333300000000001       -1.7814959060491862     
        1044   2.7999999999999998       0.23333300000000001       -1.7893328321657933     
        1045   2.8333330000000001       0.23333300000000001       -1.7977118011738524     
        1046   2.8666670000000001       0.23333300000000001       -1.8063284815516059     
        1047   2.8999999999999999       0.23333300000000001       -1.8137914522539946     
        1048   2.9333330000000002       0.23333300000000001       -1.8218132715269135     
        1049   2.9666670000000002       0.23333300000000001       -1.8298259678277771     
        1050   3.0000000000000000       0.23333300000000001       -1.8373463889560706     
        1051   3.0333329999999998       0.23333300000000001       -1.8453560433755802     
        1052   3.0666669999999998       0.23333300000000001       -1.8532771223397240     
        1053   3.1000000000000001       0.23333300000000001       -1.8605437595718106     
        1054   3.1333329999999999       0.23333300000000001       -1.8684925552373508     
        1055   3.1666669999999999       0.23333300000000001       -1.8754809483034149     
        1056   3.2000000000000002       0.23333300000000001       -1.8831789956477414     
        1057   3.2333330000000000       0.23333300000000001       -1.8911313247003880     
        1058   3.2666670000000000       0.23333300000000001       -1.8983322169033872     
        1059   3.2999999999999998       0.23333300000000001       -1.9061702648327037     
        1060   3.3333330000000001       0.23333300000000001       -1.9135980838661619     
        1061   3.3666670000000001       0.23333300000000001       -1.9212137843727892     
        1062   3.3999999999999999       0.23333300000000001       -1.9284217277844520     
        1063   3.4333330000000002       0.23333300000000001       -1.9357326656935498     
        1064   3.4666670000000002       0.23333300000000001       -1.9427284247412759     
        1065   3.5000000000000000       0.23333300000000001       -1.9497968590414245     
        1066   3.5333329999999998       0.23333300000000001       -1.9565033481338825     
        1067   3.5666669999999998       0.23333300000000001       -1.9633682225711728     
        1068   3.6000000000000001       0.23333300000000001       -1.9699852821659651     
        1069   3.6333329999999999       0.23333300000000001       -1.9768412483953279     
        1070   3.6666669999999999       0.23333300000000001       -1.9836943776567852     
        1071   3.7000000000000002       0.23333300000000001       -1.9905230296677101     
        1072   3.7333330000000000       0.23333300000000001       -1.9973412713914600     
        1073   3.7666670000000000       0.23333300000000001       -2.0039767950503098     
        1074   3.7999999999999998       0.23333300000000001       -2.0105050319585680     
        1075   3.8333330000000001       0.23333300000000001       -2.0167604110508983     
        1076   3.8666670000000001       0.23333300000000001       -2.0230997334910676     
        1077   3.8999999999999999       0.23333300000000001       -2.0290030583721741     
        1078   3.9333330000000002       0.23333300000000001       -2.0351029854513327     
        1079   3.9666670000000002       0.23333300000000001       -2.0408537001228577     
        1080   4.0000000000000000       0.23333300000000001       -2.0464859607878911     
        1081   4.0333329999999998       0.23333300000000001       -2.0521997562914764     
        1082   4.0666669999999998       0.23333300000000001       -2.0576376690937943     
        1083   4.0999999999999996       0.23333300000000001       -2.0631700083419227     
        1084   4.1333330000000004       0.23333300000000001       -2.0684724491605730     
        1085   4.1666670000000003       0.23333300000000001       -2.0737043114383278     
        1086   4.2000000000000002       0.23333300000000001       -2.0787328015796294     
        1087   4.2333330000000000       0.23333300000000001       -2.0837988493016462     
        1088   4.2666670000000000       0.23333300000000001       -2.0887481038015308     
        1089   4.2999999999999998       0.23333300000000001       -2.0935382802213223     
        1090   4.3333329999999997       0.23333300000000001       -2.0983678217651751     
        1091   4.3666669999999996       0.23333300000000001       -2.1027574605257882     
        1092   4.4000000000000004       0.23333300000000001       -2.1068835083749176     
        1093   4.4333330000000002       0.23333300000000001       -2.1109046177686874     
        1094   4.4666670000000002       0.23333300000000001       -2.1146501258839896     
        1095   4.5000000000000000       0.23333300000000001       -2.1181100663987373     
        1096   4.5333329999999998       0.23333300000000001       -2.1214934564341532     
        1097   4.5666669999999998       0.23333300000000001       -2.1248134224274993     
        1098   4.5999999999999996       0.23333300000000001       -2.1276633701458723     
        1099   4.6333330000000004       0.23333300000000001       -2.1304814662971174     
        1100   4.6666670000000003       0.23333300000000001       -2.1328266810432117     
        1101   4.7000000000000002       0.23333300000000001       -2.1351597615687150     
        1102   4.7333330000000000       0.23333300000000001       -2.1371548025455573     
        1103   4.7666670000000000       0.23333300000000001       -2.1390815101711707     
        1104   4.7999999999999998       0.23333300000000001       -2.1406245503511330     
        1105   4.8333329999999997       0.23333300000000001       -2.1419028446166668     
        1106   4.8666669999999996       0.23333300000000001       -2.1427486680506509     
        1107   4.9000000000000004       0.23333300000000001       -2.1430817685382340     
        1108   4.9333330000000002       0.23333300000000001       -2.1429226196391227     
        1109   4.9666670000000002       0.23333300000000001       -2.1424330453267384     
        1110   5.0000000000000000       0.23333300000000001       -2.1421667039828902     
        1111   0.0000000000000000       0.26666699999999999        0.0000000000000000     
        1112   3.3333000000000002E-002  0.26666699999999999      -0.19478278189688664     
        1113   6.6667000000000004E-002  0.26666699999999999      -0.48652816002494226     
        1114  0.10000000000000001       0.26666699999999999      -0.83743144036207873     
        1115  0.13333300000000001       0.26666699999999999       -1.2157355973069874     
        1116  0.16666700000000001       0.26666699999999999       -1.5962139786668423     
        1117  0.20000000000000001       0.26666699999999999       -1.9141143386025816     
        1118  0.23333300000000001       0.26666699999999999       -2.1863141462269691     
        1119  0.26666699999999999       0.26666699999999999       -2.3905728338847716     
        1120  0.29999999999999999       0.26666699999999999       -2.5361719790998896     
        1121  0.33333299999999999       0.26666699999999999       -2.6349087508464404     
        1122  0.36666700000000002       0.26666699999999999       -2.6827207377787663     
        1123  0.40000000000000002       0.26666699999999999       -2.6961623370427832     
        1124  0.43333300000000002       0.26666699999999999       -2.6883237205215882     
        1125  0.46666700000000000       0.26666699999999999       -2.6483585070695610     
        1126  0.50000000000000000       0.26666699999999999       -2.6033398172287421     
        1127  0.53333299999999995       0.26666699999999999       -2.5341701223135038     
        1128  0.56666700000000003       0.26666699999999999       -2.4590076878263427     
        1129  0.59999999999999998       0.26666699999999999       -2.3738299568911776     
        1130  0.63333300000000003       0.26666699999999999       -2.2868851122158440     
        1131  0.66666700000000001       0.26666699999999999       -2.1920170684032358     
        1132  0.69999999999999996       0.26666699999999999       -2.1019380813322455     
        1133  0.73333300000000001       0.26666699999999999       -2.0256891432407609     
        1134  0.76666699999999999       0.26666699999999999       -1.9685197947491586     
        1135  0.80000000000000004       0.26666699999999999       -1.9429157273722402     
        1136  0.83333299999999999       0.26666699999999999       -1.9576029765710012     
        1137  0.86666699999999997       0.26666699999999999       -2.0240748398074029     
        1138  0.90000000000000002       0.26666699999999999       -2.1229577213004336     
        1139  0.93333299999999997       0.26666699999999999       -2.2154729562056077     
        1140  0.96666700000000005       0.26666699999999999       -2.2449429918970170     
        1141   1.0000000000000000       0.26666699999999999       -2.1027272931882486     
        1142   1.5000000000000000       0.26666699999999999        1.9332712826485465     
        1143   1.5333330000000001       0.26666699999999999        1.3231932092553200     
        1144   1.5666670000000000       0.26666699999999999       0.73415958817972549     
        1145   1.6000000000000001       0.26666699999999999       0.21347997659857046     
        1146   1.6333329999999999       0.26666699999999999      -0.22431272853735812     
        1147   1.6666669999999999       0.26666699999999999      -0.58328145692715316     
        1148   1.7000000000000000       0.26666699999999999      -0.87335185922776559     
        1149   1.7333330000000000       0.26666699999999999       -1.1071108437402142     
        1150   1.7666670000000000       0.26666699999999999       -1.2934092666474106     
        1151   1.8000000000000000       0.26666699999999999       -1.4424918308793269     
        1152   1.8333330000000001       0.26666699999999999       -1.5634646214784667     
        1153   1.8666670000000001       0.26666699999999999       -1.6602523345502163     
        1154   1.8999999999999999       0.26666699999999999       -1.7392503784034949     
        1155   1.9333330000000000       0.26666699999999999       -1.8033248349018969     
        1156   1.9666669999999999       0.26666699999999999       -1.8559003962886576     
        1157   2.0000000000000000       0.26666699999999999       -1.8983653489220629     
        1158   2.0333329999999998       0.26666699999999999       -1.9340333979461006     
        1159   2.0666669999999998       0.26666699999999999       -1.9627863792370261     
        1160   2.1000000000000001       0.26666699999999999       -1.9860245381885482     
        1161   2.1333329999999999       0.26666699999999999       -2.0057570295947786     
        1162   2.1666669999999999       0.26666699999999999       -2.0222047075488390     
        1163   2.2000000000000002       0.26666699999999999       -2.0342805773563475     
        1164   2.2333330000000000       0.26666699999999999       -2.0452830253953476     
        1165   2.2666670000000000       0.26666699999999999       -2.0524515454955927     
        1166   2.2999999999999998       0.26666699999999999       -2.0595752776477987     
        1167   2.3333330000000001       0.26666699999999999       -2.0640520886878777     
        1168   2.3666670000000001       0.26666699999999999       -2.0669750295267892     
        1169   2.3999999999999999       0.26666699999999999       -2.0696387132133718     
        1170   2.4333330000000002       0.26666699999999999       -2.0713485697871392     
        1171   2.4666670000000002       0.26666699999999999       -2.0724531292614317     
        1172   2.5000000000000000       0.26666699999999999       -2.0738728829403543     
        1173   2.5333329999999998       0.26666699999999999       -2.0725659301556378     
        1174   2.5666669999999998       0.26666699999999999       -2.0733452659996034     
        1175   2.6000000000000001       0.26666699999999999       -2.0712514386703345     
        1176   2.6333329999999999       0.26666699999999999       -2.0715079185921557     
        1177   2.6666669999999999       0.26666699999999999       -2.0694496338344903     
        1178   2.7000000000000002       0.26666699999999999       -2.0680007297779928     
        1179   2.7333330000000000       0.26666699999999999       -2.0678232661031273     
        1180   2.7666670000000000       0.26666699999999999       -2.0653538774370332     
        1181   2.7999999999999998       0.26666699999999999       -2.0649489702726025     
        1182   2.8333330000000001       0.26666699999999999       -2.0628154149094562     
        1183   2.8666670000000001       0.26666699999999999       -2.0617626057263929     
        1184   2.8999999999999999       0.26666699999999999       -2.0613314460756436     
        1185   2.9333330000000002       0.26666699999999999       -2.0594614756482419     
        1186   2.9666670000000002       0.26666699999999999       -2.0578925902989336     
        1187   3.0000000000000000       0.26666699999999999       -2.0581473319976502     
        1188   3.0333329999999998       0.26666699999999999       -2.0567811101553088     
        1189   3.0666669999999998       0.26666699999999999       -2.0556891660266396     
        1190   3.1000000000000001       0.26666699999999999       -2.0558070904006920     
        1191   3.1333329999999999       0.26666699999999999       -2.0550086089579103     
        1192   3.1666669999999999       0.26666699999999999       -2.0543023212946379     
        1193   3.2000000000000002       0.26666699999999999       -2.0543340359020621     
        1194   3.2333330000000000       0.26666699999999999       -2.0546928137492140     
        1195   3.2666670000000000       0.26666699999999999       -2.0544363590215080     
        1196   3.2999999999999998       0.26666699999999999       -2.0548498910384341     
        1197   3.3333330000000001       0.26666699999999999       -2.0556427829417605     
        1198   3.3666670000000001       0.26666699999999999       -2.0557536740074784     
        1199   3.3999999999999999       0.26666699999999999       -2.0563263291316827     
        1200   3.4333330000000002       0.26666699999999999       -2.0568516585543546     
        1201   3.4666670000000002       0.26666699999999999       -2.0578030213110337     
        1202   3.5000000000000000       0.26666699999999999       -2.0583396933698119     
        1203   3.5333329999999998       0.26666699999999999       -2.0594616428625359     
        1204   3.5666669999999998       0.26666699999999999       -2.0601476592952355     
        1205   3.6000000000000001       0.26666699999999999       -2.0610552100497497     
        1206   3.6333329999999999       0.26666699999999999       -2.0624403718839162     
        1207   3.6666669999999999       0.26666699999999999       -2.0636116371324640     
        1208   3.7000000000000002       0.26666699999999999       -2.0651120896232245     
        1209   3.7333330000000000       0.26666699999999999       -2.0666522583143516     
        1210   3.7666670000000000       0.26666699999999999       -2.0682647191137709     
        1211   3.7999999999999998       0.26666699999999999       -2.0696905953943996     
        1212   3.8333330000000001       0.26666699999999999       -2.0712444075676681     
        1213   3.8666670000000001       0.26666699999999999       -2.0729201530075154     
        1214   3.8999999999999999       0.26666699999999999       -2.0744182482172500     
        1215   3.9333330000000002       0.26666699999999999       -2.0761159004317409     
        1216   3.9666670000000002       0.26666699999999999       -2.0776879795961278     
        1217   4.0000000000000000       0.26666699999999999       -2.0792458512101324     
        1218   4.0333329999999998       0.26666699999999999       -2.0808149014492749     
        1219   4.0666669999999998       0.26666699999999999       -2.0825570773225093     
        1220   4.0999999999999996       0.26666699999999999       -2.0842239779976612     
        1221   4.1333330000000004       0.26666699999999999       -2.0859900423228965     
        1222   4.1666670000000003       0.26666699999999999       -2.0875537771748909     
        1223   4.2000000000000002       0.26666699999999999       -2.0892782704709694     
        1224   4.2333330000000000       0.26666699999999999       -2.0908859759167178     
        1225   4.2666670000000000       0.26666699999999999       -2.0926213888120841     
        1226   4.2999999999999998       0.26666699999999999       -2.0943540762026793     
        1227   4.3333329999999997       0.26666699999999999       -2.0959642364402309     
        1228   4.3666669999999996       0.26666699999999999       -2.0975778257593696     
        1229   4.4000000000000004       0.26666699999999999       -2.0989652169425232     
        1230   4.4333330000000002       0.26666699999999999       -2.1002700101723550     
        1231   4.4666670000000002       0.26666699999999999       -2.1015905342166215     
        1232   4.5000000000000000       0.26666699999999999       -2.1026782741518990     
        1233   4.5333329999999998       0.26666699999999999       -2.1037907902987762     
        1234   4.5666669999999998       0.26666699999999999       -2.1047116585719507     
        1235   4.5999999999999996       0.26666699999999999       -2.1055940891742519     
        1236   4.6333330000000004       0.26666699999999999       -2.1062972212082327     
        1237   4.6666670000000003       0.26666699999999999       -2.1068999520300284     
        1238   4.7000000000000002       0.26666699999999999       -2.1073356714902629     
        1239   4.7333330000000000       0.26666699999999999       -2.1077154850741513     
        1240   4.7666670000000000       0.26666699999999999       -2.1078956721260180     
        1241   4.7999999999999998       0.26666699999999999       -2.1080190197309649     
        1242   4.8333329999999997       0.26666699999999999       -2.1078879117422593     
        1243   4.8666669999999996       0.26666699999999999       -2.1075680335103550     
        1244   4.9000000000000004       0.26666699999999999       -2.1070303574281759     
        1245   4.9333330000000002       0.26666699999999999       -2.1063420125505377     
        1246   4.9666670000000002       0.26666699999999999       -2.1056760799560328     
        1247   5.0000000000000000       0.26666699999999999       -2.1053820621029145     
        1248   0.0000000000000000       0.29999999999999999        0.0000000000000000     
        1249   3.3333000000000002E-002  0.29999999999999999      -0.11863170251033262     
        1250   6.6667000000000004E-002  0.29999999999999999      -0.31970550525655722     
        1251  0.10000000000000001       0.29999999999999999      -0.57352307771518174     
        1252  0.13333300000000001       0.29999999999999999      -0.86622934714344069     
        1253  0.16666700000000001       0.29999999999999999       -1.1540824184454099     
        1254  0.20000000000000001       0.29999999999999999       -1.4406169217615810     
        1255  0.23333300000000001       0.29999999999999999       -1.6946080053419041     
        1256  0.26666699999999999       0.29999999999999999       -1.9100545198880314     
        1257  0.29999999999999999       0.29999999999999999       -2.0844571901027664     
        1258  0.33333299999999999       0.29999999999999999       -2.2157905459179252     
        1259  0.36666700000000002       0.29999999999999999       -2.3119174486039227     
        1260  0.40000000000000002       0.29999999999999999       -2.3708170804722886     
        1261  0.43333300000000002       0.29999999999999999       -2.4026844419666080     
        1262  0.46666700000000000       0.29999999999999999       -2.4142466471023938     
        1263  0.50000000000000000       0.29999999999999999       -2.4034403387916505     
        1264  0.53333299999999995       0.29999999999999999       -2.3775708115834688     
        1265  0.56666700000000003       0.29999999999999999       -2.3392260276642354     
        1266  0.59999999999999998       0.29999999999999999       -2.2871378486427343     
        1267  0.63333300000000003       0.29999999999999999       -2.2285945747553253     
        1268  0.66666700000000001       0.29999999999999999       -2.1669287919842195     
        1269  0.69999999999999996       0.29999999999999999       -2.1100055261750095     
        1270  0.73333300000000001       0.29999999999999999       -2.0653658041647343     
        1271  0.76666699999999999       0.29999999999999999       -2.0461493967038837     
        1272  0.80000000000000004       0.29999999999999999       -2.0744046696541849     
        1273  0.83333299999999999       0.29999999999999999       -2.1671390637955281     
        1274  0.86666699999999997       0.29999999999999999       -2.3370742646405538     
        1275  0.90000000000000002       0.29999999999999999       -2.6069267521577868     
        1276  0.93333299999999997       0.29999999999999999       -2.9213634010349918     
        1277  0.96666700000000005       0.29999999999999999       -3.1959031923697987     
        1278   1.0000000000000000       0.29999999999999999       -3.2804350126191850     
        1279   1.5000000000000000       0.29999999999999999        2.4994478928973582     
        1280   1.5333330000000001       0.29999999999999999        1.5411272381045136     
        1281   1.5666670000000000       0.29999999999999999       0.72982306283777898     
        1282   1.6000000000000001       0.29999999999999999        5.6288907867430592E-002
        1283   1.6333329999999999       0.29999999999999999      -0.48720811232384864     
        1284   1.6666669999999999       0.29999999999999999      -0.92000156588931792     
        1285   1.7000000000000000       0.29999999999999999       -1.2593745206245854     
        1286   1.7333330000000000       0.29999999999999999       -1.5258312557824956     
        1287   1.7666670000000000       0.29999999999999999       -1.7362834832638161     
        1288   1.8000000000000000       0.29999999999999999       -1.9012494983765871     
        1289   1.8333330000000001       0.29999999999999999       -2.0308832787728370     
        1290   1.8666670000000001       0.29999999999999999       -2.1341531228135779     
        1291   1.8999999999999999       0.29999999999999999       -2.2158323101477979     
        1292   1.9333330000000000       0.29999999999999999       -2.2805887633628843     
        1293   1.9666669999999999       0.29999999999999999       -2.3309524003881328     
        1294   2.0000000000000000       0.29999999999999999       -2.3715857362933406     
        1295   2.0333329999999998       0.29999999999999999       -2.4009850421426715     
        1296   2.0666669999999998       0.29999999999999999       -2.4247992093742430     
        1297   2.1000000000000001       0.29999999999999999       -2.4427308560714192     
        1298   2.1333329999999999       0.29999999999999999       -2.4563703337512064     
        1299   2.1666669999999999       0.29999999999999999       -2.4626615395747975     
        1300   2.2000000000000002       0.29999999999999999       -2.4693163139181951     
        1301   2.2333330000000000       0.29999999999999999       -2.4690634000237512     
        1302   2.2666670000000000       0.29999999999999999       -2.4697869820138982     
        1303   2.2999999999999998       0.29999999999999999       -2.4655672217769675     
        1304   2.3333330000000001       0.29999999999999999       -2.4611923492929830     
        1305   2.3666670000000001       0.29999999999999999       -2.4555599268323918     
        1306   2.3999999999999999       0.29999999999999999       -2.4491688326814329     
        1307   2.4333330000000002       0.29999999999999999       -2.4393617096380096     
        1308   2.4666670000000002       0.29999999999999999       -2.4310230133839639     
        1309   2.5000000000000000       0.29999999999999999       -2.4216740947643043     
        1310   2.5333329999999998       0.29999999999999999       -2.4134103543258241     
        1311   2.5666669999999998       0.29999999999999999       -2.4016181348887993     
        1312   2.6000000000000001       0.29999999999999999       -2.3924261781710401     
        1313   2.6333329999999999       0.29999999999999999       -2.3803103009161033     
        1314   2.6666669999999999       0.29999999999999999       -2.3701873931040880     
        1315   2.7000000000000002       0.29999999999999999       -2.3605896333602399     
        1316   2.7333330000000000       0.29999999999999999       -2.3487521535090750     
        1317   2.7666670000000000       0.29999999999999999       -2.3393886862620956     
        1318   2.7999999999999998       0.29999999999999999       -2.3276306679929806     
        1319   2.8333330000000001       0.29999999999999999       -2.3185415603615365     
        1320   2.8666670000000001       0.29999999999999999       -2.3078642818190938     
        1321   2.8999999999999999       0.29999999999999999       -2.2973268218253637     
        1322   2.9333330000000002       0.29999999999999999       -2.2875311636766398     
        1323   2.9666670000000002       0.29999999999999999       -2.2787438615264750     
        1324   3.0000000000000000       0.29999999999999999       -2.2699203529486840     
        1325   3.0333329999999998       0.29999999999999999       -2.2602768699413605     
        1326   3.0666669999999998       0.29999999999999999       -2.2523269118798108     
        1327   3.1000000000000001       0.29999999999999999       -2.2431059057356229     
        1328   3.1333329999999999       0.29999999999999999       -2.2355543769606703     
        1329   3.1666669999999999       0.29999999999999999       -2.2274181618298425     
        1330   3.2000000000000002       0.29999999999999999       -2.2199390820051632     
        1331   3.2333330000000000       0.29999999999999999       -2.2129313681515290     
        1332   3.2666670000000000       0.29999999999999999       -2.2058534098295874     
        1333   3.2999999999999998       0.29999999999999999       -2.1992810022365439     
        1334   3.3333330000000001       0.29999999999999999       -2.1930555591594705     
        1335   3.3666670000000001       0.29999999999999999       -2.1863557888233252     
        1336   3.3999999999999999       0.29999999999999999       -2.1807598832606767     
        1337   3.4333330000000002       0.29999999999999999       -2.1755800080434091     
        1338   3.4666670000000002       0.29999999999999999       -2.1694914503341112     
        1339   3.5000000000000000       0.29999999999999999       -2.1646626360934396     
        1340   3.5333329999999998       0.29999999999999999       -2.1597309389885466     
        1341   3.5666669999999998       0.29999999999999999       -2.1546421314010660     
        1342   3.6000000000000001       0.29999999999999999       -2.1505581077626932     
        1343   3.6333329999999999       0.29999999999999999       -2.1460543257862006     
        1344   3.6666669999999999       0.29999999999999999       -2.1423797784062812     
        1345   3.7000000000000002       0.29999999999999999       -2.1383422725159393     
        1346   3.7333330000000000       0.29999999999999999       -2.1349651547162565     
        1347   3.7666670000000000       0.29999999999999999       -2.1314926747944920     
        1348   3.7999999999999998       0.29999999999999999       -2.1280549291891369     
        1349   3.8333330000000001       0.29999999999999999       -2.1253033584589196     
        1350   3.8666670000000001       0.29999999999999999       -2.1222967450805199     
        1351   3.8999999999999999       0.29999999999999999       -2.1194569362920981     
        1352   3.9333330000000002       0.29999999999999999       -2.1169916124148114     
        1353   3.9666670000000002       0.29999999999999999       -2.1143852777947312     
        1354   4.0000000000000000       0.29999999999999999       -2.1117849168328857     
        1355   4.0333329999999998       0.29999999999999999       -2.1096338246132329     
        1356   4.0666669999999998       0.29999999999999999       -2.1076974714209067     
        1357   4.0999999999999996       0.29999999999999999       -2.1056818052896511     
        1358   4.1333330000000004       0.29999999999999999       -2.1037406200688293     
        1359   4.1666670000000003       0.29999999999999999       -2.1018665424216332     
        1360   4.2000000000000002       0.29999999999999999       -2.1001020683015290     
        1361   4.2333330000000000       0.29999999999999999       -2.0985124565017350     
        1362   4.2666670000000000       0.29999999999999999       -2.0970790099534216     
        1363   4.2999999999999998       0.29999999999999999       -2.0957040925524102     
        1364   4.3333329999999997       0.29999999999999999       -2.0943651707591449     
        1365   4.3666669999999996       0.29999999999999999       -2.0930456658772267     
        1366   4.4000000000000004       0.29999999999999999       -2.0916943839281172     
        1367   4.4333330000000002       0.29999999999999999       -2.0904045713997337     
        1368   4.4666670000000002       0.29999999999999999       -2.0891574983377543     
        1369   4.5000000000000000       0.29999999999999999       -2.0879392476379639     
        1370   4.5333329999999998       0.29999999999999999       -2.0866064784839047     
        1371   4.5666669999999998       0.29999999999999999       -2.0853784566301448     
        1372   4.5999999999999996       0.29999999999999999       -2.0840226062301488     
        1373   4.6333330000000004       0.29999999999999999       -2.0827505516519844     
        1374   4.6666670000000003       0.29999999999999999       -2.0813956437690710     
        1375   4.7000000000000002       0.29999999999999999       -2.0799788206448819     
        1376   4.7333330000000000       0.29999999999999999       -2.0786015744134465     
        1377   4.7666670000000000       0.29999999999999999       -2.0771725844544249     
        1378   4.7999999999999998       0.29999999999999999       -2.0756763605575204     
        1379   4.8333329999999997       0.29999999999999999       -2.0741244208617413     
        1380   4.8666669999999996       0.29999999999999999       -2.0725371549443499     
        1381   4.9000000000000004       0.29999999999999999       -2.0710156188406628     
        1382   4.9333330000000002       0.29999999999999999       -2.0694997027793791     
        1383   4.9666670000000002       0.29999999999999999       -2.0683227450938664     
        1384   5.0000000000000000       0.29999999999999999       -2.0678496162073419     
        1385   0.0000000000000000       0.33333299999999999        0.0000000000000000     
        1386   3.3333000000000002E-002  0.33333299999999999       -8.5970365668218751E-002
        1387   6.6667000000000004E-002  0.33333299999999999      -0.21443926128794261     
        1388  0.10000000000000001       0.33333299999999999      -0.39013469014801105     
        1389  0.13333300000000001       0.33333299999999999      -0.59708431406737494     
        1390  0.16666700000000001       0.33333299999999999      -0.83585474084004907     
        1391  0.20000000000000001       0.33333299999999999       -1.0739204857601277     
        1392  0.23333300000000001       0.33333299999999999       -1.2931546370622213     
        1393  0.26666699999999999       0.33333299999999999       -1.5032339592314552     
        1394  0.29999999999999999       0.33333299999999999       -1.6795379869966649     
        1395  0.33333299999999999       0.33333299999999999       -1.8288914110029020     
        1396  0.36666700000000002       0.33333299999999999       -1.9497957391085960     
        1397  0.40000000000000002       0.33333299999999999       -2.0422595981367135     
        1398  0.43333300000000002       0.33333299999999999       -2.1096506094881340     
        1399  0.46666700000000000       0.33333299999999999       -2.1569454576341989     
        1400  0.50000000000000000       0.33333299999999999       -2.1789368034990941     
        1401  0.53333299999999995       0.33333299999999999       -2.1890158050942299     
        1402  0.56666700000000003       0.33333299999999999       -2.1866264374707449     
        1403  0.59999999999999998       0.33333299999999999       -2.1650265615095354     
        1404  0.63333300000000003       0.33333299999999999       -2.1377228187138355     
        1405  0.66666700000000001       0.33333299999999999       -2.1087778032495801     
        1406  0.69999999999999996       0.33333299999999999       -2.0816802405428696     
        1407  0.73333300000000001       0.33333299999999999       -2.0714777957581516     
        1408  0.76666699999999999       0.33333299999999999       -2.0952825823722518     
        1409  0.80000000000000004       0.33333299999999999       -2.1723839265150460     
        1410  0.83333299999999999       0.33333299999999999       -2.3557447709529260     
        1411  0.86666699999999997       0.33333299999999999       -2.6812323300225347     
        1412  0.90000000000000002       0.33333299999999999       -3.1321757096586209     
        1413  0.93333299999999997       0.33333299999999999       -3.7683587479876000     
        1414  0.96666700000000005       0.33333299999999999       -4.4184984014332924     
        1415   1.0000000000000000       0.33333299999999999       -4.9019094630570361     
        1416   1.5000000000000000       0.33333299999999999        2.7447343381639273     
        1417   1.5333330000000001       0.33333299999999999        1.6185975202427956     
        1418   1.5666670000000000       0.33333299999999999       0.59394296644674727     
        1419   1.6000000000000001       0.33333299999999999      -0.23386101652877719     
        1420   1.6333329999999999       0.33333299999999999      -0.87677771520005132     
        1421   1.6666669999999999       0.33333299999999999       -1.3635392291907691     
        1422   1.7000000000000000       0.33333299999999999       -1.7379557183665437     
        1423   1.7333330000000000       0.33333299999999999       -2.0194186763476161     
        1424   1.7666670000000000       0.33333299999999999       -2.2359890911537024     
        1425   1.8000000000000000       0.33333299999999999       -2.4048205420060786     
        1426   1.8333330000000001       0.33333299999999999       -2.5337740371024595     
        1427   1.8666670000000001       0.33333299999999999       -2.6332884840238826     
        1428   1.8999999999999999       0.33333299999999999       -2.7095359152931673     
        1429   1.9333330000000000       0.33333299999999999       -2.7676230472009999     
        1430   1.9666669999999999       0.33333299999999999       -2.8117363081716964     
        1431   2.0000000000000000       0.33333299999999999       -2.8437620691467398     
        1432   2.0333329999999998       0.33333299999999999       -2.8657793719248521     
        1433   2.0666669999999998       0.33333299999999999       -2.8806858309995222     
        1434   2.1000000000000001       0.33333299999999999       -2.8899265889630170     
        1435   2.1333329999999999       0.33333299999999999       -2.8922536291972825     
        1436   2.1666669999999999       0.33333299999999999       -2.8912228972709451     
        1437   2.2000000000000002       0.33333299999999999       -2.8870285144713761     
        1438   2.2333330000000000       0.33333299999999999       -2.8792108278350637     
        1439   2.2666670000000000       0.33333299999999999       -2.8662794731090386     
        1440   2.2999999999999998       0.33333299999999999       -2.8546556814254060     
        1441   2.3333330000000001       0.33333299999999999       -2.8406161330095610     
        1442   2.3666670000000001       0.33333299999999999       -2.8267095240916564     
        1443   2.3999999999999999       0.33333299999999999       -2.8078954077348022     
        1444   2.4333330000000002       0.33333299999999999       -2.7902440613164652     
        1445   2.4666670000000002       0.33333299999999999       -2.7718396395562701     
        1446   2.5000000000000000       0.33333299999999999       -2.7524931160645343     
        1447   2.5333329999999998       0.33333299999999999       -2.7332478656770687     
        1448   2.5666669999999998       0.33333299999999999       -2.7151327125790283     
        1449   2.6000000000000001       0.33333299999999999       -2.6929332782269872     
        1450   2.6333329999999999       0.33333299999999999       -2.6754179470909043     
        1451   2.6666669999999999       0.33333299999999999       -2.6538439840343395     
        1452   2.7000000000000002       0.33333299999999999       -2.6343974406211461     
        1453   2.7333330000000000       0.33333299999999999       -2.6167863950361627     
        1454   2.7666670000000000       0.33333299999999999       -2.5956465307036183     
        1455   2.7999999999999998       0.33333299999999999       -2.5780538453891504     
        1456   2.8333330000000001       0.33333299999999999       -2.5573094236457994     
        1457   2.8666670000000001       0.33333299999999999       -2.5402310209157224     
        1458   2.8999999999999999       0.33333299999999999       -2.5214163424471656     
        1459   2.9333330000000002       0.33333299999999999       -2.5049910966745879     
        1460   2.9666670000000002       0.33333299999999999       -2.4866523986481965     
        1461   3.0000000000000000       0.33333299999999999       -2.4701162583135550     
        1462   3.0333329999999998       0.33333299999999999       -2.4536535169746294     
        1463   3.0666669999999998       0.33333299999999999       -2.4367021441302517     
        1464   3.1000000000000001       0.33333299999999999       -2.4221868848505377     
        1465   3.1333329999999999       0.33333299999999999       -2.4054950079478319     
        1466   3.1666669999999999       0.33333299999999999       -2.3920910287946024     
        1467   3.2000000000000002       0.33333299999999999       -2.3766157656915334     
        1468   3.2333330000000000       0.33333299999999999       -2.3626498663846478     
        1469   3.2666670000000000       0.33333299999999999       -2.3502305346076127     
        1470   3.2999999999999998       0.33333299999999999       -2.3363055601483169     
        1471   3.3333330000000001       0.33333299999999999       -2.3232384913020097     
        1472   3.3666670000000001       0.33333299999999999       -2.3109639147914334     
        1473   3.3999999999999999       0.33333299999999999       -2.2991514293408506     
        1474   3.4333330000000002       0.33333299999999999       -2.2877278377156607     
        1475   3.4666670000000002       0.33333299999999999       -2.2763591467671502     
        1476   3.5000000000000000       0.33333299999999999       -2.2659221226924515     
        1477   3.5333329999999998       0.33333299999999999       -2.2545938215696277     
        1478   3.5666669999999998       0.33333299999999999       -2.2449503489692151     
        1479   3.6000000000000001       0.33333299999999999       -2.2352502328146056     
        1480   3.6333329999999999       0.33333299999999999       -2.2263610240625340     
        1481   3.6666669999999999       0.33333299999999999       -2.2168439823871959     
        1482   3.7000000000000002       0.33333299999999999       -2.2085940150308332     
        1483   3.7333330000000000       0.33333299999999999       -2.1995479510999609     
        1484   3.7666670000000000       0.33333299999999999       -2.1919525462468239     
        1485   3.7999999999999998       0.33333299999999999       -2.1839416338732796     
        1486   3.8333330000000001       0.33333299999999999       -2.1765026886215777     
        1487   3.8666670000000001       0.33333299999999999       -2.1693763119432807     
        1488   3.8999999999999999       0.33333299999999999       -2.1627251732254966     
        1489   3.9333330000000002       0.33333299999999999       -2.1554992912111097     
        1490   3.9666670000000002       0.33333299999999999       -2.1492575137247969     
        1491   4.0000000000000000       0.33333299999999999       -2.1428114471462441     
        1492   4.0333329999999998       0.33333299999999999       -2.1368706584205208     
        1493   4.0666669999999998       0.33333299999999999       -2.1312169264593734     
        1494   4.0999999999999996       0.33333299999999999       -2.1258474179188487     
        1495   4.1333330000000004       0.33333299999999999       -2.1203301101178389     
        1496   4.1666670000000003       0.33333299999999999       -2.1150744015442378     
        1497   4.2000000000000002       0.33333299999999999       -2.1099182836627262     
        1498   4.2333330000000000       0.33333299999999999       -2.1054865831923602     
        1499   4.2666670000000000       0.33333299999999999       -2.1007778565879689     
        1500   4.2999999999999998       0.33333299999999999       -2.0961852443885531     
        1501   4.3333329999999997       0.33333299999999999       -2.0920989820068994     
        1502   4.3666669999999996       0.33333299999999999       -2.0881294973740139     
        1503   4.4000000000000004       0.33333299999999999       -2.0839033408929062     
        1504   4.4333330000000002       0.33333299999999999       -2.0802103364668065     
        1505   4.4666670000000002       0.33333299999999999       -2.0763728931803209     
        1506   4.5000000000000000       0.33333299999999999       -2.0725753615348306     
        1507   4.5333329999999998       0.33333299999999999       -2.0691708113098604     
        1508   4.5666669999999998       0.33333299999999999       -2.0655416597572156     
        1509   4.5999999999999996       0.33333299999999999       -2.0623004042299806     
        1510   4.6333330000000004       0.33333299999999999       -2.0588131829497507     
        1511   4.6666670000000003       0.33333299999999999       -2.0553940601852250     
        1512   4.7000000000000002       0.33333299999999999       -2.0523239082511147     
        1513   4.7333330000000000       0.33333299999999999       -2.0490671077158615     
        1514   4.7666670000000000       0.33333299999999999       -2.0458629200258915     
        1515   4.7999999999999998       0.33333299999999999       -2.0429037130463064     
        1516   4.8333329999999997       0.33333299999999999       -2.0398372727015954     
        1517   4.8666669999999996       0.33333299999999999       -2.0370304726759589     
        1518   4.9000000000000004       0.33333299999999999       -2.0341823518512037     
        1519   4.9333330000000002       0.33333299999999999       -2.0318353818402177     
        1520   4.9666670000000002       0.33333299999999999       -2.0299825290817539     
        1521   5.0000000000000000       0.33333299999999999       -2.0292973924078144     
        1522   0.0000000000000000       0.36666700000000002        0.0000000000000000     
        1523   3.3333000000000002E-002  0.36666700000000002       -5.2649846756863738E-002
        1524   6.6667000000000004E-002  0.36666700000000002      -0.14402601784099417     
        1525  0.10000000000000001       0.36666700000000002      -0.26952889946032454     
        1526  0.13333300000000001       0.36666700000000002      -0.42412457949001064     
        1527  0.16666700000000001       0.36666700000000002      -0.59702624580839336     
        1528  0.20000000000000001       0.36666700000000002      -0.78831241703830790     
        1529  0.23333300000000001       0.36666700000000002      -0.98251125500967795     
        1530  0.26666699999999999       0.36666700000000002       -1.1602568734546532     
        1531  0.29999999999999999       0.36666700000000002       -1.3319303792914921     
        1532  0.33333299999999999       0.36666700000000002       -1.4849359879920185     
        1533  0.36666700000000002       0.36666700000000002       -1.6157682228803325     
        1534  0.40000000000000002       0.36666700000000002       -1.7263758634073385     
        1535  0.43333300000000002       0.36666700000000002       -1.8172114856041708     
        1536  0.46666700000000000       0.36666700000000002       -1.8873569196440627     
        1537  0.50000000000000000       0.36666700000000002       -1.9412629266159522     
        1538  0.53333299999999995       0.36666700000000002       -1.9813843201863834     
        1539  0.56666700000000003       0.36666700000000002       -2.0031760693091369     
        1540  0.59999999999999998       0.36666700000000002       -2.0163671426554948     
        1541  0.63333300000000003       0.36666700000000002       -2.0167546837582777     
        1542  0.66666700000000001       0.36666700000000002       -2.0182731950773380     
        1543  0.69999999999999996       0.36666700000000002       -2.0213503582489327     
        1544  0.73333300000000001       0.36666700000000002       -2.0441238910270494     
        1545  0.76666699999999999       0.36666700000000002       -2.1076393146111063     
        1546  0.80000000000000004       0.36666700000000002       -2.2474214488176099     
        1547  0.83333299999999999       0.36666700000000002       -2.5231877358203372     
        1548  0.86666699999999997       0.36666700000000002       -3.0037860871649049     
        1549  0.90000000000000002       0.36666700000000002       -3.7445129145374465     
        1550  0.93333299999999997       0.36666700000000002       -4.8068628456752096     
        1551  0.96666700000000005       0.36666700000000002       -5.9051520232187737     
        1552   1.0000000000000000       0.36666700000000002       -6.3842794675153263     
        1553   1.5000000000000000       0.36666700000000002        3.3595605530330226     
        1554   1.5333330000000001       0.36666700000000002        1.6041828248373209     
        1555   1.5666670000000000       0.36666700000000002       0.25749808230318261     
        1556   1.6000000000000001       0.36666700000000002      -0.73453703743208909     
        1557   1.6333329999999999       0.36666700000000002       -1.4413952400473451     
        1558   1.6666669999999999       0.36666700000000002       -1.9588819957896895     
        1559   1.7000000000000000       0.36666700000000002       -2.3288724401694938     
        1560   1.7333330000000000       0.36666700000000002       -2.6042636540060458     
        1561   1.7666670000000000       0.36666700000000002       -2.8086107976292256     
        1562   1.8000000000000000       0.36666700000000002       -2.9605427433807798     
        1563   1.8333330000000001       0.36666700000000002       -3.0737862632633419     
        1564   1.8666670000000001       0.36666700000000002       -3.1588781456887309     
        1565   1.8999999999999999       0.36666700000000002       -3.2202563377349529     
        1566   1.9333330000000000       0.36666700000000002       -3.2655381523654863     
        1567   1.9666669999999999       0.36666700000000002       -3.2956213952030864     
        1568   2.0000000000000000       0.36666700000000002       -3.3129101535950287     
        1569   2.0333329999999998       0.36666700000000002       -3.3246068506635802     
        1570   2.0666669999999998       0.36666700000000002       -3.3259254799140909     
        1571   2.1000000000000001       0.36666700000000002       -3.3221786289922783     
        1572   2.1333329999999999       0.36666700000000002       -3.3143752169204901     
        1573   2.1666669999999999       0.36666700000000002       -3.3036855586161855     
        1574   2.2000000000000002       0.36666700000000002       -3.2848691587741055     
        1575   2.2333330000000000       0.36666700000000002       -3.2677362822867324     
        1576   2.2666670000000000       0.36666700000000002       -3.2457295805931925     
        1577   2.2999999999999998       0.36666700000000002       -3.2231694065222749     
        1578   2.3333330000000001       0.36666700000000002       -3.1969135092678314     
        1579   2.3666670000000001       0.36666700000000002       -3.1712640993544650     
        1580   2.3999999999999999       0.36666700000000002       -3.1449098399234741     
        1581   2.4333330000000002       0.36666700000000002       -3.1198341530574694     
        1582   2.4666670000000002       0.36666700000000002       -3.0898856205997394     
        1583   2.5000000000000000       0.36666700000000002       -3.0603670241375984     
        1584   2.5333329999999998       0.36666700000000002       -3.0331559232432022     
        1585   2.5666669999999998       0.36666700000000002       -3.0028047721706841     
        1586   2.6000000000000001       0.36666700000000002       -2.9744154840825789     
        1587   2.6333329999999999       0.36666700000000002       -2.9466706315109277     
        1588   2.6666669999999999       0.36666700000000002       -2.9187204491385477     
        1589   2.7000000000000002       0.36666700000000002       -2.8894235515519671     
        1590   2.7333330000000000       0.36666700000000002       -2.8625601396472447     
        1591   2.7666670000000000       0.36666700000000002       -2.8356754769997421     
        1592   2.7999999999999998       0.36666700000000002       -2.8069770533612615     
        1593   2.8333330000000001       0.36666700000000002       -2.7804895356010868     
        1594   2.8666670000000001       0.36666700000000002       -2.7540871794457980     
        1595   2.8999999999999999       0.36666700000000002       -2.7300912472258592     
        1596   2.9333330000000002       0.36666700000000002       -2.7033583748851666     
        1597   2.9666670000000002       0.36666700000000002       -2.6804036058779084     
        1598   3.0000000000000000       0.36666700000000002       -2.6543721409411472     
        1599   3.0333329999999998       0.36666700000000002       -2.6316876434493208     
        1600   3.0666669999999998       0.36666700000000002       -2.6096914372341913     
        1601   3.1000000000000001       0.36666700000000002       -2.5857578725810586     
        1602   3.1333329999999999       0.36666700000000002       -2.5638974306689661     
        1603   3.1666669999999999       0.36666700000000002       -2.5430122187439888     
        1604   3.2000000000000002       0.36666700000000002       -2.5224310129671417     
        1605   3.2333330000000000       0.36666700000000002       -2.5013409472658643     
        1606   3.2666670000000000       0.36666700000000002       -2.4821737260197603     
        1607   3.2999999999999998       0.36666700000000002       -2.4622504319977443     
        1608   3.3333330000000001       0.36666700000000002       -2.4443028387007781     
        1609   3.3666670000000001       0.36666700000000002       -2.4270419371831502     
        1610   3.3999999999999999       0.36666700000000002       -2.4083822233909524     
        1611   3.4333330000000002       0.36666700000000002       -2.3906466412925607     
        1612   3.4666670000000002       0.36666700000000002       -2.3752814975604397     
        1613   3.5000000000000000       0.36666700000000002       -2.3585294686437130     
        1614   3.5333329999999998       0.36666700000000002       -2.3429137977989654     
        1615   3.5666669999999998       0.36666700000000002       -2.3279444909018436     
        1616   3.6000000000000001       0.36666700000000002       -2.3133891486637603     
        1617   3.6333329999999999       0.36666700000000002       -2.2991054166940947     
        1618   3.6666669999999999       0.36666700000000002       -2.2861167626694043     
        1619   3.7000000000000002       0.36666700000000002       -2.2720158082180553     
        1620   3.7333330000000000       0.36666700000000002       -2.2591086656485566     
        1621   3.7666670000000000       0.36666700000000002       -2.2467517281943898     
        1622   3.7999999999999998       0.36666700000000002       -2.2352213142622506     
        1623   3.8333330000000001       0.36666700000000002       -2.2232354342590703     
        1624   3.8666670000000001       0.36666700000000002       -2.2117406131301376     
        1625   3.8999999999999999       0.36666700000000002       -2.2011516194559468     
        1626   3.9333330000000002       0.36666700000000002       -2.1904130391305134     
        1627   3.9666670000000002       0.36666700000000002       -2.1798350123038612     
        1628   4.0000000000000000       0.36666700000000002       -2.1705001705890852     
        1629   4.0333329999999998       0.36666700000000002       -2.1605829099621112     
        1630   4.0666669999999998       0.36666700000000002       -2.1516800040880049     
        1631   4.0999999999999996       0.36666700000000002       -2.1424543736123285     
        1632   4.1333330000000004       0.36666700000000002       -2.1338757903435548     
        1633   4.1666670000000003       0.36666700000000002       -2.1255367069817939     
        1634   4.2000000000000002       0.36666700000000002       -2.1172618090738409     
        1635   4.2333330000000000       0.36666700000000002       -2.1097367990389317     
        1636   4.2666670000000000       0.36666700000000002       -2.1021694738035386     
        1637   4.2999999999999998       0.36666700000000002       -2.0947993552915936     
        1638   4.3333329999999997       0.36666700000000002       -2.0878049630827231     
        1639   4.3666669999999996       0.36666700000000002       -2.0810576846628703     
        1640   4.4000000000000004       0.36666700000000002       -2.0743144090938577     
        1641   4.4333330000000002       0.36666700000000002       -2.0679335538989942     
        1642   4.4666670000000002       0.36666700000000002       -2.0619457640990371     
        1643   4.5000000000000000       0.36666700000000002       -2.0557918985027892     
        1644   4.5333329999999998       0.36666700000000002       -2.0499485869923952     
        1645   4.5666669999999998       0.36666700000000002       -2.0443523932710659     
        1646   4.5999999999999996       0.36666700000000002       -2.0389325127556406     
        1647   4.6333330000000004       0.36666700000000002       -2.0334264407456377     
        1648   4.6666670000000003       0.36666700000000002       -2.0281309725297607     
        1649   4.7000000000000002       0.36666700000000002       -2.0230590022872303     
        1650   4.7333330000000000       0.36666700000000002       -2.0181606712519868     
        1651   4.7666670000000000       0.36666700000000002       -2.0134368695140088     
        1652   4.7999999999999998       0.36666700000000002       -2.0085886649602034     
        1653   4.8333329999999997       0.36666700000000002       -2.0043434708154484     
        1654   4.8666669999999996       0.36666700000000002       -1.9998649910080100     
        1655   4.9000000000000004       0.36666700000000002       -1.9960902504795586     
        1656   4.9333330000000002       0.36666700000000002       -1.9924416204456010     
        1657   4.9666670000000002       0.36666700000000002       -1.9899890891423113     
        1658   5.0000000000000000       0.36666700000000002       -1.9889148051330170     
        1659   0.0000000000000000       0.40000000000000002        0.0000000000000000     
        1660   3.3333000000000002E-002  0.40000000000000002       -3.8394083369169614E-002
        1661   6.6667000000000004E-002  0.40000000000000002       -9.8338143685181165E-002
        1662  0.10000000000000001       0.40000000000000002      -0.18139078189519747     
        1663  0.13333300000000001       0.40000000000000002      -0.29954506018678478     
        1664  0.16666700000000001       0.40000000000000002      -0.42469960206150209     
        1665  0.20000000000000001       0.40000000000000002      -0.57933866916072874     
        1666  0.23333300000000001       0.40000000000000002      -0.72946260340721136     
        1667  0.26666699999999999       0.40000000000000002      -0.89087520514484031     
        1668  0.29999999999999999       0.40000000000000002       -1.0400648117346625     
        1669  0.33333299999999999       0.40000000000000002       -1.1848046999628661     
        1670  0.36666700000000002       0.40000000000000002       -1.3154244824063019     
        1671  0.40000000000000002       0.40000000000000002       -1.4324691604959516     
        1672  0.43333300000000002       0.40000000000000002       -1.5361975391129701     
        1673  0.46666700000000000       0.40000000000000002       -1.6238334141114668     
        1674  0.50000000000000000       0.40000000000000002       -1.6982842021331224     
        1675  0.53333299999999995       0.40000000000000002       -1.7575405440561318     
        1676  0.56666700000000003       0.40000000000000002       -1.8056577898583321     
        1677  0.59999999999999998       0.40000000000000002       -1.8430175733996395     
        1678  0.63333300000000003       0.40000000000000002       -1.8724633430921629     
        1679  0.66666700000000001       0.40000000000000002       -1.8997634833685193     
        1680  0.69999999999999996       0.40000000000000002       -1.9293305804750949     
        1681  0.73333300000000001       0.40000000000000002       -1.9807675729134750     
        1682  0.76666699999999999       0.40000000000000002       -2.0826007393346124     
        1683  0.80000000000000004       0.40000000000000002       -2.2902333771643200     
        1684  0.83333299999999999       0.40000000000000002       -2.6518878616169124     
        1685  0.86666699999999997       0.40000000000000002       -3.2821107653755903     
        1686  0.90000000000000002       0.40000000000000002       -4.4374796676047348     
        1687  0.93333299999999997       0.40000000000000002       -6.0921132427840874     
        1688  0.96666700000000005       0.40000000000000002       -8.4149241326292739     
        1689   1.0000000000000000       0.40000000000000002       -10.483236802532199     
        1690   1.5000000000000000       0.40000000000000002        3.5529744008629871     
        1691   1.5333330000000001       0.40000000000000002        1.1807268253616980     
        1692   1.5666670000000000       0.40000000000000002      -0.46967910358950626     
        1693   1.6000000000000001       0.40000000000000002       -1.5521289415321362     
        1694   1.6333329999999999       0.40000000000000002       -2.2599077317815461     
        1695   1.6666669999999999       0.40000000000000002       -2.7337854744809729     
        1696   1.7000000000000000       0.40000000000000002       -3.0608022568761477     
        1697   1.7333330000000000       0.40000000000000002       -3.2916090142853931     
        1698   1.7666670000000000       0.40000000000000002       -3.4549582413864779     
        1699   1.8000000000000000       0.40000000000000002       -3.5693636082385498     
        1700   1.8333330000000001       0.40000000000000002       -3.6511421902487524     
        1701   1.8666670000000001       0.40000000000000002       -3.7073005015276408     
        1702   1.8999999999999999       0.40000000000000002       -3.7460262367509030     
        1703   1.9333330000000000       0.40000000000000002       -3.7664324291079367     
        1704   1.9666669999999999       0.40000000000000002       -3.7774398501910906     
        1705   2.0000000000000000       0.40000000000000002       -3.7775548782970603     
        1706   2.0333329999999998       0.40000000000000002       -3.7689593907976726     
        1707   2.0666669999999998       0.40000000000000002       -3.7585733771416545     
        1708   2.1000000000000001       0.40000000000000002       -3.7381346740755230     
        1709   2.1333329999999999       0.40000000000000002       -3.7159728673274759     
        1710   2.1666669999999999       0.40000000000000002       -3.6895879617911214     
        1711   2.2000000000000002       0.40000000000000002       -3.6627811633922494     
        1712   2.2333330000000000       0.40000000000000002       -3.6287411958638249     
        1713   2.2666670000000000       0.40000000000000002       -3.5992301847201160     
        1714   2.2999999999999998       0.40000000000000002       -3.5612076317036969     
        1715   2.3333330000000001       0.40000000000000002       -3.5296340554941321     
        1716   2.3666670000000001       0.40000000000000002       -3.4918894187511325     
        1717   2.3999999999999999       0.40000000000000002       -3.4526202505574166     
        1718   2.4333330000000002       0.40000000000000002       -3.4171272650870166     
        1719   2.4666670000000002       0.40000000000000002       -3.3790687819776561     
        1720   2.5000000000000000       0.40000000000000002       -3.3439857874945900     
        1721   2.5333329999999998       0.40000000000000002       -3.3036890656727600     
        1722   2.5666669999999998       0.40000000000000002       -3.2658323034303138     
        1723   2.6000000000000001       0.40000000000000002       -3.2311183197886244     
        1724   2.6333329999999999       0.40000000000000002       -3.1913542461173683     
        1725   2.6666669999999999       0.40000000000000002       -3.1565381580343592     
        1726   2.7000000000000002       0.40000000000000002       -3.1227166030224418     
        1727   2.7333330000000000       0.40000000000000002       -3.0835205673510924     
        1728   2.7666670000000000       0.40000000000000002       -3.0508387656277098     
        1729   2.7999999999999998       0.40000000000000002       -3.0144486911939681     
        1730   2.8333330000000001       0.40000000000000002       -2.9831130155322980     
        1731   2.8666670000000001       0.40000000000000002       -2.9473165354902493     
        1732   2.8999999999999999       0.40000000000000002       -2.9147144864824135     
        1733   2.9333330000000002       0.40000000000000002       -2.8847349582369128     
        1734   2.9666670000000002       0.40000000000000002       -2.8514105111915469     
        1735   3.0000000000000000       0.40000000000000002       -2.8226712879989764     
        1736   3.0333329999999998       0.40000000000000002       -2.7915452133544654     
        1737   3.0666669999999998       0.40000000000000002       -2.7613952095064667     
        1738   3.1000000000000001       0.40000000000000002       -2.7327266761023696     
        1739   3.1333329999999999       0.40000000000000002       -2.7065908192106414     
        1740   3.1666669999999999       0.40000000000000002       -2.6770249597734121     
        1741   3.2000000000000002       0.40000000000000002       -2.6517048706531012     
        1742   3.2333330000000000       0.40000000000000002       -2.6267862866803995     
        1743   3.2666670000000000       0.40000000000000002       -2.5997246887978362     
        1744   3.2999999999999998       0.40000000000000002       -2.5754685594957429     
        1745   3.3333330000000001       0.40000000000000002       -2.5522538765449005     
        1746   3.3666670000000001       0.40000000000000002       -2.5279119503610166     
        1747   3.3999999999999999       0.40000000000000002       -2.5046525559375881     
        1748   3.4333330000000002       0.40000000000000002       -2.4838074293973578     
        1749   3.4666670000000002       0.40000000000000002       -2.4611399760885617     
        1750   3.5000000000000000       0.40000000000000002       -2.4408128344159472     
        1751   3.5333329999999998       0.40000000000000002       -2.4214808592507073     
        1752   3.5666669999999998       0.40000000000000002       -2.4007891959244927     
        1753   3.6000000000000001       0.40000000000000002       -2.3821168240631314     
        1754   3.6333329999999999       0.40000000000000002       -2.3627782105976332     
        1755   3.6666669999999999       0.40000000000000002       -2.3451507883730183     
        1756   3.7000000000000002       0.40000000000000002       -2.3270419250985586     
        1757   3.7333330000000000       0.40000000000000002       -2.3111312348425761     
        1758   3.7666670000000000       0.40000000000000002       -2.2942045282821018     
        1759   3.7999999999999998       0.40000000000000002       -2.2774782879028383     
        1760   3.8333330000000001       0.40000000000000002       -2.2626712997296092     
        1761   3.8666670000000001       0.40000000000000002       -2.2482185514050199     
        1762   3.8999999999999999       0.40000000000000002       -2.2327076847754528     
        1763   3.9333330000000002       0.40000000000000002       -2.2184975642973566     
        1764   3.9666670000000002       0.40000000000000002       -2.2054243666934692     
        1765   4.0000000000000000       0.40000000000000002       -2.1915182225759837     
        1766   4.0333329999999998       0.40000000000000002       -2.1792617625925930     
        1767   4.0666669999999998       0.40000000000000002       -2.1663028469809045     
        1768   4.0999999999999996       0.40000000000000002       -2.1541296906275709     
        1769   4.1333330000000004       0.40000000000000002       -2.1426438721338208     
        1770   4.1666670000000003       0.40000000000000002       -2.1315155486337791     
        1771   4.2000000000000002       0.40000000000000002       -2.1202680966930263     
        1772   4.2333330000000000       0.40000000000000002       -2.1095489568640926     
        1773   4.2666670000000000       0.40000000000000002       -2.0995545752886242     
        1774   4.2999999999999998       0.40000000000000002       -2.0899053322421990     
        1775   4.3333329999999997       0.40000000000000002       -2.0797528762582895     
        1776   4.3666669999999996       0.40000000000000002       -2.0701405239213404     
        1777   4.4000000000000004       0.40000000000000002       -2.0615862654490846     
        1778   4.4333330000000002       0.40000000000000002       -2.0524477999154254     
        1779   4.4666670000000002       0.40000000000000002       -2.0440173128887933     
        1780   4.5000000000000000       0.40000000000000002       -2.0362465933387708     
        1781   4.5333329999999998       0.40000000000000002       -2.0279419383021238     
        1782   4.5666669999999998       0.40000000000000002       -2.0200412582515055     
        1783   4.5999999999999996       0.40000000000000002       -2.0126618284003208     
        1784   4.6333330000000004       0.40000000000000002       -2.0052943903526730     
        1785   4.6666670000000003       0.40000000000000002       -1.9985381693500759     
        1786   4.7000000000000002       0.40000000000000002       -1.9914472624789954     
        1787   4.7333330000000000       0.40000000000000002       -1.9847166389761925     
        1788   4.7666670000000000       0.40000000000000002       -1.9780860541011791     
        1789   4.7999999999999998       0.40000000000000002       -1.9721949634114031     
        1790   4.8333329999999997       0.40000000000000002       -1.9661912614108366     
        1791   4.8666669999999996       0.40000000000000002       -1.9606297475312575     
        1792   4.9000000000000004       0.40000000000000002       -1.9553757632728224     
        1793   4.9333330000000002       0.40000000000000002       -1.9508200254142671     
        1794   4.9666670000000002       0.40000000000000002       -1.9473587131898282     
        1795   5.0000000000000000       0.40000000000000002       -1.9461151994594581     
        1796   0.0000000000000000       0.43333300000000002        0.0000000000000000     
        1797   3.3333000000000002E-002  0.43333300000000002       -2.5370409721092359E-002
        1798   6.6667000000000004E-002  0.43333300000000002       -6.4797806493621921E-002
        1799  0.10000000000000001       0.43333300000000002      -0.12792780309573415     
        1800  0.13333300000000001       0.43333300000000002      -0.20595015874775585     
        1801  0.16666700000000001       0.43333300000000002      -0.30693536638508234     
        1802  0.20000000000000001       0.43333300000000002      -0.41624430088300191     
        1803  0.23333300000000001       0.43333300000000002      -0.54282071198126625     
        1804  0.26666699999999999       0.43333300000000002      -0.66882471898854534     
        1805  0.29999999999999999       0.43333300000000002      -0.80430372306653142     
        1806  0.33333299999999999       0.43333300000000002      -0.92900717171026770     
        1807  0.36666700000000002       0.43333300000000002       -1.0545782181625714     
        1808  0.40000000000000002       0.43333300000000002       -1.1717786302087247     
        1809  0.43333300000000002       0.43333300000000002       -1.2759094388470011     
        1810  0.46666700000000000       0.43333300000000002       -1.3728809234923698     
        1811  0.50000000000000000       0.43333300000000002       -1.4581492912706804     
        1812  0.53333299999999995       0.43333300000000002       -1.5328363746903542     
        1813  0.56666700000000003       0.43333300000000002       -1.5989558030170781     
        1814  0.59999999999999998       0.43333300000000002       -1.6569603377945634     
        1815  0.63333300000000003       0.43333300000000002       -1.7063578878924144     
        1816  0.66666700000000001       0.43333300000000002       -1.7543012463271512     
        1817  0.69999999999999996       0.43333300000000002       -1.8101959873448914     
        1818  0.73333300000000001       0.43333300000000002       -1.8869269746081201     
        1819  0.76666699999999999       0.43333300000000002       -2.0191061637389862     
        1820  0.80000000000000004       0.43333300000000002       -2.2619048740525858     
        1821  0.83333299999999999       0.43333300000000002       -2.7124342493688371     
        1822  0.86666699999999997       0.43333300000000002       -3.5484138176035529     
        1823  0.90000000000000002       0.43333300000000002       -4.9964695699847184     
        1824  0.93333299999999997       0.43333300000000002       -7.7827115079457503     
        1825  0.96666700000000005       0.43333300000000002       -11.799451815716292     
        1826   1.0000000000000000       0.43333300000000002       -16.348315271922129     
        1827   1.5000000000000000       0.43333300000000002        3.4236328846630091     
        1828   1.5333330000000001       0.43333300000000002        4.2712816624468344E-003
        1829   1.5666670000000000       0.43333300000000002       -1.8417947845194949     
        1830   1.6000000000000001       0.43333300000000002       -2.8199672603960395     
        1831   1.6333329999999999       0.43333300000000002       -3.3827073047142977     
        1832   1.6666669999999999       0.43333300000000002       -3.7157153967547489     
        1833   1.7000000000000000       0.43333300000000002       -3.9349010415213699     
        1834   1.7333330000000000       0.43333300000000002       -4.0730200463316493     
        1835   1.7666670000000000       0.43333300000000002       -4.1646242561753155     
        1836   1.8000000000000000       0.43333300000000002       -4.2224169286860525     
        1837   1.8333330000000001       0.43333300000000002       -4.2537611315535839     
        1838   1.8666670000000001       0.43333300000000002       -4.2702151112723756     
        1839   1.8999999999999999       0.43333300000000002       -4.2750054189667352     
        1840   1.9333330000000000       0.43333300000000002       -4.2657345002779063     
        1841   1.9666669999999999       0.43333300000000002       -4.2456606921032849     
        1842   2.0000000000000000       0.43333300000000002       -4.2246783653084234     
        1843   2.0333329999999998       0.43333300000000002       -4.1984954402293875     
        1844   2.0666669999999998       0.43333300000000002       -4.1633367242438188     
        1845   2.1000000000000001       0.43333300000000002       -4.1315801025432437     
        1846   2.1333329999999999       0.43333300000000002       -4.0904160346831349     
        1847   2.1666669999999999       0.43333300000000002       -4.0483632859147241     
        1848   2.2000000000000002       0.43333300000000002       -4.0036083245245351     
        1849   2.2333330000000000       0.43333300000000002       -3.9631071020759885     
        1850   2.2666670000000000       0.43333300000000002       -3.9156263145331001     
        1851   2.2999999999999998       0.43333300000000002       -3.8702244591645116     
        1852   2.3333330000000001       0.43333300000000002       -3.8237554916429191     
        1853   2.3666670000000001       0.43333300000000002       -3.7788723828086290     
        1854   2.3999999999999999       0.43333300000000002       -3.7298072766902410     
        1855   2.4333330000000002       0.43333300000000002       -3.6825831803506346     
        1856   2.4666670000000002       0.43333300000000002       -3.6388420174971912     
        1857   2.5000000000000000       0.43333300000000002       -3.5890063867227031     
        1858   2.5333329999999998       0.43333300000000002       -3.5439541734471809     
        1859   2.5666669999999998       0.43333300000000002       -3.5008262097952754     
        1860   2.6000000000000001       0.43333300000000002       -3.4518250290904318     
        1861   2.6333329999999999       0.43333300000000002       -3.4106473712925824     
        1862   2.6666669999999999       0.43333300000000002       -3.3646408026379584     
        1863   2.7000000000000002       0.43333300000000002       -3.3224269201264476     
        1864   2.7333330000000000       0.43333300000000002       -3.2788731404921245     
        1865   2.7666670000000000       0.43333300000000002       -3.2372637216007156     
        1866   2.7999999999999998       0.43333300000000002       -3.1952712569506718     
        1867   2.8333330000000001       0.43333300000000002       -3.1557732877337239     
        1868   2.8666670000000001       0.43333300000000002       -3.1165907380914368     
        1869   2.8999999999999999       0.43333300000000002       -3.0758389157399706     
        1870   2.9333330000000002       0.43333300000000002       -3.0379117551379111     
        1871   2.9666670000000002       0.43333300000000002       -3.0023526588132659     
        1872   3.0000000000000000       0.43333300000000002       -2.9633223866556455     
        1873   3.0333329999999998       0.43333300000000002       -2.9284531772624089     
        1874   3.0666669999999998       0.43333300000000002       -2.8935504199407389     
        1875   3.1000000000000001       0.43333300000000002       -2.8609787018795458     
        1876   3.1333329999999999       0.43333300000000002       -2.8261273483240168     
        1877   3.1666669999999999       0.43333300000000002       -2.7937649077271245     
        1878   3.2000000000000002       0.43333300000000002       -2.7627041615544545     
        1879   3.2333330000000000       0.43333300000000002       -2.7300092275408394     
        1880   3.2666670000000000       0.43333300000000002       -2.6995561949560827     
        1881   3.2999999999999998       0.43333300000000002       -2.6723250838244681     
        1882   3.3333330000000001       0.43333300000000002       -2.6418621874946560     
        1883   3.3666670000000001       0.43333300000000002       -2.6138893142840129     
        1884   3.3999999999999999       0.43333300000000002       -2.5864910799884164     
        1885   3.4333330000000002       0.43333300000000002       -2.5597120430302072     
        1886   3.4666670000000002       0.43333300000000002       -2.5351571726904814     
        1887   3.5000000000000000       0.43333300000000002       -2.5086714691436605     
        1888   3.5333329999999998       0.43333300000000002       -2.4842585055230280     
        1889   3.5666669999999998       0.43333300000000002       -2.4615208566149427     
        1890   3.6000000000000001       0.43333300000000002       -2.4369017222715224     
        1891   3.6333329999999999       0.43333300000000002       -2.4155269105055708     
        1892   3.6666669999999999       0.43333300000000002       -2.3924786007292265     
        1893   3.7000000000000002       0.43333300000000002       -2.3712948045362743     
        1894   3.7333330000000000       0.43333300000000002       -2.3505830359552422     
        1895   3.7666670000000000       0.43333300000000002       -2.3312929463520216     
        1896   3.7999999999999998       0.43333300000000002       -2.3113866499812246     
        1897   3.8333330000000001       0.43333300000000002       -2.2927110310544658     
        1898   3.8666670000000001       0.43333300000000002       -2.2736988923727086     
        1899   3.8999999999999999       0.43333300000000002       -2.2553965252655876     
        1900   3.9333330000000002       0.43333300000000002       -2.2390229236256691     
        1901   3.9666670000000002       0.43333300000000002       -2.2213083989356064     
        1902   4.0000000000000000       0.43333300000000002       -2.2057915906487895     
        1903   4.0333329999999998       0.43333300000000002       -2.1888116439548844     
        1904   4.0666669999999998       0.43333300000000002       -2.1739358817596797     
        1905   4.0999999999999996       0.43333300000000002       -2.1597567213582956     
        1906   4.1333330000000004       0.43333300000000002       -2.1445106232088902     
        1907   4.1666670000000003       0.43333300000000002       -2.1300111394831558     
        1908   4.2000000000000002       0.43333300000000002       -2.1172325819073605     
        1909   4.2333330000000000       0.43333300000000002       -2.1034895884132698     
        1910   4.2666670000000000       0.43333300000000002       -2.0911206651279239     
        1911   4.2999999999999998       0.43333300000000002       -2.0782590723400358     
        1912   4.3333329999999997       0.43333300000000002       -2.0659697723573385     
        1913   4.3666669999999996       0.43333300000000002       -2.0548871050658764     
        1914   4.4000000000000004       0.43333300000000002       -2.0430666680474094     
        1915   4.4333330000000002       0.43333300000000002       -2.0326334230128160     
        1916   4.4666670000000002       0.43333300000000002       -2.0214986636559074     
        1917   4.5000000000000000       0.43333300000000002       -2.0115177871691849     
        1918   4.5333329999999998       0.43333300000000002       -2.0013724466214415     
        1919   4.5666669999999998       0.43333300000000002       -1.9920867604434027     
        1920   4.5999999999999996       0.43333300000000002       -1.9820787078974693     
        1921   4.6333330000000004       0.43333300000000002       -1.9735825391201622     
        1922   4.6666670000000003       0.43333300000000002       -1.9643694093027131     
        1923   4.7000000000000002       0.43333300000000002       -1.9559101727991683     
        1924   4.7333330000000000       0.43333300000000002       -1.9477029511695703     
        1925   4.7666670000000000       0.43333300000000002       -1.9397554038559419     
        1926   4.7999999999999998       0.43333300000000002       -1.9322939964336727     
        1927   4.8333329999999997       0.43333300000000002       -1.9248124193573894     
        1928   4.8666669999999996       0.43333300000000002       -1.9177303335201710     
        1929   4.9000000000000004       0.43333300000000002       -1.9109898701802241     
        1930   4.9333330000000002       0.43333300000000002       -1.9056835937669527     
        1931   4.9666670000000002       0.43333300000000002       -1.9016111544884029     
        1932   5.0000000000000000       0.43333300000000002       -1.8998096142392809     
        1933   0.0000000000000000       0.46666700000000000        0.0000000000000000     
        1934   3.3333000000000002E-002  0.46666700000000000       -1.7274862806510544E-002
        1935   6.6667000000000004E-002  0.46666700000000000       -4.6294812796797050E-002
        1936  0.10000000000000001       0.46666700000000000       -8.8546812416768733E-002
        1937  0.13333300000000001       0.46666700000000000      -0.14410833057455291     
        1938  0.16666700000000001       0.46666700000000000      -0.21336376614747182     
        1939  0.20000000000000001       0.46666700000000000      -0.30004457319350736     
        1940  0.23333300000000001       0.46666700000000000      -0.39847641987551036     
        1941  0.26666699999999999       0.46666700000000000      -0.50317286526230409     
        1942  0.29999999999999999       0.46666700000000000      -0.60892625039465698     
        1943  0.33333299999999999       0.46666700000000000      -0.72332654545917630     
        1944  0.36666700000000002       0.46666700000000000      -0.83289596572100189     
        1945  0.40000000000000002       0.46666700000000000      -0.94018324667383546     
        1946  0.43333300000000002       0.46666700000000000       -1.0436333877452839     
        1947  0.46666700000000000       0.46666700000000000       -1.1397023770647281     
        1948  0.50000000000000000       0.46666700000000000       -1.2301782461110187     
        1949  0.53333299999999995       0.46666700000000000       -1.3139789091887755     
        1950  0.56666700000000003       0.46666700000000000       -1.3907699590524656     
        1951  0.59999999999999998       0.46666700000000000       -1.4608712471177534     
        1952  0.63333300000000003       0.46666700000000000       -1.5272897038459854     
        1953  0.66666700000000001       0.46666700000000000       -1.5930928690110009     
        1954  0.69999999999999996       0.46666700000000000       -1.6660660377453265     
        1955  0.73333300000000001       0.46666700000000000       -1.7636705833025976     
        1956  0.76666699999999999       0.46666700000000000       -1.9135408568252223     
        1957  0.80000000000000004       0.46666700000000000       -2.1684489280214430     
        1958  0.83333299999999999       0.46666700000000000       -2.6820522521236705     
        1959  0.86666699999999997       0.46666700000000000       -3.6384446018979046     
        1960  0.90000000000000002       0.46666700000000000       -5.4724443516813759     
        1961  0.93333299999999997       0.46666700000000000       -9.1380046952743559     
        1962  0.96666700000000005       0.46666700000000000       -16.186913345620166     
        1963   1.0000000000000000       0.46666700000000000       -26.231343689416530     
        1964   1.5000000000000000       0.46666700000000000        2.1912783752184466     
        1965   1.5333330000000001       0.46666700000000000       -2.8463489079182627     
        1966   1.5666670000000000       0.46666700000000000       -4.1903797786999100     
        1967   1.6000000000000001       0.46666700000000000       -4.6229070434078281     
        1968   1.6333329999999999       0.46666700000000000       -4.7881665761203305     
        1969   1.6666669999999999       0.46666700000000000       -4.8721255480828463     
        1970   1.7000000000000000       0.46666700000000000       -4.9114256598305301     
        1971   1.7333330000000000       0.46666700000000000       -4.9162451999970544     
        1972   1.7666670000000000       0.46666700000000000       -4.9114746237310669     
        1973   1.8000000000000000       0.46666700000000000       -4.8921553934367497     
        1974   1.8333330000000001       0.46666700000000000       -4.8621600635213236     
        1975   1.8666670000000001       0.46666700000000000       -4.8258289943544215     
        1976   1.8999999999999999       0.46666700000000000       -4.7884463083451205     
        1977   1.9333330000000000       0.46666700000000000       -4.7426668654165409     
        1978   1.9666669999999999       0.46666700000000000       -4.6938515037801523     
        1979   2.0000000000000000       0.46666700000000000       -4.6455113452686083     
        1980   2.0333329999999998       0.46666700000000000       -4.5887066775892560     
        1981   2.0666669999999998       0.46666700000000000       -4.5401386651808133     
        1982   2.1000000000000001       0.46666700000000000       -4.4819147864213296     
        1983   2.1333329999999999       0.46666700000000000       -4.4249571812829478     
        1984   2.1666669999999999       0.46666700000000000       -4.3694093128818770     
        1985   2.2000000000000002       0.46666700000000000       -4.3138919376985783     
        1986   2.2333330000000000       0.46666700000000000       -4.2501151227864025     
        1987   2.2666670000000000       0.46666700000000000       -4.1950344338791847     
        1988   2.2999999999999998       0.46666700000000000       -4.1419838777886504     
        1989   2.3333330000000001       0.46666700000000000       -4.0813734704042108     
        1990   2.3666670000000001       0.46666700000000000       -4.0218734297004808     
        1991   2.3999999999999999       0.46666700000000000       -3.9667673571424973     
        1992   2.4333330000000002       0.46666700000000000       -3.9118374597355881     
        1993   2.4666670000000002       0.46666700000000000       -3.8536613668941331     
        1994   2.5000000000000000       0.46666700000000000       -3.8032746129760775     
        1995   2.5333329999999998       0.46666700000000000       -3.7450998488836014     
        1996   2.5666669999999998       0.46666700000000000       -3.6933330519858432     
        1997   2.6000000000000001       0.46666700000000000       -3.6407543823669091     
        1998   2.6333329999999999       0.46666700000000000       -3.5887046369827864     
        1999   2.6666669999999999       0.46666700000000000       -3.5412009746105335     
        2000   2.7000000000000002       0.46666700000000000       -3.4884146539081398     
        2001   2.7333330000000000       0.46666700000000000       -3.4407464970085471     
        2002   2.7666670000000000       0.46666700000000000       -3.3906078279341378     
        2003   2.7999999999999998       0.46666700000000000       -3.3441160232947129     
        2004   2.8333330000000001       0.46666700000000000       -3.2969746831749505     
        2005   2.8666670000000001       0.46666700000000000       -3.2532955664676764     
        2006   2.8999999999999999       0.46666700000000000       -3.2107453505552814     
        2007   2.9333330000000002       0.46666700000000000       -3.1649474748745821     
        2008   2.9666670000000002       0.46666700000000000       -3.1205206619119297     
        2009   3.0000000000000000       0.46666700000000000       -3.0817706823950646     
        2010   3.0333329999999998       0.46666700000000000       -3.0395623067276469     
        2011   3.0666669999999998       0.46666700000000000       -2.9985655716418442     
        2012   3.1000000000000001       0.46666700000000000       -2.9597723280581496     
        2013   3.1333329999999999       0.46666700000000000       -2.9230091413715140     
        2014   3.1666669999999999       0.46666700000000000       -2.8876488168044685     
        2015   3.2000000000000002       0.46666700000000000       -2.8485606477260994     
        2016   3.2333330000000000       0.46666700000000000       -2.8124808717074892     
        2017   3.2666670000000000       0.46666700000000000       -2.7796710588786100     
        2018   3.2999999999999998       0.46666700000000000       -2.7457919446717209     
        2019   3.3333330000000001       0.46666700000000000       -2.7119837833792575     
        2020   3.3666670000000001       0.46666700000000000       -2.6805322513936249     
        2021   3.3999999999999999       0.46666700000000000       -2.6504933738655727     
        2022   3.4333330000000002       0.46666700000000000       -2.6181949159374165     
        2023   3.4666670000000002       0.46666700000000000       -2.5884773252929745     
        2024   3.5000000000000000       0.46666700000000000       -2.5610205567428350     
        2025   3.5333329999999998       0.46666700000000000       -2.5316918118402989     
        2026   3.5666669999999998       0.46666700000000000       -2.5034822730784358     
        2027   3.6000000000000001       0.46666700000000000       -2.4784076552709733     
        2028   3.6333329999999999       0.46666700000000000       -2.4505502912250670     
        2029   3.6666669999999999       0.46666700000000000       -2.4258921781205145     
        2030   3.7000000000000002       0.46666700000000000       -2.4025147988910400     
        2031   3.7333330000000000       0.46666700000000000       -2.3773488404772185     
        2032   3.7666670000000000       0.46666700000000000       -2.3540987471049530     
        2033   3.7999999999999998       0.46666700000000000       -2.3326713723939121     
        2034   3.8333330000000001       0.46666700000000000       -2.3089775305522107     
        2035   3.8666670000000001       0.46666700000000000       -2.2884638737786478     
        2036   3.8999999999999999       0.46666700000000000       -2.2673931433375847     
        2037   3.9333330000000002       0.46666700000000000       -2.2470087038803865     
        2038   3.9666670000000002       0.46666700000000000       -2.2281899502364078     
        2039   4.0000000000000000       0.46666700000000000       -2.2082927745760230     
        2040   4.0333329999999998       0.46666700000000000       -2.1897948025906353     
        2041   4.0666669999999998       0.46666700000000000       -2.1718799497078729     
        2042   4.0999999999999996       0.46666700000000000       -2.1546615209408380     
        2043   4.1333330000000004       0.46666700000000000       -2.1370279249230286     
        2044   4.1666670000000003       0.46666700000000000       -2.1213724979432680     
        2045   4.2000000000000002       0.46666700000000000       -2.1046286256602178     
        2046   4.2333330000000000       0.46666700000000000       -2.0899935696999612     
        2047   4.2666670000000000       0.46666700000000000       -2.0742758146363980     
        2048   4.2999999999999998       0.46666700000000000       -2.0597125500357225     
        2049   4.3333329999999997       0.46666700000000000       -2.0454781989503705     
        2050   4.3666669999999996       0.46666700000000000       -2.0315880630854255     
        2051   4.4000000000000004       0.46666700000000000       -2.0188729407200428     
        2052   4.4333330000000002       0.46666700000000000       -2.0052113448520754     
        2053   4.4666670000000002       0.46666700000000000       -1.9930770157629487     
        2054   4.5000000000000000       0.46666700000000000       -1.9807535357592205     
        2055   4.5333329999999998       0.46666700000000000       -1.9694751132914625     
        2056   4.5666669999999998       0.46666700000000000       -1.9575564539246053     
        2057   4.5999999999999996       0.46666700000000000       -1.9464644229719059     
        2058   4.6333330000000004       0.46666700000000000       -1.9357793415482640     
        2059   4.6666670000000003       0.46666700000000000       -1.9251076540952765     
        2060   4.7000000000000002       0.46666700000000000       -1.9153291708905007     
        2061   4.7333330000000000       0.46666700000000000       -1.9058003749723160     
        2062   4.7666670000000000       0.46666700000000000       -1.8968036022475663     
        2063   4.7999999999999998       0.46666700000000000       -1.8871774511742716     
        2064   4.8333329999999997       0.46666700000000000       -1.8788457701080914     
        2065   4.8666669999999996       0.46666700000000000       -1.8705367900397323     
        2066   4.9000000000000004       0.46666700000000000       -1.8627648182017940     
        2067   4.9333330000000002       0.46666700000000000       -1.8562005685180607     
        2068   4.9666670000000002       0.46666700000000000       -1.8511965908372099     
        2069   5.0000000000000000       0.46666700000000000       -1.8492823609498961     
        2070   0.0000000000000000       0.50000000000000000        0.0000000000000000     
        2071   3.3333000000000002E-002  0.50000000000000000       -1.1823120823910646E-002
        2072   6.6667000000000004E-002  0.50000000000000000       -3.2433823635830944E-002
        2073  0.10000000000000001       0.50000000000000000       -5.9561912047025878E-002
        2074  0.13333300000000001       0.50000000000000000      -0.10069162834527143     
        2075  0.16666700000000001       0.50000000000000000      -0.15398536711721894     
        2076  0.20000000000000001       0.50000000000000000      -0.21496017237439080     
        2077  0.23333300000000001       0.50000000000000000      -0.28613897396458865     
        2078  0.26666699999999999       0.50000000000000000      -0.37125374962594260     
        2079  0.29999999999999999       0.50000000000000000      -0.46182274868080531     
        2080  0.33333299999999999       0.50000000000000000      -0.55414530917917082     
        2081  0.36666700000000002       0.50000000000000000      -0.64798736205612961     
        2082  0.40000000000000002       0.50000000000000000      -0.74157133008618659     
        2083  0.43333300000000002       0.50000000000000000      -0.83887478906218094     
        2084  0.46666700000000000       0.50000000000000000      -0.93127936109220832     
        2085  0.50000000000000000       0.50000000000000000       -1.0212609219590378     
        2086  0.53333299999999995       0.50000000000000000       -1.1062603804974624     
        2087  0.56666700000000003       0.50000000000000000       -1.1873811094836253     
        2088  0.59999999999999998       0.50000000000000000       -1.2660120482267605     
        2089  0.63333300000000003       0.50000000000000000       -1.3417068436770454     
        2090  0.66666700000000001       0.50000000000000000       -1.4185099257154463     
        2091  0.69999999999999996       0.50000000000000000       -1.5034621744942804     
        2092  0.73333300000000001       0.50000000000000000       -1.6079036928524557     
        2093  0.76666699999999999       0.50000000000000000       -1.7676880346540320     
        2094  0.80000000000000004       0.50000000000000000       -2.0437689325412678     
        2095  0.83333299999999999       0.50000000000000000       -2.5182590586560454     
        2096  0.86666699999999997       0.50000000000000000       -3.5342584142515352     
        2097  0.90000000000000002       0.50000000000000000       -5.6836141757931298     
        2098  0.93333299999999997       0.50000000000000000       -10.133540112840681     
        2099  0.96666700000000005       0.50000000000000000       -20.005171684906724     
        2100   1.0000000000000000       0.50000000000000000       -44.633794627260180     
        2101   1.0333330000000001       0.50000000000000000       -34.993147313464753     
        2102   1.0666670000000000       0.50000000000000000       -23.627571207651933     
        2103   1.1000000000000001       0.50000000000000000       -20.420957061063316     
        2104   1.1333329999999999       0.50000000000000000       -16.993010432790388     
        2105   1.1666669999999999       0.50000000000000000       -13.545561558168469     
        2106   1.2000000000000000       0.50000000000000000       -13.982389059457065     
        2107   1.2333330000000000       0.50000000000000000       -14.573437417619044     
        2108   1.2666670000000000       0.50000000000000000       -12.227236094086338     
        2109   1.3000000000000000       0.50000000000000000       -13.986667475423259     
        2110   1.3333330000000001       0.50000000000000000       -11.827002194683859     
        2111   1.3666670000000001       0.50000000000000000       -13.052089766107080     
        2112   1.3999999999999999       0.50000000000000000       -13.941522892911241     
        2113   1.4333330000000000       0.50000000000000000       -13.789949001752912     
        2114   1.4666669999999999       0.50000000000000000       -14.901699996788267     
        2115   1.5000000000000000       0.50000000000000000       -16.699720920670025     
        2116   1.5333330000000001       0.50000000000000000       -9.5886175786723982     
        2117   1.5666670000000000       0.50000000000000000       -7.4961276006774744     
        2118   1.6000000000000001       0.50000000000000000       -6.6884785803949116     
        2119   1.6333329999999999       0.50000000000000000       -6.2942761226192090     
        2120   1.6666669999999999       0.50000000000000000       -6.0546042894075658     
        2121   1.7000000000000000       0.50000000000000000       -5.8959461546451051     
        2122   1.7333330000000000       0.50000000000000000       -5.7531398973935515     
        2123   1.7666670000000000       0.50000000000000000       -5.6317703001166750     
        2124   1.8000000000000000       0.50000000000000000       -5.5364307346234227     
        2125   1.8333330000000001       0.50000000000000000       -5.4358539219252657     
        2126   1.8666670000000001       0.50000000000000000       -5.3513549292236879     
        2127   1.8999999999999999       0.50000000000000000       -5.2580160511344234     
        2128   1.9333330000000000       0.50000000000000000       -5.1773057393325397     
        2129   1.9666669999999999       0.50000000000000000       -5.0999212806862850     
        2130   2.0000000000000000       0.50000000000000000       -5.0138342274156420     
        2131   2.0333329999999998       0.50000000000000000       -4.9385439614583451     
        2132   2.0666669999999998       0.50000000000000000       -4.8609685734120207     
        2133   2.1000000000000001       0.50000000000000000       -4.7870811012828991     
        2134   2.1333329999999999       0.50000000000000000       -4.7180225480624935     
        2135   2.1666669999999999       0.50000000000000000       -4.6406399112722063     
        2136   2.2000000000000002       0.50000000000000000       -4.5650283709829003     
        2137   2.2333330000000000       0.50000000000000000       -4.4947815854776341     
        2138   2.2666670000000000       0.50000000000000000       -4.4255675955014286     
        2139   2.2999999999999998       0.50000000000000000       -4.3574871063441165     
        2140   2.3333330000000001       0.50000000000000000       -4.2890894607299508     
        2141   2.3666670000000001       0.50000000000000000       -4.2211288492239731     
        2142   2.3999999999999999       0.50000000000000000       -4.1600262803708796     
        2143   2.4333330000000002       0.50000000000000000       -4.0905874907498934     
        2144   2.4666670000000002       0.50000000000000000       -4.0315626306764436     
        2145   2.5000000000000000       0.50000000000000000       -3.9667063249559749     
        2146   2.5333329999999998       0.50000000000000000       -3.9049814731544710     
        2147   2.5666669999999998       0.50000000000000000       -3.8443047614098487     
        2148   2.6000000000000001       0.50000000000000000       -3.7896973639953142     
        2149   2.6333329999999999       0.50000000000000000       -3.7283359284047837     
        2150   2.6666669999999999       0.50000000000000000       -3.6710796844102069     
        2151   2.7000000000000002       0.50000000000000000       -3.6166171437186612     
        2152   2.7333330000000000       0.50000000000000000       -3.5624168461404628     
        2153   2.7666670000000000       0.50000000000000000       -3.5095307792621213     
        2154   2.7999999999999998       0.50000000000000000       -3.4595445295731162     
        2155   2.8333330000000001       0.50000000000000000       -3.4050090040870469     
        2156   2.8666670000000001       0.50000000000000000       -3.3562853583638579     
        2157   2.8999999999999999       0.50000000000000000       -3.3047741091554488     
        2158   2.9333330000000002       0.50000000000000000       -3.2582613675340144     
        2159   2.9666670000000002       0.50000000000000000       -3.2125973711954980     
        2160   3.0000000000000000       0.50000000000000000       -3.1634312120746757     
        2161   3.0333329999999998       0.50000000000000000       -3.1199079661762816     
        2162   3.0666669999999998       0.50000000000000000       -3.0781358218441612     
        2163   3.1000000000000001       0.50000000000000000       -3.0328228110029034     
        2164   3.1333329999999999       0.50000000000000000       -2.9920619868714642     
        2165   3.1666669999999999       0.50000000000000000       -2.9498998356331949     
        2166   3.2000000000000002       0.50000000000000000       -2.9090850312743148     
        2167   3.2333330000000000       0.50000000000000000       -2.8715812884239424     
        2168   3.2666670000000000       0.50000000000000000       -2.8339992021900042     
        2169   3.2999999999999998       0.50000000000000000       -2.7946875572590213     
        2170   3.3333330000000001       0.50000000000000000       -2.7609854412650594     
        2171   3.3666670000000001       0.50000000000000000       -2.7239915164104254     
        2172   3.3999999999999999       0.50000000000000000       -2.6883589508106307     
        2173   3.4333330000000002       0.50000000000000000       -2.6570646785551215     
        2174   3.4666670000000002       0.50000000000000000       -2.6224757522315052     
        2175   3.5000000000000000       0.50000000000000000       -2.5892690449447890     
        2176   3.5333329999999998       0.50000000000000000       -2.5591444714137079     
        2177   3.5666669999999998       0.50000000000000000       -2.5303099715258974     
        2178   3.6000000000000001       0.50000000000000000       -2.4989163299819714     
        2179   3.6333329999999999       0.50000000000000000       -2.4706364028037591     
        2180   3.6666669999999999       0.50000000000000000       -2.4415286858540570     
        2181   3.7000000000000002       0.50000000000000000       -2.4143609543026594     
        2182   3.7333330000000000       0.50000000000000000       -2.3894463185541270     
        2183   3.7666670000000000       0.50000000000000000       -2.3622426832909706     
        2184   3.7999999999999998       0.50000000000000000       -2.3366613970305865     
        2185   3.8333330000000001       0.50000000000000000       -2.3124437319697573     
        2186   3.8666670000000001       0.50000000000000000       -2.2876358701332880     
        2187   3.8999999999999999       0.50000000000000000       -2.2661131086917532     
        2188   3.9333330000000002       0.50000000000000000       -2.2423934348696180     
        2189   3.9666670000000002       0.50000000000000000       -2.2196340196959925     
        2190   4.0000000000000000       0.50000000000000000       -2.1990541581149032     
        2191   4.0333329999999998       0.50000000000000000       -2.1791784402186014     
        2192   4.0666669999999998       0.50000000000000000       -2.1579431925028003     
        2193   4.0999999999999996       0.50000000000000000       -2.1384249067897749     
        2194   4.1333330000000004       0.50000000000000000       -2.1190042520567380     
        2195   4.1666670000000003       0.50000000000000000       -2.1004394324542703     
        2196   4.2000000000000002       0.50000000000000000       -2.0833754545588299     
        2197   4.2333330000000000       0.50000000000000000       -2.0649020811789489     
        2198   4.2666670000000000       0.50000000000000000       -2.0482841156031983     
        2199   4.2999999999999998       0.50000000000000000       -2.0319638384379011     
        2200   4.3333329999999997       0.50000000000000000       -2.0165315633791585     
        2201   4.3666669999999996       0.50000000000000000       -1.9998858274950899     
        2202   4.4000000000000004       0.50000000000000000       -1.9849581512437944     
        2203   4.4333330000000002       0.50000000000000000       -1.9710031969918842     
        2204   4.4666670000000002       0.50000000000000000       -1.9562363825741718     
        2205   4.5000000000000000       0.50000000000000000       -1.9426934589132270     
        2206   4.5333329999999998       0.50000000000000000       -1.9287899354903462     
        2207   4.5666669999999998       0.50000000000000000       -1.9162605878720125     
        2208   4.5999999999999996       0.50000000000000000       -1.9042005121542753     
        2209   4.6333330000000004       0.50000000000000000       -1.8910619556621866     
        2210   4.6666670000000003       0.50000000000000000       -1.8798798031997628     
        2211   4.7000000000000002       0.50000000000000000       -1.8684670477638161     
        2212   4.7333330000000000       0.50000000000000000       -1.8575336859868525     
        2213   4.7666670000000000       0.50000000000000000       -1.8469230791856630     
        2214   4.7999999999999998       0.50000000000000000       -1.8370719329562877     
        2215   4.8333329999999997       0.50000000000000000       -1.8265146487976534     
        2216   4.8666669999999996       0.50000000000000000       -1.8177692770932352     
        2217   4.9000000000000004       0.50000000000000000       -1.8090516453446879     
        2218   4.9333330000000002       0.50000000000000000       -1.8013763114059049     
        2219   4.9666670000000002       0.50000000000000000       -1.7954852480500747     
        2220   5.0000000000000000       0.50000000000000000       -1.7931280259296476     
        2221   0.0000000000000000       0.53333299999999995        0.0000000000000000     
        2222   3.3333000000000002E-002  0.53333299999999995       -8.0413106978846557E-003
        2223   6.6667000000000004E-002  0.53333299999999995       -2.1068677266212268E-002
        2224  0.10000000000000001       0.53333299999999995       -4.2313019897309657E-002
        2225  0.13333300000000001       0.53333299999999995       -7.0357567858738465E-002
        2226  0.16666700000000001       0.53333299999999995      -0.10622280694281221     
        2227  0.20000000000000001       0.53333299999999995      -0.15252700736679337     
        2228  0.23333300000000001       0.53333299999999995      -0.20942098816809093     
        2229  0.26666699999999999       0.53333299999999995      -0.27224251658883902     
        2230  0.29999999999999999       0.53333299999999995      -0.34296042876747151     
        2231  0.33333299999999999       0.53333299999999995      -0.41582857149273561     
        2232  0.36666700000000002       0.53333299999999995      -0.49791470048758502     
        2233  0.40000000000000002       0.53333299999999995      -0.58039767011550314     
        2234  0.43333300000000002       0.53333299999999995      -0.66157203898252570     
        2235  0.46666700000000000       0.53333299999999995      -0.74799807663784368     
        2236  0.50000000000000000       0.53333299999999995      -0.83303348318723591     
        2237  0.53333299999999995       0.53333299999999995      -0.91536703822317933     
        2238  0.56666700000000003       0.53333299999999995      -0.99657892325059771     
        2239  0.59999999999999998       0.53333299999999995       -1.0768651053572074     
        2240  0.63333300000000003       0.53333299999999995       -1.1563100835878786     
        2241  0.66666700000000001       0.53333299999999995       -1.2390836735866744     
        2242  0.69999999999999996       0.53333299999999995       -1.3282114440733157     
        2243  0.73333300000000001       0.53333299999999995       -1.4397516724100454     
        2244  0.76666699999999999       0.53333299999999995       -1.5972039310885726     
        2245  0.80000000000000004       0.53333299999999995       -1.8420082884163571     
        2246  0.83333299999999999       0.53333299999999995       -2.3269550669856041     
        2247  0.86666699999999997       0.53333299999999995       -3.2103337531935123     
        2248  0.90000000000000002       0.53333299999999995       -5.0389666455768438     
        2249  0.93333299999999997       0.53333299999999995       -8.5327950941292077     
        2250  0.96666700000000005       0.53333299999999995       -15.426016334724819     
        2251   1.0000000000000000       0.53333299999999995       -25.323092085644156     
        2252   1.0333330000000001       0.53333299999999995       -25.786698712221106     
        2253   1.0666670000000000       0.53333299999999995       -22.414428243291688     
        2254   1.1000000000000001       0.53333299999999995       -19.562783812353580     
        2255   1.1333329999999999       0.53333299999999995       -17.095066065835582     
        2256   1.1666669999999999       0.53333299999999995       -15.042901048343191     
        2257   1.2000000000000000       0.53333299999999995       -14.205416819367050     
        2258   1.2333330000000000       0.53333299999999995       -13.770116444609181     
        2259   1.2666670000000000       0.53333299999999995       -12.922110233387057     
        2260   1.3000000000000000       0.53333299999999995       -12.888799784873550     
        2261   1.3333330000000001       0.53333299999999995       -12.301625887888090     
        2262   1.3666670000000001       0.53333299999999995       -12.460003600986736     
        2263   1.3999999999999999       0.53333299999999995       -12.759116842641081     
        2264   1.4333330000000000       0.53333299999999995       -12.870303845327626     
        2265   1.4666669999999999       0.53333299999999995       -13.191474928230949     
        2266   1.5000000000000000       0.53333299999999995       -13.202897354646007     
        2267   1.5333330000000001       0.53333299999999995       -10.823665583858080     
        2268   1.5666670000000000       0.53333299999999995       -9.1887734448325524     
        2269   1.6000000000000001       0.53333299999999995       -8.1509275755233492     
        2270   1.6333329999999999       0.53333299999999995       -7.5126084522198786     
        2271   1.6666669999999999       0.53333299999999995       -7.0836487173946869     
        2272   1.7000000000000000       0.53333299999999995       -6.7376410134923210     
        2273   1.7333330000000000       0.53333299999999995       -6.4761168008893577     
        2274   1.7666670000000000       0.53333299999999995       -6.2724732563626437     
        2275   1.8000000000000000       0.53333299999999995       -6.0898453473589500     
        2276   1.8333330000000001       0.53333299999999995       -5.9384120889908711     
        2277   1.8666670000000001       0.53333299999999995       -5.7870511478302591     
        2278   1.8999999999999999       0.53333299999999995       -5.6664759876490454     
        2279   1.9333330000000000       0.53333299999999995       -5.5408702963939040     
        2280   1.9666669999999999       0.53333299999999995       -5.4236246769512597     
        2281   2.0000000000000000       0.53333299999999995       -5.3256255808009501     
        2282   2.0333329999999998       0.53333299999999995       -5.2162917198035137     
        2283   2.0666669999999998       0.53333299999999995       -5.1225025561789002     
        2284   2.1000000000000001       0.53333299999999995       -5.0250015104699655     
        2285   2.1333329999999999       0.53333299999999995       -4.9373866457906672     
        2286   2.1666669999999999       0.53333299999999995       -4.8474728409201058     
        2287   2.2000000000000002       0.53333299999999995       -4.7601158755744706     
        2288   2.2333330000000000       0.53333299999999995       -4.6830692012612252     
        2289   2.2666670000000000       0.53333299999999995       -4.5981614482798800     
        2290   2.2999999999999998       0.53333299999999995       -4.5147831427728571     
        2291   2.3333330000000001       0.53333299999999995       -4.4413324705964738     
        2292   2.3666670000000001       0.53333299999999995       -4.3704930716520893     
        2293   2.3999999999999999       0.53333299999999995       -4.2918524029790612     
        2294   2.4333330000000002       0.53333299999999995       -4.2245198011067542     
        2295   2.4666670000000002       0.53333299999999995       -4.1490791174421764     
        2296   2.5000000000000000       0.53333299999999995       -4.0845738742982469     
        2297   2.5333329999999998       0.53333299999999995       -4.0169201987174530     
        2298   2.5666669999999998       0.53333299999999995       -3.9502576323603491     
        2299   2.6000000000000001       0.53333299999999995       -3.8852056579612868     
        2300   2.6333329999999999       0.53333299999999995       -3.8267798283345109     
        2301   2.6666669999999999       0.53333299999999995       -3.7606605842757497     
        2302   2.7000000000000002       0.53333299999999995       -3.7021805630462143     
        2303   2.7333330000000000       0.53333299999999995       -3.6413864297194971     
        2304   2.7666670000000000       0.53333299999999995       -3.5857504438679291     
        2305   2.7999999999999998       0.53333299999999995       -3.5269892183207472     
        2306   2.8333330000000001       0.53333299999999995       -3.4756093283236922     
        2307   2.8666670000000001       0.53333299999999995       -3.4179815720826543     
        2308   2.8999999999999999       0.53333299999999995       -3.3691984746299379     
        2309   2.9333330000000002       0.53333299999999995       -3.3151634715075793     
        2310   2.9666670000000002       0.53333299999999995       -3.2619570085546306     
        2311   3.0000000000000000       0.53333299999999995       -3.2165033936152234     
        2312   3.0333329999999998       0.53333299999999995       -3.1660031487134921     
        2313   3.0666669999999998       0.53333299999999995       -3.1189446348774585     
        2314   3.1000000000000001       0.53333299999999995       -3.0758154634038446     
        2315   3.1333329999999999       0.53333299999999995       -3.0269194428597506     
        2316   3.1666669999999999       0.53333299999999995       -2.9854438434693114     
        2317   3.2000000000000002       0.53333299999999995       -2.9426690378956439     
        2318   3.2333330000000000       0.53333299999999995       -2.8992013710725231     
        2319   3.2666670000000000       0.53333299999999995       -2.8580249840716578     
        2320   3.2999999999999998       0.53333299999999995       -2.8205486082794193     
        2321   3.3333330000000001       0.53333299999999995       -2.7792132118374142     
        2322   3.3666670000000001       0.53333299999999995       -2.7411560868380334     
        2323   3.3999999999999999       0.53333299999999995       -2.7060789624077271     
        2324   3.4333330000000002       0.53333299999999995       -2.6676707482967732     
        2325   3.4666670000000002       0.53333299999999995       -2.6321723869536116     
        2326   3.5000000000000000       0.53333299999999995       -2.5996374381322607     
        2327   3.5333329999999998       0.53333299999999995       -2.5639719408611001     
        2328   3.5666669999999998       0.53333299999999995       -2.5319709242373571     
        2329   3.6000000000000001       0.53333299999999995       -2.4989902234746095     
        2330   3.6333329999999999       0.53333299999999995       -2.4689700857867778     
        2331   3.6666669999999999       0.53333299999999995       -2.4396859735743650     
        2332   3.7000000000000002       0.53333299999999995       -2.4083806555707494     
        2333   3.7333330000000000       0.53333299999999995       -2.3798843995401953     
        2334   3.7666670000000000       0.53333299999999995       -2.3513330410779125     
        2335   3.7999999999999998       0.53333299999999995       -2.3248746082262364     
        2336   3.8333330000000001       0.53333299999999995       -2.2977154697454423     
        2337   3.8666670000000001       0.53333299999999995       -2.2731056907696421     
        2338   3.8999999999999999       0.53333299999999995       -2.2464555438465812     
        2339   3.9333330000000002       0.53333299999999995       -2.2218106495092713     
        2340   3.9666670000000002       0.53333299999999995       -2.1992374000731156     
        2341   4.0000000000000000       0.53333299999999995       -2.1752101443335552     
        2342   4.0333329999999998       0.53333299999999995       -2.1519102930737932     
        2343   4.0666669999999998       0.53333299999999995       -2.1314594293684479     
        2344   4.0999999999999996       0.53333299999999995       -2.1086360763965253     
        2345   4.1333330000000004       0.53333299999999995       -2.0881943383225723     
        2346   4.1666670000000003       0.53333299999999995       -2.0678869441012031     
        2347   4.2000000000000002       0.53333299999999995       -2.0481971131866090     
        2348   4.2333330000000000       0.53333299999999995       -2.0303211040103410     
        2349   4.2666670000000000       0.53333299999999995       -2.0110078266536027     
        2350   4.2999999999999998       0.53333299999999995       -1.9928322166036341     
        2351   4.3333329999999997       0.53333299999999995       -1.9750508073515185     
        2352   4.3666669999999996       0.53333299999999995       -1.9583189400749239     
        2353   4.4000000000000004       0.53333299999999995       -1.9419756052362374     
        2354   4.4333330000000002       0.53333299999999995       -1.9252361094120465     
        2355   4.4666670000000002       0.53333299999999995       -1.9108167201712287     
        2356   4.5000000000000000       0.53333299999999995       -1.8946029286534607     
        2357   4.5333329999999998       0.53333299999999995       -1.8810347076665332     
        2358   4.5666669999999998       0.53333299999999995       -1.8662877971911176     
        2359   4.5999999999999996       0.53333299999999995       -1.8523110709813098     
        2360   4.6333330000000004       0.53333299999999995       -1.8391482716215481     
        2361   4.6666670000000003       0.53333299999999995       -1.8263695122160095     
        2362   4.7000000000000002       0.53333299999999995       -1.8138525045526239     
        2363   4.7333330000000000       0.53333299999999995       -1.8019184944863278     
        2364   4.7666670000000000       0.53333299999999995       -1.7904622260477503     
        2365   4.7999999999999998       0.53333299999999995       -1.7787521811426061     
        2366   4.8333329999999997       0.53333299999999995       -1.7680805614043023     
        2367   4.8666669999999996       0.53333299999999995       -1.7578490482878357     
        2368   4.9000000000000004       0.53333299999999995       -1.7490315151022864     
        2369   4.9333330000000002       0.53333299999999995       -1.7401169071336846     
        2370   4.9666670000000002       0.53333299999999995       -1.7333161063288927     
        2371   5.0000000000000000       0.53333299999999995       -1.7305692814488407     
        2372   0.0000000000000000       0.56666700000000003        0.0000000000000000     
        2373   3.3333000000000002E-002  0.56666700000000003       -5.4996480437584051E-003
        2374   6.6667000000000004E-002  0.56666700000000003       -1.4958607976503927E-002
        2375  0.10000000000000001       0.56666700000000003       -2.9022029085532555E-002
        2376  0.13333300000000001       0.56666700000000003       -4.7704901803852437E-002
        2377  0.16666700000000001       0.56666700000000003       -7.4811640823561759E-002
        2378  0.20000000000000001       0.56666700000000003      -0.10914570064162199     
        2379  0.23333300000000001       0.56666700000000003      -0.15002588179369689     
        2380  0.26666699999999999       0.56666700000000003      -0.19744940236172329     
        2381  0.29999999999999999       0.56666700000000003      -0.25054514315281678     
        2382  0.33333299999999999       0.56666700000000003      -0.31219179719809820     
        2383  0.36666700000000002       0.56666700000000003      -0.37562853939362606     
        2384  0.40000000000000002       0.56666700000000003      -0.44530531893141762     
        2385  0.43333300000000002       0.56666700000000003      -0.51758032849526858     
        2386  0.46666700000000000       0.56666700000000003      -0.59165176153143106     
        2387  0.50000000000000000       0.56666700000000003      -0.66546475700589225     
        2388  0.53333299999999995       0.56666700000000003      -0.74357121202755228     
        2389  0.56666700000000003       0.56666700000000003      -0.82195266470660810     
        2390  0.59999999999999998       0.56666700000000003      -0.89821012871365025     
        2391  0.63333300000000003       0.56666700000000003      -0.97754639163298140     
        2392  0.66666700000000001       0.56666700000000003       -1.0599201805814011     
        2393  0.69999999999999996       0.56666700000000003       -1.1511908500100458     
        2394  0.73333300000000001       0.56666700000000003       -1.2575076983471045     
        2395  0.76666699999999999       0.56666700000000003       -1.4009524606528663     
        2396  0.80000000000000004       0.56666700000000003       -1.6286739283770149     
        2397  0.83333299999999999       0.56666700000000003       -2.0008132498500135     
        2398  0.86666699999999997       0.56666700000000003       -2.7664638665931296     
        2399  0.90000000000000002       0.56666700000000003       -4.0814923129965832     
        2400  0.93333299999999997       0.56666700000000003       -6.4032664026843547     
        2401  0.96666700000000005       0.56666700000000003       -10.729182501765354     
        2402   1.0000000000000000       0.56666700000000003       -16.205326503349355     
        2403   1.0333330000000001       0.56666700000000003       -18.621671284374528     
        2404   1.0666670000000000       0.56666700000000003       -18.547990283891494     
        2405   1.1000000000000001       0.56666700000000003       -17.474576402566150     
        2406   1.1333329999999999       0.56666700000000003       -16.153866932417415     
        2407   1.1666669999999999       0.56666700000000003       -14.745945583029615     
        2408   1.2000000000000000       0.56666700000000003       -13.870288806909365     
        2409   1.2333330000000000       0.56666700000000003       -13.254503514384901     
        2410   1.2666670000000000       0.56666700000000003       -12.635593532173027     
        2411   1.3000000000000000       0.56666700000000003       -12.285884765337721     
        2412   1.3333330000000001       0.56666700000000003       -11.930854488399740     
        2413   1.3666670000000001       0.56666700000000003       -11.801259981279737     
        2414   1.3999999999999999       0.56666700000000003       -11.810079720116855     
        2415   1.4333330000000000       0.56666700000000003       -11.814506318372459     
        2416   1.4666669999999999       0.56666700000000003       -11.846158401810747     
        2417   1.5000000000000000       0.56666700000000003       -11.663750856880524     
        2418   1.5333330000000001       0.56666700000000003       -10.664744678647130     
        2419   1.5666670000000000       0.56666700000000003       -9.7112362442484468     
        2420   1.6000000000000001       0.56666700000000003       -8.8839035395996593     
        2421   1.6333329999999999       0.56666700000000003       -8.2315997938922472     
        2422   1.6666669999999999       0.56666700000000003       -7.7288360048501659     
        2423   1.7000000000000000       0.56666700000000003       -7.3235107512213311     
        2424   1.7333330000000000       0.56666700000000003       -7.0177348169785896     
        2425   1.7666670000000000       0.56666700000000003       -6.7344767270154344     
        2426   1.8000000000000000       0.56666700000000003       -6.4972880882939918     
        2427   1.8333330000000001       0.56666700000000003       -6.2869640114556500     
        2428   1.8666670000000001       0.56666700000000003       -6.1194988582779075     
        2429   1.8999999999999999       0.56666700000000003       -5.9452979038842315     
        2430   1.9333330000000000       0.56666700000000003       -5.8006298041218045     
        2431   1.9666669999999999       0.56666700000000003       -5.6689311223326664     
        2432   2.0000000000000000       0.56666700000000003       -5.5322516112202855     
        2433   2.0333329999999998       0.56666700000000003       -5.4108857358737374     
        2434   2.0666669999999998       0.56666700000000003       -5.2937469293243629     
        2435   2.1000000000000001       0.56666700000000003       -5.1917907014616214     
        2436   2.1333329999999999       0.56666700000000003       -5.0801740263570050     
        2437   2.1666669999999999       0.56666700000000003       -4.9792600908539546     
        2438   2.2000000000000002       0.56666700000000003       -4.8890192161577009     
        2439   2.2333330000000000       0.56666700000000003       -4.7895021666766775     
        2440   2.2666670000000000       0.56666700000000003       -4.7023348359102046     
        2441   2.2999999999999998       0.56666700000000003       -4.6194303264931627     
        2442   2.3333330000000001       0.56666700000000003       -4.5302221985039539     
        2443   2.3666670000000001       0.56666700000000003       -4.4482373714257610     
        2444   2.3999999999999999       0.56666700000000003       -4.3729498788678587     
        2445   2.4333330000000002       0.56666700000000003       -4.2899919850949386     
        2446   2.4666670000000002       0.56666700000000003       -4.2182421534738141     
        2447   2.5000000000000000       0.56666700000000003       -4.1427360762639971     
        2448   2.5333329999999998       0.56666700000000003       -4.0760268990092907     
        2449   2.5666669999999998       0.56666700000000003       -4.0029067009123231     
        2450   2.6000000000000001       0.56666700000000003       -3.9322333217274732     
        2451   2.6333329999999999       0.56666700000000003       -3.8677152490516953     
        2452   2.6666669999999999       0.56666700000000003       -3.8030746863071876     
        2453   2.7000000000000002       0.56666700000000003       -3.7358061746778017     
        2454   2.7333330000000000       0.56666700000000003       -3.6782840056809936     
        2455   2.7666670000000000       0.56666700000000003       -3.6136735016970642     
        2456   2.7999999999999998       0.56666700000000003       -3.5587404152733542     
        2457   2.8333330000000001       0.56666700000000003       -3.4965144273620470     
        2458   2.8666670000000001       0.56666700000000003       -3.4436973391660466     
        2459   2.8999999999999999       0.56666700000000003       -3.3859895188865892     
        2460   2.9333330000000002       0.56666700000000003       -3.3316154593495693     
        2461   2.9666670000000002       0.56666700000000003       -3.2786835668422438     
        2462   3.0000000000000000       0.56666700000000003       -3.2262880253187296     
        2463   3.0333329999999998       0.56666700000000003       -3.1790229103085212     
        2464   3.0666669999999998       0.56666700000000003       -3.1266690019922412     
        2465   3.1000000000000001       0.56666700000000003       -3.0790804594914620     
        2466   3.1333329999999999       0.56666700000000003       -3.0319184798836116     
        2467   3.1666669999999999       0.56666700000000003       -2.9848857739457282     
        2468   3.2000000000000002       0.56666700000000003       -2.9409432324304241     
        2469   3.2333330000000000       0.56666700000000003       -2.8991503769567459     
        2470   3.2666670000000000       0.56666700000000003       -2.8533886477153132     
        2471   3.2999999999999998       0.56666700000000003       -2.8118916466840438     
        2472   3.3333330000000001       0.56666700000000003       -2.7702451000375712     
        2473   3.3666670000000001       0.56666700000000003       -2.7331235640250466     
        2474   3.3999999999999999       0.56666700000000003       -2.6915324368503653     
        2475   3.4333330000000002       0.56666700000000003       -2.6532616268460210     
        2476   3.4666670000000002       0.56666700000000003       -2.6184075866595165     
        2477   3.5000000000000000       0.56666700000000003       -2.5804161201955882     
        2478   3.5333329999999998       0.56666700000000003       -2.5455413032037058     
        2479   3.5666669999999998       0.56666700000000003       -2.5108409967739087     
        2480   3.6000000000000001       0.56666700000000003       -2.4774096687503269     
        2481   3.6333329999999999       0.56666700000000003       -2.4452850207599286     
        2482   3.6666669999999999       0.56666700000000003       -2.4114240365483819     
        2483   3.7000000000000002       0.56666700000000003       -2.3825929113913573     
        2484   3.7333330000000000       0.56666700000000003       -2.3497004735233662     
        2485   3.7666670000000000       0.56666700000000003       -2.3222531758958813     
        2486   3.7999999999999998       0.56666700000000003       -2.2915063747156426     
        2487   3.8333330000000001       0.56666700000000003       -2.2655490029479615     
        2488   3.8666670000000001       0.56666700000000003       -2.2367689964570761     
        2489   3.8999999999999999       0.56666700000000003       -2.2099619268480613     
        2490   3.9333330000000002       0.56666700000000003       -2.1854827841341473     
        2491   3.9666670000000002       0.56666700000000003       -2.1586102229824129     
        2492   4.0000000000000000       0.56666700000000003       -2.1347569843506631     
        2493   4.0333329999999998       0.56666700000000003       -2.1116921530313060     
        2494   4.0666669999999998       0.56666700000000003       -2.0872505355904880     
        2495   4.0999999999999996       0.56666700000000003       -2.0641362880488443     
        2496   4.1333330000000004       0.56666700000000003       -2.0436543257333764     
        2497   4.1666670000000003       0.56666700000000003       -2.0210277084816441     
        2498   4.2000000000000002       0.56666700000000003       -2.0001446984172015     
        2499   4.2333330000000000       0.56666700000000003       -1.9801256160279483     
        2500   4.2666670000000000       0.56666700000000003       -1.9600755492848729     
        2501   4.2999999999999998       0.56666700000000003       -1.9412500665356407     
        2502   4.3333329999999997       0.56666700000000003       -1.9226502854107377     
        2503   4.3666669999999996       0.56666700000000003       -1.9053831217315300     
        2504   4.4000000000000004       0.56666700000000003       -1.8862648138952371     
        2505   4.4333330000000002       0.56666700000000003       -1.8700631534297025     
        2506   4.4666670000000002       0.56666700000000003       -1.8533288083472239     
        2507   4.5000000000000000       0.56666700000000003       -1.8371208375188084     
        2508   4.5333329999999998       0.56666700000000003       -1.8214952851842898     
        2509   4.5666669999999998       0.56666700000000003       -1.8060441600727832     
        2510   4.5999999999999996       0.56666700000000003       -1.7918289415552373     
        2511   4.6333330000000004       0.56666700000000003       -1.7782437464077634     
        2512   4.6666670000000003       0.56666700000000003       -1.7638840890274037     
        2513   4.7000000000000002       0.56666700000000003       -1.7502178132614059     
        2514   4.7333330000000000       0.56666700000000003       -1.7377504562486132     
        2515   4.7666670000000000       0.56666700000000003       -1.7248279741179338     
        2516   4.7999999999999998       0.56666700000000003       -1.7128585820244508     
        2517   4.8333329999999997       0.56666700000000003       -1.7020784969223315     
        2518   4.8666669999999996       0.56666700000000003       -1.6905348187255380     
        2519   4.9000000000000004       0.56666700000000003       -1.6805510678200426     
        2520   4.9333330000000002       0.56666700000000003       -1.6714379042414633     
        2521   4.9666670000000002       0.56666700000000003       -1.6642147806207910     
        2522   5.0000000000000000       0.56666700000000003       -1.6612958163616929     
        2523   0.0000000000000000       0.59999999999999998        0.0000000000000000     
        2524   3.3333000000000002E-002  0.59999999999999998       -3.7912302155265099E-003
        2525   6.6667000000000004E-002  0.59999999999999998       -1.0381971736159004E-002
        2526  0.10000000000000001       0.59999999999999998       -1.9452940896473158E-002
        2527  0.13333300000000001       0.59999999999999998       -3.3832662184418133E-002
        2528  0.16666700000000001       0.59999999999999998       -5.1455358258034649E-002
        2529  0.20000000000000001       0.59999999999999998       -7.7345546860144887E-002
        2530  0.23333300000000001       0.59999999999999998      -0.10718926343660543     
        2531  0.26666699999999999       0.59999999999999998      -0.14212995488317104     
        2532  0.29999999999999999       0.59999999999999998      -0.18292777385417264     
        2533  0.33333299999999999       0.59999999999999998      -0.22928229077966930     
        2534  0.36666700000000002       0.59999999999999998      -0.27886428441244920     
        2535  0.40000000000000002       0.59999999999999998      -0.33695483259728032     
        2536  0.43333300000000002       0.59999999999999998      -0.39885305921993119     
        2537  0.46666700000000000       0.59999999999999998      -0.45880482219929541     
        2538  0.50000000000000000       0.59999999999999998      -0.52653427484856263     
        2539  0.53333299999999995       0.59999999999999998      -0.59344988535285459     
        2540  0.56666700000000003       0.59999999999999998      -0.66222380449274387     
        2541  0.59999999999999998       0.59999999999999998      -0.73528270568846055     
        2542  0.63333300000000003       0.59999999999999998      -0.81145658209410831     
        2543  0.66666700000000001       0.59999999999999998      -0.88885030185639702     
        2544  0.69999999999999996       0.59999999999999998      -0.97295565345421064     
        2545  0.73333300000000001       0.59999999999999998       -1.0751343950698586     
        2546  0.76666699999999999       0.59999999999999998       -1.1965872781337481     
        2547  0.80000000000000004       0.59999999999999998       -1.3867390782609723     
        2548  0.83333299999999999       0.59999999999999998       -1.6974539332100884     
        2549  0.86666699999999997       0.59999999999999998       -2.2038798944509015     
        2550  0.90000000000000002       0.59999999999999998       -3.1524957560771423     
        2551  0.93333299999999997       0.59999999999999998       -4.7972100348678079     
        2552  0.96666700000000005       0.59999999999999998       -7.2750807984293004     
        2553   1.0000000000000000       0.59999999999999998       -10.470949531900807     
        2554   1.0333330000000001       0.59999999999999998       -12.955327845265749     
        2555   1.0666670000000000       0.59999999999999998       -14.192665240918485     
        2556   1.1000000000000001       0.59999999999999998       -14.337303343013106     
        2557   1.1333329999999999       0.59999999999999998       -13.947705222480886     
        2558   1.1666669999999999       0.59999999999999998       -13.412908832278795     
        2559   1.2000000000000000       0.59999999999999998       -12.794133865501879     
        2560   1.2333330000000000       0.59999999999999998       -12.272699541719930     
        2561   1.2666670000000000       0.59999999999999998       -11.850988040124763     
        2562   1.3000000000000000       0.59999999999999998       -11.512452967921256     
        2563   1.3333330000000001       0.59999999999999998       -11.185925780799874     
        2564   1.3666670000000001       0.59999999999999998       -10.995616789469786     
        2565   1.3999999999999999       0.59999999999999998       -10.872948108898067     
        2566   1.4333330000000000       0.59999999999999998       -10.791080317855698     
        2567   1.4666669999999999       0.59999999999999998       -10.710340219926005     
        2568   1.5000000000000000       0.59999999999999998       -10.528784564610644     
        2569   1.5333330000000001       0.59999999999999998       -10.103473096232051     
        2570   1.5666670000000000       0.59999999999999998       -9.4993399332436752     
        2571   1.6000000000000001       0.59999999999999998       -8.9758360499247232     
        2572   1.6333329999999999       0.59999999999999998       -8.4288638846058799     
        2573   1.6666669999999999       0.59999999999999998       -7.9531922578280172     
        2574   1.7000000000000000       0.59999999999999998       -7.5951536870533998     
        2575   1.7333330000000000       0.59999999999999998       -7.2447938071481923     
        2576   1.7666670000000000       0.59999999999999998       -6.9551297007852044     
        2577   1.8000000000000000       0.59999999999999998       -6.7079070204373465     
        2578   1.8333330000000001       0.59999999999999998       -6.4901164552796207     
        2579   1.8666670000000001       0.59999999999999998       -6.2728536857623256     
        2580   1.8999999999999999       0.59999999999999998       -6.1057056959410545     
        2581   1.9333330000000000       0.59999999999999998       -5.9269591732692470     
        2582   1.9666669999999999       0.59999999999999998       -5.7712528168292323     
        2583   2.0000000000000000       0.59999999999999998       -5.6325217952467463     
        2584   2.0333329999999998       0.59999999999999998       -5.5050882884867276     
        2585   2.0666669999999998       0.59999999999999998       -5.3683898590324688     
        2586   2.1000000000000001       0.59999999999999998       -5.2490544543402553     
        2587   2.1333329999999999       0.59999999999999998       -5.1379404470513057     
        2588   2.1666669999999999       0.59999999999999998       -5.0343069996826095     
        2589   2.2000000000000002       0.59999999999999998       -4.9227226184705124     
        2590   2.2333330000000000       0.59999999999999998       -4.8315790592674466     
        2591   2.2666670000000000       0.59999999999999998       -4.7288700287230592     
        2592   2.2999999999999998       0.59999999999999998       -4.6371595517579793     
        2593   2.3333330000000001       0.59999999999999998       -4.5551507055208527     
        2594   2.3666670000000001       0.59999999999999998       -4.4635226945471551     
        2595   2.3999999999999999       0.59999999999999998       -4.3765326165054566     
        2596   2.4333330000000002       0.59999999999999998       -4.3022603611325243     
        2597   2.4666670000000002       0.59999999999999998       -4.2214701855394008     
        2598   2.5000000000000000       0.59999999999999998       -4.1431434493953763     
        2599   2.5333329999999998       0.59999999999999998       -4.0663268141884412     
        2600   2.5666669999999998       0.59999999999999998       -3.9970279302254004     
        2601   2.6000000000000001       0.59999999999999998       -3.9294290497736473     
        2602   2.6333329999999999       0.59999999999999998       -3.8557131718396778     
        2603   2.6666669999999999       0.59999999999999998       -3.7887052859828327     
        2604   2.7000000000000002       0.59999999999999998       -3.7268538125666222     
        2605   2.7333330000000000       0.59999999999999998       -3.6583657481159793     
        2606   2.7666670000000000       0.59999999999999998       -3.6006739023571579     
        2607   2.7999999999999998       0.59999999999999998       -3.5368907387782365     
        2608   2.8333330000000001       0.59999999999999998       -3.4781231353137252     
        2609   2.8666670000000001       0.59999999999999998       -3.4169764264637106     
        2610   2.8999999999999999       0.59999999999999998       -3.3630570100174322     
        2611   2.9333330000000002       0.59999999999999998       -3.3055902224465714     
        2612   2.9666670000000002       0.59999999999999998       -3.2553251226359876     
        2613   3.0000000000000000       0.59999999999999998       -3.1980255070622969     
        2614   3.0333329999999998       0.59999999999999998       -3.1465954056068934     
        2615   3.0666669999999998       0.59999999999999998       -3.0987979598274311     
        2616   3.1000000000000001       0.59999999999999998       -3.0454293694359200     
        2617   3.1333329999999999       0.59999999999999998       -3.0016495040398694     
        2618   3.1666669999999999       0.59999999999999998       -2.9519370163853336     
        2619   3.2000000000000002       0.59999999999999998       -2.9040034227290210     
        2620   3.2333330000000000       0.59999999999999998       -2.8596623527371379     
        2621   3.2666670000000000       0.59999999999999998       -2.8180275324412332     
        2622   3.2999999999999998       0.59999999999999998       -2.7717338674522174     
        2623   3.3333330000000001       0.59999999999999998       -2.7320126544269545     
        2624   3.3666670000000001       0.59999999999999998       -2.6906004018301068     
        2625   3.3999999999999999       0.59999999999999998       -2.6492658517658598     
        2626   3.4333330000000002       0.59999999999999998       -2.6126388177002799     
        2627   3.4666670000000002       0.59999999999999998       -2.5719150670597437     
        2628   3.5000000000000000       0.59999999999999998       -2.5358729516999894     
        2629   3.5333329999999998       0.59999999999999998       -2.5016536575812527     
        2630   3.5666669999999998       0.59999999999999998       -2.4629421871937112     
        2631   3.6000000000000001       0.59999999999999998       -2.4308877502668245     
        2632   3.6333329999999999       0.59999999999999998       -2.3952865073501455     
        2633   3.6666669999999999       0.59999999999999998       -2.3628449734714807     
        2634   3.7000000000000002       0.59999999999999998       -2.3308896795572003     
        2635   3.7333330000000000       0.59999999999999998       -2.2994341847115178     
        2636   3.7666670000000000       0.59999999999999998       -2.2684551726260098     
        2637   3.7999999999999998       0.59999999999999998       -2.2396356240897886     
        2638   3.8333330000000001       0.59999999999999998       -2.2097460166488330     
        2639   3.8666670000000001       0.59999999999999998       -2.1818729619381161     
        2640   3.8999999999999999       0.59999999999999998       -2.1556499418993376     
        2641   3.9333330000000002       0.59999999999999998       -2.1272170408397386     
        2642   3.9666670000000002       0.59999999999999998       -2.1028309663101692     
        2643   4.0000000000000000       0.59999999999999998       -2.0762056104490307     
        2644   4.0333329999999998       0.59999999999999998       -2.0504595313467497     
        2645   4.0666669999999998       0.59999999999999998       -2.0275443303551839     
        2646   4.0999999999999996       0.59999999999999998       -2.0039365489726957     
        2647   4.1333330000000004       0.59999999999999998       -1.9809034680641029     
        2648   4.1666670000000003       0.59999999999999998       -1.9598550323276160     
        2649   4.2000000000000002       0.59999999999999998       -1.9366353079884262     
        2650   4.2333330000000000       0.59999999999999998       -1.9155799333755712     
        2651   4.2666670000000000       0.59999999999999998       -1.8964878830054503     
        2652   4.2999999999999998       0.59999999999999998       -1.8760092388163512     
        2653   4.3333329999999997       0.59999999999999998       -1.8559260617468754     
        2654   4.3666669999999996       0.59999999999999998       -1.8374648982455288     
        2655   4.4000000000000004       0.59999999999999998       -1.8193139646118239     
        2656   4.4333330000000002       0.59999999999999998       -1.8018984834562002     
        2657   4.4666670000000002       0.59999999999999998       -1.7834348538557592     
        2658   4.5000000000000000       0.59999999999999998       -1.7680977765055768     
        2659   4.5333329999999998       0.59999999999999998       -1.7505202616085420     
        2660   4.5666669999999998       0.59999999999999998       -1.7358162998432538     
        2661   4.5999999999999996       0.59999999999999998       -1.7205851072087899     
        2662   4.6333330000000004       0.59999999999999998       -1.7048032997798042     
        2663   4.6666670000000003       0.59999999999999998       -1.6909541660521361     
        2664   4.7000000000000002       0.59999999999999998       -1.6777056790393174     
        2665   4.7333330000000000       0.59999999999999998       -1.6632440804348083     
        2666   4.7666670000000000       0.59999999999999998       -1.6507110389476809     
        2667   4.7999999999999998       0.59999999999999998       -1.6387659879657799     
        2668   4.8333329999999997       0.59999999999999998       -1.6258158096953073     
        2669   4.8666669999999996       0.59999999999999998       -1.6152103029873588     
        2670   4.9000000000000004       0.59999999999999998       -1.6037100415286061     
        2671   4.9333330000000002       0.59999999999999998       -1.5946447409453770     
        2672   4.9666670000000002       0.59999999999999998       -1.5869756166111595     
        2673   5.0000000000000000       0.59999999999999998       -1.5840676403671925     
        2674   0.0000000000000000       0.63333300000000003        0.0000000000000000     
        2675   3.3333000000000002E-002  0.63333300000000003       -2.3680503435623370E-003
        2676   6.6667000000000004E-002  0.63333300000000003       -6.8935920622489920E-003
        2677  0.10000000000000001       0.63333300000000003       -1.3781000252736490E-002
        2678  0.13333300000000001       0.63333300000000003       -2.2784666333729123E-002
        2679  0.16666700000000001       0.63333300000000003       -3.6616351481467101E-002
        2680  0.20000000000000001       0.63333300000000003       -5.3487752696692363E-002
        2681  0.23333300000000001       0.63333300000000003       -7.4627978806039816E-002
        2682  0.26666699999999999       0.63333300000000003      -0.10073866990992296     
        2683  0.29999999999999999       0.63333300000000003      -0.13206958932700602     
        2684  0.33333299999999999       0.63333300000000003      -0.16712182336469109     
        2685  0.36666700000000002       0.63333300000000003      -0.20809202619516329     
        2686  0.40000000000000002       0.63333300000000003      -0.25209070105554798     
        2687  0.43333300000000002       0.63333300000000003      -0.29945895028875213     
        2688  0.46666700000000000       0.63333300000000003      -0.35244734686685047     
        2689  0.50000000000000000       0.63333300000000003      -0.40566351732580741     
        2690  0.53333299999999995       0.63333300000000003      -0.46582300219739647     
        2691  0.56666700000000003       0.63333300000000003      -0.52740454633709388     
        2692  0.59999999999999998       0.63333300000000003      -0.59013960774516927     
        2693  0.63333300000000003       0.63333300000000003      -0.65730540443301588     
        2694  0.66666700000000001       0.63333300000000003      -0.72982650535013360     
        2695  0.69999999999999996       0.63333300000000003      -0.80754762260474433     
        2696  0.73333300000000001       0.63333300000000003      -0.89590140227511339     
        2697  0.76666699999999999       0.63333300000000003       -1.0065942186336538     
        2698  0.80000000000000004       0.63333300000000003       -1.1596901236680921     
        2699  0.83333299999999999       0.63333300000000003       -1.3878432499247424     
        2700  0.86666699999999997       0.63333300000000003       -1.7488975020339999     
        2701  0.90000000000000002       0.63333300000000003       -2.3232216945996256     
        2702  0.93333299999999997       0.63333300000000003       -3.3937471082315196     
        2703  0.96666700000000005       0.63333300000000003       -5.0198289544773882     
        2704   1.0000000000000000       0.63333300000000003       -6.8351646676496127     
        2705   1.0333330000000001       0.63333300000000003       -8.8262822284225955     
        2706   1.0666670000000000       0.63333300000000003       -10.203791926099809     
        2707   1.1000000000000001       0.63333300000000003       -11.033527106234841     
        2708   1.1333329999999999       0.63333300000000003       -11.290484647431947     
        2709   1.1666669999999999       0.63333300000000003       -11.250919692375790     
        2710   1.2000000000000000       0.63333300000000003       -11.107873160986591     
        2711   1.2333330000000000       0.63333300000000003       -10.893112468025233     
        2712   1.2666670000000000       0.63333300000000003       -10.616490481984179     
        2713   1.3000000000000000       0.63333300000000003       -10.375225485741066     
        2714   1.3333330000000001       0.63333300000000003       -10.165535921881158     
        2715   1.3666670000000001       0.63333300000000003       -9.9747220459647288     
        2716   1.3999999999999999       0.63333300000000003       -9.8467111110814294     
        2717   1.4333330000000000       0.63333300000000003       -9.7283992110705704     
        2718   1.4666669999999999       0.63333300000000003       -9.6228424071102943     
        2719   1.5000000000000000       0.63333300000000003       -9.4737091157493030     
        2720   1.5333330000000001       0.63333300000000003       -9.2417360569589881     
        2721   1.5666670000000000       0.63333300000000003       -8.9313314356792262     
        2722   1.6000000000000001       0.63333300000000003       -8.5486879637917639     
        2723   1.6333329999999999       0.63333300000000003       -8.1762419347704522     
        2724   1.6666669999999999       0.63333300000000003       -7.8368705537873220     
        2725   1.7000000000000000       0.63333300000000003       -7.4817365655970764     
        2726   1.7333330000000000       0.63333300000000003       -7.1952820699010109     
        2727   1.7666670000000000       0.63333300000000003       -6.9433902866992661     
        2728   1.8000000000000000       0.63333300000000003       -6.6865170348259833     
        2729   1.8333330000000001       0.63333300000000003       -6.4522536813811575     
        2730   1.8666670000000001       0.63333300000000003       -6.2648021652611243     
        2731   1.8999999999999999       0.63333300000000003       -6.0800055033133935     
        2732   1.9333330000000000       0.63333300000000003       -5.9140764356718316     
        2733   1.9666669999999999       0.63333300000000003       -5.7459418286206949     
        2734   2.0000000000000000       0.63333300000000003       -5.6033240811616958     
        2735   2.0333329999999998       0.63333300000000003       -5.4585611510839485     
        2736   2.0666669999999998       0.63333300000000003       -5.3371593046853221     
        2737   2.1000000000000001       0.63333300000000003       -5.2135878793774992     
        2738   2.1333329999999999       0.63333300000000003       -5.0930794313857914     
        2739   2.1666669999999999       0.63333300000000003       -4.9776897018391830     
        2740   2.2000000000000002       0.63333300000000003       -4.8782918788011091     
        2741   2.2333330000000000       0.63333300000000003       -4.7754892654285541     
        2742   2.2666670000000000       0.63333300000000003       -4.6780854570708570     
        2743   2.2999999999999998       0.63333300000000003       -4.5828926945935979     
        2744   2.3333330000000001       0.63333300000000003       -4.4921365695081645     
        2745   2.3666670000000001       0.63333300000000003       -4.4030165190808050     
        2746   2.3999999999999999       0.63333300000000003       -4.3227788626428287     
        2747   2.4333330000000002       0.63333300000000003       -4.2342676539424273     
        2748   2.4666670000000002       0.63333300000000003       -4.1577871773919828     
        2749   2.5000000000000000       0.63333300000000003       -4.0808710599425329     
        2750   2.5333329999999998       0.63333300000000003       -4.0093606469143701     
        2751   2.5666669999999998       0.63333300000000003       -3.9318847987895884     
        2752   2.6000000000000001       0.63333300000000003       -3.8572612090604306     
        2753   2.6333329999999999       0.63333300000000003       -3.7904773794488134     
        2754   2.6666669999999999       0.63333300000000003       -3.7260387744996373     
        2755   2.7000000000000002       0.63333300000000003       -3.6554657080656203     
        2756   2.7333330000000000       0.63333300000000003       -3.5940593629013993     
        2757   2.7666670000000000       0.63333300000000003       -3.5291311065040953     
        2758   2.7999999999999998       0.63333300000000003       -3.4694605867741837     
        2759   2.8333330000000001       0.63333300000000003       -3.4081195460943583     
        2760   2.8666670000000001       0.63333300000000003       -3.3527874544338858     
        2761   2.8999999999999999       0.63333300000000003       -3.2916661119362876     
        2762   2.9333330000000002       0.63333300000000003       -3.2371368885884428     
        2763   2.9666670000000002       0.63333300000000003       -3.1832145967742362     
        2764   3.0000000000000000       0.63333300000000003       -3.1295423226035624     
        2765   3.0333329999999998       0.63333300000000003       -3.0779971311843557     
        2766   3.0666669999999998       0.63333300000000003       -3.0243209828380673     
        2767   3.1000000000000001       0.63333300000000003       -2.9771050441740208     
        2768   3.1333329999999999       0.63333300000000003       -2.9286626458059644     
        2769   3.1666669999999999       0.63333300000000003       -2.8805787302472337     
        2770   3.2000000000000002       0.63333300000000003       -2.8344812738589740     
        2771   3.2333330000000000       0.63333300000000003       -2.7896160105288219     
        2772   3.2666670000000000       0.63333300000000003       -2.7426788633220349     
        2773   3.2999999999999998       0.63333300000000003       -2.7030898738961562     
        2774   3.3333330000000001       0.63333300000000003       -2.6592435647962636     
        2775   3.3666670000000001       0.63333300000000003       -2.6164403376443732     
        2776   3.3999999999999999       0.63333300000000003       -2.5772958252848643     
        2777   3.4333330000000002       0.63333300000000003       -2.5376633906624457     
        2778   3.4666670000000002       0.63333300000000003       -2.5013674393489422     
        2779   3.5000000000000000       0.63333300000000003       -2.4620112663568481     
        2780   3.5333329999999998       0.63333300000000003       -2.4261806194941578     
        2781   3.5666669999999998       0.63333300000000003       -2.3906182186679210     
        2782   3.6000000000000001       0.63333300000000003       -2.3539681492058189     
        2783   3.6333329999999999       0.63333300000000003       -2.3211380186044805     
        2784   3.6666669999999999       0.63333300000000003       -2.2899512609861667     
        2785   3.7000000000000002       0.63333300000000003       -2.2547305475748654     
        2786   3.7333330000000000       0.63333300000000003       -2.2257350609353868     
        2787   3.7666670000000000       0.63333300000000003       -2.1935440013617731     
        2788   3.7999999999999998       0.63333300000000003       -2.1634906014831863     
        2789   3.8333330000000001       0.63333300000000003       -2.1338348779397420     
        2790   3.8666670000000001       0.63333300000000003       -2.1046903959141829     
        2791   3.8999999999999999       0.63333300000000003       -2.0770868696461102     
        2792   3.9333330000000002       0.63333300000000003       -2.0518471709036881     
        2793   3.9666670000000002       0.63333300000000003       -2.0238111573459334     
        2794   4.0000000000000000       0.63333300000000003       -1.9981120108975732     
        2795   4.0333329999999998       0.63333300000000003       -1.9743929479799529     
        2796   4.0666669999999998       0.63333300000000003       -1.9480910462058916     
        2797   4.0999999999999996       0.63333300000000003       -1.9264161810718059     
        2798   4.1333330000000004       0.63333300000000003       -1.9023063177752664     
        2799   4.1666670000000003       0.63333300000000003       -1.8792048949322226     
        2800   4.2000000000000002       0.63333300000000003       -1.8577304651970303     
        2801   4.2333330000000000       0.63333300000000003       -1.8365269248051781     
        2802   4.2666670000000000       0.63333300000000003       -1.8147934670482808     
        2803   4.2999999999999998       0.63333300000000003       -1.7957821787288988     
        2804   4.3333329999999997       0.63333300000000003       -1.7760404778905756     
        2805   4.3666669999999996       0.63333300000000003       -1.7555473531659165     
        2806   4.4000000000000004       0.63333300000000003       -1.7386685562778861     
        2807   4.4333330000000002       0.63333300000000003       -1.7194581786896959     
        2808   4.4666670000000002       0.63333300000000003       -1.7020962720843940     
        2809   4.5000000000000000       0.63333300000000003       -1.6852038412385473     
        2810   4.5333329999999998       0.63333300000000003       -1.6687301277284448     
        2811   4.5666669999999998       0.63333300000000003       -1.6531115471194902     
        2812   4.5999999999999996       0.63333300000000003       -1.6366752813734331     
        2813   4.6333330000000004       0.63333300000000003       -1.6220797917314580     
        2814   4.6666670000000003       0.63333300000000003       -1.6069485453098125     
        2815   4.7000000000000002       0.63333300000000003       -1.5928324646223253     
        2816   4.7333330000000000       0.63333300000000003       -1.5800607063513705     
        2817   4.7666670000000000       0.63333300000000003       -1.5664064229982964     
        2818   4.7999999999999998       0.63333300000000003       -1.5531569676322738     
        2819   4.8333329999999997       0.63333300000000003       -1.5411239549394937     
        2820   4.8666669999999996       0.63333300000000003       -1.5293336542838718     
        2821   4.9000000000000004       0.63333300000000003       -1.5190426313587784     
        2822   4.9333330000000002       0.63333300000000003       -1.5083234104722874     
        2823   4.9666670000000002       0.63333300000000003       -1.5011425031204846     
        2824   5.0000000000000000       0.63333300000000003       -1.4976453741232247     
        2825   0.0000000000000000       0.66666700000000001        0.0000000000000000     
        2826   3.3333000000000002E-002  0.66666700000000001       -1.7657563798870340E-003
        2827   6.6667000000000004E-002  0.66666700000000001       -4.6295257643518758E-003
        2828  0.10000000000000001       0.66666700000000001       -9.1257667993808900E-003
        2829  0.13333300000000001       0.66666700000000001       -1.5933476487443751E-002
        2830  0.16666700000000001       0.66666700000000001       -2.4649594664250280E-002
        2831  0.20000000000000001       0.66666700000000001       -3.7534271410027534E-002
        2832  0.23333300000000001       0.66666700000000001       -5.1767563561594995E-002
        2833  0.26666699999999999       0.66666700000000001       -7.1852743544538633E-002
        2834  0.29999999999999999       0.66666700000000001       -9.3325488295878722E-002
        2835  0.33333299999999999       0.66666700000000001      -0.12156929970854626     
        2836  0.36666700000000002       0.66666700000000001      -0.15133115859355420     
        2837  0.40000000000000002       0.66666700000000001      -0.18400139497798837     
        2838  0.43333300000000002       0.66666700000000001      -0.22327447665452155     
        2839  0.46666700000000000       0.66666700000000001      -0.26524373817286584     
        2840  0.50000000000000000       0.66666700000000001      -0.31033634460371279     
        2841  0.53333299999999995       0.66666700000000001      -0.35779833396314320     
        2842  0.56666700000000003       0.66666700000000001      -0.41063800318526583     
        2843  0.59999999999999998       0.66666700000000001      -0.46672509148043789     
        2844  0.63333300000000003       0.66666700000000001      -0.52354004888836780     
        2845  0.66666700000000001       0.66666700000000001      -0.58465240799561224     
        2846  0.69999999999999996       0.66666700000000001      -0.65576635942244610     
        2847  0.73333300000000001       0.66666700000000001      -0.72944332451207194     
        2848  0.76666699999999999       0.66666700000000001      -0.82450960105570859     
        2849  0.80000000000000004       0.66666700000000001      -0.93957789204014497     
        2850  0.83333299999999999       0.66666700000000001       -1.1058546704985464     
        2851  0.86666699999999997       0.66666700000000001       -1.3630729710440204     
        2852  0.90000000000000002       0.66666700000000001       -1.7742775744150232     
        2853  0.93333299999999997       0.66666700000000001       -2.4044184895934197     
        2854  0.96666700000000005       0.66666700000000001       -3.3015705972720735     
        2855   1.0000000000000000       0.66666700000000001       -4.5723731705851467     
        2856   1.0333330000000001       0.66666700000000001       -5.8254117134851366     
        2857   1.0666670000000000       0.66666700000000001       -7.0881540418678330     
        2858   1.1000000000000001       0.66666700000000001       -7.9869332138985172     
        2859   1.1333329999999999       0.66666700000000001       -8.5828157805769152     
        2860   1.1666669999999999       0.66666700000000001       -8.9297093763642614     
        2861   1.2000000000000000       0.66666700000000001       -9.0752373691099919     
        2862   1.2333330000000000       0.66666700000000001       -9.0934619125253562     
        2863   1.2666670000000000       0.66666700000000001       -9.0665683143386975     
        2864   1.3000000000000000       0.66666700000000001       -8.9636588089526334     
        2865   1.3333330000000001       0.66666700000000001       -8.8737177295949401     
        2866   1.3666670000000001       0.66666700000000001       -8.7764558706071689     
        2867   1.3999999999999999       0.66666700000000001       -8.6695173666971783     
        2868   1.4333330000000000       0.66666700000000001       -8.5826638474989778     
        2869   1.4666669999999999       0.66666700000000001       -8.4983153510656564     
        2870   1.5000000000000000       0.66666700000000001       -8.3881108115872038     
        2871   1.5333330000000001       0.66666700000000001       -8.2666508492382800     
        2872   1.5666670000000000       0.66666700000000001       -8.0745699443881804     
        2873   1.6000000000000001       0.66666700000000001       -7.8353471897219027     
        2874   1.6333329999999999       0.66666700000000001       -7.6130389539111780     
        2875   1.6666669999999999       0.66666700000000001       -7.3450654270066860     
        2876   1.7000000000000000       0.66666700000000001       -7.1099323326356263     
        2877   1.7333330000000000       0.66666700000000001       -6.8632793363142790     
        2878   1.7666670000000000       0.66666700000000001       -6.6407299379399980     
        2879   1.8000000000000000       0.66666700000000001       -6.4328812367359305     
        2880   1.8333330000000001       0.66666700000000001       -6.2398529095499056     
        2881   1.8666670000000001       0.66666700000000001       -6.0565780805901746     
        2882   1.8999999999999999       0.66666700000000001       -5.8795061583787680     
        2883   1.9333330000000000       0.66666700000000001       -5.7308474090185335     
        2884   1.9666669999999999       0.66666700000000001       -5.5814085198233130     
        2885   2.0000000000000000       0.66666700000000001       -5.4303682934282449     
        2886   2.0333329999999998       0.66666700000000001       -5.3093586481995123     
        2887   2.0666669999999998       0.66666700000000001       -5.1785095329481345     
        2888   2.1000000000000001       0.66666700000000001       -5.0520502782629189     
        2889   2.1333329999999999       0.66666700000000001       -4.9439547333551035     
        2890   2.1666669999999999       0.66666700000000001       -4.8424053890780145     
        2891   2.2000000000000002       0.66666700000000001       -4.7335891110940036     
        2892   2.2333330000000000       0.66666700000000001       -4.6284201553280528     
        2893   2.2666670000000000       0.66666700000000001       -4.5423099083001848     
        2894   2.2999999999999998       0.66666700000000001       -4.4457116635277680     
        2895   2.3333330000000001       0.66666700000000001       -4.3517196012497825     
        2896   2.3666670000000001       0.66666700000000001       -4.2729883700240157     
        2897   2.3999999999999999       0.66666700000000001       -4.1842063197764388     
        2898   2.4333330000000002       0.66666700000000001       -4.1081428944616674     
        2899   2.4666670000000002       0.66666700000000001       -4.0296429901257147     
        2900   2.5000000000000000       0.66666700000000001       -3.9501593928581844     
        2901   2.5333329999999998       0.66666700000000001       -3.8769956520367659     
        2902   2.5666669999999998       0.66666700000000001       -3.8039460461028809     
        2903   2.6000000000000001       0.66666700000000001       -3.7385607922651150     
        2904   2.6333329999999999       0.66666700000000001       -3.6673110951911099     
        2905   2.6666669999999999       0.66666700000000001       -3.5979393354729758     
        2906   2.7000000000000002       0.66666700000000001       -3.5392220371627285     
        2907   2.7333330000000000       0.66666700000000001       -3.4733347142121715     
        2908   2.7666670000000000       0.66666700000000001       -3.4102144815047803     
        2909   2.7999999999999998       0.66666700000000001       -3.3468648712334712     
        2910   2.8333330000000001       0.66666700000000001       -3.2930880859239196     
        2911   2.8666670000000001       0.66666700000000001       -3.2324193972011055     
        2912   2.8999999999999999       0.66666700000000001       -3.1760783018432641     
        2913   2.9333330000000002       0.66666700000000001       -3.1250982643779115     
        2914   2.9666670000000002       0.66666700000000001       -3.0679447115478871     
        2915   3.0000000000000000       0.66666700000000001       -3.0169146718415729     
        2916   3.0333329999999998       0.66666700000000001       -2.9642519274825352     
        2917   3.0666669999999998       0.66666700000000001       -2.9168379224562826     
        2918   3.1000000000000001       0.66666700000000001       -2.8654149637532860     
        2919   3.1333329999999999       0.66666700000000001       -2.8174431711800962     
        2920   3.1666669999999999       0.66666700000000001       -2.7705514370123261     
        2921   3.2000000000000002       0.66666700000000001       -2.7280575403577583     
        2922   3.2333330000000000       0.66666700000000001       -2.6804468605907883     
        2923   3.2666670000000000       0.66666700000000001       -2.6374438864151299     
        2924   3.2999999999999998       0.66666700000000001       -2.5948064117432112     
        2925   3.3333330000000001       0.66666700000000001       -2.5524363720543524     
        2926   3.3666670000000001       0.66666700000000001       -2.5125224176009588     
        2927   3.3999999999999999       0.66666700000000001       -2.4754438268460741     
        2928   3.4333330000000002       0.66666700000000001       -2.4343627904029073     
        2929   3.4666670000000002       0.66666700000000001       -2.3950104382208290     
        2930   3.5000000000000000       0.66666700000000001       -2.3609203117080577     
        2931   3.5333329999999998       0.66666700000000001       -2.3225312251084476     
        2932   3.5666669999999998       0.66666700000000001       -2.2876837250449316     
        2933   3.6000000000000001       0.66666700000000001       -2.2554038417713866     
        2934   3.6333329999999999       0.66666700000000001       -2.2197853157574188     
        2935   3.6666669999999999       0.66666700000000001       -2.1876987265674108     
        2936   3.7000000000000002       0.66666700000000001       -2.1559361937766006     
        2937   3.7333330000000000       0.66666700000000001       -2.1236310702298837     
        2938   3.7666670000000000       0.66666700000000001       -2.0932672750803021     
        2939   3.7999999999999998       0.66666700000000001       -2.0642702549978686     
        2940   3.8333330000000001       0.66666700000000001       -2.0354371784287504     
        2941   3.8666670000000001       0.66666700000000001       -2.0082230224838713     
        2942   3.8999999999999999       0.66666700000000001       -1.9789066907059767     
        2943   3.9333330000000002       0.66666700000000001       -1.9522795774551076     
        2944   3.9666670000000002       0.66666700000000001       -1.9257893341293320     
        2945   4.0000000000000000       0.66666700000000001       -1.9021631008617539     
        2946   4.0333329999999998       0.66666700000000001       -1.8757318867941717     
        2947   4.0666669999999998       0.66666700000000001       -1.8518407674950521     
        2948   4.0999999999999996       0.66666700000000001       -1.8279172304509232     
        2949   4.1333330000000004       0.66666700000000001       -1.8052961341156517     
        2950   4.1666670000000003       0.66666700000000001       -1.7829748432046701     
        2951   4.2000000000000002       0.66666700000000001       -1.7622747168987494     
        2952   4.2333330000000000       0.66666700000000001       -1.7393633926343433     
        2953   4.2666670000000000       0.66666700000000001       -1.7200564953636368     
        2954   4.2999999999999998       0.66666700000000001       -1.6987033816507171     
        2955   4.3333329999999997       0.66666700000000001       -1.6795447258235643     
        2956   4.3666669999999996       0.66666700000000001       -1.6605287307689645     
        2957   4.4000000000000004       0.66666700000000001       -1.6420280845751680     
        2958   4.4333330000000002       0.66666700000000001       -1.6237912274072483     
        2959   4.4666670000000002       0.66666700000000001       -1.6073538783068810     
        2960   4.5000000000000000       0.66666700000000001       -1.5890498169323055     
        2961   4.5333329999999998       0.66666700000000001       -1.5738538776388264     
        2962   4.5666669999999998       0.66666700000000001       -1.5569050719906685     
        2963   4.5999999999999996       0.66666700000000001       -1.5410611587350718     
        2964   4.6333330000000004       0.66666700000000001       -1.5266597232761796     
        2965   4.6666670000000003       0.66666700000000001       -1.5126920965859223     
        2966   4.7000000000000002       0.66666700000000001       -1.4975995186083759     
        2967   4.7333330000000000       0.66666700000000001       -1.4838707534410296     
        2968   4.7666670000000000       0.66666700000000001       -1.4713301300756565     
        2969   4.7999999999999998       0.66666700000000001       -1.4580381134388629     
        2970   4.8333329999999997       0.66666700000000001       -1.4466905006603739     
        2971   4.8666669999999996       0.66666700000000001       -1.4342348226783808     
        2972   4.9000000000000004       0.66666700000000001       -1.4233934227009983     
        2973   4.9333330000000002       0.66666700000000001       -1.4134736828452039     
        2974   4.9666670000000002       0.66666700000000001       -1.4055115412428667     
        2975   5.0000000000000000       0.66666700000000001       -1.4024113291037557     
        2976   0.0000000000000000       0.69999999999999996        0.0000000000000000     
        2977   3.3333000000000002E-002  0.69999999999999996       -1.1829783885883710E-003
        2978   6.6667000000000004E-002  0.69999999999999996       -3.2015939813971189E-003
        2979  0.10000000000000001       0.69999999999999996       -6.0160735633380969E-003
        2980  0.13333300000000001       0.69999999999999996       -1.0737086145079308E-002
        2981  0.16666700000000001       0.69999999999999996       -1.7225346554793179E-002
        2982  0.20000000000000001       0.69999999999999996       -2.5462431223065223E-002
        2983  0.23333300000000001       0.69999999999999996       -3.6501163716320784E-002
        2984  0.26666699999999999       0.69999999999999996       -4.9440766419188584E-002
        2985  0.29999999999999999       0.69999999999999996       -6.6752230341904722E-002
        2986  0.33333299999999999       0.69999999999999996       -8.5235970210013820E-002
        2987  0.36666700000000002       0.69999999999999996      -0.10889050286383091     
        2988  0.40000000000000002       0.69999999999999996      -0.13467038283264865     
        2989  0.43333300000000002       0.69999999999999996      -0.16297105666615827     
        2990  0.46666700000000000       0.69999999999999996      -0.19648150517514559     
        2991  0.50000000000000000       0.69999999999999996      -0.23357159153328261     
        2992  0.53333299999999995       0.69999999999999996      -0.27219017480537400     
        2993  0.56666700000000003       0.69999999999999996      -0.31368791961605214     
        2994  0.59999999999999998       0.69999999999999996      -0.35783567330525584     
        2995  0.63333300000000003       0.69999999999999996      -0.40811898961167309     
        2996  0.66666700000000001       0.69999999999999996      -0.46198588730754758     
        2997  0.69999999999999996       0.69999999999999996      -0.51889326510805445     
        2998  0.73333300000000001       0.69999999999999996      -0.58434902355131235     
        2999  0.76666699999999999       0.69999999999999996      -0.65802265212186084     
        3000  0.80000000000000004       0.69999999999999996      -0.74783955861620988     
        3001  0.83333299999999999       0.69999999999999996      -0.87536534688924872     
        3002  0.86666699999999997       0.69999999999999996       -1.0380311676776639     
        3003  0.90000000000000002       0.69999999999999996       -1.3229086996679624     
        3004  0.93333299999999997       0.69999999999999996       -1.6716085352169820     
        3005  0.96666700000000005       0.69999999999999996       -2.2399350776336124     
        3006   1.0000000000000000       0.69999999999999996       -3.0039766718046002     
        3007   1.0333330000000001       0.69999999999999996       -3.9127042610865712     
        3008   1.0666670000000000       0.69999999999999996       -4.7314775807267040     
        3009   1.1000000000000001       0.69999999999999996       -5.5794056007597872     
        3010   1.1333329999999999       0.69999999999999996       -6.1928327486032515     
        3011   1.1666669999999999       0.69999999999999996       -6.6875160229122175     
        3012   1.2000000000000000       0.69999999999999996       -7.0083524313460783     
        3013   1.2333330000000000       0.69999999999999996       -7.2204713871667252     
        3014   1.2666670000000000       0.69999999999999996       -7.3368572816530468     
        3015   1.3000000000000000       0.69999999999999996       -7.4078654002657958     
        3016   1.3333330000000001       0.69999999999999996       -7.4302281039715226     
        3017   1.3666670000000001       0.69999999999999996       -7.4116923956113592     
        3018   1.3999999999999999       0.69999999999999996       -7.3893751170283135     
        3019   1.4333330000000000       0.69999999999999996       -7.3551125442923286     
        3020   1.4666669999999999       0.69999999999999996       -7.3051914052746447     
        3021   1.5000000000000000       0.69999999999999996       -7.2565329971232186     
        3022   1.5333330000000001       0.69999999999999996       -7.1803784405014923     
        3023   1.5666670000000000       0.69999999999999996       -7.0899536754326800     
        3024   1.6000000000000001       0.69999999999999996       -6.9533652190780391     
        3025   1.6333329999999999       0.69999999999999996       -6.7993608420147620     
        3026   1.6666669999999999       0.69999999999999996       -6.6455863163020998     
        3027   1.7000000000000000       0.69999999999999996       -6.4808433640330838     
        3028   1.7333330000000000       0.69999999999999996       -6.3226196071840119     
        3029   1.7666670000000000       0.69999999999999996       -6.1381224717070628     
        3030   1.8000000000000000       0.69999999999999996       -5.9786620782763000     
        3031   1.8333330000000001       0.69999999999999996       -5.8361027066695268     
        3032   1.8666670000000001       0.69999999999999996       -5.6780642804696697     
        3033   1.8999999999999999       0.69999999999999996       -5.5263313326875307     
        3034   1.9333330000000000       0.69999999999999996       -5.3902798968947963     
        3035   1.9666669999999999       0.69999999999999996       -5.2614520785457382     
        3036   2.0000000000000000       0.69999999999999996       -5.1442581892490198     
        3037   2.0333329999999998       0.69999999999999996       -5.0173399335394784     
        3038   2.0666669999999998       0.69999999999999996       -4.9041745282833880     
        3039   2.1000000000000001       0.69999999999999996       -4.8017963997428934     
        3040   2.1333329999999999       0.69999999999999996       -4.6913266498063990     
        3041   2.1666669999999999       0.69999999999999996       -4.5914015614780670     
        3042   2.2000000000000002       0.69999999999999996       -4.4944370639809774     
        3043   2.2333330000000000       0.69999999999999996       -4.4062826501995795     
        3044   2.2666670000000000       0.69999999999999996       -4.3099837237857903     
        3045   2.2999999999999998       0.69999999999999996       -4.2264060101244221     
        3046   2.3333330000000001       0.69999999999999996       -4.1463642500857425     
        3047   2.3666670000000001       0.69999999999999996       -4.0581662360631174     
        3048   2.3999999999999999       0.69999999999999996       -3.9861251650182425     
        3049   2.4333330000000002       0.69999999999999996       -3.9062875948705580     
        3050   2.4666670000000002       0.69999999999999996       -3.8266528588309310     
        3051   2.5000000000000000       0.69999999999999996       -3.7604226959703273     
        3052   2.5333329999999998       0.69999999999999996       -3.6838982932193662     
        3053   2.5666669999999998       0.69999999999999996       -3.6191359196830186     
        3054   2.6000000000000001       0.69999999999999996       -3.5499337956426440     
        3055   2.6333329999999999       0.69999999999999996       -3.4860581401467821     
        3056   2.6666669999999999       0.69999999999999996       -3.4239257506117915     
        3057   2.7000000000000002       0.69999999999999996       -3.3607873761842142     
        3058   2.7333330000000000       0.69999999999999996       -3.2980609459514110     
        3059   2.7666670000000000       0.69999999999999996       -3.2410802577712197     
        3060   2.7999999999999998       0.69999999999999996       -3.1828279421890646     
        3061   2.8333330000000001       0.69999999999999996       -3.1227292510864761     
        3062   2.8666670000000001       0.69999999999999996       -3.0691612006121654     
        3063   2.8999999999999999       0.69999999999999996       -3.0179905186113842     
        3064   2.9333330000000002       0.69999999999999996       -2.9612260124291496     
        3065   2.9666670000000002       0.69999999999999996       -2.9112081740336615     
        3066   3.0000000000000000       0.69999999999999996       -2.8641951498604601     
        3067   3.0333329999999998       0.69999999999999996       -2.8113921164870534     
        3068   3.0666669999999998       0.69999999999999996       -2.7609870828879899     
        3069   3.1000000000000001       0.69999999999999996       -2.7174293151161963     
        3070   3.1333329999999999       0.69999999999999996       -2.6676055360857065     
        3071   3.1666669999999999       0.69999999999999996       -2.6260157757299938     
        3072   3.2000000000000002       0.69999999999999996       -2.5790773652816217     
        3073   3.2333330000000000       0.69999999999999996       -2.5374171772020846     
        3074   3.2666670000000000       0.69999999999999996       -2.4978568481948522     
        3075   3.2999999999999998       0.69999999999999996       -2.4528711961545744     
        3076   3.3333330000000001       0.69999999999999996       -2.4157307535168475     
        3077   3.3666670000000001       0.69999999999999996       -2.3743393333172986     
        3078   3.3999999999999999       0.69999999999999996       -2.3367173545561282     
        3079   3.4333330000000002       0.69999999999999996       -2.2988840128692813     
        3080   3.4666670000000002       0.69999999999999996       -2.2640832575137986     
        3081   3.5000000000000000       0.69999999999999996       -2.2258089621269028     
        3082   3.5333329999999998       0.69999999999999996       -2.1919162692379266     
        3083   3.5666669999999998       0.69999999999999996       -2.1599579485787501     
        3084   3.6000000000000001       0.69999999999999996       -2.1246432116543978     
        3085   3.6333329999999999       0.69999999999999996       -2.0931806997974918     
        3086   3.6666669999999999       0.69999999999999996       -2.0599264617942854     
        3087   3.7000000000000002       0.69999999999999996       -2.0288271095887032     
        3088   3.7333330000000000       0.69999999999999996       -1.9996137343206017     
        3089   3.7666670000000000       0.69999999999999996       -1.9720229955111068     
        3090   3.7999999999999998       0.69999999999999996       -1.9420135477116562     
        3091   3.8333330000000001       0.69999999999999996       -1.9131985994426601     
        3092   3.8666670000000001       0.69999999999999996       -1.8849028922547701     
        3093   3.8999999999999999       0.69999999999999996       -1.8602685270239097     
        3094   3.9333330000000002       0.69999999999999996       -1.8319074965536482     
        3095   3.9666670000000002       0.69999999999999996       -1.8082645330583551     
        3096   4.0000000000000000       0.69999999999999996       -1.7831575039943321     
        3097   4.0333329999999998       0.69999999999999996       -1.7586473149910671     
        3098   4.0666669999999998       0.69999999999999996       -1.7370758645476925     
        3099   4.0999999999999996       0.69999999999999996       -1.7128791745874461     
        3100   4.1333330000000004       0.69999999999999996       -1.6902608827039316     
        3101   4.1666670000000003       0.69999999999999996       -1.6680548332944862     
        3102   4.2000000000000002       0.69999999999999996       -1.6469399504357400     
        3103   4.2333330000000000       0.69999999999999996       -1.6276624683353287     
        3104   4.2666670000000000       0.69999999999999996       -1.6061873201410422     
        3105   4.2999999999999998       0.69999999999999996       -1.5864758948599760     
        3106   4.3333329999999997       0.69999999999999996       -1.5680835846070182     
        3107   4.3666669999999996       0.69999999999999996       -1.5504390045755942     
        3108   4.4000000000000004       0.69999999999999996       -1.5308482245702815     
        3109   4.4333330000000002       0.69999999999999996       -1.5148095830581254     
        3110   4.4666670000000002       0.69999999999999996       -1.4965254773287515     
        3111   4.5000000000000000       0.69999999999999996       -1.4810168661049328     
        3112   4.5333329999999998       0.69999999999999996       -1.4638559781680438     
        3113   4.5666669999999998       0.69999999999999996       -1.4490005364171579     
        3114   4.5999999999999996       0.69999999999999996       -1.4338653609817777     
        3115   4.6333330000000004       0.69999999999999996       -1.4193186689276927     
        3116   4.6666670000000003       0.69999999999999996       -1.4042606641030722     
        3117   4.7000000000000002       0.69999999999999996       -1.3916238414250570     
        3118   4.7333330000000000       0.69999999999999996       -1.3774434851910358     
        3119   4.7666670000000000       0.69999999999999996       -1.3646844600585173     
        3120   4.7999999999999998       0.69999999999999996       -1.3524106043306590     
        3121   4.8333329999999997       0.69999999999999996       -1.3402513926365507     
        3122   4.8666669999999996       0.69999999999999996       -1.3295809993400145     
        3123   4.9000000000000004       0.69999999999999996       -1.3179137630019602     
        3124   4.9333330000000002       0.69999999999999996       -1.3089916295641770     
        3125   4.9666670000000002       0.69999999999999996       -1.3005279474018687     
        3126   5.0000000000000000       0.69999999999999996       -1.2971336341537083     
        3127   0.0000000000000000       0.73333300000000001        0.0000000000000000     
        3128   3.3333000000000002E-002  0.73333300000000001       -7.3320970918695056E-004
        3129   6.6667000000000004E-002  0.73333300000000001       -2.1220556123864578E-003
        3130  0.10000000000000001       0.73333300000000001       -4.2208578465972478E-003
        3131  0.13333300000000001       0.73333300000000001       -7.3170860754496843E-003
        3132  0.16666700000000001       0.73333300000000001       -1.1546970647014921E-002
        3133  0.20000000000000001       0.73333300000000001       -1.7181546589904558E-002
        3134  0.23333300000000001       0.73333300000000001       -2.4882270829393646E-002
        3135  0.26666699999999999       0.73333300000000001       -3.4865180529591408E-002
        3136  0.29999999999999999       0.73333300000000001       -4.6019105126880934E-002
        3137  0.33333299999999999       0.73333300000000001       -6.0517784592857914E-002
        3138  0.36666700000000002       0.73333300000000001       -7.6851817253467472E-002
        3139  0.40000000000000002       0.73333300000000001       -9.6912975864568998E-002
        3140  0.43333300000000002       0.73333300000000001      -0.11877625912910528     
        3141  0.46666700000000000       0.73333300000000001      -0.14344183272776134     
        3142  0.50000000000000000       0.73333300000000001      -0.17110357588791483     
        3143  0.53333299999999995       0.73333300000000001      -0.20138937678712512     
        3144  0.56666700000000003       0.73333300000000001      -0.23527068402516471     
        3145  0.59999999999999998       0.73333300000000001      -0.27233180444971505     
        3146  0.63333300000000003       0.73333300000000001      -0.31246823889527459     
        3147  0.66666700000000001       0.73333300000000001      -0.35531586663622594     
        3148  0.69999999999999996       0.73333300000000001      -0.40080878750597759     
        3149  0.73333300000000001       0.73333300000000001      -0.45539816907127434     
        3150  0.76666699999999999       0.73333300000000001      -0.51620978654995964     
        3151  0.80000000000000004       0.73333300000000001      -0.58201911005397056     
        3152  0.83333299999999999       0.73333300000000001      -0.67528607631038040     
        3153  0.86666699999999997       0.73333300000000001      -0.80005608792578276     
        3154  0.90000000000000002       0.73333300000000001      -0.95782267513504904     
        3155  0.93333299999999997       0.73333300000000001       -1.2106934438685479     
        3156  0.96666700000000005       0.73333300000000001       -1.5096712853330065     
        3157   1.0000000000000000       0.73333300000000001       -2.0158055028399211     
        3158   1.0333330000000001       0.73333300000000001       -2.5197956298265805     
        3159   1.0666670000000000       0.73333300000000001       -3.1642396586224319     
        3160   1.1000000000000001       0.73333300000000001       -3.7399499695840133     
        3161   1.1333329999999999       0.73333300000000001       -4.3218373582804386     
        3162   1.1666669999999999       0.73333300000000001       -4.7605280044698493     
        3163   1.2000000000000000       0.73333300000000001       -5.1547324753364050     
        3164   1.2333330000000000       0.73333300000000001       -5.4582269369600755     
        3165   1.2666670000000000       0.73333300000000001       -5.6662065626001858     
        3166   1.3000000000000000       0.73333300000000001       -5.8360026887338146     
        3167   1.3333330000000001       0.73333300000000001       -5.9406210796587224     
        3168   1.3666670000000001       0.73333300000000001       -6.0154177491753380     
        3169   1.3999999999999999       0.73333300000000001       -6.0590000823779926     
        3170   1.4333330000000000       0.73333300000000001       -6.0828315012563339     
        3171   1.4666669999999999       0.73333300000000001       -6.0911992106029285     
        3172   1.5000000000000000       0.73333300000000001       -6.0919869220980516     
        3173   1.5333330000000001       0.73333300000000001       -6.0651281773103998     
        3174   1.5666670000000000       0.73333300000000001       -6.0252518644179931     
        3175   1.6000000000000001       0.73333300000000001       -5.9687378952421852     
        3176   1.6333329999999999       0.73333300000000001       -5.8970171301548655     
        3177   1.6666669999999999       0.73333300000000001       -5.8016894437054436     
        3178   1.7000000000000000       0.73333300000000001       -5.7118011015658068     
        3179   1.7333330000000000       0.73333300000000001       -5.5988735044525066     
        3180   1.7666670000000000       0.73333300000000001       -5.4902550476590024     
        3181   1.8000000000000000       0.73333300000000001       -5.3808488950718463     
        3182   1.8333330000000001       0.73333300000000001       -5.2624118061875729     
        3183   1.8666670000000001       0.73333300000000001       -5.1542203419472772     
        3184   1.8999999999999999       0.73333300000000001       -5.0443938907843107     
        3185   1.9333330000000000       0.73333300000000001       -4.9285825140040842     
        3186   1.9666669999999999       0.73333300000000001       -4.8310962189833289     
        3187   2.0000000000000000       0.73333300000000001       -4.7208751592508085     
        3188   2.0333329999999998       0.73333300000000001       -4.6250511913041494     
        3189   2.0666669999999998       0.73333300000000001       -4.5338973196888510     
        3190   2.1000000000000001       0.73333300000000001       -4.4331364733558978     
        3191   2.1333329999999999       0.73333300000000001       -4.3498908291780616     
        3192   2.1666669999999999       0.73333300000000001       -4.2532372911875216     
        3193   2.2000000000000002       0.73333300000000001       -4.1756075143369396     
        3194   2.2333330000000000       0.73333300000000001       -4.0861939763072535     
        3195   2.2666670000000000       0.73333300000000001       -4.0123700229232551     
        3196   2.2999999999999998       0.73333300000000001       -3.9300069440512306     
        3197   2.3333330000000001       0.73333300000000001       -3.8541294079411901     
        3198   2.3666670000000001       0.73333300000000001       -3.7810293663993182     
        3199   2.3999999999999999       0.73333300000000001       -3.7084952990164854     
        3200   2.4333330000000002       0.73333300000000001       -3.6379895573804415     
        3201   2.4666670000000002       0.73333300000000001       -3.5687843995728308     
        3202   2.5000000000000000       0.73333300000000001       -3.5008497374003809     
        3203   2.5333329999999998       0.73333300000000001       -3.4393115832729917     
        3204   2.5666669999999998       0.73333300000000001       -3.3724791553888052     
        3205   2.6000000000000001       0.73333300000000001       -3.3099876540067261     
        3206   2.6333329999999999       0.73333300000000001       -3.2495785758633429     
        3207   2.6666669999999999       0.73333300000000001       -3.1901693764496075     
        3208   2.7000000000000002       0.73333300000000001       -3.1311738473811350     
        3209   2.7333330000000000       0.73333300000000001       -3.0749824201062577     
        3210   2.7666670000000000       0.73333300000000001       -3.0176432688340880     
        3211   2.7999999999999998       0.73333300000000001       -2.9652374094735774     
        3212   2.8333330000000001       0.73333300000000001       -2.9147034994957077     
        3213   2.8666670000000001       0.73333300000000001       -2.8589268686533171     
        3214   2.8999999999999999       0.73333300000000001       -2.8081361720777656     
        3215   2.9333330000000002       0.73333300000000001       -2.7615839353422320     
        3216   2.9666670000000002       0.73333300000000001       -2.7103980396539451     
        3217   3.0000000000000000       0.73333300000000001       -2.6634351835986974     
        3218   3.0333329999999998       0.73333300000000001       -2.6159983309716703     
        3219   3.0666669999999998       0.73333300000000001       -2.5728690982769069     
        3220   3.1000000000000001       0.73333300000000001       -2.5252564130688997     
        3221   3.1333329999999999       0.73333300000000001       -2.4848714696886849     
        3222   3.1666669999999999       0.73333300000000001       -2.4396597623486374     
        3223   3.2000000000000002       0.73333300000000001       -2.4010247355219745     
        3224   3.2333330000000000       0.73333300000000001       -2.3583334524040254     
        3225   3.2666670000000000       0.73333300000000001       -2.3192102442734077     
        3226   3.2999999999999998       0.73333300000000001       -2.2810925701877971     
        3227   3.3333330000000001       0.73333300000000001       -2.2412049819143989     
        3228   3.3666670000000001       0.73333300000000001       -2.2063138928631907     
        3229   3.3999999999999999       0.73333300000000001       -2.1684545949631824     
        3230   3.4333330000000002       0.73333300000000001       -2.1355467610780394     
        3231   3.4666670000000002       0.73333300000000001       -2.0982373446167015     
        3232   3.5000000000000000       0.73333300000000001       -2.0670966481106250     
        3233   3.5333329999999998       0.73333300000000001       -2.0319895770647154     
        3234   3.5666669999999998       0.73333300000000001       -2.0002252277201817     
        3235   3.6000000000000001       0.73333300000000001       -1.9682525453788475     
        3236   3.6333329999999999       0.73333300000000001       -1.9383234541914844     
        3237   3.6666669999999999       0.73333300000000001       -1.9089802289956417     
        3238   3.7000000000000002       0.73333300000000001       -1.8795786296544015     
        3239   3.7333330000000000       0.73333300000000001       -1.8507157504979375     
        3240   3.7666670000000000       0.73333300000000001       -1.8227334501298129     
        3241   3.7999999999999998       0.73333300000000001       -1.7955847394643005     
        3242   3.8333330000000001       0.73333300000000001       -1.7684139555610487     
        3243   3.8666670000000001       0.73333300000000001       -1.7438520329294458     
        3244   3.8999999999999999       0.73333300000000001       -1.7171959370629666     
        3245   3.9333330000000002       0.73333300000000001       -1.6930210425048273     
        3246   3.9666670000000002       0.73333300000000001       -1.6694751363061591     
        3247   4.0000000000000000       0.73333300000000001       -1.6441598183867625     
        3248   4.0333329999999998       0.73333300000000001       -1.6229218399514738     
        3249   4.0666669999999998       0.73333300000000001       -1.6005597884149099     
        3250   4.0999999999999996       0.73333300000000001       -1.5781407303424182     
        3251   4.1333330000000004       0.73333300000000001       -1.5573793488745276     
        3252   4.1666670000000003       0.73333300000000001       -1.5378263304127904     
        3253   4.2000000000000002       0.73333300000000001       -1.5161044794566612     
        3254   4.2333330000000000       0.73333300000000001       -1.4965964616634981     
        3255   4.2666670000000000       0.73333300000000001       -1.4773047899951932     
        3256   4.2999999999999998       0.73333300000000001       -1.4599818377861413     
        3257   4.3333329999999997       0.73333300000000001       -1.4411596280915717     
        3258   4.3666669999999996       0.73333300000000001       -1.4227939715677851     
        3259   4.4000000000000004       0.73333300000000001       -1.4066001862172348     
        3260   4.4333330000000002       0.73333300000000001       -1.3898477915389702     
        3261   4.4666670000000002       0.73333300000000001       -1.3738721511467662     
        3262   4.5000000000000000       0.73333300000000001       -1.3572025950144215     
        3263   4.5333329999999998       0.73333300000000001       -1.3429343049077607     
        3264   4.5666669999999998       0.73333300000000001       -1.3270121019466674     
        3265   4.5999999999999996       0.73333300000000001       -1.3139565380207585     
        3266   4.6333330000000004       0.73333300000000001       -1.2986674980713164     
        3267   4.6666670000000003       0.73333300000000001       -1.2857847074426509     
        3268   4.7000000000000002       0.73333300000000001       -1.2723341856506525     
        3269   4.7333330000000000       0.73333300000000001       -1.2604136429105661     
        3270   4.7666670000000000       0.73333300000000001       -1.2470791859742851     
        3271   4.7999999999999998       0.73333300000000001       -1.2362992072934735     
        3272   4.8333329999999997       0.73333300000000001       -1.2239903221760331     
        3273   4.8666669999999996       0.73333300000000001       -1.2131345533700100     
        3274   4.9000000000000004       0.73333300000000001       -1.2036346754701128     
        3275   4.9333330000000002       0.73333300000000001       -1.1936104552291553     
        3276   4.9666670000000002       0.73333300000000001       -1.1860418742388454     
        3277   5.0000000000000000       0.73333300000000001       -1.1831169035274682     
        3278   0.0000000000000000       0.76666699999999999        0.0000000000000000     
        3279   3.3333000000000002E-002  0.76666699999999999       -5.0182804740957654E-004
        3280   6.6667000000000004E-002  0.76666699999999999       -1.3493222276587725E-003
        3281  0.10000000000000001       0.76666699999999999       -2.8654354137190234E-003
        3282  0.13333300000000001       0.76666699999999999       -4.7888390583662359E-003
        3283  0.16666700000000001       0.76666699999999999       -7.8612284649969538E-003
        3284  0.20000000000000001       0.76666699999999999       -1.1567461303851960E-002
        3285  0.23333300000000001       0.76666699999999999       -1.7150717290878768E-002
        3286  0.26666699999999999       0.76666699999999999       -2.3451867332555110E-002
        3287  0.29999999999999999       0.76666699999999999       -3.1727355622648529E-002
        3288  0.33333299999999999       0.76666699999999999       -4.2454610044261425E-002
        3289  0.36666700000000002       0.76666699999999999       -5.3546504092960398E-002
        3290  0.40000000000000002       0.76666699999999999       -6.8775095881040305E-002
        3291  0.43333300000000002       0.76666699999999999       -8.3853317601897306E-002
        3292  0.46666700000000000       0.76666699999999999      -0.10296895253784684     
        3293  0.50000000000000000       0.76666699999999999      -0.12477459168323626     
        3294  0.53333299999999995       0.76666699999999999      -0.14622644796857429     
        3295  0.56666700000000003       0.76666699999999999      -0.17306072027665648     
        3296  0.59999999999999998       0.76666699999999999      -0.20292304438904932     
        3297  0.63333300000000003       0.76666699999999999      -0.23289338468588441     
        3298  0.66666700000000001       0.76666699999999999      -0.26804049225932741     
        3299  0.69999999999999996       0.76666699999999999      -0.30587834261241048     
        3300  0.73333300000000001       0.76666699999999999      -0.34532455282150487     
        3301  0.76666699999999999       0.76666699999999999      -0.39426177269561924     
        3302  0.80000000000000004       0.76666699999999999      -0.44904311328517743     
        3303  0.83333299999999999       0.76666699999999999      -0.51358138241661844     
        3304  0.86666699999999997       0.76666699999999999      -0.59321806907255525     
        3305  0.90000000000000002       0.76666699999999999      -0.71121363762245327     
        3306  0.93333299999999997       0.76666699999999999      -0.84851382211472925     
        3307  0.96666700000000005       0.76666699999999999       -1.0644888898652833     
        3308   1.0000000000000000       0.76666699999999999       -1.3167103291861415     
        3309   1.0333330000000001       0.76666699999999999       -1.6788124586794642     
        3310   1.0666670000000000       0.76666699999999999       -2.0714135824577005     
        3311   1.1000000000000001       0.76666699999999999       -2.4773362584156908     
        3312   1.1333329999999999       0.76666699999999999       -2.8709208725138224     
        3313   1.1666669999999999       0.76666699999999999       -3.2984329741542298     
        3314   1.2000000000000000       0.76666699999999999       -3.6295054992688347     
        3315   1.2333330000000000       0.76666699999999999       -3.9334586490676311     
        3316   1.2666670000000000       0.76666699999999999       -4.1873643974644947     
        3317   1.3000000000000000       0.76666699999999999       -4.3804551803395544     
        3318   1.3333330000000001       0.76666699999999999       -4.5480317567981112     
        3319   1.3666670000000001       0.76666699999999999       -4.6852172033267099     
        3320   1.3999999999999999       0.76666699999999999       -4.7752179596330304     
        3321   1.4333330000000000       0.76666699999999999       -4.8525151638747674     
        3322   1.4666669999999999       0.76666699999999999       -4.9017775951893290     
        3323   1.5000000000000000       0.76666699999999999       -4.9441202391242589     
        3324   1.5333330000000001       0.76666699999999999       -4.9622804868403305     
        3325   1.5666670000000000       0.76666699999999999       -4.9661498208906512     
        3326   1.6000000000000001       0.76666699999999999       -4.9616632561751457     
        3327   1.6333329999999999       0.76666699999999999       -4.9390422546792108     
        3328   1.6666669999999999       0.76666699999999999       -4.9063287464019929     
        3329   1.7000000000000000       0.76666699999999999       -4.8632045751349757     
        3330   1.7333330000000000       0.76666699999999999       -4.8059323744825004     
        3331   1.7666670000000000       0.76666699999999999       -4.7397229462278769     
        3332   1.8000000000000000       0.76666699999999999       -4.6791541688751046     
        3333   1.8333330000000001       0.76666699999999999       -4.6034995592575951     
        3334   1.8666670000000001       0.76666699999999999       -4.5252757605361751     
        3335   1.8999999999999999       0.76666699999999999       -4.4566263441056932     
        3336   1.9333330000000000       0.76666699999999999       -4.3735641663264833     
        3337   1.9666669999999999       0.76666699999999999       -4.2926264712962583     
        3338   2.0000000000000000       0.76666699999999999       -4.2217773981991593     
        3339   2.0333329999999998       0.76666699999999999       -4.1417711173341800     
        3340   2.0666669999999998       0.76666699999999999       -4.0624969426050983     
        3341   2.1000000000000001       0.76666699999999999       -3.9924276546205166     
        3342   2.1333329999999999       0.76666699999999999       -3.9162447487172423     
        3343   2.1666669999999999       0.76666699999999999       -3.8445789042279106     
        3344   2.2000000000000002       0.76666699999999999       -3.7718124942715923     
        3345   2.2333330000000000       0.76666699999999999       -3.7027634374827647     
        3346   2.2666670000000000       0.76666699999999999       -3.6324012151258001     
        3347   2.2999999999999998       0.76666699999999999       -3.5695411123209206     
        3348   2.3333330000000001       0.76666699999999999       -3.4974497429026434     
        3349   2.3666670000000001       0.76666699999999999       -3.4383144316018499     
        3350   2.3999999999999999       0.76666699999999999       -3.3695551387567781     
        3351   2.4333330000000002       0.76666699999999999       -3.3089559370981148     
        3352   2.4666670000000002       0.76666699999999999       -3.2498270491986703     
        3353   2.5000000000000000       0.76666699999999999       -3.1895831957854539     
        3354   2.5333329999999998       0.76666699999999999       -3.1278453641184578     
        3355   2.5666669999999998       0.76666699999999999       -3.0754154288586055     
        3356   2.6000000000000001       0.76666699999999999       -3.0161481110302608     
        3357   2.6333329999999999       0.76666699999999999       -2.9622544514857942     
        3358   2.6666669999999999       0.76666699999999999       -2.9063421399552976     
        3359   2.7000000000000002       0.76666699999999999       -2.8524687671372710     
        3360   2.7333330000000000       0.76666699999999999       -2.8049670586873963     
        3361   2.7666670000000000       0.76666699999999999       -2.7513417722294706     
        3362   2.7999999999999998       0.76666699999999999       -2.7023618588759177     
        3363   2.8333330000000001       0.76666699999999999       -2.6538350166651865     
        3364   2.8666670000000001       0.76666699999999999       -2.6072725276100619     
        3365   2.8999999999999999       0.76666699999999999       -2.5607158123915261     
        3366   2.9333330000000002       0.76666699999999999       -2.5129676735994377     
        3367   2.9666670000000002       0.76666699999999999       -2.4720692485856368     
        3368   3.0000000000000000       0.76666699999999999       -2.4252436783954390     
        3369   3.0333329999999998       0.76666699999999999       -2.3843725986042954     
        3370   3.0666669999999998       0.76666699999999999       -2.3403680899486945     
        3371   3.1000000000000001       0.76666699999999999       -2.3018285512892200     
        3372   3.1333329999999999       0.76666699999999999       -2.2605202530654815     
        3373   3.1666669999999999       0.76666699999999999       -2.2238894531983195     
        3374   3.2000000000000002       0.76666699999999999       -2.1825843074704712     
        3375   3.2333330000000000       0.76666699999999999       -2.1481029883881440     
        3376   3.2666670000000000       0.76666699999999999       -2.1084733184755171     
        3377   3.2999999999999998       0.76666699999999999       -2.0743769136876180     
        3378   3.3333330000000001       0.76666699999999999       -2.0414028776235855     
        3379   3.3666670000000001       0.76666699999999999       -2.0061054985954514     
        3380   3.3999999999999999       0.76666699999999999       -1.9712732991883812     
        3381   3.4333330000000002       0.76666699999999999       -1.9391677965067864     
        3382   3.4666670000000002       0.76666699999999999       -1.9077134609345459     
        3383   3.5000000000000000       0.76666699999999999       -1.8764253270455908     
        3384   3.5333329999999998       0.76666699999999999       -1.8463437219851246     
        3385   3.5666669999999998       0.76666699999999999       -1.8155487829435784     
        3386   3.6000000000000001       0.76666699999999999       -1.7883846327436768     
        3387   3.6333329999999999       0.76666699999999999       -1.7585620205769341     
        3388   3.6666669999999999       0.76666699999999999       -1.7306083535815655     
        3389   3.7000000000000002       0.76666699999999999       -1.7060014621608599     
        3390   3.7333330000000000       0.76666699999999999       -1.6781151323510279     
        3391   3.7666670000000000       0.76666699999999999       -1.6507930886298217     
        3392   3.7999999999999998       0.76666699999999999       -1.6272818925903396     
        3393   3.8333330000000001       0.76666699999999999       -1.6031936581574771     
        3394   3.8666670000000001       0.76666699999999999       -1.5774317995736515     
        3395   3.8999999999999999       0.76666699999999999       -1.5550191667098172     
        3396   3.9333330000000002       0.76666699999999999       -1.5336608264659335     
        3397   3.9666670000000002       0.76666699999999999       -1.5098230492893840     
        3398   4.0000000000000000       0.76666699999999999       -1.4884952221434156     
        3399   4.0333329999999998       0.76666699999999999       -1.4674332104713506     
        3400   4.0666669999999998       0.76666699999999999       -1.4465016229112158     
        3401   4.0999999999999996       0.76666699999999999       -1.4268740305562424     
        3402   4.1333330000000004       0.76666699999999999       -1.4065509340532050     
        3403   4.1666670000000003       0.76666699999999999       -1.3877555292356170     
        3404   4.2000000000000002       0.76666699999999999       -1.3693363177802698     
        3405   4.2333330000000000       0.76666699999999999       -1.3498875045577494     
        3406   4.2666670000000000       0.76666699999999999       -1.3336264855972162     
        3407   4.2999999999999998       0.76666699999999999       -1.3152980049680068     
        3408   4.3333329999999997       0.76666699999999999       -1.2991714739802636     
        3409   4.3666669999999996       0.76666699999999999       -1.2835523866762448     
        3410   4.4000000000000004       0.76666699999999999       -1.2667868496352488     
        3411   4.4333330000000002       0.76666699999999999       -1.2509371829016422     
        3412   4.4666670000000002       0.76666699999999999       -1.2364791813178042     
        3413   4.5000000000000000       0.76666699999999999       -1.2224756021240368     
        3414   4.5333329999999998       0.76666699999999999       -1.2070358843312834     
        3415   4.5666669999999998       0.76666699999999999       -1.1941104881166129     
        3416   4.5999999999999996       0.76666699999999999       -1.1806201094441122     
        3417   4.6333330000000004       0.76666699999999999       -1.1677737401521644     
        3418   4.6666670000000003       0.76666699999999999       -1.1547620690064029     
        3419   4.7000000000000002       0.76666699999999999       -1.1425549676155125     
        3420   4.7333330000000000       0.76666699999999999       -1.1305711430163099     
        3421   4.7666670000000000       0.76666699999999999       -1.1199802777524077     
        3422   4.7999999999999998       0.76666699999999999       -1.1082681707598683     
        3423   4.8333329999999997       0.76666699999999999       -1.0979315706492323     
        3424   4.8666669999999996       0.76666699999999999       -1.0876373601342297     
        3425   4.9000000000000004       0.76666699999999999       -1.0780879427587329     
        3426   4.9333330000000002       0.76666699999999999       -1.0693493600277462     
        3427   4.9666670000000002       0.76666699999999999       -1.0623310553084251     
        3428   5.0000000000000000       0.76666699999999999       -1.0593169211623743     
        3429   0.0000000000000000       0.80000000000000004        0.0000000000000000     
        3430   3.3333000000000002E-002  0.80000000000000004       -3.3467586289070777E-004
        3431   6.6667000000000004E-002  0.80000000000000004       -9.3705920709059713E-004
        3432  0.10000000000000001       0.80000000000000004       -1.8264786682685894E-003
        3433  0.13333300000000001       0.80000000000000004       -3.2999881719836511E-003
        3434  0.16666700000000001       0.80000000000000004       -5.2367734178609422E-003
        3435  0.20000000000000001       0.80000000000000004       -7.8248389311540451E-003
        3436  0.23333300000000001       0.80000000000000004       -1.1219796893277546E-002
        3437  0.26666699999999999       0.80000000000000004       -1.5899305224049847E-002
        3438  0.29999999999999999       0.80000000000000004       -2.1970492025721898E-002
        3439  0.33333299999999999       0.80000000000000004       -2.8640888389800542E-002
        3440  0.36666700000000002       0.80000000000000004       -3.7589693786362233E-002
        3441  0.40000000000000002       0.80000000000000004       -4.7160332263527907E-002
        3442  0.43333300000000002       0.80000000000000004       -5.9634964923108540E-002
        3443  0.46666700000000000       0.80000000000000004       -7.2766131013600757E-002
        3444  0.50000000000000000       0.80000000000000004       -8.7575281417416342E-002
        3445  0.53333299999999995       0.80000000000000004      -0.10585141026531740     
        3446  0.56666700000000003       0.80000000000000004      -0.12528123317858728     
        3447  0.59999999999999998       0.80000000000000004      -0.14734507244821762     
        3448  0.63333300000000003       0.80000000000000004      -0.17069141296014267     
        3449  0.66666700000000001       0.80000000000000004      -0.19593023129635886     
        3450  0.69999999999999996       0.80000000000000004      -0.22650416758162523     
        3451  0.73333300000000001       0.80000000000000004      -0.25881580516206615     
        3452  0.76666699999999999       0.80000000000000004      -0.29219203167538871     
        3453  0.80000000000000004       0.80000000000000004      -0.33435702486711855     
        3454  0.83333299999999999       0.80000000000000004      -0.38264076235933442     
        3455  0.86666699999999997       0.80000000000000004      -0.44324782084015174     
        3456  0.90000000000000002       0.80000000000000004      -0.51027892886740256     
        3457  0.93333299999999997       0.80000000000000004      -0.61121852762809392     
        3458  0.96666700000000005       0.80000000000000004      -0.72120356032706678     
        3459   1.0000000000000000       0.80000000000000004      -0.88589127120090216     
        3460   1.0333330000000001       0.80000000000000004       -1.1164591595991842     
        3461   1.0666670000000000       0.80000000000000004       -1.3307948468106272     
        3462   1.1000000000000001       0.80000000000000004       -1.6180653437740125     
        3463   1.1333329999999999       0.80000000000000004       -1.9108154476051276     
        3464   1.1666669999999999       0.80000000000000004       -2.1859030504951953     
        3465   1.2000000000000000       0.80000000000000004       -2.4896691670095770     
        3466   1.2333330000000000       0.80000000000000004       -2.7167163336737024     
        3467   1.2666670000000000       0.80000000000000004       -2.9609064210373250     
        3468   1.3000000000000000       0.80000000000000004       -3.1808625876361973     
        3469   1.3333330000000001       0.80000000000000004       -3.3402413237455062     
        3470   1.3666670000000001       0.80000000000000004       -3.4910043508751665     
        3471   1.3999999999999999       0.80000000000000004       -3.6179826515337652     
        3472   1.4333330000000000       0.80000000000000004       -3.7116764401151547     
        3473   1.4666669999999999       0.80000000000000004       -3.8083262493426142     
        3474   1.5000000000000000       0.80000000000000004       -3.8668592092334340     
        3475   1.5333330000000001       0.80000000000000004       -3.9210239099737745     
        3476   1.5666670000000000       0.80000000000000004       -3.9623516051373273     
        3477   1.6000000000000001       0.80000000000000004       -3.9922802093451630     
        3478   1.6333329999999999       0.80000000000000004       -4.0039396791637412     
        3479   1.6666669999999999       0.80000000000000004       -4.0050202509572603     
        3480   1.7000000000000000       0.80000000000000004       -3.9990439238585900     
        3481   1.7333330000000000       0.80000000000000004       -3.9847194131511379     
        3482   1.7666670000000000       0.80000000000000004       -3.9576358901806703     
        3483   1.8000000000000000       0.80000000000000004       -3.9272613738983058     
        3484   1.8333330000000001       0.80000000000000004       -3.8906818927981259     
        3485   1.8666670000000001       0.80000000000000004       -3.8491013024643941     
        3486   1.8999999999999999       0.80000000000000004       -3.8007875588623454     
        3487   1.9333330000000000       0.80000000000000004       -3.7525450376408918     
        3488   1.9666669999999999       0.80000000000000004       -3.7021382602910138     
        3489   2.0000000000000000       0.80000000000000004       -3.6458916701398323     
        3490   2.0333329999999998       0.80000000000000004       -3.5928180680061987     
        3491   2.0666669999999998       0.80000000000000004       -3.5397775363430748     
        3492   2.1000000000000001       0.80000000000000004       -3.4816896162888411     
        3493   2.1333329999999999       0.80000000000000004       -3.4215438238723661     
        3494   2.1666669999999999       0.80000000000000004       -3.3700682577739918     
        3495   2.2000000000000002       0.80000000000000004       -3.3087351718297224     
        3496   2.2333330000000000       0.80000000000000004       -3.2569570621328481     
        3497   2.2666670000000000       0.80000000000000004       -3.1988643372628927     
        3498   2.2999999999999998       0.80000000000000004       -3.1419016458211657     
        3499   2.3333330000000001       0.80000000000000004       -3.0904320970374282     
        3500   2.3666670000000001       0.80000000000000004       -3.0324137031318168     
        3501   2.3999999999999999       0.80000000000000004       -2.9785062081179738     
        3502   2.4333330000000002       0.80000000000000004       -2.9276439445235019     
        3503   2.4666670000000002       0.80000000000000004       -2.8787210889005088     
        3504   2.5000000000000000       0.80000000000000004       -2.8221385541166981     
        3505   2.5333329999999998       0.80000000000000004       -2.7748739860257357     
        3506   2.5666669999999998       0.80000000000000004       -2.7219392354006069     
        3507   2.6000000000000001       0.80000000000000004       -2.6766661420835876     
        3508   2.6333329999999999       0.80000000000000004       -2.6245673094426105     
        3509   2.6666669999999999       0.80000000000000004       -2.5814666762414626     
        3510   2.7000000000000002       0.80000000000000004       -2.5320549016309322     
        3511   2.7333330000000000       0.80000000000000004       -2.4848467255337523     
        3512   2.7666670000000000       0.80000000000000004       -2.4445290609225179     
        3513   2.7999999999999998       0.80000000000000004       -2.3984379232959663     
        3514   2.8333330000000001       0.80000000000000004       -2.3529563000829188     
        3515   2.8666670000000001       0.80000000000000004       -2.3150728392526836     
        3516   2.8999999999999999       0.80000000000000004       -2.2705343864752301     
        3517   2.9333330000000002       0.80000000000000004       -2.2329879245276971     
        3518   2.9666670000000002       0.80000000000000004       -2.1907446919736415     
        3519   3.0000000000000000       0.80000000000000004       -2.1518043363989996     
        3520   3.0333329999999998       0.80000000000000004       -2.1151703329928258     
        3521   3.0666669999999998       0.80000000000000004       -2.0796952026959148     
        3522   3.1000000000000001       0.80000000000000004       -2.0419348894117535     
        3523   3.1333329999999999       0.80000000000000004       -2.0049061916539253     
        3524   3.1666669999999999       0.80000000000000004       -1.9704985966435220     
        3525   3.2000000000000002       0.80000000000000004       -1.9365124268983143     
        3526   3.2333330000000000       0.80000000000000004       -1.9026064513289647     
        3527   3.2666670000000000       0.80000000000000004       -1.8719842816361845     
        3528   3.2999999999999998       0.80000000000000004       -1.8382514188023340     
        3529   3.3333330000000001       0.80000000000000004       -1.8066348800519583     
        3530   3.3666670000000001       0.80000000000000004       -1.7771971168668601     
        3531   3.3999999999999999       0.80000000000000004       -1.7485199444366990     
        3532   3.4333330000000002       0.80000000000000004       -1.7167346019570362     
        3533   3.4666670000000002       0.80000000000000004       -1.6905766097875257     
        3534   3.5000000000000000       0.80000000000000004       -1.6602221766169032     
        3535   3.5333329999999998       0.80000000000000004       -1.6357201040656113     
        3536   3.5666669999999998       0.80000000000000004       -1.6074855188219257     
        3537   3.6000000000000001       0.80000000000000004       -1.5802362553138205     
        3538   3.6333329999999999       0.80000000000000004       -1.5571678576594059     
        3539   3.6666669999999999       0.80000000000000004       -1.5308439282574082     
        3540   3.7000000000000002       0.80000000000000004       -1.5068874980437081     
        3541   3.7333330000000000       0.80000000000000004       -1.4831030306840309     
        3542   3.7666670000000000       0.80000000000000004       -1.4611160534424905     
        3543   3.7999999999999998       0.80000000000000004       -1.4365953020221303     
        3544   3.8333330000000001       0.80000000000000004       -1.4160818629839798     
        3545   3.8666670000000001       0.80000000000000004       -1.3944911065014483     
        3546   3.8999999999999999       0.80000000000000004       -1.3731932926352717     
        3547   3.9333330000000002       0.80000000000000004       -1.3523489867394611     
        3548   3.9666670000000002       0.80000000000000004       -1.3328112251785535     
        3549   4.0000000000000000       0.80000000000000004       -1.3146147067347360     
        3550   4.0333329999999998       0.80000000000000004       -1.2945120256213323     
        3551   4.0666669999999998       0.80000000000000004       -1.2748338857042043     
        3552   4.0999999999999996       0.80000000000000004       -1.2572024850852550     
        3553   4.1333330000000004       0.80000000000000004       -1.2407915326254269     
        3554   4.1666670000000003       0.80000000000000004       -1.2221980287408867     
        3555   4.2000000000000002       0.80000000000000004       -1.2054795219545491     
        3556   4.2333330000000000       0.80000000000000004       -1.1901337259690665     
        3557   4.2666670000000000       0.80000000000000004       -1.1730847609748394     
        3558   4.2999999999999998       0.80000000000000004       -1.1589153422088616     
        3559   4.3333329999999997       0.80000000000000004       -1.1430822430505114     
        3560   4.3666669999999996       0.80000000000000004       -1.1277850039531805     
        3561   4.4000000000000004       0.80000000000000004       -1.1147523767112115     
        3562   4.4333330000000002       0.80000000000000004       -1.1001343977027418     
        3563   4.4666670000000002       0.80000000000000004       -1.0864959158804948     
        3564   4.5000000000000000       0.80000000000000004       -1.0730355476670543     
        3565   4.5333329999999998       0.80000000000000004       -1.0606631207658259     
        3566   4.5666669999999998       0.80000000000000004       -1.0484763112133291     
        3567   4.5999999999999996       0.80000000000000004       -1.0357047813611728     
        3568   4.6333330000000004       0.80000000000000004       -1.0242284923783538     
        3569   4.6666670000000003       0.80000000000000004       -1.0138318682369172     
        3570   4.7000000000000002       0.80000000000000004       -1.0021645526723844     
        3571   4.7333330000000000       0.80000000000000004      -0.99109754548020668     
        3572   4.7666670000000000       0.80000000000000004      -0.98093642820971860     
        3573   4.7999999999999998       0.80000000000000004      -0.97099438410306738     
        3574   4.8333329999999997       0.80000000000000004      -0.96221352313674235     
        3575   4.8666669999999996       0.80000000000000004      -0.95239255897661623     
        3576   4.9000000000000004       0.80000000000000004      -0.94345130516264775     
        3577   4.9333330000000002       0.80000000000000004      -0.93587595711792237     
        3578   4.9666670000000002       0.80000000000000004      -0.92973607834752880     
        3579   5.0000000000000000       0.80000000000000004      -0.92666598720866411     
        3580   0.0000000000000000       0.83333299999999999        0.0000000000000000     
        3581   3.3333000000000002E-002  0.83333299999999999       -2.1826347543389292E-004
        3582   6.6667000000000004E-002  0.83333299999999999       -6.0188756533934734E-004
        3583  0.10000000000000001       0.83333299999999999       -1.2397452257764084E-003
        3584  0.13333300000000001       0.83333299999999999       -2.0866104008034846E-003
        3585  0.16666700000000001       0.83333299999999999       -3.4254946612886097E-003
        3586  0.20000000000000001       0.83333299999999999       -5.1756710518824573E-003
        3587  0.23333300000000001       0.83333299999999999       -7.6806054225165080E-003
        3588  0.26666699999999999       0.83333299999999999       -1.0662189910372488E-002
        3589  0.29999999999999999       0.83333299999999999       -1.4433341038140342E-002
        3590  0.33333299999999999       0.83333299999999999       -1.9636648638389129E-002
        3591  0.36666700000000002       0.83333299999999999       -2.5143737598507743E-002
        3592  0.40000000000000002       0.83333299999999999       -3.2678148462985397E-002
        3593  0.43333300000000002       0.83333299999999999       -4.0505199555016157E-002
        3594  0.46666700000000000       0.83333299999999999       -5.0341033210316480E-002
        3595  0.50000000000000000       0.83333299999999999       -6.1672875095322467E-002
        3596  0.53333299999999995       0.83333299999999999       -7.4309987690110477E-002
        3597  0.56666700000000003       0.83333299999999999       -8.8562896670216690E-002
        3598  0.59999999999999998       0.83333299999999999      -0.10351488263963757     
        3599  0.63333300000000003       0.83333299999999999      -0.12191975106828026     
        3600  0.66666700000000001       0.83333299999999999      -0.14222739954239394     
        3601  0.69999999999999996       0.83333299999999999      -0.16256770987446859     
        3602  0.73333300000000001       0.83333299999999999      -0.18732833589205344     
        3603  0.76666699999999999       0.83333299999999999      -0.21418421112200564     
        3604  0.80000000000000004       0.83333299999999999      -0.24416820837960784     
        3605  0.83333299999999999       0.83333299999999999      -0.27852458719364237     
        3606  0.86666699999999997       0.83333299999999999      -0.31784619708879286     
        3607  0.90000000000000002       0.83333299999999999      -0.36853963729416905     
        3608  0.93333299999999997       0.83333299999999999      -0.42414578094718014     
        3609  0.96666700000000005       0.83333299999999999      -0.50654475660693576     
        3610   1.0000000000000000       0.83333299999999999      -0.60150868968000870     
        3611   1.0333330000000001       0.83333299999999999      -0.71650245665678192     
        3612   1.0666670000000000       0.83333299999999999      -0.88043889458221325     
        3613   1.1000000000000001       0.83333299999999999       -1.0299046341822695     
        3614   1.1333329999999999       0.83333299999999999       -1.2478972509500388     
        3615   1.1666669999999999       0.83333299999999999       -1.4355990670062688     
        3616   1.2000000000000000       0.83333299999999999       -1.6235084530957364     
        3617   1.2333330000000000       0.83333299999999999       -1.8430112729530692     
        3618   1.2666670000000000       0.83333299999999999       -2.0186586491148781     
        3619   1.3000000000000000       0.83333299999999999       -2.1953200690004877     
        3620   1.3333330000000001       0.83333299999999999       -2.3637653371501668     
        3621   1.3666670000000001       0.83333299999999999       -2.4886182324955821     
        3622   1.3999999999999999       0.83333299999999999       -2.6266490454792097     
        3623   1.4333330000000000       0.83333299999999999       -2.7421447335724296     
        3624   1.4666669999999999       0.83333299999999999       -2.8346408316818690     
        3625   1.5000000000000000       0.83333299999999999       -2.9241563141632625     
        3626   1.5333330000000001       0.83333299999999999       -2.9840326823143180     
        3627   1.5666670000000000       0.83333299999999999       -3.0440423325080279     
        3628   1.6000000000000001       0.83333299999999999       -3.0916620070732246     
        3629   1.6333329999999999       0.83333299999999999       -3.1254154191898382     
        3630   1.6666669999999999       0.83333299999999999       -3.1568514382059623     
        3631   1.7000000000000000       0.83333299999999999       -3.1718575184481930     
        3632   1.7333330000000000       0.83333299999999999       -3.1813040195512632     
        3633   1.7666670000000000       0.83333299999999999       -3.1816220350107880     
        3634   1.8000000000000000       0.83333299999999999       -3.1787440328919869     
        3635   1.8333330000000001       0.83333299999999999       -3.1667694058242564     
        3636   1.8666670000000001       0.83333299999999999       -3.1488488189566799     
        3637   1.8999999999999999       0.83333299999999999       -3.1273250451189774     
        3638   1.9333330000000000       0.83333299999999999       -3.1007758887392316     
        3639   1.9666669999999999       0.83333299999999999       -3.0729076643144584     
        3640   2.0000000000000000       0.83333299999999999       -3.0389340915454923     
        3641   2.0333329999999998       0.83333299999999999       -3.0036360449965356     
        3642   2.0666669999999998       0.83333299999999999       -2.9654063863307565     
        3643   2.1000000000000001       0.83333299999999999       -2.9273785653126643     
        3644   2.1333329999999999       0.83333299999999999       -2.8886067952977026     
        3645   2.1666669999999999       0.83333299999999999       -2.8448002629823956     
        3646   2.2000000000000002       0.83333299999999999       -2.8056455244867857     
        3647   2.2333330000000000       0.83333299999999999       -2.7622555740308927     
        3648   2.2666670000000000       0.83333299999999999       -2.7179791483680726     
        3649   2.2999999999999998       0.83333299999999999       -2.6729257631678149     
        3650   2.3333330000000001       0.83333299999999999       -2.6293140077655730     
        3651   2.3666670000000001       0.83333299999999999       -2.5858995088742871     
        3652   2.3999999999999999       0.83333299999999999       -2.5452756089797237     
        3653   2.4333330000000002       0.83333299999999999       -2.5017823244236554     
        3654   2.4666670000000002       0.83333299999999999       -2.4574387580152903     
        3655   2.5000000000000000       0.83333299999999999       -2.4163604196649300     
        3656   2.5333329999999998       0.83333299999999999       -2.3719150603344605     
        3657   2.5666669999999998       0.83333299999999999       -2.3333879497136882     
        3658   2.6000000000000001       0.83333299999999999       -2.2895748835033363     
        3659   2.6333329999999999       0.83333299999999999       -2.2512479627511213     
        3660   2.6666669999999999       0.83333299999999999       -2.2104085563003353     
        3661   2.7000000000000002       0.83333299999999999       -2.1705290150218555     
        3662   2.7333330000000000       0.83333299999999999       -2.1333004701700968     
        3663   2.7666670000000000       0.83333299999999999       -2.0944184432757873     
        3664   2.7999999999999998       0.83333299999999999       -2.0566463177046854     
        3665   2.8333330000000001       0.83333299999999999       -2.0211357209061513     
        3666   2.8666670000000001       0.83333299999999999       -1.9837580422684133     
        3667   2.8999999999999999       0.83333299999999999       -1.9505326198921837     
        3668   2.9333330000000002       0.83333299999999999       -1.9133335210433617     
        3669   2.9666670000000002       0.83333299999999999       -1.8793051581764908     
        3670   3.0000000000000000       0.83333299999999999       -1.8485639412658224     
        3671   3.0333329999999998       0.83333299999999999       -1.8143409980981478     
        3672   3.0666669999999998       0.83333299999999999       -1.7808499728997045     
        3673   3.1000000000000001       0.83333299999999999       -1.7508923019968461     
        3674   3.1333329999999999       0.83333299999999999       -1.7217865016238034     
        3675   3.1666669999999999       0.83333299999999999       -1.6893338498379009     
        3676   3.2000000000000002       0.83333299999999999       -1.6611413869888119     
        3677   3.2333330000000000       0.83333299999999999       -1.6318447576719692     
        3678   3.2666670000000000       0.83333299999999999       -1.6031039965800631     
        3679   3.2999999999999998       0.83333299999999999       -1.5774162195601784     
        3680   3.3333330000000001       0.83333299999999999       -1.5488121719699539     
        3681   3.3666670000000001       0.83333299999999999       -1.5230184644881923     
        3682   3.3999999999999999       0.83333299999999999       -1.4959998693975232     
        3683   3.4333330000000002       0.83333299999999999       -1.4726564305036549     
        3684   3.4666670000000002       0.83333299999999999       -1.4465262618860901     
        3685   3.5000000000000000       0.83333299999999999       -1.4230017646854414     
        3686   3.5333329999999998       0.83333299999999999       -1.3994212404227613     
        3687   3.5666669999999998       0.83333299999999999       -1.3763032533612054     
        3688   3.6000000000000001       0.83333299999999999       -1.3539543532886860     
        3689   3.6333329999999999       0.83333299999999999       -1.3315124374466638     
        3690   3.6666669999999999       0.83333299999999999       -1.3114203224002436     
        3691   3.7000000000000002       0.83333299999999999       -1.2886124937104899     
        3692   3.7333330000000000       0.83333299999999999       -1.2698390253280967     
        3693   3.7666670000000000       0.83333299999999999       -1.2485240591746229     
        3694   3.7999999999999998       0.83333299999999999       -1.2294151347225564     
        3695   3.8333330000000001       0.83333299999999999       -1.2099371522054336     
        3696   3.8666670000000001       0.83333299999999999       -1.1928062839315565     
        3697   3.8999999999999999       0.83333299999999999       -1.1736237541401133     
        3698   3.9333330000000002       0.83333299999999999       -1.1560554998096464     
        3699   3.9666670000000002       0.83333299999999999       -1.1382022289665581     
        3700   4.0000000000000000       0.83333299999999999       -1.1215456611542352     
        3701   4.0333329999999998       0.83333299999999999       -1.1050158232678580     
        3702   4.0666669999999998       0.83333299999999999       -1.0886761289191194     
        3703   4.0999999999999996       0.83333299999999999       -1.0740729130687143     
        3704   4.1333330000000004       0.83333299999999999       -1.0577556342796048     
        3705   4.1666670000000003       0.83333299999999999       -1.0429673373149253     
        3706   4.2000000000000002       0.83333299999999999       -1.0287127104875688     
        3707   4.2333330000000000       0.83333299999999999       -1.0141536373550806     
        3708   4.2666670000000000       0.83333299999999999       -1.0009116582305841     
        3709   4.2999999999999998       0.83333299999999999      -0.98717290426164495     
        3710   4.3333329999999997       0.83333299999999999      -0.97384623007843485     
        3711   4.3666669999999996       0.83333299999999999      -0.96175503349584379     
        3712   4.4000000000000004       0.83333299999999999      -0.94840862494560296     
        3713   4.4333330000000002       0.83333299999999999      -0.93667133205112008     
        3714   4.4666670000000002       0.83333299999999999      -0.92502990393288098     
        3715   4.5000000000000000       0.83333299999999999      -0.91361854329673187     
        3716   4.5333329999999998       0.83333299999999999      -0.90305323043528318     
        3717   4.5666669999999998       0.83333299999999999      -0.89119872802106925     
        3718   4.5999999999999996       0.83333299999999999      -0.88108340846816680     
        3719   4.6333330000000004       0.83333299999999999      -0.87134879363331974     
        3720   4.6666670000000003       0.83333299999999999      -0.86119605763163642     
        3721   4.7000000000000002       0.83333299999999999      -0.85150348572130574     
        3722   4.7333330000000000       0.83333299999999999      -0.84283576204322563     
        3723   4.7666670000000000       0.83333299999999999      -0.83295585509699877     
        3724   4.7999999999999998       0.83333299999999999      -0.82511264615892954     
        3725   4.8333329999999997       0.83333299999999999      -0.81620213930094976     
        3726   4.8666669999999996       0.83333299999999999      -0.80902725178426760     
        3727   4.9000000000000004       0.83333299999999999      -0.80094340772613004     
        3728   4.9333330000000002       0.83333299999999999      -0.79394300914339822     
        3729   4.9666670000000002       0.83333299999999999      -0.78816888778222072     
        3730   5.0000000000000000       0.83333299999999999      -0.78605366753896999     
        3731   0.0000000000000000       0.86666699999999997        0.0000000000000000     
        3732   3.3333000000000002E-002  0.86666699999999997       -1.3227886982751036E-004
        3733   6.6667000000000004E-002  0.86666699999999997       -3.9949096936961069E-004
        3734  0.10000000000000001       0.86666699999999997       -7.6814210488326958E-004
        3735  0.13333300000000001       0.86666699999999997       -1.3879779126884460E-003
        3736  0.16666700000000001       0.86666699999999997       -2.1694889171226792E-003
        3737  0.20000000000000001       0.86666699999999997       -3.4129120784138320E-003
        3738  0.23333300000000001       0.86666699999999997       -4.9095412270830788E-003
        3739  0.26666699999999999       0.86666699999999997       -6.9453528579309408E-003
        3740  0.29999999999999999       0.86666699999999997       -9.6731764338917336E-003
        3741  0.33333299999999999       0.86666699999999997       -1.2809218189733563E-002
        3742  0.36666700000000002       0.86666699999999997       -1.6883292903312443E-002
        3743  0.40000000000000002       0.86666699999999997       -2.1503543615107305E-002
        3744  0.43333300000000002       0.86666699999999997       -2.7175422587530525E-002
        3745  0.46666700000000000       0.86666699999999997       -3.3975813435244591E-002
        3746  0.50000000000000000       0.86666699999999997       -4.2190636281950668E-002
        3747  0.53333299999999995       0.86666699999999997       -5.0792083820715310E-002
        3748  0.56666700000000003       0.86666699999999997       -6.0201036435388496E-002
        3749  0.59999999999999998       0.86666699999999997       -7.2215628536690335E-002
        3750  0.63333300000000003       0.86666699999999997       -8.4744447203947568E-002
        3751  0.66666700000000001       0.86666699999999997       -9.7861195372756671E-002
        3752  0.69999999999999996       0.86666699999999997      -0.11376407234771446     
        3753  0.73333300000000001       0.86666699999999997      -0.13167016904367415     
        3754  0.76666699999999999       0.86666699999999997      -0.15154008792080018     
        3755  0.80000000000000004       0.86666699999999997      -0.17301896288506169     
        3756  0.83333299999999999       0.86666699999999997      -0.19637876914644961     
        3757  0.86666699999999997       0.86666699999999997      -0.22137913263648390     
        3758  0.90000000000000002       0.86666699999999997      -0.25594368399156037     
        3759  0.93333299999999997       0.86666699999999997      -0.29712392896794149     
        3760  0.96666700000000005       0.86666699999999997      -0.34422886771649031     
        3761   1.0000000000000000       0.86666699999999997      -0.39636816424117283     
        3762   1.0333330000000001       0.86666699999999997      -0.47662694162934810     
        3763   1.0666670000000000       0.86666699999999997      -0.55911780371955055     
        3764   1.1000000000000001       0.86666699999999997      -0.66956297431548772     
        3765   1.1333329999999999       0.86666699999999997      -0.77591962264426784     
        3766   1.1666669999999999       0.86666699999999997      -0.91552039234783456     
        3767   1.2000000000000000       0.86666699999999997       -1.0586611908818242     
        3768   1.2333330000000000       0.86666699999999997       -1.1825206174573746     
        3769   1.2666670000000000       0.86666699999999997       -1.3408091973915515     
        3770   1.3000000000000000       0.86666699999999997       -1.4551230610217578     
        3771   1.3333330000000001       0.86666699999999997       -1.5987481447182379     
        3772   1.3666670000000001       0.86666699999999997       -1.7196361296427347     
        3773   1.3999999999999999       0.86666699999999997       -1.8324761676276939     
        3774   1.4333330000000000       0.86666699999999997       -1.9289531017120922     
        3775   1.4666669999999999       0.86666699999999997       -2.0250553339424306     
        3776   1.5000000000000000       0.86666699999999997       -2.0973824332297868     
        3777   1.5333330000000001       0.86666699999999997       -2.1820582684113292     
        3778   1.5666670000000000       0.86666699999999997       -2.2404442629038996     
        3779   1.6000000000000001       0.86666699999999997       -2.2867522223160113     
        3780   1.6333329999999999       0.86666699999999997       -2.3419509611353018     
        3781   1.6666669999999999       0.86666699999999997       -2.3722843590039888     
        3782   1.7000000000000000       0.86666699999999997       -2.4055614696428380     
        3783   1.7333330000000000       0.86666699999999997       -2.4310677934350098     
        3784   1.7666670000000000       0.86666699999999997       -2.4500660712760047     
        3785   1.8000000000000000       0.86666699999999997       -2.4560133653571530     
        3786   1.8333330000000001       0.86666699999999997       -2.4632756706529211     
        3787   1.8666670000000001       0.86666699999999997       -2.4607995002500482     
        3788   1.8999999999999999       0.86666699999999997       -2.4571178600537791     
        3789   1.9333330000000000       0.86666699999999997       -2.4469467540484811     
        3790   1.9666669999999999       0.86666699999999997       -2.4324768476207272     
        3791   2.0000000000000000       0.86666699999999997       -2.4164256329056273     
        3792   2.0333329999999998       0.86666699999999997       -2.3969579204173139     
        3793   2.0666669999999998       0.86666699999999997       -2.3730263233049467     
        3794   2.1000000000000001       0.86666699999999997       -2.3499421050188687     
        3795   2.1333329999999999       0.86666699999999997       -2.3222628920956212     
        3796   2.1666669999999999       0.86666699999999997       -2.2951471195936781     
        3797   2.2000000000000002       0.86666699999999997       -2.2645387711575409     
        3798   2.2333330000000000       0.86666699999999997       -2.2349988732016128     
        3799   2.2666670000000000       0.86666699999999997       -2.2034005672153163     
        3800   2.2999999999999998       0.86666699999999997       -2.1718826572886076     
        3801   2.3333330000000001       0.86666699999999997       -2.1365132498839996     
        3802   2.3666670000000001       0.86666699999999997       -2.1059918081649642     
        3803   2.3999999999999999       0.86666699999999997       -2.0729177039937738     
        3804   2.4333330000000002       0.86666699999999997       -2.0369669244869724     
        3805   2.4666670000000002       0.86666699999999997       -2.0051537756129929     
        3806   2.5000000000000000       0.86666699999999997       -1.9716705095163123     
        3807   2.5333329999999998       0.86666699999999997       -1.9400651809007579     
        3808   2.5666669999999998       0.86666699999999997       -1.9046751547183725     
        3809   2.6000000000000001       0.86666699999999997       -1.8742879792607507     
        3810   2.6333329999999999       0.86666699999999997       -1.8404525223659693     
        3811   2.6666669999999999       0.86666699999999997       -1.8072543059812782     
        3812   2.7000000000000002       0.86666699999999997       -1.7779764204851507     
        3813   2.7333330000000000       0.86666699999999997       -1.7453216982397310     
        3814   2.7666670000000000       0.86666699999999997       -1.7134800554801985     
        3815   2.7999999999999998       0.86666699999999997       -1.6857747612385592     
        3816   2.8333330000000001       0.86666699999999997       -1.6548220407817689     
        3817   2.8666670000000001       0.86666699999999997       -1.6242689627936708     
        3818   2.8999999999999999       0.86666699999999997       -1.5954119984433193     
        3819   2.9333330000000002       0.86666699999999997       -1.5669637642499930     
        3820   2.9666670000000002       0.86666699999999997       -1.5405900210487944     
        3821   3.0000000000000000       0.86666699999999997       -1.5124544539662323     
        3822   3.0333329999999998       0.86666699999999997       -1.4855554907156006     
        3823   3.0666669999999998       0.86666699999999997       -1.4607876134723872     
        3824   3.1000000000000001       0.86666699999999997       -1.4335108692335479     
        3825   3.1333329999999999       0.86666699999999997       -1.4079745957000405     
        3826   3.1666669999999999       0.86666699999999997       -1.3838904242159396     
        3827   3.2000000000000002       0.86666699999999997       -1.3614530326927117     
        3828   3.2333330000000000       0.86666699999999997       -1.3366306323179229     
        3829   3.2666670000000000       0.86666699999999997       -1.3126172731676937     
        3830   3.2999999999999998       0.86666699999999997       -1.2892471389337727     
        3831   3.3333330000000001       0.86666699999999997       -1.2689409896942632     
        3832   3.3666670000000001       0.86666699999999997       -1.2453306185029620     
        3833   3.3999999999999999       0.86666699999999997       -1.2257694261596213     
        3834   3.4333330000000002       0.86666699999999997       -1.2036443464264086     
        3835   3.4666670000000002       0.86666699999999997       -1.1834786299560778     
        3836   3.5000000000000000       0.86666699999999997       -1.1650938008200435     
        3837   3.5333329999999998       0.86666699999999997       -1.1440914048259496     
        3838   3.5666669999999998       0.86666699999999997       -1.1254071735511006     
        3839   3.6000000000000001       0.86666699999999997       -1.1082818362671287     
        3840   3.6333329999999999       0.86666699999999997       -1.0889175304568224     
        3841   3.6666669999999999       0.86666699999999997       -1.0709689632880313     
        3842   3.7000000000000002       0.86666699999999997       -1.0546865871620057     
        3843   3.7333330000000000       0.86666699999999997       -1.0367578425741524     
        3844   3.7666670000000000       0.86666699999999997       -1.0203771911293498     
        3845   3.7999999999999998       0.86666699999999997       -1.0055431033757178     
        3846   3.8333330000000001       0.86666699999999997      -0.98882448648925692     
        3847   3.8666670000000001       0.86666699999999997      -0.97292448375155050     
        3848   3.8999999999999999       0.86666699999999997      -0.95927796005367361     
        3849   3.9333330000000002       0.86666699999999997      -0.94329551389389232     
        3850   3.9666670000000002       0.86666699999999997      -0.93016495927514042     
        3851   4.0000000000000000       0.86666699999999997      -0.91501396076802133     
        3852   4.0333329999999998       0.86666699999999997      -0.90158908716877972     
        3853   4.0666669999999998       0.86666699999999997      -0.88931053329348198     
        3854   4.0999999999999996       0.86666699999999997      -0.87543324104313736     
        3855   4.1333330000000004       0.86666699999999997      -0.86276064746808501     
        3856   4.1666670000000003       0.86666699999999997      -0.85082767050570440     
        3857   4.2000000000000002       0.86666699999999997      -0.83960210609795360     
        3858   4.2333330000000000       0.86666699999999997      -0.82724161478599167     
        3859   4.2666670000000000       0.86666699999999997      -0.81551269396155290     
        3860   4.2999999999999998       0.86666699999999997      -0.80425197602825149     
        3861   4.3333329999999997       0.86666699999999997      -0.79391302609161363     
        3862   4.3666669999999996       0.86666699999999997      -0.78277041005342429     
        3863   4.4000000000000004       0.86666699999999997      -0.77331852044091209     
        3864   4.4333330000000002       0.86666699999999997      -0.76282294089215374     
        3865   4.4666670000000002       0.86666699999999997      -0.75336308870116830     
        3866   4.5000000000000000       0.86666699999999997      -0.74366306274772154     
        3867   4.5333329999999998       0.86666699999999997      -0.73411955683585239     
        3868   4.5666669999999998       0.86666699999999997      -0.72581869820888578     
        3869   4.5999999999999996       0.86666699999999997      -0.71710089639034535     
        3870   4.6333330000000004       0.86666699999999997      -0.70853211332528743     
        3871   4.6666670000000003       0.86666699999999997      -0.69987031224032925     
        3872   4.7000000000000002       0.86666699999999997      -0.69261630582045519     
        3873   4.7333330000000000       0.86666699999999997      -0.68476667127367852     
        3874   4.7666670000000000       0.86666699999999997      -0.67754127321806223     
        3875   4.7999999999999998       0.86666699999999997      -0.67004429078673988     
        3876   4.8333329999999997       0.86666699999999997      -0.66342258332144088     
        3877   4.8666669999999996       0.86666699999999997      -0.65674670942632873     
        3878   4.9000000000000004       0.86666699999999997      -0.65037345871904062     
        3879   4.9333330000000002       0.86666699999999997      -0.64480710615360515     
        3880   4.9666670000000002       0.86666699999999997      -0.64027570812367973     
        3881   5.0000000000000000       0.86666699999999997      -0.63804189770714115     
        3882   0.0000000000000000       0.90000000000000002        0.0000000000000000     
        3883   3.3333000000000002E-002  0.90000000000000002       -9.1172834859978174E-005
        3884   6.6667000000000004E-002  0.90000000000000002       -2.3567363281289019E-004
        3885  0.10000000000000001       0.90000000000000002       -4.9615580064132339E-004
        3886  0.13333300000000001       0.90000000000000002       -8.4180008373583031E-004
        3887  0.16666700000000001       0.90000000000000002       -1.4092677431341524E-003
        3888  0.20000000000000001       0.90000000000000002       -2.1307976978839340E-003
        3889  0.23333300000000001       0.90000000000000002       -3.0509089450177960E-003
        3890  0.26666699999999999       0.90000000000000002       -4.4676035781062735E-003
        3891  0.29999999999999999       0.90000000000000002       -6.1283678747153800E-003
        3892  0.33333299999999999       0.90000000000000002       -8.0564974293475498E-003
        3893  0.36666700000000002       0.90000000000000002       -1.0864844973339812E-002
        3894  0.40000000000000002       0.90000000000000002       -1.3648953875664879E-002
        3895  0.43333300000000002       0.90000000000000002       -1.7492423969046333E-002
        3896  0.46666700000000000       0.90000000000000002       -2.1928750882899223E-002
        3897  0.50000000000000000       0.90000000000000002       -2.7205777322196870E-002
        3898  0.53333299999999995       0.90000000000000002       -3.3291578880370751E-002
        3899  0.56666700000000003       0.90000000000000002       -4.0099609634688227E-002
        3900  0.59999999999999998       0.90000000000000002       -4.7676215141131593E-002
        3901  0.63333300000000003       0.90000000000000002       -5.5721189535312111E-002
        3902  0.66666700000000001       0.90000000000000002       -6.5648690474479368E-002
        3903  0.69999999999999996       0.90000000000000002       -7.6162185970040569E-002
        3904  0.73333300000000001       0.90000000000000002       -8.7199989015043847E-002
        3905  0.76666699999999999       0.90000000000000002      -0.10178147247588495     
        3906  0.80000000000000004       0.90000000000000002      -0.11551536487939122     
        3907  0.83333299999999999       0.90000000000000002      -0.13187806197360891     
        3908  0.86666699999999997       0.90000000000000002      -0.15044083357621379     
        3909  0.90000000000000002       0.90000000000000002      -0.17162872274741892     
        3910  0.93333299999999997       0.90000000000000002      -0.19617321119562356     
        3911  0.96666700000000005       0.90000000000000002      -0.22303648974701409     
        3912   1.0000000000000000       0.90000000000000002      -0.26162950307795185     
        3913   1.0333330000000001       0.90000000000000002      -0.30281618262140519     
        3914   1.0666670000000000       0.90000000000000002      -0.34677545043632502     
        3915   1.1000000000000001       0.90000000000000002      -0.41432875235182354     
        3916   1.1333329999999999       0.90000000000000002      -0.48861138844258717     
        3917   1.1666669999999999       0.90000000000000002      -0.55574171077453827     
        3918   1.2000000000000000       0.90000000000000002      -0.65249325942677250     
        3919   1.2333330000000000       0.90000000000000002      -0.74857136658385615     
        3920   1.2666670000000000       0.90000000000000002      -0.83403622379069708     
        3921   1.3000000000000000       0.90000000000000002      -0.93575967859195930     
        3922   1.3333330000000001       0.90000000000000002       -1.0177587809685253     
        3923   1.3666670000000001       0.90000000000000002       -1.1251236880547371     
        3924   1.3999999999999999       0.90000000000000002       -1.1995707639393480     
        3925   1.4333330000000000       0.90000000000000002       -1.2932074765284680     
        3926   1.4666669999999999       0.90000000000000002       -1.3572664332131061     
        3927   1.5000000000000000       0.90000000000000002       -1.4339299690098539     
        3928   1.5333330000000001       0.90000000000000002       -1.4936448812083143     
        3929   1.5666670000000000       0.90000000000000002       -1.5517948910867851     
        3930   1.6000000000000001       0.90000000000000002       -1.6023138464108360     
        3931   1.6333329999999999       0.90000000000000002       -1.6450695973688452     
        3932   1.6666669999999999       0.90000000000000002       -1.6838975865262307     
        3933   1.7000000000000000       0.90000000000000002       -1.7166964860707403     
        3934   1.7333330000000000       0.90000000000000002       -1.7448716264516979     
        3935   1.7666670000000000       0.90000000000000002       -1.7632422588962360     
        3936   1.8000000000000000       0.90000000000000002       -1.7832507348723805     
        3937   1.8333330000000001       0.90000000000000002       -1.7944979480006094     
        3938   1.8666670000000001       0.90000000000000002       -1.8021213849480042     
        3939   1.8999999999999999       0.90000000000000002       -1.8060617194229327     
        3940   1.9333330000000000       0.90000000000000002       -1.8053146657044954     
        3941   1.9666669999999999       0.90000000000000002       -1.8028791953158518     
        3942   2.0000000000000000       0.90000000000000002       -1.7958354933641900     
        3943   2.0333329999999998       0.90000000000000002       -1.7868641494339417     
        3944   2.0666669999999998       0.90000000000000002       -1.7747903674152745     
        3945   2.1000000000000001       0.90000000000000002       -1.7608407066776515     
        3946   2.1333329999999999       0.90000000000000002       -1.7442581645710655     
        3947   2.1666669999999999       0.90000000000000002       -1.7278866654678844     
        3948   2.2000000000000002       0.90000000000000002       -1.7078833598471708     
        3949   2.2333330000000000       0.90000000000000002       -1.6866971056708180     
        3950   2.2666670000000000       0.90000000000000002       -1.6663046375191628     
        3951   2.2999999999999998       0.90000000000000002       -1.6442872339356345     
        3952   2.3333330000000001       0.90000000000000002       -1.6222798486657868     
        3953   2.3666670000000001       0.90000000000000002       -1.5980646115714787     
        3954   2.3999999999999999       0.90000000000000002       -1.5735779501152036     
        3955   2.4333330000000002       0.90000000000000002       -1.5500647038686328     
        3956   2.4666670000000002       0.90000000000000002       -1.5246832538686459     
        3957   2.5000000000000000       0.90000000000000002       -1.5020332513997754     
        3958   2.5333329999999998       0.90000000000000002       -1.4758899617364367     
        3959   2.5666669999999998       0.90000000000000002       -1.4530582939370449     
        3960   2.6000000000000001       0.90000000000000002       -1.4271068518228931     
        3961   2.6333329999999999       0.90000000000000002       -1.4048925076167500     
        3962   2.6666669999999999       0.90000000000000002       -1.3793251682702328     
        3963   2.7000000000000002       0.90000000000000002       -1.3546269376124496     
        3964   2.7333330000000000       0.90000000000000002       -1.3331893837497268     
        3965   2.7666670000000000       0.90000000000000002       -1.3082870469715469     
        3966   2.7999999999999998       0.90000000000000002       -1.2853042663323215     
        3967   2.8333330000000001       0.90000000000000002       -1.2628798869935591     
        3968   2.8666670000000001       0.90000000000000002       -1.2417986252978792     
        3969   2.8999999999999999       0.90000000000000002       -1.2177293140168117     
        3970   2.9333330000000002       0.90000000000000002       -1.1980397058182652     
        3971   2.9666670000000002       0.90000000000000002       -1.1762576227366930     
        3972   3.0000000000000000       0.90000000000000002       -1.1540126400642017     
        3973   3.0333329999999998       0.90000000000000002       -1.1354669034027693     
        3974   3.0666669999999998       0.90000000000000002       -1.1143438475637424     
        3975   3.1000000000000001       0.90000000000000002       -1.0955837406782745     
        3976   3.1333329999999999       0.90000000000000002       -1.0760365451650209     
        3977   3.1666669999999999       0.90000000000000002       -1.0565013267454202     
        3978   3.2000000000000002       0.90000000000000002       -1.0378732727791271     
        3979   3.2333330000000000       0.90000000000000002       -1.0204474878379208     
        3980   3.2666670000000000       0.90000000000000002       -1.0023081010126667     
        3981   3.2999999999999998       0.90000000000000002      -0.98578546400358569     
        3982   3.3333330000000001       0.90000000000000002      -0.96773671010864704     
        3983   3.3666670000000001       0.90000000000000002      -0.95150135412770520     
        3984   3.3999999999999999       0.90000000000000002      -0.93478410931201228     
        3985   3.4333330000000002       0.90000000000000002      -0.91879594613517956     
        3986   3.4666670000000002       0.90000000000000002      -0.90420169616037449     
        3987   3.5000000000000000       0.90000000000000002      -0.88786203507270089     
        3988   3.5333329999999998       0.90000000000000002      -0.87338926775968906     
        3989   3.5666669999999998       0.90000000000000002      -0.85967171186838420     
        3990   3.6000000000000001       0.90000000000000002      -0.84446092367196135     
        3991   3.6333329999999999       0.90000000000000002      -0.83164628627556458     
        3992   3.6666669999999999       0.90000000000000002      -0.81718316188357421     
        3993   3.7000000000000002       0.90000000000000002      -0.80324596230828960     
        3994   3.7333330000000000       0.90000000000000002      -0.79081215487338585     
        3995   3.7666670000000000       0.90000000000000002      -0.77891862620921959     
        3996   3.7999999999999998       0.90000000000000002      -0.76572835173329146     
        3997   3.8333330000000001       0.90000000000000002      -0.75372607855751039     
        3998   3.8666670000000001       0.90000000000000002      -0.74245183801599235     
        3999   3.8999999999999999       0.90000000000000002      -0.73054647372491277     
        4000   3.9333330000000002       0.90000000000000002      -0.71947595233684525     
        4001   3.9666670000000002       0.90000000000000002      -0.70816464156636472     
        4002   4.0000000000000000       0.90000000000000002      -0.69728562482816736     
        4003   4.0333329999999998       0.90000000000000002      -0.68738107643816571     
        4004   4.0666669999999998       0.90000000000000002      -0.67682378838834512     
        4005   4.0999999999999996       0.90000000000000002      -0.66679964123873225     
        4006   4.1333330000000004       0.90000000000000002      -0.65774513456271211     
        4007   4.1666670000000003       0.90000000000000002      -0.64785799351965323     
        4008   4.2000000000000002       0.90000000000000002      -0.63825103376992975     
        4009   4.2333330000000000       0.90000000000000002      -0.62976366575039699     
        4010   4.2666670000000000       0.90000000000000002      -0.62113035052347332     
        4011   4.2999999999999998       0.90000000000000002      -0.61171121925549055     
        4012   4.3333329999999997       0.90000000000000002      -0.60387457282723345     
        4013   4.3666669999999996       0.90000000000000002      -0.59616959663102354     
        4014   4.4000000000000004       0.90000000000000002      -0.58767772043596700     
        4015   4.4333330000000002       0.90000000000000002      -0.58049044681973672     
        4016   4.4666670000000002       0.90000000000000002      -0.57251272416828114     
        4017   4.5000000000000000       0.90000000000000002      -0.56543097816914856     
        4018   4.5333329999999998       0.90000000000000002      -0.55871508762346456     
        4019   4.5666669999999998       0.90000000000000002      -0.55158879599664878     
        4020   4.5999999999999996       0.90000000000000002      -0.54444298150218629     
        4021   4.6333330000000004       0.90000000000000002      -0.53832156091902295     
        4022   4.6666670000000003       0.90000000000000002      -0.53236272423345110     
        4023   4.7000000000000002       0.90000000000000002      -0.52602144918969240     
        4024   4.7333330000000000       0.90000000000000002      -0.51968912195835959     
        4025   4.7666670000000000       0.90000000000000002      -0.51431766575562421     
        4026   4.7999999999999998       0.90000000000000002      -0.50891353637952208     
        4027   4.8333329999999997       0.90000000000000002      -0.50395733202954607     
        4028   4.8666669999999996       0.90000000000000002      -0.49837876372724821     
        4029   4.9000000000000004       0.90000000000000002      -0.49382182466580815     
        4030   4.9333330000000002       0.90000000000000002      -0.48933006735323764     
        4031   4.9666670000000002       0.90000000000000002      -0.48560386795175819     
        4032   5.0000000000000000       0.90000000000000002      -0.48417253204475519     
        4033   0.0000000000000000       0.93333299999999997        0.0000000000000000     
        4034   3.3333000000000002E-002  0.93333299999999997       -4.9017288695834344E-005
        4035   6.6667000000000004E-002  0.93333299999999997       -1.4202135973404538E-004
        4036  0.10000000000000001       0.93333299999999997       -2.7552079794866821E-004
        4037  0.13333300000000001       0.93333299999999997       -5.0113503386710193E-004
        4038  0.16666700000000001       0.93333299999999997       -7.9414601868511717E-004
        4039  0.20000000000000001       0.93333299999999997       -1.2307692334023747E-003
        4040  0.23333300000000001       0.93333299999999997       -1.8380734312192963E-003
        4041  0.26666699999999999       0.93333299999999997       -2.6028952422006931E-003
        4042  0.29999999999999999       0.93333299999999997       -3.5220623347932620E-003
        4043  0.33333299999999999       0.93333299999999997       -4.8336762347910922E-003
        4044  0.36666700000000002       0.93333299999999997       -6.2670213928978195E-003
        4045  0.40000000000000002       0.93333299999999997       -8.2123478107107312E-003
        4046  0.43333300000000002       0.93333299999999997       -1.0220077965224178E-002
        4047  0.46666700000000000       0.93333299999999997       -1.3004671132779422E-002
        4048  0.50000000000000000       0.93333299999999997       -1.6395022021077614E-002
        4049  0.53333299999999995       0.93333299999999997       -1.9704056355655346E-002
        4050  0.56666700000000003       0.93333299999999997       -2.4247597311949136E-002
        4051  0.59999999999999998       0.93333299999999997       -2.8436521210384424E-002
        4052  0.63333300000000003       0.93333299999999997       -3.3761524989316775E-002
        4053  0.66666700000000001       0.93333299999999997       -4.0139145524946553E-002
        4054  0.69999999999999996       0.93333299999999997       -4.6025587484032668E-002
        4055  0.73333300000000001       0.93333299999999997       -5.3818443896332502E-002
        4056  0.76666699999999999       0.93333299999999997       -6.1915283689852801E-002
        4057  0.80000000000000004       0.93333299999999997       -6.9997423173438184E-002
        4058  0.83333299999999999       0.93333299999999997       -8.0417202444434038E-002
        4059  0.86666699999999997       0.93333299999999997       -9.2501511990774540E-002
        4060  0.90000000000000002       0.93333299999999997      -0.10385229049010734     
        4061  0.93333299999999997       0.93333299999999997      -0.11869501080047760     
        4062  0.96666700000000005       0.93333299999999997      -0.13612908932895068     
        4063   1.0000000000000000       0.93333299999999997      -0.15397777515618929     
        4064   1.0333330000000001       0.93333299999999997      -0.17887977486799336     
        4065   1.0666670000000000       0.93333299999999997      -0.20715805860189865     
        4066   1.1000000000000001       0.93333299999999997      -0.23591717694385578     
        4067   1.1333329999999999       0.93333299999999997      -0.27948916479039421     
        4068   1.1666669999999999       0.93333299999999997      -0.32574595432478787     
        4069   1.2000000000000000       0.93333299999999997      -0.36699192319360063     
        4070   1.2333330000000000       0.93333299999999997      -0.42694368818274658     
        4071   1.2666670000000000       0.93333299999999997      -0.48388412522553903     
        4072   1.3000000000000000       0.93333299999999997      -0.54422389005227245     
        4073   1.3333330000000001       0.93333299999999997      -0.60921846536414415     
        4074   1.3666670000000001       0.93333299999999997      -0.66021630615902338     
        4075   1.3999999999999999       0.93333299999999997      -0.72626272689377380     
        4076   1.4333330000000000       0.93333299999999997      -0.77472103336365905     
        4077   1.4666669999999999       0.93333299999999997      -0.83517160176766247     
        4078   1.5000000000000000       0.93333299999999997      -0.88048938715697234     
        4079   1.5333330000000001       0.93333299999999997      -0.92211699585668894     
        4080   1.5666670000000000       0.93333299999999997      -0.96808556401664414     
        4081   1.6000000000000001       0.93333299999999997       -1.0090509521940558     
        4082   1.6333329999999999       0.93333299999999997       -1.0386553185782748     
        4083   1.6666669999999999       0.93333299999999997       -1.0737501689760063     
        4084   1.7000000000000000       0.93333299999999997       -1.0993166256942826     
        4085   1.7333330000000000       0.93333299999999997       -1.1181785546528777     
        4086   1.7666670000000000       0.93333299999999997       -1.1403802969364265     
        4087   1.8000000000000000       0.93333299999999997       -1.1558015385390601     
        4088   1.8333330000000001       0.93333299999999997       -1.1656068543393914     
        4089   1.8666670000000001       0.93333299999999997       -1.1776158448165701     
        4090   1.8999999999999999       0.93333299999999997       -1.1820521300466100     
        4091   1.9333330000000000       0.93333299999999997       -1.1869037283654995     
        4092   1.9666669999999999       0.93333299999999997       -1.1874996570602980     
        4093   2.0000000000000000       0.93333299999999997       -1.1870720326503921     
        4094   2.0333329999999998       0.93333299999999997       -1.1832760000229534     
        4095   2.0666669999999998       0.93333299999999997       -1.1779106667715498     
        4096   2.1000000000000001       0.93333299999999997       -1.1710689642074017     
        4097   2.1333329999999999       0.93333299999999997       -1.1625401302479692     
        4098   2.1666669999999999       0.93333299999999997       -1.1524511685367214     
        4099   2.2000000000000002       0.93333299999999997       -1.1414912030924751     
        4100   2.2333330000000000       0.93333299999999997       -1.1295370196351757     
        4101   2.2666670000000000       0.93333299999999997       -1.1159221867403197     
        4102   2.2999999999999998       0.93333299999999997       -1.1032654708745835     
        4103   2.3333330000000001       0.93333299999999997       -1.0881377247650204     
        4104   2.3666670000000001       0.93333299999999997       -1.0743238982982666     
        4105   2.3999999999999999       0.93333299999999997       -1.0576747183240061     
        4106   2.4333330000000002       0.93333299999999997       -1.0435645611802788     
        4107   2.4666670000000002       0.93333299999999997       -1.0267757879764574     
        4108   2.5000000000000000       0.93333299999999997       -1.0102684938303141     
        4109   2.5333329999999998       0.93333299999999997      -0.99542072591686570     
        4110   2.5666669999999998       0.93333299999999997      -0.97825672692156440     
        4111   2.6000000000000001       0.93333299999999997      -0.96322525184744090     
        4112   2.6333329999999999       0.93333299999999997      -0.94608861818515533     
        4113   2.6666669999999999       0.93333299999999997      -0.93058226349313400     
        4114   2.7000000000000002       0.93333299999999997      -0.91531609202639130     
        4115   2.7333330000000000       0.93333299999999997      -0.89852634318024782     
        4116   2.7666670000000000       0.93333299999999997      -0.88393785536182012     
        4117   2.7999999999999998       0.93333299999999997      -0.86731969252082752     
        4118   2.8333330000000001       0.93333299999999997      -0.85326410300797706     
        4119   2.8666670000000001       0.93333299999999997      -0.83725258709403616     
        4120   2.8999999999999999       0.93333299999999997      -0.82339274127760853     
        4121   2.9333330000000002       0.93333299999999997      -0.80784568551472336     
        4122   2.9666670000000002       0.93333299999999997      -0.79423541304194822     
        4123   3.0000000000000000       0.93333299999999997      -0.78040405907911381     
        4124   3.0333329999999998       0.93333299999999997      -0.76570620080511376     
        4125   3.0666669999999998       0.93333299999999997      -0.75270334562801455     
        4126   3.1000000000000001       0.93333299999999997      -0.74035070367733558     
        4127   3.1333329999999999       0.93333299999999997      -0.72607773542701703     
        4128   3.1666669999999999       0.93333299999999997      -0.71432323041857904     
        4129   3.2000000000000002       0.93333299999999997      -0.70107621347621796     
        4130   3.2333330000000000       0.93333299999999997      -0.68820661256606730     
        4131   3.2666670000000000       0.93333299999999997      -0.67728826707905410     
        4132   3.2999999999999998       0.93333299999999997      -0.66466541746479801     
        4133   3.3333330000000001       0.93333299999999997      -0.65363248322555212     
        4134   3.3666670000000001       0.93333299999999997      -0.64283167856702450     
        4135   3.3999999999999999       0.93333299999999997      -0.63074063231048838     
        4136   3.4333330000000002       0.93333299999999997      -0.62084530167829222     
        4137   3.4666670000000002       0.93333299999999997      -0.60961933365780252     
        4138   3.5000000000000000       0.93333299999999997      -0.60009929998733136     
        4139   3.5333329999999998       0.93333299999999997      -0.58951219223256002     
        4140   3.5666669999999998       0.93333299999999997      -0.57952552519677070     
        4141   3.6000000000000001       0.93333299999999997      -0.57037221254597681     
        4142   3.6333329999999999       0.93333299999999997      -0.56043555340168971     
        4143   3.6666669999999999       0.93333299999999997      -0.55136557301019207     
        4144   3.7000000000000002       0.93333299999999997      -0.54283461827270774     
        4145   3.7333330000000000       0.93333299999999997      -0.53357073183842274     
        4146   3.7666670000000000       0.93333299999999997      -0.52482045884683348     
        4147   3.7999999999999998       0.93333299999999997      -0.51654643808906908     
        4148   3.8333330000000001       0.93333299999999997      -0.50895994546876477     
        4149   3.8666670000000001       0.93333299999999997      -0.50067832441506099     
        4150   3.8999999999999999       0.93333299999999997      -0.49230817098559465     
        4151   3.9333330000000002       0.93333299999999997      -0.48543654701276084     
        4152   3.9666670000000002       0.93333299999999997      -0.47731392730201383     
        4153   4.0000000000000000       0.93333299999999997      -0.47053510135263860     
        4154   4.0333329999999998       0.93333299999999997      -0.46326282284956333     
        4155   4.0666669999999998       0.93333299999999997      -0.45599040301537269     
        4156   4.0999999999999996       0.93333299999999997      -0.44977993388823695     
        4157   4.1333330000000004       0.93333299999999997      -0.44273716571193383     
        4158   4.1666670000000003       0.93333299999999997      -0.43657265575398635     
        4159   4.2000000000000002       0.93333299999999997      -0.43058226183190301     
        4160   4.2333330000000000       0.93333299999999997      -0.42399097073377129     
        4161   4.2666670000000000       0.93333299999999997      -0.41827654074800902     
        4162   4.2999999999999998       0.93333299999999997      -0.41260253310679251     
        4163   4.3333329999999997       0.93333299999999997      -0.40682096355494396     
        4164   4.3666669999999996       0.93333299999999997      -0.40114257789554569     
        4165   4.4000000000000004       0.93333299999999997      -0.39619211647868957     
        4166   4.4333330000000002       0.93333299999999997      -0.39085663688618349     
        4167   4.4666670000000002       0.93333299999999997      -0.38558919482975462     
        4168   4.5000000000000000       0.93333299999999997      -0.38060009335531941     
        4169   4.5333329999999998       0.93333299999999997      -0.37561878397764714     
        4170   4.5666669999999998       0.93333299999999997      -0.37123867087947382     
        4171   4.5999999999999996       0.93333299999999997      -0.36680011817784886     
        4172   4.6333330000000004       0.93333299999999997      -0.36232888899894866     
        4173   4.6666670000000003       0.93333299999999997      -0.35783823371217721     
        4174   4.7000000000000002       0.93333299999999997      -0.35382336641327450     
        4175   4.7333330000000000       0.93333299999999997      -0.35005032936625868     
        4176   4.7666670000000000       0.93333299999999997      -0.34600032029381644     
        4177   4.7999999999999998       0.93333299999999997      -0.34229055295043315     
        4178   4.8333329999999997       0.93333299999999997      -0.33851366669937516     
        4179   4.8666669999999996       0.93333299999999997      -0.33522393786878713     
        4180   4.9000000000000004       0.93333299999999997      -0.33224063422799627     
        4181   4.9333330000000002       0.93333299999999997      -0.32902500773597049     
        4182   4.9666670000000002       0.93333299999999997      -0.32641249404610700     
        4183   5.0000000000000000       0.93333299999999997      -0.32532114282502400     
        4184   0.0000000000000000       0.96666700000000005        0.0000000000000000     
        4185   3.3333000000000002E-002  0.96666700000000005       -2.0641163600826762E-005
        4186   6.6667000000000004E-002  0.96666700000000005       -6.3641404554048785E-005
        4187  0.10000000000000001       0.96666700000000005       -1.3236911828162724E-004
        4188  0.13333300000000001       0.96666700000000005       -2.2813859488552337E-004
        4189  0.16666700000000001       0.96666700000000005       -3.5763227390179261E-004
        4190  0.20000000000000001       0.96666700000000005       -5.7829287422291379E-004
        4191  0.23333300000000001       0.96666700000000005       -8.4218466631657087E-004
        4192  0.26666699999999999       0.96666700000000005       -1.1719179216397059E-003
        4193  0.29999999999999999       0.96666700000000005       -1.6557824348124753E-003
        4194  0.33333299999999999       0.96666700000000005       -2.1872023766400109E-003
        4195  0.36666700000000002       0.96666700000000005       -2.9474833902135228E-003
        4196  0.40000000000000002       0.96666700000000005       -3.7441947432990427E-003
        4197  0.43333300000000002       0.96666700000000005       -4.8483957555216593E-003
        4198  0.46666700000000000       0.96666700000000005       -6.0580732551738315E-003
        4199  0.50000000000000000       0.96666700000000005       -7.4842148483312823E-003
        4200  0.53333299999999995       0.96666700000000005       -9.3282854199528871E-003
        4201  0.56666700000000003       0.96666700000000005       -1.1166679771404885E-002
        4202  0.59999999999999998       0.96666700000000005       -1.3535262281266921E-002
        4203  0.63333300000000003       0.96666700000000005       -1.5914394343620818E-002
        4204  0.66666700000000001       0.96666700000000005       -1.8609070361918129E-002
        4205  0.69999999999999996       0.96666700000000005       -2.1990898780570523E-002
        4206  0.73333300000000001       0.96666700000000005       -2.5373378166220012E-002
        4207  0.76666699999999999       0.96666700000000005       -2.8967207506799493E-002
        4208  0.80000000000000004       0.96666700000000005       -3.3550107232018282E-002
        4209  0.83333299999999999       0.96666700000000005       -3.8144594064844474E-002
        4210  0.86666699999999997       0.96666700000000005       -4.3472194895945226E-002
        4211  0.90000000000000002       0.96666700000000005       -4.8616478357972968E-002
        4212  0.93333299999999997       0.96666700000000005       -5.5698680262093729E-002
        4213  0.96666700000000005       0.96666700000000005       -6.4533949065333260E-002
        4214   1.0000000000000000       0.96666700000000005       -7.2614920448881418E-002
        4215   1.0333330000000001       0.96666700000000005       -8.1760749461986151E-002
        4216   1.0666670000000000       0.96666700000000005       -9.6623631539950933E-002
        4217   1.1000000000000001       0.96666700000000005      -0.10963537890963608     
        4218   1.1333329999999999       0.96666700000000005      -0.12430605789311686     
        4219   1.1666669999999999       0.96666700000000005      -0.14706380789606727     
        4220   1.2000000000000000       0.96666700000000005      -0.17115230494388042     
        4221   1.2333330000000000       0.96666700000000005      -0.19412220596695876     
        4222   1.2666670000000000       0.96666700000000005      -0.21706701010905705     
        4223   1.3000000000000000       0.96666700000000005      -0.25144791573833014     
        4224   1.3333330000000001       0.96666700000000005      -0.27673424574004712     
        4225   1.3666670000000001       0.96666700000000005      -0.30980529456386596     
        4226   1.3999999999999999       0.96666700000000005      -0.33452245350501847     
        4227   1.4333330000000000       0.96666700000000005      -0.36678088830618882     
        4228   1.4666669999999999       0.96666700000000005      -0.38990008740822740     
        4229   1.5000000000000000       0.96666700000000005      -0.42020746523445646     
        4230   1.5333330000000001       0.96666700000000005      -0.44140263270489660     
        4231   1.5666670000000000       0.96666700000000005      -0.46005906890966580     
        4232   1.6000000000000001       0.96666700000000005      -0.48616339912780027     
        4233   1.6333329999999999       0.96666700000000005      -0.50316242548014833     
        4234   1.6666669999999999       0.96666700000000005      -0.51942095065722749     
        4235   1.7000000000000000       0.96666700000000005      -0.53264036098502876     
        4236   1.7333330000000000       0.96666700000000005      -0.54754238943995270     
        4237   1.7666670000000000       0.96666700000000005      -0.55773766127626068     
        4238   1.8000000000000000       0.96666700000000005      -0.56575760296227562     
        4239   1.8333330000000001       0.96666700000000005      -0.57459395378633982     
        4240   1.8666670000000001       0.96666700000000005      -0.57934720254937744     
        4241   1.8999999999999999       0.96666700000000005      -0.58486859978210093     
        4242   1.9333330000000000       0.96666700000000005      -0.58742349609036693     
        4243   1.9666669999999999       0.96666700000000005      -0.58899157786406098     
        4244   2.0000000000000000       0.96666700000000005      -0.58908971934748189     
        4245   2.0333329999999998       0.96666700000000005      -0.58856372994345818     
        4246   2.0666669999999998       0.96666700000000005      -0.58706874164126455     
        4247   2.1000000000000001       0.96666700000000005      -0.58423164704974329     
        4248   2.1333329999999999       0.96666700000000005      -0.58062249589841464     
        4249   2.1666669999999999       0.96666700000000005      -0.57631257237393019     
        4250   2.2000000000000002       0.96666700000000005      -0.57109113902528630     
        4251   2.2333330000000000       0.96666700000000005      -0.56568235256355204     
        4252   2.2666670000000000       0.96666700000000005      -0.55975939402150654     
        4253   2.2999999999999998       0.96666700000000005      -0.55298482018483075     
        4254   2.3333330000000001       0.96666700000000005      -0.54650332956316316     
        4255   2.3666670000000001       0.96666700000000005      -0.53896729700161961     
        4256   2.3999999999999999       0.96666700000000005      -0.53190707008910876     
        4257   2.4333330000000002       0.96666700000000005      -0.52389534568425700     
        4258   2.4666670000000002       0.96666700000000005      -0.51629657417280217     
        4259   2.5000000000000000       0.96666700000000005      -0.50873078245200043     
        4260   2.5333329999999998       0.96666700000000005      -0.50027873553840485     
        4261   2.5666669999999998       0.96666700000000005      -0.49280668340053674     
        4262   2.6000000000000001       0.96666700000000005      -0.48427410728992082     
        4263   2.6333329999999999       0.96666700000000005      -0.47687706755258691     
        4264   2.6666669999999999       0.96666700000000005      -0.46857765937660684     
        4265   2.7000000000000002       0.96666700000000005      -0.46030117829013972     
        4266   2.7333330000000000       0.96666700000000005      -0.45309940315959091     
        4267   2.7666670000000000       0.96666700000000005      -0.44519971702745348     
        4268   2.7999999999999998       0.96666700000000005      -0.43702627794266052     
        4269   2.8333330000000001       0.96666700000000005      -0.42916101995208955     
        4270   2.8666670000000001       0.96666700000000005      -0.42224798907393452     
        4271   2.8999999999999999       0.96666700000000005      -0.41431345404181275     
        4272   2.9333330000000002       0.96666700000000005      -0.40751488794289759     
        4273   2.9666670000000002       0.96666700000000005      -0.39970337970321623     
        4274   3.0000000000000000       0.96666700000000005      -0.39303626321844953     
        4275   3.0333329999999998       0.96666700000000005      -0.38644667137576694     
        4276   3.0666669999999998       0.96666700000000005      -0.37931313307789860     
        4277   3.1000000000000001       0.96666700000000005      -0.37239665148851953     
        4278   3.1333329999999999       0.96666700000000005      -0.36628650500552645     
        4279   3.1666669999999999       0.96666700000000005      -0.35938155516114095     
        4280   3.2000000000000002       0.96666700000000005      -0.35324511146049425     
        4281   3.2333330000000000       0.96666700000000005      -0.34728375617375640     
        4282   3.2666670000000000       0.96666700000000005      -0.34079796083418618     
        4283   3.2999999999999998       0.96666700000000005      -0.33527505873567426     
        4284   3.3333330000000001       0.96666700000000005      -0.32895919329184192     
        4285   3.3666670000000001       0.96666700000000005      -0.32363509575513039     
        4286   3.3999999999999999       0.96666700000000005      -0.31826440358612335     
        4287   3.4333330000000002       0.96666700000000005      -0.31240347235404831     
        4288   3.4666670000000002       0.96666700000000005      -0.30746279748849314     
        4289   3.5000000000000000       0.96666700000000005      -0.30192390679621539     
        4290   3.5333329999999998       0.96666700000000005      -0.29723299954034788     
        4291   3.5666669999999998       0.96666700000000005      -0.29167506527175840     
        4292   3.6000000000000001       0.96666700000000005      -0.28707975807755864     
        4293   3.6333329999999999       0.96666700000000005      -0.28236993753556583     
        4294   3.6666669999999999       0.96666700000000005      -0.27798375430957079     
        4295   3.7000000000000002       0.96666700000000005      -0.27308510636336203     
        4296   3.7333330000000000       0.96666700000000005      -0.26897724957903968     
        4297   3.7666670000000000       0.96666700000000005      -0.26414441850679804     
        4298   3.7999999999999998       0.96666700000000005      -0.26030147196550990     
        4299   3.8333330000000001       0.96666700000000005      -0.25590645389323236     
        4300   3.8666670000000001       0.96666700000000005      -0.25203574151406377     
        4301   3.8999999999999999       0.96666700000000005      -0.24821258468890231     
        4302   3.9333330000000002       0.96666700000000005      -0.24406021759965635     
        4303   3.9666670000000002       0.96666700000000005      -0.24035740700714772     
        4304   4.0000000000000000       0.96666700000000005      -0.23682473260567743     
        4305   4.0333329999999998       0.96666700000000005      -0.23346434416892226     
        4306   4.0666669999999998       0.96666700000000005      -0.22964415557700082     
        4307   4.0999999999999996       0.96666700000000005      -0.22609611357389703     
        4308   4.1333330000000004       0.96666700000000005      -0.22306220550767639     
        4309   4.1666670000000003       0.96666700000000005      -0.21969699695673639     
        4310   4.2000000000000002       0.96666700000000005      -0.21636810891940553     
        4311   4.2333330000000000       0.96666700000000005      -0.21337147623625613     
        4312   4.2666670000000000       0.96666700000000005      -0.21046952454027990     
        4313   4.2999999999999998       0.96666700000000005      -0.20778166995980110     
        4314   4.3333329999999997       0.96666700000000005      -0.20474835105391373     
        4315   4.3666669999999996       0.96666700000000005      -0.20183010836057025     
        4316   4.4000000000000004       0.96666700000000005      -0.19902484981861404     
        4317   4.4333330000000002       0.96666700000000005      -0.19652472080906533     
        4318   4.4666670000000002       0.96666700000000005      -0.19395601973616319     
        4319   4.5000000000000000       0.96666700000000005      -0.19146222069764751     
        4320   4.5333329999999998       0.96666700000000005      -0.18912467472567385     
        4321   4.5666669999999998       0.96666700000000005      -0.18656581042022288     
        4322   4.5999999999999996       0.96666700000000005      -0.18452625441409665     
        4323   4.6333330000000004       0.96666700000000005      -0.18204606931405859     
        4324   4.6666670000000003       0.96666700000000005      -0.17995543751246024     
        4325   4.7000000000000002       0.96666700000000005      -0.17802039772334141     
        4326   4.7333330000000000       0.96666700000000005      -0.17583836663909766     
        4327   4.7666670000000000       0.96666700000000005      -0.17405723637123699     
        4328   4.7999999999999998       0.96666700000000005      -0.17196112674759739     
        4329   4.8333329999999997       0.96666700000000005      -0.17030686732563399     
        4330   4.8666669999999996       0.96666700000000005      -0.16849230263939166     
        4331   4.9000000000000004       0.96666700000000005      -0.16678016969060044     
        4332   4.9333330000000002       0.96666700000000005      -0.16533264138062320     
        4333   4.9666670000000002       0.96666700000000005      -0.16409040115617554     
        4334   5.0000000000000000       0.96666700000000005      -0.16356215154794015     
        4335   0.0000000000000000        1.0000000000000000        0.0000000000000000     
        4336   3.3333000000000002E-002   1.0000000000000000        0.0000000000000000     
        4337   6.6667000000000004E-002   1.0000000000000000        0.0000000000000000     
        4338  0.10000000000000001        1.0000000000000000        0.0000000000000000     
        4339  0.13333300000000001        1.0000000000000000        0.0000000000000000     
        4340  0.16666700000000001        1.0000000000000000        0.0000000000000000     
        4341  0.20000000000000001        1.0000000000000000        0.0000000000000000     
        4342  0.23333300000000001        1.0000000000000000        0.0000000000000000     
        4343  0.26666699999999999        1.0000000000000000        0.0000000000000000     
        4344  0.29999999999999999        1.0000000000000000        0.0000000000000000     
        4345  0.33333299999999999        1.0000000000000000        0.0000000000000000     
        4346  0.36666700000000002        1.0000000000000000        0.0000000000000000     
        4347  0.40000000000000002        1.0000000000000000        0.0000000000000000     
        4348  0.43333300000000002        1.0000000000000000        0.0000000000000000     
        4349  0.46666700000000000        1.0000000000000000        0.0000000000000000     
        4350  0.50000000000000000        1.0000000000000000        0.0000000000000000     
        4351  0.53333299999999995        1.0000000000000000        0.0000000000000000     
        4352  0.56666700000000003        1.0000000000000000        0.0000000000000000     
        4353  0.59999999999999998        1.0000000000000000        0.0000000000000000     
        4354  0.63333300000000003        1.0000000000000000        0.0000000000000000     
        4355  0.66666700000000001        1.0000000000000000        0.0000000000000000     
        4356  0.69999999999999996        1.0000000000000000        0.0000000000000000     
        4357  0.73333300000000001        1.0000000000000000        0.0000000000000000     
        4358  0.76666699999999999        1.0000000000000000        0.0000000000000000     
        4359  0.80000000000000004        1.0000000000000000        0.0000000000000000     
        4360  0.83333299999999999        1.0000000000000000        0.0000000000000000     
        4361  0.86666699999999997        1.0000000000000000        0.0000000000000000     
        4362  0.90000000000000002        1.0000000000000000        0.0000000000000000     
        4363  0.93333299999999997        1.0000000000000000        0.0000000000000000     
        4364  0.96666700000000005        1.0000000000000000        0.0000000000000000     
        4365   1.0000000000000000        1.0000000000000000        0.0000000000000000     
        4366   1.0333330000000001        1.0000000000000000        0.0000000000000000     
        4367   1.0666670000000000        1.0000000000000000        0.0000000000000000     
        4368   1.1000000000000001        1.0000000000000000        0.0000000000000000     
        4369   1.1333329999999999        1.0000000000000000        0.0000000000000000     
        4370   1.1666669999999999        1.0000000000000000        0.0000000000000000     
        4371   1.2000000000000000        1.0000000000000000        0.0000000000000000     
        4372   1.2333330000000000        1.0000000000000000        0.0000000000000000     
        4373   1.2666670000000000        1.0000000000000000        0.0000000000000000     
        4374   1.3000000000000000        1.0000000000000000        0.0000000000000000     
        4375   1.3333330000000001        1.0000000000000000        0.0000000000000000     
        4376   1.3666670000000001        1.0000000000000000        0.0000000000000000     
        4377   1.3999999999999999        1.0000000000000000        0.0000000000000000     
        4378   1.4333330000000000        1.0000000000000000        0.0000000000000000     
        4379   1.4666669999999999        1.0000000000000000        0.0000000000000000     
        4380   1.5000000000000000        1.0000000000000000        0.0000000000000000     
        4381   1.5333330000000001        1.0000000000000000        0.0000000000000000     
        4382   1.5666670000000000        1.0000000000000000        0.0000000000000000     
        4383   1.6000000000000001        1.0000000000000000        0.0000000000000000     
        4384   1.6333329999999999        1.0000000000000000        0.0000000000000000     
        4385   1.6666669999999999        1.0000000000000000        0.0000000000000000     
        4386   1.7000000000000000        1.0000000000000000        0.0000000000000000     
        4387   1.7333330000000000        1.0000000000000000        0.0000000000000000     
        4388   1.7666670000000000        1.0000000000000000        0.0000000000000000     
        4389   1.8000000000000000        1.0000000000000000        0.0000000000000000     
        4390   1.8333330000000001        1.0000000000000000        0.0000000000000000     
        4391   1.8666670000000001        1.0000000000000000        0.0000000000000000     
        4392   1.8999999999999999        1.0000000000000000        0.0000000000000000     
        4393   1.9333330000000000        1.0000000000000000        0.0000000000000000     
        4394   1.9666669999999999        1.0000000000000000        0.0000000000000000     
        4395   2.0000000000000000        1.0000000000000000        0.0000000000000000     
        4396   2.0333329999999998        1.0000000000000000        0.0000000000000000     
        4397   2.0666669999999998        1.0000000000000000        0.0000000000000000     
        4398   2.1000000000000001        1.0000000000000000        0.0000000000000000     
        4399   2.1333329999999999        1.0000000000000000        0.0000000000000000     
        4400   2.1666669999999999        1.0000000000000000        0.0000000000000000     
        4401   2.2000000000000002        1.0000000000000000        0.0000000000000000     
        4402   2.2333330000000000        1.0000000000000000        0.0000000000000000     
        4403   2.2666670000000000        1.0000000000000000        0.0000000000000000     
        4404   2.2999999999999998        1.0000000000000000        0.0000000000000000     
        4405   2.3333330000000001        1.0000000000000000        0.0000000000000000     
        4406   2.3666670000000001        1.0000000000000000        0.0000000000000000     
        4407   2.3999999999999999        1.0000000000000000        0.0000000000000000     
        4408   2.4333330000000002        1.0000000000000000        0.0000000000000000     
        4409   2.4666670000000002        1.0000000000000000        0.0000000000000000     
        4410   2.5000000000000000        1.0000000000000000        0.0000000000000000     
        4411   2.5333329999999998        1.0000000000000000        0.0000000000000000     
        4412   2.5666669999999998        1.0000000000000000        0.0000000000000000     
        4413   2.6000000000000001        1.0000000000000000        0.0000000000000000     
        4414   2.6333329999999999        1.0000000000000000        0.0000000000000000     
        4415   2.6666669999999999        1.0000000000000000        0.0000000000000000     
        4416   2.7000000000000002        1.0000000000000000        0.0000000000000000     
        4417   2.7333330000000000        1.0000000000000000        0.0000000000000000     
        4418   2.7666670000000000        1.0000000000000000        0.0000000000000000     
        4419   2.7999999999999998        1.0000000000000000        0.0000000000000000     
        4420   2.8333330000000001        1.0000000000000000        0.0000000000000000     
        4421   2.8666670000000001        1.0000000000000000        0.0000000000000000     
        4422   2.8999999999999999        1.0000000000000000        0.0000000000000000     
        4423   2.9333330000000002        1.0000000000000000        0.0000000000000000     
        4424   2.9666670000000002        1.0000000000000000        0.0000000000000000     
        4425   3.0000000000000000        1.0000000000000000        0.0000000000000000     
        4426   3.0333329999999998        1.0000000000000000        0.0000000000000000     
        4427   3.0666669999999998        1.0000000000000000        0.0000000000000000     
        4428   3.1000000000000001        1.0000000000000000        0.0000000000000000     
        4429   3.1333329999999999        1.0000000000000000        0.0000000000000000     
        4430   3.1666669999999999        1.0000000000000000        0.0000000000000000     
        4431   3.2000000000000002        1.0000000000000000        0.0000000000000000     
        4432   3.2333330000000000        1.0000000000000000        0.0000000000000000     
        4433   3.2666670000000000        1.0000000000000000        0.0000000000000000     
        4434   3.2999999999999998        1.0000000000000000        0.0000000000000000     
        4435   3.3333330000000001        1.0000000000000000        0.0000000000000000     
        4436   3.3666670000000001        1.0000000000000000        0.0000000000000000     
        4437   3.3999999999999999        1.0000000000000000        0.0000000000000000     
        4438   3.4333330000000002        1.0000000000000000        0.0000000000000000     
        4439   3.4666670000000002        1.0000000000000000        0.0000000000000000     
        4440   3.5000000000000000        1.0000000000000000        0.0000000000000000     
        4441   3.5333329999999998        1.0000000000000000        0.0000000000000000     
        4442   3.5666669999999998        1.0000000000000000        0.0000000000000000     
        4443   3.6000000000000001        1.0000000000000000        0.0000000000000000     
        4444   3.6333329999999999        1.0000000000000000        0.0000000000000000     
        4445   3.6666669999999999        1.0000000000000000        0.0000000000000000     
        4446   3.7000000000000002        1.0000000000000000        0.0000000000000000     
        4447   3.7333330000000000        1.0000000000000000        0.0000000000000000     
        4448   3.7666670000000000        1.0000000000000000        0.0000000000000000     
        4449   3.7999999999999998        1.0000000000000000        0.0000000000000000     
        4450   3.8333330000000001        1.0000000000000000        0.0000000000000000     
        4451   3.8666670000000001        1.0000000000000000        0.0000000000000000     
        4452   3.8999999999999999        1.0000000000000000        0.0000000000000000     
        4453   3.9333330000000002        1.0000000000000000        0.0000000000000000     
        4454   3.9666670000000002        1.0000000000000000        0.0000000000000000     
        4455   4.0000000000000000        1.0000000000000000        0.0000000000000000     
        4456   4.0333329999999998        1.0000000000000000        0.0000000000000000     
        4457   4.0666669999999998        1.0000000000000000        0.0000000000000000     
        4458   4.0999999999999996        1.0000000000000000        0.0000000000000000     
        4459   4.1333330000000004        1.0000000000000000        0.0000000000000000     
        4460   4.1666670000000003        1.0000000000000000        0.0000000000000000     
        4461   4.2000000000000002        1.0000000000000000        0.0000000000000000     
        4462   4.2333330000000000        1.0000000000000000        0.0000000000000000     
        4463   4.2666670000000000        1.0000000000000000        0.0000000000000000     
        4464   4.2999999999999998        1.0000000000000000        0.0000000000000000     
        4465   4.3333329999999997        1.0000000000000000        0.0000000000000000     
        4466   4.3666669999999996        1.0000000000000000        0.0000000000000000     
        4467   4.4000000000000004        1.0000000000000000        0.0000000000000000     
        4468   4.4333330000000002        1.0000000000000000        0.0000000000000000     
        4469   4.4666670000000002        1.0000000000000000        0.0000000000000000     
        4470   4.5000000000000000        1.0000000000000000        0.0000000000000000     
        4471   4.5333329999999998        1.0000000000000000        0.0000000000000000     
        4472   4.5666669999999998        1.0000000000000000        0.0000000000000000     
        4473   4.5999999999999996        1.0000000000000000        0.0000000000000000     
        4474   4.6333330000000004        1.0000000000000000        0.0000000000000000     
        4475   4.6666670000000003        1.0000000000000000        0.0000000000000000     
        4476   4.7000000000000002        1.0000000000000000        0.0000000000000000     
        4477   4.7333330000000000        1.0000000000000000        0.0000000000000000     
        4478   4.7666670000000000        1.0000000000000000        0.0000000000000000     
        4479   4.7999999999999998        1.0000000000000000        0.0000000000000000     
        4480   4.8333329999999997        1.0000000000000000        0.0000000000000000     
        4481   4.8666669999999996        1.0000000000000000        0.0000000000000000     
        4482   4.9000000000000004        1.0000000000000000        0.0000000000000000     
        4483   4.9333330000000002        1.0000000000000000        0.0000000000000000     
        4484   4.9666670000000002        1.0000000000000000        0.0000000000000000     
        4485   5.0000000000000000        1.0000000000000000        0.0000000000000000     
