           1   0.0000000000000000        0.0000000000000000        0.0000000000000000     
           2   3.3333000000000002E-002   0.0000000000000000        0.0000000000000000     
           3   6.6667000000000004E-002   0.0000000000000000        0.0000000000000000     
           4  0.10000000000000001        0.0000000000000000        0.0000000000000000     
           5  0.13333300000000001        0.0000000000000000        0.0000000000000000     
           6  0.16666700000000001        0.0000000000000000        0.0000000000000000     
           7  0.20000000000000001        0.0000000000000000        0.0000000000000000     
           8  0.23333300000000001        0.0000000000000000        0.0000000000000000     
           9  0.26666699999999999        0.0000000000000000        0.0000000000000000     
          10  0.29999999999999999        0.0000000000000000        0.0000000000000000     
          11  0.33333299999999999        0.0000000000000000        0.0000000000000000     
          12  0.36666700000000002        0.0000000000000000        0.0000000000000000     
          13  0.40000000000000002        0.0000000000000000        0.0000000000000000     
          14  0.43333300000000002        0.0000000000000000        0.0000000000000000     
          15  0.46666700000000000        0.0000000000000000        0.0000000000000000     
          16  0.50000000000000000        0.0000000000000000        0.0000000000000000     
          17  0.53333299999999995        0.0000000000000000        0.0000000000000000     
          18  0.56666700000000003        0.0000000000000000        0.0000000000000000     
          19  0.59999999999999998        0.0000000000000000        0.0000000000000000     
          20  0.63333300000000003        0.0000000000000000        0.0000000000000000     
          21  0.66666700000000001        0.0000000000000000        0.0000000000000000     
          22  0.69999999999999996        0.0000000000000000        0.0000000000000000     
          23  0.73333300000000001        0.0000000000000000        0.0000000000000000     
          24  0.76666699999999999        0.0000000000000000        0.0000000000000000     
          25  0.80000000000000004        0.0000000000000000        0.0000000000000000     
          26  0.83333299999999999        0.0000000000000000        0.0000000000000000     
          27  0.86666699999999997        0.0000000000000000        0.0000000000000000     
          28  0.90000000000000002        0.0000000000000000        0.0000000000000000     
          29  0.93333299999999997        0.0000000000000000        0.0000000000000000     
          30  0.96666700000000005        0.0000000000000000        0.0000000000000000     
          31   1.0000000000000000        0.0000000000000000        0.0000000000000000     
          32   1.0333330000000001        0.0000000000000000        0.0000000000000000     
          33   1.0666670000000000        0.0000000000000000        0.0000000000000000     
          34   1.1000000000000001        0.0000000000000000        0.0000000000000000     
          35   1.1333329999999999        0.0000000000000000        0.0000000000000000     
          36   1.1666669999999999        0.0000000000000000        0.0000000000000000     
          37   1.2000000000000000        0.0000000000000000        0.0000000000000000     
          38   1.2333330000000000        0.0000000000000000        0.0000000000000000     
          39   1.2666670000000000        0.0000000000000000        0.0000000000000000     
          40   1.3000000000000000        0.0000000000000000        0.0000000000000000     
          41   1.3333330000000001        0.0000000000000000        0.0000000000000000     
          42   1.3666670000000001        0.0000000000000000        0.0000000000000000     
          43   1.3999999999999999        0.0000000000000000        0.0000000000000000     
          44   1.4333330000000000        0.0000000000000000        0.0000000000000000     
          45   1.4666669999999999        0.0000000000000000        0.0000000000000000     
          46   1.5000000000000000        0.0000000000000000        0.0000000000000000     
          47   1.5333330000000001        0.0000000000000000        0.0000000000000000     
          48   1.5666670000000000        0.0000000000000000        0.0000000000000000     
          49   1.6000000000000001        0.0000000000000000        0.0000000000000000     
          50   1.6333329999999999        0.0000000000000000        0.0000000000000000     
          51   1.6666669999999999        0.0000000000000000        0.0000000000000000     
          52   1.7000000000000000        0.0000000000000000        0.0000000000000000     
          53   1.7333330000000000        0.0000000000000000        0.0000000000000000     
          54   1.7666670000000000        0.0000000000000000        0.0000000000000000     
          55   1.8000000000000000        0.0000000000000000        0.0000000000000000     
          56   1.8333330000000001        0.0000000000000000        0.0000000000000000     
          57   1.8666670000000001        0.0000000000000000        0.0000000000000000     
          58   1.8999999999999999        0.0000000000000000        0.0000000000000000     
          59   1.9333330000000000        0.0000000000000000        0.0000000000000000     
          60   1.9666669999999999        0.0000000000000000        0.0000000000000000     
          61   2.0000000000000000        0.0000000000000000        0.0000000000000000     
          62   2.0333329999999998        0.0000000000000000        0.0000000000000000     
          63   2.0666669999999998        0.0000000000000000        0.0000000000000000     
          64   2.1000000000000001        0.0000000000000000        0.0000000000000000     
          65   2.1333329999999999        0.0000000000000000        0.0000000000000000     
          66   2.1666669999999999        0.0000000000000000        0.0000000000000000     
          67   2.2000000000000002        0.0000000000000000        0.0000000000000000     
          68   2.2333330000000000        0.0000000000000000        0.0000000000000000     
          69   2.2666670000000000        0.0000000000000000        0.0000000000000000     
          70   2.2999999999999998        0.0000000000000000        0.0000000000000000     
          71   2.3333330000000001        0.0000000000000000        0.0000000000000000     
          72   2.3666670000000001        0.0000000000000000        0.0000000000000000     
          73   2.3999999999999999        0.0000000000000000        0.0000000000000000     
          74   2.4333330000000002        0.0000000000000000        0.0000000000000000     
          75   2.4666670000000002        0.0000000000000000        0.0000000000000000     
          76   2.5000000000000000        0.0000000000000000        0.0000000000000000     
          77   2.5333329999999998        0.0000000000000000        0.0000000000000000     
          78   2.5666669999999998        0.0000000000000000        0.0000000000000000     
          79   2.6000000000000001        0.0000000000000000        0.0000000000000000     
          80   2.6333329999999999        0.0000000000000000        0.0000000000000000     
          81   2.6666669999999999        0.0000000000000000        0.0000000000000000     
          82   2.7000000000000002        0.0000000000000000        0.0000000000000000     
          83   2.7333330000000000        0.0000000000000000        0.0000000000000000     
          84   2.7666670000000000        0.0000000000000000        0.0000000000000000     
          85   2.7999999999999998        0.0000000000000000        0.0000000000000000     
          86   2.8333330000000001        0.0000000000000000        0.0000000000000000     
          87   2.8666670000000001        0.0000000000000000        0.0000000000000000     
          88   2.8999999999999999        0.0000000000000000        0.0000000000000000     
          89   2.9333330000000002        0.0000000000000000        0.0000000000000000     
          90   2.9666670000000002        0.0000000000000000        0.0000000000000000     
          91   3.0000000000000000        0.0000000000000000        0.0000000000000000     
          92   3.0333329999999998        0.0000000000000000        0.0000000000000000     
          93   3.0666669999999998        0.0000000000000000        0.0000000000000000     
          94   3.1000000000000001        0.0000000000000000        0.0000000000000000     
          95   3.1333329999999999        0.0000000000000000        0.0000000000000000     
          96   3.1666669999999999        0.0000000000000000        0.0000000000000000     
          97   3.2000000000000002        0.0000000000000000        0.0000000000000000     
          98   3.2333330000000000        0.0000000000000000        0.0000000000000000     
          99   3.2666670000000000        0.0000000000000000        0.0000000000000000     
         100   3.2999999999999998        0.0000000000000000        0.0000000000000000     
         101   3.3333330000000001        0.0000000000000000        0.0000000000000000     
         102   3.3666670000000001        0.0000000000000000        0.0000000000000000     
         103   3.3999999999999999        0.0000000000000000        0.0000000000000000     
         104   3.4333330000000002        0.0000000000000000        0.0000000000000000     
         105   3.4666670000000002        0.0000000000000000        0.0000000000000000     
         106   3.5000000000000000        0.0000000000000000        0.0000000000000000     
         107   3.5333329999999998        0.0000000000000000        0.0000000000000000     
         108   3.5666669999999998        0.0000000000000000        0.0000000000000000     
         109   3.6000000000000001        0.0000000000000000        0.0000000000000000     
         110   3.6333329999999999        0.0000000000000000        0.0000000000000000     
         111   3.6666669999999999        0.0000000000000000        0.0000000000000000     
         112   3.7000000000000002        0.0000000000000000        0.0000000000000000     
         113   3.7333330000000000        0.0000000000000000        0.0000000000000000     
         114   3.7666670000000000        0.0000000000000000        0.0000000000000000     
         115   3.7999999999999998        0.0000000000000000        0.0000000000000000     
         116   3.8333330000000001        0.0000000000000000        0.0000000000000000     
         117   3.8666670000000001        0.0000000000000000        0.0000000000000000     
         118   3.8999999999999999        0.0000000000000000        0.0000000000000000     
         119   3.9333330000000002        0.0000000000000000        0.0000000000000000     
         120   3.9666670000000002        0.0000000000000000        0.0000000000000000     
         121   4.0000000000000000        0.0000000000000000        0.0000000000000000     
         122   4.0333329999999998        0.0000000000000000        0.0000000000000000     
         123   4.0666669999999998        0.0000000000000000        0.0000000000000000     
         124   4.0999999999999996        0.0000000000000000        0.0000000000000000     
         125   4.1333330000000004        0.0000000000000000        0.0000000000000000     
         126   4.1666670000000003        0.0000000000000000        0.0000000000000000     
         127   4.2000000000000002        0.0000000000000000        0.0000000000000000     
         128   4.2333330000000000        0.0000000000000000        0.0000000000000000     
         129   4.2666670000000000        0.0000000000000000        0.0000000000000000     
         130   4.2999999999999998        0.0000000000000000        0.0000000000000000     
         131   4.3333329999999997        0.0000000000000000        0.0000000000000000     
         132   4.3666669999999996        0.0000000000000000        0.0000000000000000     
         133   4.4000000000000004        0.0000000000000000        0.0000000000000000     
         134   4.4333330000000002        0.0000000000000000        0.0000000000000000     
         135   4.4666670000000002        0.0000000000000000        0.0000000000000000     
         136   4.5000000000000000        0.0000000000000000        0.0000000000000000     
         137   4.5333329999999998        0.0000000000000000        0.0000000000000000     
         138   4.5666669999999998        0.0000000000000000        0.0000000000000000     
         139   4.5999999999999996        0.0000000000000000        0.0000000000000000     
         140   4.6333330000000004        0.0000000000000000        0.0000000000000000     
         141   4.6666670000000003        0.0000000000000000        0.0000000000000000     
         142   4.7000000000000002        0.0000000000000000        0.0000000000000000     
         143   4.7333330000000000        0.0000000000000000        0.0000000000000000     
         144   4.7666670000000000        0.0000000000000000        0.0000000000000000     
         145   4.7999999999999998        0.0000000000000000        0.0000000000000000     
         146   4.8333329999999997        0.0000000000000000        0.0000000000000000     
         147   4.8666669999999996        0.0000000000000000        0.0000000000000000     
         148   4.9000000000000004        0.0000000000000000        0.0000000000000000     
         149   4.9333330000000002        0.0000000000000000        0.0000000000000000     
         150   4.9666670000000002        0.0000000000000000        0.0000000000000000     
         151   5.0000000000000000        0.0000000000000000        0.0000000000000000     
         152   0.0000000000000000        3.3333000000000002E-002   3.3333000000000002E-002
         153   3.3333000000000002E-002   3.3333000000000002E-002   2.6102236942910459E-002
         154   6.6667000000000004E-002   3.3333000000000002E-002   2.0024694787867729E-002
         155  0.10000000000000001        3.3333000000000002E-002   1.6182068469819556E-002
         156  0.13333300000000001        3.3333000000000002E-002   1.2310829873530715E-002
         157  0.16666700000000001        3.3333000000000002E-002   1.0640818145855910E-002
         158  0.20000000000000001        3.3333000000000002E-002   8.0474542159216286E-003
         159  0.23333300000000001        3.3333000000000002E-002   7.0026505303362853E-003
         160  0.26666699999999999        3.3333000000000002E-002   5.7193655596471903E-003
         161  0.29999999999999999        3.3333000000000002E-002   4.6515329060706680E-003
         162  0.33333299999999999        3.3333000000000002E-002   3.4394576289636250E-003
         163  0.36666700000000002        3.3333000000000002E-002   3.1851628740202768E-003
         164  0.40000000000000002        3.3333000000000002E-002   2.1676974983038462E-003
         165  0.43333300000000002        3.3333000000000002E-002   2.0058936621154379E-003
         166  0.46666700000000000        3.3333000000000002E-002   1.1930061843635597E-003
         167  0.50000000000000000        3.3333000000000002E-002   1.0756727719916524E-003
         168  0.53333299999999995        3.3333000000000002E-002   3.9697339457263889E-004
         169  0.56666700000000003        3.3333000000000002E-002   3.0115091784718923E-004
         170  0.59999999999999998        3.3333000000000002E-002  -3.2960726083313400E-004
         171  0.63333300000000003        3.3333000000000002E-002  -4.9103829963599533E-004
         172  0.66666700000000001        3.3333000000000002E-002  -7.4345343623162996E-004
         173  0.69999999999999996        3.3333000000000002E-002  -9.2692656481100288E-004
         174  0.73333300000000001        3.3333000000000002E-002  -1.1891028452207337E-003
         175  0.76666699999999999        3.3333000000000002E-002  -1.4487051659147071E-003
         176  0.80000000000000004        3.3333000000000002E-002  -1.4384259882443220E-003
         177  0.83333299999999999        3.3333000000000002E-002  -1.4586968339520912E-003
         178  0.86666699999999997        3.3333000000000002E-002  -1.3656709746820079E-003
         179  0.90000000000000002        3.3333000000000002E-002  -1.2116199997456464E-003
         180  0.93333299999999997        3.3333000000000002E-002  -8.7433763971632807E-004
         181  0.96666700000000005        3.3333000000000002E-002  -4.8039797228581753E-004
         182   1.0000000000000000        3.3333000000000002E-002   0.0000000000000000     
         183   1.5000000000000000        3.3333000000000002E-002   0.0000000000000000     
         184   1.5333330000000001        3.3333000000000002E-002  -3.0254569372310173E-004
         185   1.5666670000000000        3.3333000000000002E-002  -6.5886128777977761E-004
         186   1.6000000000000001        3.3333000000000002E-002  -1.0560102428541199E-003
         187   1.6333329999999999        3.3333000000000002E-002  -1.3892940961776118E-003
         188   1.6666669999999999        3.3333000000000002E-002  -1.7110867117343682E-003
         189   1.7000000000000000        3.3333000000000002E-002  -1.9712657250234890E-003
         190   1.7333330000000000        3.3333000000000002E-002  -2.1327298662074381E-003
         191   1.7666670000000000        3.3333000000000002E-002  -2.2518780298845585E-003
         192   1.8000000000000000        3.3333000000000002E-002  -2.3201008072986098E-003
         193   1.8333330000000001        3.3333000000000002E-002  -2.3031859693032797E-003
         194   1.8666670000000001        3.3333000000000002E-002  -2.2435594595362988E-003
         195   1.8999999999999999        3.3333000000000002E-002  -2.1360935908254289E-003
         196   1.9333330000000000        3.3333000000000002E-002  -1.9886594198391576E-003
         197   1.9666669999999999        3.3333000000000002E-002  -1.8767269328326915E-003
         198   2.0000000000000000        3.3333000000000002E-002  -1.6903645826042183E-003
         199   2.0333329999999998        3.3333000000000002E-002  -1.5083432604691999E-003
         200   2.0666669999999998        3.3333000000000002E-002  -1.2405486316195786E-003
         201   2.1000000000000001        3.3333000000000002E-002  -1.1482774157891701E-003
         202   2.1333329999999999        3.3333000000000002E-002  -8.3702779601183680E-004
         203   2.1666669999999999        3.3333000000000002E-002  -6.7421473988975918E-004
         204   2.2000000000000002        3.3333000000000002E-002  -4.7770529428741375E-004
         205   2.2333330000000000        3.3333000000000002E-002  -2.7878149640896453E-004
         206   2.2666670000000000        3.3333000000000002E-002  -8.1880547130070534E-005
         207   2.2999999999999998        3.3333000000000002E-002   7.3290557659097378E-005
         208   2.3333330000000001        3.3333000000000002E-002   2.0466888296019693E-004
         209   2.3666670000000001        3.3333000000000002E-002   4.0353293704387772E-004
         210   2.3999999999999999        3.3333000000000002E-002   6.2766148179692078E-004
         211   2.4333330000000002        3.3333000000000002E-002   5.6428371206021901E-004
         212   2.4666670000000002        3.3333000000000002E-002   9.1912617205433457E-004
         213   2.5000000000000000        3.3333000000000002E-002   8.5883072156792281E-004
         214   2.5333329999999998        3.3333000000000002E-002   1.0521689499523805E-003
         215   2.5666669999999998        3.3333000000000002E-002   1.2418334231653213E-003
         216   2.6000000000000001        3.3333000000000002E-002   1.0885457362659282E-003
         217   2.6333329999999999        3.3333000000000002E-002   1.4217311763582048E-003
         218   2.6666669999999999        3.3333000000000002E-002   1.4882259112914021E-003
         219   2.7000000000000002        3.3333000000000002E-002   1.3027360425529413E-003
         220   2.7333330000000000        3.3333000000000002E-002   1.6040040926599451E-003
         221   2.7666670000000000        3.3333000000000002E-002   1.5631686283538357E-003
         222   2.7999999999999998        3.3333000000000002E-002   1.5484563479621499E-003
         223   2.8333330000000001        3.3333000000000002E-002   1.5934507525557002E-003
         224   2.8666670000000001        3.3333000000000002E-002   1.8669718093870756E-003
         225   2.8999999999999999        3.3333000000000002E-002   1.6643484701891330E-003
         226   2.9333330000000002        3.3333000000000002E-002   1.8727202606952744E-003
         227   2.9666670000000002        3.3333000000000002E-002   1.7306295004128034E-003
         228   3.0000000000000000        3.3333000000000002E-002   1.7390417676971480E-003
         229   3.0333329999999998        3.3333000000000002E-002   1.7784888258424176E-003
         230   3.0666669999999998        3.3333000000000002E-002   2.0657002010362863E-003
         231   3.1000000000000001        3.3333000000000002E-002   1.8822864118898267E-003
         232   3.1333329999999999        3.3333000000000002E-002   1.6594930822092370E-003
         233   3.1666669999999999        3.3333000000000002E-002   1.9655366631418343E-003
         234   3.2000000000000002        3.3333000000000002E-002   1.7953273778608682E-003
         235   3.2333330000000000        3.3333000000000002E-002   2.0443479652996091E-003
         236   3.2666670000000000        3.3333000000000002E-002   1.7898390121176544E-003
         237   3.2999999999999998        3.3333000000000002E-002   1.8837450869486562E-003
         238   3.3333330000000001        3.3333000000000002E-002   1.8453871923909027E-003
         239   3.3666670000000001        3.3333000000000002E-002   2.0960573438301919E-003
         240   3.3999999999999999        3.3333000000000002E-002   1.8323636489702675E-003
         241   3.4333330000000002        3.3333000000000002E-002   2.0056824861781151E-003
         242   3.4666670000000002        3.3333000000000002E-002   1.7637954265206477E-003
         243   3.5000000000000000        3.3333000000000002E-002   2.1015854821644724E-003
         244   3.5333329999999998        3.3333000000000002E-002   1.8667156781036484E-003
         245   3.5666669999999998        3.3333000000000002E-002   1.9203446425335386E-003
         246   3.6000000000000001        3.3333000000000002E-002   1.6463017726149371E-003
         247   3.6333329999999999        3.3333000000000002E-002   1.8702563238383034E-003
         248   3.6666669999999999        3.3333000000000002E-002   2.0361876462004448E-003
         249   3.7000000000000002        3.3333000000000002E-002   2.0064663203189191E-003
         250   3.7333330000000000        3.3333000000000002E-002   1.7139521850761091E-003
         251   3.7666670000000000        3.3333000000000002E-002   1.9958235665647472E-003
         252   3.7999999999999998        3.3333000000000002E-002   1.8502987009626198E-003
         253   3.8333330000000001        3.3333000000000002E-002   1.8977428411735093E-003
         254   3.8666670000000001        3.3333000000000002E-002   1.9677951203194797E-003
         255   3.8999999999999999        3.3333000000000002E-002   1.7112358341105499E-003
         256   3.9333330000000002        3.3333000000000002E-002   2.0433082181080982E-003
         257   3.9666670000000002        3.3333000000000002E-002   1.7863502650128187E-003
         258   4.0000000000000000        3.3333000000000002E-002   1.8905903829027450E-003
         259   4.0333329999999998        3.3333000000000002E-002   1.7742433602861351E-003
         260   4.0666669999999998        3.3333000000000002E-002   1.9726512019074970E-003
         261   4.0999999999999996        3.3333000000000002E-002   1.8474221165250063E-003
         262   4.1333330000000004        3.3333000000000002E-002   1.9511412453270369E-003
         263   4.1666670000000003        3.3333000000000002E-002   1.6436080828701456E-003
         264   4.2000000000000002        3.3333000000000002E-002   1.9178004564459445E-003
         265   4.2333330000000000        3.3333000000000002E-002   1.9800302452531783E-003
         266   4.2666670000000000        3.3333000000000002E-002   1.6943497288082873E-003
         267   4.2999999999999998        3.3333000000000002E-002   1.9504927012827318E-003
         268   4.3333329999999997        3.3333000000000002E-002   1.8691108515359056E-003
         269   4.3666669999999996        3.3333000000000002E-002   1.8419289162818347E-003
         270   4.4000000000000004        3.3333000000000002E-002   1.8778616235745431E-003
         271   4.4333330000000002        3.3333000000000002E-002   1.9407810266799663E-003
         272   4.4666670000000002        3.3333000000000002E-002   1.6545581569621123E-003
         273   4.5000000000000000        3.3333000000000002E-002   1.9779496815887179E-003
         274   4.5333329999999998        3.3333000000000002E-002   1.6690891670221883E-003
         275   4.5666669999999998        3.3333000000000002E-002   1.9678481994830225E-003
         276   4.5999999999999996        3.3333000000000002E-002   1.8984259426508480E-003
         277   4.6333330000000004        3.3333000000000002E-002   1.8887980002296591E-003
         278   4.6666670000000003        3.3333000000000002E-002   1.6349858148120820E-003
         279   4.7000000000000002        3.3333000000000002E-002   1.8940371773126000E-003
         280   4.7333330000000000        3.3333000000000002E-002   1.8886564131787287E-003
         281   4.7666670000000000        3.3333000000000002E-002   1.7914828249808153E-003
         282   4.7999999999999998        3.3333000000000002E-002   2.0324993922327551E-003
         283   4.8333329999999997        3.3333000000000002E-002   1.6848291573032944E-003
         284   4.8666669999999996        3.3333000000000002E-002   1.9091353606844753E-003
         285   4.9000000000000004        3.3333000000000002E-002   2.1040453976868254E-003
         286   4.9333330000000002        3.3333000000000002E-002   2.0074110007808066E-003
         287   4.9666670000000002        3.3333000000000002E-002   2.1879330790462994E-003
         288   5.0000000000000000        3.3333000000000002E-002   2.0345807302109696E-003
         289   0.0000000000000000        6.6667000000000004E-002   6.6667000000000004E-002
         290   3.3333000000000002E-002   6.6667000000000004E-002   5.5716081662360299E-002
         291   6.6667000000000004E-002   6.6667000000000004E-002   4.5672139231565614E-002
         292  0.10000000000000001        6.6667000000000004E-002   3.8291668620412216E-002
         293  0.13333300000000001        6.6667000000000004E-002   3.1844290498188974E-002
         294  0.16666700000000001        6.6667000000000004E-002   2.6651042638700238E-002
         295  0.20000000000000001        6.6667000000000004E-002   2.2826854820811114E-002
         296  0.23333300000000001        6.6667000000000004E-002   1.9079183223315720E-002
         297  0.26666699999999999        6.6667000000000004E-002   1.6529041996999602E-002
         298  0.29999999999999999        6.6667000000000004E-002   1.3684416332523581E-002
         299  0.33333299999999999        6.6667000000000004E-002   1.2086360620899015E-002
         300  0.36666700000000002        6.6667000000000004E-002   1.0004070863572832E-002
         301  0.40000000000000002        6.6667000000000004E-002   8.7855329664015564E-003
         302  0.43333300000000002        6.6667000000000004E-002   7.1238157817581213E-003
         303  0.46666700000000000        6.6667000000000004E-002   6.2159628210580404E-003
         304  0.50000000000000000        6.6667000000000004E-002   4.7967772527835921E-003
         305  0.53333299999999995        6.6667000000000004E-002   4.0059343730238046E-003
         306  0.56666700000000003        6.6667000000000004E-002   2.8625974670881413E-003
         307  0.59999999999999998        6.6667000000000004E-002   1.9548539504547001E-003
         308  0.63333300000000003        6.6667000000000004E-002   1.1313363626656696E-003
         309  0.66666700000000001        6.6667000000000004E-002   2.2826659398560476E-004
         310  0.69999999999999996        6.6667000000000004E-002  -4.5869293933063868E-004
         311  0.73333300000000001        6.6667000000000004E-002  -1.2506329996247992E-003
         312  0.76666699999999999        6.6667000000000004E-002  -1.6884115607014249E-003
         313  0.80000000000000004        6.6667000000000004E-002  -2.1316339474341372E-003
         314  0.83333299999999999        6.6667000000000004E-002  -2.2831570908139996E-003
         315  0.86666699999999997        6.6667000000000004E-002  -2.3570557921628889E-003
         316  0.90000000000000002        6.6667000000000004E-002  -2.1122584811241567E-003
         317  0.93333299999999997        6.6667000000000004E-002  -1.6477456753770563E-003
         318  0.96666700000000005        6.6667000000000004E-002  -8.9436668040372507E-004
         319   1.0000000000000000        6.6667000000000004E-002   0.0000000000000000     
         320   1.5000000000000000        6.6667000000000004E-002   0.0000000000000000     
         321   1.5333330000000001        6.6667000000000004E-002  -6.9549689725744563E-004
         322   1.5666670000000000        6.6667000000000004E-002  -1.4916316741303321E-003
         323   1.6000000000000001        6.6667000000000004E-002  -2.2905992353656921E-003
         324   1.6333329999999999        6.6667000000000004E-002  -3.0204362312817568E-003
         325   1.6666669999999999        6.6667000000000004E-002  -3.6355651336731345E-003
         326   1.7000000000000000        6.6667000000000004E-002  -4.1227227212962507E-003
         327   1.7333330000000000        6.6667000000000004E-002  -4.4061119083484432E-003
         328   1.7666670000000000        6.6667000000000004E-002  -4.5803964060751965E-003
         329   1.8000000000000000        6.6667000000000004E-002  -4.5985654933840868E-003
         330   1.8333330000000001        6.6667000000000004E-002  -4.4834977248241108E-003
         331   1.8666670000000001        6.6667000000000004E-002  -4.2337282197703824E-003
         332   1.8999999999999999        6.6667000000000004E-002  -3.9550495698694342E-003
         333   1.9333330000000000        6.6667000000000004E-002  -3.5505390761702235E-003
         334   1.9666669999999999        6.6667000000000004E-002  -3.0896028883706035E-003
         335   2.0000000000000000        6.6667000000000004E-002  -2.6670144338558836E-003
         336   2.0333329999999998        6.6667000000000004E-002  -2.0461026156607339E-003
         337   2.0666669999999998        6.6667000000000004E-002  -1.6301706387254339E-003
         338   2.1000000000000001        6.6667000000000004E-002  -1.0054086690624207E-003
         339   2.1333329999999999        6.6667000000000004E-002  -4.5394992900034073E-004
         340   2.1666669999999999        6.6667000000000004E-002  -1.9769219051304422E-005
         341   2.2000000000000002        6.6667000000000004E-002   5.5464104845668889E-004
         342   2.2333330000000000        6.6667000000000004E-002   1.0413593890849805E-003
         343   2.2666670000000000        6.6667000000000004E-002   1.6060827389957528E-003
         344   2.2999999999999998        6.6667000000000004E-002   1.9867966112580983E-003
         345   2.3333330000000001        6.6667000000000004E-002   2.2510261042183641E-003
         346   2.3666670000000001        6.6667000000000004E-002   2.7991382567774808E-003
         347   2.3999999999999999        6.6667000000000004E-002   3.2922953457926720E-003
         348   2.4333330000000002        6.6667000000000004E-002   3.6204356523111977E-003
         349   2.4666670000000002        6.6667000000000004E-002   3.7676869174986739E-003
         350   2.5000000000000000        6.6667000000000004E-002   4.1892047998641309E-003
         351   2.5333329999999998        6.6667000000000004E-002   4.5233453915224375E-003
         352   2.5666669999999998        6.6667000000000004E-002   4.8865260742435995E-003
         353   2.6000000000000001        6.6667000000000004E-002   5.0690784548102731E-003
         354   2.6333329999999999        6.6667000000000004E-002   5.2779286867552112E-003
         355   2.6666669999999999        6.6667000000000004E-002   5.4446099715086552E-003
         356   2.7000000000000002        6.6667000000000004E-002   5.7043782260353445E-003
         357   2.7333330000000000        6.6667000000000004E-002   5.8321700730418324E-003
         358   2.7666670000000000        6.6667000000000004E-002   5.8801401207081829E-003
         359   2.7999999999999998        6.6667000000000004E-002   5.8602187670076427E-003
         360   2.8333330000000001        6.6667000000000004E-002   6.2848155226242304E-003
         361   2.8666670000000001        6.6667000000000004E-002   6.1456651780754249E-003
         362   2.8999999999999999        6.6667000000000004E-002   6.3374675796220147E-003
         363   2.9333330000000002        6.6667000000000004E-002   6.5479495402001675E-003
         364   2.9666670000000002        6.6667000000000004E-002   6.7648903952038132E-003
         365   3.0000000000000000        6.6667000000000004E-002   6.4478003544899635E-003
         366   3.0333329999999998        6.6667000000000004E-002   6.8268293389024577E-003
         367   3.0666669999999998        6.6667000000000004E-002   6.6406039843819962E-003
         368   3.1000000000000001        6.6667000000000004E-002   6.8639739818830382E-003
         369   3.1333329999999999        6.6667000000000004E-002   6.8649516827041556E-003
         370   3.1666669999999999        6.6667000000000004E-002   6.9691195665673444E-003
         371   3.2000000000000002        6.6667000000000004E-002   6.7959910635249686E-003
         372   3.2333330000000000        6.6667000000000004E-002   6.6717041392408537E-003
         373   3.2666670000000000        6.6667000000000004E-002   6.8751975745698687E-003
         374   3.2999999999999998        6.6667000000000004E-002   7.0236850313711669E-003
         375   3.3333330000000001        6.6667000000000004E-002   7.0602322491208356E-003
         376   3.3666670000000001        6.6667000000000004E-002   6.8174717962462524E-003
         377   3.3999999999999999        6.6667000000000004E-002   6.9274756232129836E-003
         378   3.4333330000000002        6.6667000000000004E-002   7.0578311785088246E-003
         379   3.4666670000000002        6.6667000000000004E-002   7.1736767384162044E-003
         380   3.5000000000000000        6.6667000000000004E-002   6.9018776420567141E-003
         381   3.5333329999999998        6.6667000000000004E-002   7.1452555729194850E-003
         382   3.5666669999999998        6.6667000000000004E-002   6.8201920825397841E-003
         383   3.6000000000000001        6.6667000000000004E-002   7.0070959579669823E-003
         384   3.6333329999999999        6.6667000000000004E-002   6.9837191405318485E-003
         385   3.6666669999999999        6.6667000000000004E-002   6.9502848962422360E-003
         386   3.7000000000000002        6.6667000000000004E-002   6.9357600840228607E-003
         387   3.7333330000000000        6.6667000000000004E-002   7.1082976013054017E-003
         388   3.7666670000000000        6.6667000000000004E-002   7.0791002420961691E-003
         389   3.7999999999999998        6.6667000000000004E-002   6.7279979196219553E-003
         390   3.8333330000000001        6.6667000000000004E-002   6.9779457601159122E-003
         391   3.8666670000000001        6.6667000000000004E-002   6.9250445283046266E-003
         392   3.8999999999999999        6.6667000000000004E-002   7.0995988843538917E-003
         393   3.9333330000000002        6.6667000000000004E-002   6.8184691272637722E-003
         394   3.9666670000000002        6.6667000000000004E-002   6.9583718869119593E-003
         395   4.0000000000000000        6.6667000000000004E-002   7.1850673635690627E-003
         396   4.0333329999999998        6.6667000000000004E-002   6.9787178651903470E-003
         397   4.0666669999999998        6.6667000000000004E-002   6.9371465167362197E-003
         398   4.0999999999999996        6.6667000000000004E-002   6.6972505407154534E-003
         399   4.1333330000000004        6.6667000000000004E-002   6.9782634755175101E-003
         400   4.1666670000000003        6.6667000000000004E-002   6.9646084403961117E-003
         401   4.2000000000000002        6.6667000000000004E-002   6.7346967261177658E-003
         402   4.2333330000000000        6.6667000000000004E-002   6.9783245676762985E-003
         403   4.2666670000000000        6.6667000000000004E-002   7.1194874049696983E-003
         404   4.2999999999999998        6.6667000000000004E-002   6.9085434600098441E-003
         405   4.3333329999999997        6.6667000000000004E-002   6.8991293470013135E-003
         406   4.3666669999999996        6.6667000000000004E-002   6.8507402968248825E-003
         407   4.4000000000000004        6.6667000000000004E-002   6.9233060562948140E-003
         408   4.4333330000000002        6.6667000000000004E-002   6.9191947363541990E-003
         409   4.4666670000000002        6.6667000000000004E-002   6.9686159862203624E-003
         410   4.5000000000000000        6.6667000000000004E-002   6.7307276880801299E-003
         411   4.5333329999999998        6.6667000000000004E-002   7.0052814761356842E-003
         412   4.5666669999999998        6.6667000000000004E-002   6.9787258045234824E-003
         413   4.5999999999999996        6.6667000000000004E-002   6.9596574243582163E-003
         414   4.6333330000000004        6.6667000000000004E-002   6.7105003939476899E-003
         415   4.6666670000000003        6.6667000000000004E-002   7.0238655182967317E-003
         416   4.7000000000000002        6.6667000000000004E-002   6.7426164788129241E-003
         417   4.7333330000000000        6.6667000000000004E-002   7.0703368880758490E-003
         418   4.7666670000000000        6.6667000000000004E-002   7.0167052212735158E-003
         419   4.7999999999999998        6.6667000000000004E-002   6.8107246943135743E-003
         420   4.8333329999999997        6.6667000000000004E-002   7.0904365988050276E-003
         421   4.8666669999999996        6.6667000000000004E-002   7.0829516117080328E-003
         422   4.9000000000000004        6.6667000000000004E-002   7.1843069723797901E-003
         423   4.9333330000000002        6.6667000000000004E-002   6.9804356488751733E-003
         424   4.9666670000000002        6.6667000000000004E-002   7.2839442455465151E-003
         425   5.0000000000000000        6.6667000000000004E-002   7.5450703877961694E-003
         426   0.0000000000000000       0.10000000000000001       0.10000000000000001     
         427   3.3333000000000002E-002  0.10000000000000001        8.6905378333942115E-002
         428   6.6667000000000004E-002  0.10000000000000001        7.4870846101253580E-002
         429  0.10000000000000001       0.10000000000000001        6.4101416727886495E-002
         430  0.13333300000000001       0.10000000000000001        5.5512377635009956E-002
         431  0.16666700000000001       0.10000000000000001        4.7888214149844080E-002
         432  0.20000000000000001       0.10000000000000001        4.1121173924985502E-002
         433  0.23333300000000001       0.10000000000000001        3.6032690671284937E-002
         434  0.26666699999999999       0.10000000000000001        3.1675181172961871E-002
         435  0.29999999999999999       0.10000000000000001        2.7610374053536682E-002
         436  0.33333299999999999       0.10000000000000001        2.4099433150220975E-002
         437  0.36666700000000002       0.10000000000000001        2.1366241850432680E-002
         438  0.40000000000000002       0.10000000000000001        1.8374570809077038E-002
         439  0.43333300000000002       0.10000000000000001        1.6207579940696673E-002
         440  0.46666700000000000       0.10000000000000001        1.3944383601616012E-002
         441  0.50000000000000000       0.10000000000000001        1.1958307442358445E-002
         442  0.53333299999999995       0.10000000000000001        9.8433737435644347E-003
         443  0.56666700000000003       0.10000000000000001        8.2182820239283371E-003
         444  0.59999999999999998       0.10000000000000001        6.5154972606984466E-003
         445  0.63333300000000003       0.10000000000000001        4.6274518250880130E-003
         446  0.66666700000000001       0.10000000000000001        3.2569438367209781E-003
         447  0.69999999999999996       0.10000000000000001        1.5540325005947530E-003
         448  0.73333300000000001       0.10000000000000001        3.4774694861603920E-004
         449  0.76666699999999999       0.10000000000000001       -8.2815160294456576E-004
         450  0.80000000000000004       0.10000000000000001       -1.8374120722501634E-003
         451  0.83333299999999999       0.10000000000000001       -2.5558307421209413E-003
         452  0.86666699999999997       0.10000000000000001       -2.7734372973346570E-003
         453  0.90000000000000002       0.10000000000000001       -2.6988261394089675E-003
         454  0.93333299999999997       0.10000000000000001       -2.1371939619567763E-003
         455  0.96666700000000005       0.10000000000000001       -1.2538577087554174E-003
         456   1.0000000000000000       0.10000000000000001        0.0000000000000000     
         457   1.5000000000000000       0.10000000000000001        0.0000000000000000     
         458   1.5333330000000001       0.10000000000000001       -1.1214071430447328E-003
         459   1.5666670000000000       0.10000000000000001       -2.4008339525653996E-003
         460   1.6000000000000001       0.10000000000000001       -3.6450936984351499E-003
         461   1.6333329999999999       0.10000000000000001       -4.7317518687612966E-003
         462   1.6666669999999999       0.10000000000000001       -5.6038730154684378E-003
         463   1.7000000000000000       0.10000000000000001       -6.2647387066873290E-003
         464   1.7333330000000000       0.10000000000000001       -6.6353135156636232E-003
         465   1.7666670000000000       0.10000000000000001       -6.7398662021667588E-003
         466   1.8000000000000000       0.10000000000000001       -6.5697662842352103E-003
         467   1.8333330000000001       0.10000000000000001       -6.3223484002945876E-003
         468   1.8666670000000001       0.10000000000000001       -5.8102020500018711E-003
         469   1.8999999999999999       0.10000000000000001       -5.1039455304220539E-003
         470   1.9333330000000000       0.10000000000000001       -4.4411798543214538E-003
         471   1.9666669999999999       0.10000000000000001       -3.5238621408594396E-003
         472   2.0000000000000000       0.10000000000000001       -2.5404268953551803E-003
         473   2.0333329999999998       0.10000000000000001       -1.6572360181845956E-003
         474   2.0666669999999998       0.10000000000000001       -6.4350009573560453E-004
         475   2.1000000000000001       0.10000000000000001        3.0790950253603680E-004
         476   2.1333329999999999       0.10000000000000001        1.1882142789991198E-003
         477   2.1666669999999999       0.10000000000000001        2.2247820046815492E-003
         478   2.2000000000000002       0.10000000000000001        3.2856971192296324E-003
         479   2.2333330000000000       0.10000000000000001        3.9585279188091918E-003
         480   2.2666670000000000       0.10000000000000001        4.9600842558371605E-003
         481   2.2999999999999998       0.10000000000000001        5.8680261335138303E-003
         482   2.3333330000000001       0.10000000000000001        6.6109423397520762E-003
         483   2.3666670000000001       0.10000000000000001        7.2921472621587449E-003
         484   2.3999999999999999       0.10000000000000001        7.8826418556705267E-003
         485   2.4333330000000002       0.10000000000000001        8.6647660322631409E-003
         486   2.4666670000000002       0.10000000000000001        9.3354284623731760E-003
         487   2.5000000000000000       0.10000000000000001        9.9265997025048350E-003
         488   2.5333329999999998       0.10000000000000001        1.0347410743586673E-002
         489   2.5666669999999998       0.10000000000000001        1.0744740563515104E-002
         490   2.6000000000000001       0.10000000000000001        1.1495227756389607E-002
         491   2.6333329999999999       0.10000000000000001        1.1708477321674187E-002
         492   2.6666669999999999       0.10000000000000001        1.1898627793563333E-002
         493   2.7000000000000002       0.10000000000000001        1.2411132241664886E-002
         494   2.7333330000000000       0.10000000000000001        1.2793273223181831E-002
         495   2.7666670000000000       0.10000000000000001        1.2955780226732220E-002
         496   2.7999999999999998       0.10000000000000001        1.3366608964249477E-002
         497   2.8333330000000001       0.10000000000000001        1.3382209360684259E-002
         498   2.8666670000000001       0.10000000000000001        1.3823715445041683E-002
         499   2.8999999999999999       0.10000000000000001        1.3821161833820867E-002
         500   2.9333330000000002       0.10000000000000001        1.4070108792522866E-002
         501   2.9666670000000002       0.10000000000000001        1.4245957190157928E-002
         502   3.0000000000000000       0.10000000000000001        1.4313334039822261E-002
         503   3.0333329999999998       0.10000000000000001        1.4381954075465796E-002
         504   3.0666669999999998       0.10000000000000001        1.4718827806089707E-002
         505   3.1000000000000001       0.10000000000000001        1.4532259501976934E-002
         506   3.1333329999999999       0.10000000000000001        1.4905246938040448E-002
         507   3.1666669999999999       0.10000000000000001        1.4733183496423186E-002
         508   3.2000000000000002       0.10000000000000001        1.4730977878681417E-002
         509   3.2333330000000000       0.10000000000000001        1.4969074092698069E-002
         510   3.2666670000000000       0.10000000000000001        1.5023397294545739E-002
         511   3.2999999999999998       0.10000000000000001        1.4799462629379510E-002
         512   3.3333330000000001       0.10000000000000001        1.5067759906064264E-002
         513   3.3666670000000001       0.10000000000000001        1.5239710067229826E-002
         514   3.3999999999999999       0.10000000000000001        1.5049226649672402E-002
         515   3.4333330000000002       0.10000000000000001        1.5176583165156448E-002
         516   3.4666670000000002       0.10000000000000001        1.5007616440407909E-002
         517   3.5000000000000000       0.10000000000000001        1.5269433720967210E-002
         518   3.5333329999999998       0.10000000000000001        1.5033656979482182E-002
         519   3.5666669999999998       0.10000000000000001        1.5288313745390563E-002
         520   3.6000000000000001       0.10000000000000001        1.5118818371715921E-002
         521   3.6333329999999999       0.10000000000000001        1.5174427240960516E-002
         522   3.6666669999999999       0.10000000000000001        1.4944155953345833E-002
         523   3.7000000000000002       0.10000000000000001        1.5263878088032786E-002
         524   3.7333330000000000       0.10000000000000001        1.5262087251372720E-002
         525   3.7666670000000000       0.10000000000000001        1.5063589375708217E-002
         526   3.7999999999999998       0.10000000000000001        1.5120533902528354E-002
         527   3.8333330000000001       0.10000000000000001        1.4944669387959110E-002
         528   3.8666670000000001       0.10000000000000001        1.5249142178448666E-002
         529   3.8999999999999999       0.10000000000000001        1.5001810124024897E-002
         530   3.9333330000000002       0.10000000000000001        1.5293529721886474E-002
         531   3.9666670000000002       0.10000000000000001        1.5133222607445465E-002
         532   4.0000000000000000       0.10000000000000001        1.4972626861044856E-002
         533   4.0333329999999998       0.10000000000000001        1.5108762225906630E-002
         534   4.0666669999999998       0.10000000000000001        1.5193765545167328E-002
         535   4.0999999999999996       0.10000000000000001        1.5152564393406622E-002
         536   4.1333330000000004       0.10000000000000001        1.4885506807612579E-002
         537   4.1666670000000003       0.10000000000000001        1.5066696603089055E-002
         538   4.2000000000000002       0.10000000000000001        1.5202938267152247E-002
         539   4.2333330000000000       0.10000000000000001        1.5175126494809276E-002
         540   4.2666670000000000       0.10000000000000001        1.4959355991245708E-002
         541   4.2999999999999998       0.10000000000000001        1.5269336528491226E-002
         542   4.3333329999999997       0.10000000000000001        1.5067559504319530E-002
         543   4.3666669999999996       0.10000000000000001        1.4856473407310392E-002
         544   4.4000000000000004       0.10000000000000001        1.5125932512894073E-002
         545   4.4333330000000002       0.10000000000000001        1.4959784551868017E-002
         546   4.4666670000000002       0.10000000000000001        1.5138593865283127E-002
         547   4.5000000000000000       0.10000000000000001        1.5097903411905460E-002
         548   4.5333329999999998       0.10000000000000001        1.5212978088555266E-002
         549   4.5666669999999998       0.10000000000000001        1.5082328302130530E-002
         550   4.5999999999999996       0.10000000000000001        1.4846263343233794E-002
         551   4.6333330000000004       0.10000000000000001        1.5101510030346222E-002
         552   4.6666670000000003       0.10000000000000001        1.5070355116185834E-002
         553   4.7000000000000002       0.10000000000000001        1.5114707728660718E-002
         554   4.7333330000000000       0.10000000000000001        1.5210062200958260E-002
         555   4.7666670000000000       0.10000000000000001        1.4991014676421700E-002
         556   4.7999999999999998       0.10000000000000001        1.5243831891791701E-002
         557   4.8333329999999997       0.10000000000000001        1.5356496562804866E-002
         558   4.8666669999999996       0.10000000000000001        1.5245202545444609E-002
         559   4.9000000000000004       0.10000000000000001        1.5156137508829225E-002
         560   4.9333330000000002       0.10000000000000001        1.5517600044899211E-002
         561   4.9666670000000002       0.10000000000000001        1.5376351469728497E-002
         562   5.0000000000000000       0.10000000000000001        1.5504197904790930E-002
         563   0.0000000000000000       0.13333300000000001       0.13333300000000001     
         564   3.3333000000000002E-002  0.13333300000000001       0.11891390902756395
         565   6.6667000000000004E-002  0.13333300000000001       0.10525714566992654
         566  0.10000000000000001       0.13333300000000001        9.3031697701386223E-002
         567  0.13333300000000001       0.13333300000000001        8.1839050688274656E-002
         568  0.16666700000000001       0.13333300000000001        7.2181373806591675E-002
         569  0.20000000000000001       0.13333300000000001        6.3880705432518448E-002
         570  0.23333300000000001       0.13333300000000001        5.6755971766831476E-002
         571  0.26666699999999999       0.13333300000000001        5.0197060176952128E-002
         572  0.29999999999999999       0.13333300000000001        4.5113537662080178E-002
         573  0.33333299999999999       0.13333300000000001        4.0021517364406387E-002
         574  0.36666700000000002       0.13333300000000001        3.5519862167615712E-002
         575  0.40000000000000002       0.13333300000000001        3.1927761663441287E-002
         576  0.43333300000000002       0.13333300000000001        2.8181377865143888E-002
         577  0.46666700000000000       0.13333300000000001        2.4595234529920885E-002
         578  0.50000000000000000       0.13333300000000001        2.1736245759857848E-002
         579  0.53333299999999995       0.13333300000000001        1.8892759522146325E-002
         580  0.56666700000000003       0.13333300000000001        1.5783161576876842E-002
         581  0.59999999999999998       0.13333300000000001        1.3265907744482669E-002
         582  0.63333300000000003       0.13333300000000001        1.0540541376343492E-002
         583  0.66666700000000001       0.13333300000000001        7.9649708090482954E-003
         584  0.69999999999999996       0.13333300000000001        5.5288337814622746E-003
         585  0.73333300000000001       0.13333300000000001        3.3101015692303228E-003
         586  0.76666699999999999       0.13333300000000001        1.1184076739528233E-003
         587  0.80000000000000004       0.13333300000000001       -4.6860605789238971E-004
         588  0.83333299999999999       0.13333300000000001       -1.7625089105282230E-003
         589  0.86666699999999997       0.13333300000000001       -2.6761837831142253E-003
         590  0.90000000000000002       0.13333300000000001       -2.7977106055787748E-003
         591  0.93333299999999997       0.13333300000000001       -2.5246379898185216E-003
         592  0.96666700000000005       0.13333300000000001       -1.4738939642336764E-003
         593   1.0000000000000000       0.13333300000000001        0.0000000000000000     
         594   1.5000000000000000       0.13333300000000001        0.0000000000000000     
         595   1.5333330000000001       0.13333300000000001       -1.6106740373177224E-003
         596   1.5666670000000000       0.13333300000000001       -3.3538293522821826E-003
         597   1.6000000000000001       0.13333300000000001       -4.9969753873237059E-003
         598   1.6333329999999999       0.13333300000000001       -6.4023570897348133E-003
         599   1.6666669999999999       0.13333300000000001       -7.5137345281700175E-003
         600   1.7000000000000000       0.13333300000000001       -8.2136037927505422E-003
         601   1.7333330000000000       0.13333300000000001       -8.5315738928848760E-003
         602   1.7666670000000000       0.13333300000000001       -8.5466076585727531E-003
         603   1.8000000000000000       0.13333300000000001       -8.1533365977935462E-003
         604   1.8333330000000001       0.13333300000000001       -7.4973958846049652E-003
         605   1.8666670000000001       0.13333300000000001       -6.5902586116776494E-003
         606   1.8999999999999999       0.13333300000000001       -5.5767591197628374E-003
         607   1.9333330000000000       0.13333300000000001       -4.2092782991210885E-003
         608   1.9666669999999999       0.13333300000000001       -2.8937421257770350E-003
         609   2.0000000000000000       0.13333300000000001       -1.5130134375733113E-003
         610   2.0333329999999998       0.13333300000000001        7.9001619984534168E-005
         611   2.0666669999999998       0.13333300000000001        1.5575394424840209E-003
         612   2.1000000000000001       0.13333300000000001        3.1324727745105857E-003
         613   2.1333329999999999       0.13333300000000001        4.7229078523537112E-003
         614   2.1666669999999999       0.13333300000000001        6.0755250005928999E-003
         615   2.2000000000000002       0.13333300000000001        7.5353394644016537E-003
         616   2.2333330000000000       0.13333300000000001        8.9096338866623860E-003
         617   2.2666670000000000       0.13333300000000001        1.0265272504201832E-002
         618   2.2999999999999998       0.13333300000000001        1.1513827829110465E-002
         619   2.3333330000000001       0.13333300000000001        1.2685276051899801E-002
         620   2.3666670000000001       0.13333300000000001        1.3915814387769603E-002
         621   2.3999999999999999       0.13333300000000001        1.5099839359754274E-002
         622   2.4333330000000002       0.13333300000000001        1.6004058512536154E-002
         623   2.4666670000000002       0.13333300000000001        1.6844878696411578E-002
         624   2.5000000000000000       0.13333300000000001        1.7735605693422800E-002
         625   2.5333329999999998       0.13333300000000001        1.8523927715352616E-002
         626   2.5666669999999998       0.13333300000000001        1.9431449564044252E-002
         627   2.6000000000000001       0.13333300000000001        2.0079709157721431E-002
         628   2.6333329999999999       0.13333300000000001        2.0630416398155941E-002
         629   2.6666669999999999       0.13333300000000001        2.1383718850163217E-002
         630   2.7000000000000002       0.13333300000000001        2.1805459029977391E-002
         631   2.7333330000000000       0.13333300000000001        2.2138250140475598E-002
         632   2.7666670000000000       0.13333300000000001        2.2834193809553142E-002
         633   2.7999999999999998       0.13333300000000001        2.3033810156835546E-002
         634   2.8333330000000001       0.13333300000000001        2.3624425491275584E-002
         635   2.8666670000000001       0.13333300000000001        2.3749892821996427E-002
         636   2.8999999999999999       0.13333300000000001        2.4229286563193508E-002
         637   2.9333330000000002       0.13333300000000001        2.4417929336343552E-002
         638   2.9666670000000002       0.13333300000000001        2.4624243496016763E-002
         639   3.0000000000000000       0.13333300000000001        2.4952739895137140E-002
         640   3.0333329999999998       0.13333300000000001        2.4957548557364866E-002
         641   3.0666669999999998       0.13333300000000001        2.5205895026701605E-002
         642   3.1000000000000001       0.13333300000000001        2.5429467154430636E-002
         643   3.1333329999999999       0.13333300000000001        2.5392477027569162E-002
         644   3.1666669999999999       0.13333300000000001        2.5678535090376119E-002
         645   3.2000000000000002       0.13333300000000001        2.5775498685857386E-002
         646   3.2333330000000000       0.13333300000000001        2.5849781679747139E-002
         647   3.2666670000000000       0.13333300000000001        2.5873694528613284E-002
         648   3.2999999999999998       0.13333300000000001        2.5960306164964857E-002
         649   3.3333330000000001       0.13333300000000001        2.6091041764410319E-002
         650   3.3666670000000001       0.13333300000000001        2.5975630830880510E-002
         651   3.3999999999999999       0.13333300000000001        2.6265597847776531E-002
         652   3.4333330000000002       0.13333300000000001        2.6049660058162036E-002
         653   3.4666670000000002       0.13333300000000001        2.6335720046856893E-002
         654   3.5000000000000000       0.13333300000000001        2.6100051164477903E-002
         655   3.5333329999999998       0.13333300000000001        2.6365297643923494E-002
         656   3.5666669999999998       0.13333300000000001        2.6148205702657839E-002
         657   3.6000000000000001       0.13333300000000001        2.6441785530508712E-002
         658   3.6333329999999999       0.13333300000000001        2.6124927456288215E-002
         659   3.6666669999999999       0.13333300000000001        2.6340707296686951E-002
         660   3.7000000000000002       0.13333300000000001        2.6377738746412391E-002
         661   3.7333330000000000       0.13333300000000001        2.6096631546965732E-002
         662   3.7666670000000000       0.13333300000000001        2.6269189004674513E-002
         663   3.7999999999999998       0.13333300000000001        2.6214691576055077E-002
         664   3.8333330000000001       0.13333300000000001        2.6398644042955947E-002
         665   3.8666670000000001       0.13333300000000001        2.6109576584093078E-002
         666   3.8999999999999999       0.13333300000000001        2.6334851821355337E-002
         667   3.9333330000000002       0.13333300000000001        2.6206385743325088E-002
         668   3.9666670000000002       0.13333300000000001        2.6287184061367579E-002
         669   4.0000000000000000       0.13333300000000001        2.6435646118449660E-002
         670   4.0333329999999998       0.13333300000000001        2.6270336462649316E-002
         671   4.0666669999999998       0.13333300000000001        2.6070673209419540E-002
         672   4.0999999999999996       0.13333300000000001        2.6309349754917829E-002
         673   4.1333330000000004       0.13333300000000001        2.6319860151550901E-002
         674   4.1666670000000003       0.13333300000000001        2.6194972612016164E-002
         675   4.2000000000000002       0.13333300000000001        2.6311678620849235E-002
         676   4.2333330000000000       0.13333300000000001        2.6055904418479936E-002
         677   4.2666670000000000       0.13333300000000001        2.6253060542153990E-002
         678   4.2999999999999998       0.13333300000000001        2.6132509479616647E-002
         679   4.3333329999999997       0.13333300000000001        2.6231910250959767E-002
         680   4.3666669999999996       0.13333300000000001        2.6364267904775064E-002
         681   4.4000000000000004       0.13333300000000001        2.6243932677712360E-002
         682   4.4333330000000002       0.13333300000000001        2.6148452064569918E-002
         683   4.4666670000000002       0.13333300000000001        2.6024809680914297E-002
         684   4.5000000000000000       0.13333300000000001        2.6276497948511408E-002
         685   4.5333329999999998       0.13333300000000001        2.6164006411079369E-002
         686   4.5666669999999998       0.13333300000000001        2.6279000672101521E-002
         687   4.5999999999999996       0.13333300000000001        2.6226298065860253E-002
         688   4.6333330000000004       0.13333300000000001        2.6259257053681304E-002
         689   4.6666670000000003       0.13333300000000001        2.6046630035956638E-002
         690   4.7000000000000002       0.13333300000000001        2.6404857272993923E-002
         691   4.7333330000000000       0.13333300000000001        2.6164288579487341E-002
         692   4.7666670000000000       0.13333300000000001        2.6479239990552707E-002
         693   4.7999999999999998       0.13333300000000001        2.6297312764014556E-002
         694   4.8333329999999997       0.13333300000000001        2.6343231038828279E-002
         695   4.8666669999999996       0.13333300000000001        2.6364019980715272E-002
         696   4.9000000000000004       0.13333300000000001        2.6630326370432451E-002
         697   4.9333330000000002       0.13333300000000001        2.6518048792432698E-002
         698   4.9666670000000002       0.13333300000000001        2.6589145591964229E-002
         699   5.0000000000000000       0.13333300000000001        2.6615561669388037E-002
         700   0.0000000000000000       0.16666700000000001       0.16666700000000001     
         701   3.3333000000000002E-002  0.16666700000000001       0.15140924187807736
         702   6.6667000000000004E-002  0.16666700000000001       0.13682912837773356
         703  0.10000000000000001       0.16666700000000001       0.12291310851086705
         704  0.13333300000000001       0.16666700000000001       0.11059207020327755
         705  0.16666700000000001       0.16666700000000001        9.9008236307523048E-002
         706  0.20000000000000001       0.16666700000000001        8.9256742032526010E-002
         707  0.23333300000000001       0.16666700000000001        8.0246551996822513E-002
         708  0.26666699999999999       0.16666700000000001        7.2428115001763230E-002
         709  0.29999999999999999       0.16666700000000001        6.5156478402436879E-002
         710  0.33333299999999999       0.16666700000000001        5.9049644577004519E-002
         711  0.36666700000000002       0.16666700000000001        5.3473129546609821E-002
         712  0.40000000000000002       0.16666700000000001        4.7887912859707629E-002
         713  0.43333300000000002       0.16666700000000001        4.3240498849268699E-002
         714  0.46666700000000000       0.16666700000000001        3.8592911689742986E-002
         715  0.50000000000000000       0.16666700000000001        3.4362751376950114E-002
         716  0.53333299999999995       0.16666700000000001        3.0027182700054552E-002
         717  0.56666700000000003       0.16666700000000001        2.6178825542912326E-002
         718  0.59999999999999998       0.16666700000000001        2.2215595028020875E-002
         719  0.63333300000000003       0.16666700000000001        1.8569934135979006E-002
         720  0.66666700000000001       0.16666700000000001        1.4629347446053157E-002
         721  0.69999999999999996       0.16666700000000001        1.1273353421238350E-002
         722  0.73333300000000001       0.16666700000000001        7.7697567927546493E-003
         723  0.76666699999999999       0.16666700000000001        4.7140677931679070E-003
         724  0.80000000000000004       0.16666700000000001        1.8694806393904854E-003
         725  0.83333299999999999       0.16666700000000001       -1.4424041222387682E-004
         726  0.86666699999999997       0.16666700000000001       -1.6968516804896222E-003
         727  0.90000000000000002       0.16666700000000001       -2.5711245273860907E-003
         728  0.93333299999999997       0.16666700000000001       -2.5264286428456888E-003
         729  0.96666700000000005       0.16666700000000001       -1.7025432659736946E-003
         730   1.0000000000000000       0.16666700000000001        0.0000000000000000     
         731   1.5000000000000000       0.16666700000000001        0.0000000000000000     
         732   1.5333330000000001       0.16666700000000001       -2.1158190350842525E-003
         733   1.5666670000000000       0.16666700000000001       -4.2940329239909885E-003
         734   1.6000000000000001       0.16666700000000001       -6.3155736851602884E-003
         735   1.6333329999999999       0.16666700000000001       -8.0166967704055261E-003
         736   1.6666669999999999       0.16666700000000001       -9.1727567060995163E-003
         737   1.7000000000000000       0.16666700000000001       -9.7755510413703242E-003
         738   1.7333330000000000       0.16666700000000001       -1.0073695280337618E-002
         739   1.7666670000000000       0.16666700000000001       -9.6682094466137309E-003
         740   1.8000000000000000       0.16666700000000001       -9.0453716178594702E-003
         741   1.8333330000000001       0.16666700000000001       -7.7900981713895940E-003
         742   1.8666670000000001       0.16666700000000001       -6.5444113096100459E-003
         743   1.8999999999999999       0.16666700000000001       -4.7688163077483966E-003
         744   1.9333330000000000       0.16666700000000001       -3.0630030485120779E-003
         745   1.9666669999999999       0.16666700000000001       -9.8031980384359618E-004
         746   2.0000000000000000       0.16666700000000001        1.2023051803317340E-003
         747   2.0333329999999998       0.16666700000000001        3.1597665117984808E-003
         748   2.0666669999999998       0.16666700000000001        5.4962312290333494E-003
         749   2.1000000000000001       0.16666700000000001        7.5683520162630217E-003
         750   2.1333329999999999       0.16666700000000001        9.6147162264394095E-003
         751   2.1666669999999999       0.16666700000000001        1.1852967280326435E-002
         752   2.2000000000000002       0.16666700000000001        1.3653150828176095E-002
         753   2.2333330000000000       0.16666700000000001        1.5753148492377217E-002
         754   2.2666670000000000       0.16666700000000001        1.7590855745342120E-002
         755   2.2999999999999998       0.16666700000000001        1.9198663199593721E-002
         756   2.3333330000000001       0.16666700000000001        2.1072269884187395E-002
         757   2.3666670000000001       0.16666700000000001        2.2671696577175608E-002
         758   2.3999999999999999       0.16666700000000001        2.4015171955992936E-002
         759   2.4333330000000002       0.16666700000000001        2.5574397488741640E-002
         760   2.4666670000000002       0.16666700000000001        2.6891117220178472E-002
         761   2.5000000000000000       0.16666700000000001        2.7915934730281922E-002
         762   2.5333329999999998       0.16666700000000001        2.9276058878089047E-002
         763   2.5666669999999998       0.16666700000000001        3.0333916859454201E-002
         764   2.6000000000000001       0.16666700000000001        3.1155270799251660E-002
         765   2.6333329999999999       0.16666700000000001        3.2174625409458937E-002
         766   2.6666669999999999       0.16666700000000001        3.2837422081407698E-002
         767   2.7000000000000002       0.16666700000000001        3.3770322321995103E-002
         768   2.7333330000000000       0.16666700000000001        3.4474668287710342E-002
         769   2.7666670000000000       0.16666700000000001        3.4904807750461050E-002
         770   2.7999999999999998       0.16666700000000001        3.5736438536331031E-002
         771   2.8333330000000001       0.16666700000000001        3.6061789156947667E-002
         772   2.8666670000000001       0.16666700000000001        3.6813210920618074E-002
         773   2.8999999999999999       0.16666700000000001        3.7122188870856034E-002
         774   2.9333330000000002       0.16666700000000001        3.7407305654451377E-002
         775   2.9666670000000002       0.16666700000000001        3.7573715306674429E-002
         776   3.0000000000000000       0.16666700000000001        3.8152135841522224E-002
         777   3.0333329999999998       0.16666700000000001        3.8442276234266756E-002
         778   3.0666669999999998       0.16666700000000001        3.8460034254873349E-002
         779   3.1000000000000001       0.16666700000000001        3.8859879787624486E-002
         780   3.1333329999999999       0.16666700000000001        3.9223350551425534E-002
         781   3.1666669999999999       0.16666700000000001        3.9123869144285832E-002
         782   3.2000000000000002       0.16666700000000001        3.9597214500524669E-002
         783   3.2333330000000000       0.16666700000000001        3.9562809733943688E-002
         784   3.2666670000000000       0.16666700000000001        3.9470386434587196E-002
         785   3.2999999999999998       0.16666700000000001        3.9858777565302997E-002
         786   3.3333330000000001       0.16666700000000001        3.9708938303336723E-002
         787   3.3666670000000001       0.16666700000000001        4.0060333664595882E-002
         788   3.3999999999999999       0.16666700000000001        3.9869433472170451E-002
         789   3.4333330000000002       0.16666700000000001        4.0190748217368101E-002
         790   3.4666670000000002       0.16666700000000001        4.0073831392310508E-002
         791   3.5000000000000000       0.16666700000000001        4.0211270968800387E-002
         792   3.5333329999999998       0.16666700000000001        4.0072253793283455E-002
         793   3.5666669999999998       0.16666700000000001        4.0286320023029808E-002
         794   3.6000000000000001       0.16666700000000001        4.0271696730803191E-002
         795   3.6333329999999999       0.16666700000000001        4.0340577429399907E-002
         796   3.6666669999999999       0.16666700000000001        4.0284089007862345E-002
         797   3.7000000000000002       0.16666700000000001        4.0198661568794133E-002
         798   3.7333330000000000       0.16666700000000001        4.0288152694656229E-002
         799   3.7666670000000000       0.16666700000000001        4.0094951339934376E-002
         800   3.7999999999999998       0.16666700000000001        4.0400319048009052E-002
         801   3.8333330000000001       0.16666700000000001        4.0234940484262641E-002
         802   3.8666670000000001       0.16666700000000001        4.0275539946517808E-002
         803   3.8999999999999999       0.16666700000000001        4.0400793052477318E-002
         804   3.9333330000000002       0.16666700000000001        4.0264068307901864E-002
         805   3.9666670000000002       0.16666700000000001        4.0241229586123688E-002
         806   4.0000000000000000       0.16666700000000001        4.0124811136553931E-002
         807   4.0333329999999998       0.16666700000000001        4.0335272743949199E-002
         808   4.0666669999999998       0.16666700000000001        4.0335883468777887E-002
         809   4.0999999999999996       0.16666700000000001        4.0095864240803823E-002
         810   4.1333330000000004       0.16666700000000001        4.0272781871649385E-002
         811   4.1666670000000003       0.16666700000000001        4.0422027336937665E-002
         812   4.2000000000000002       0.16666700000000001        4.0195445726916107E-002
         813   4.2333330000000000       0.16666700000000001        4.0314220919604800E-002
         814   4.2666670000000000       0.16666700000000001        4.0250023958797489E-002
         815   4.2999999999999998       0.16666700000000001        4.0138593140902089E-002
         816   4.3333329999999997       0.16666700000000001        4.0238552735170997E-002
         817   4.3666669999999996       0.16666700000000001        4.0041862988865508E-002
         818   4.4000000000000004       0.16666700000000001        4.0212636422260681E-002
         819   4.4333330000000002       0.16666700000000001        4.0240665161631259E-002
         820   4.4666670000000002       0.16666700000000001        4.0368972878652737E-002
         821   4.5000000000000000       0.16666700000000001        4.0206135576094919E-002
         822   4.5333329999999998       0.16666700000000001        4.0251770804426386E-002
         823   4.5666669999999998       0.16666700000000001        4.0049808216458961E-002
         824   4.5999999999999996       0.16666700000000001        4.0378696944437596E-002
         825   4.6333330000000004       0.16666700000000001        4.0068972917129027E-002
         826   4.6666670000000003       0.16666700000000001        4.0286553266049865E-002
         827   4.7000000000000002       0.16666700000000001        4.0211305392737942E-002
         828   4.7333330000000000       0.16666700000000001        4.0397596413423435E-002
         829   4.7666670000000000       0.16666700000000001        4.0381329198092918E-002
         830   4.7999999999999998       0.16666700000000001        4.0465704455603359E-002
         831   4.8333329999999997       0.16666700000000001        4.0243213344655783E-002
         832   4.8666669999999996       0.16666700000000001        4.0566632923398779E-002
         833   4.9000000000000004       0.16666700000000001        4.0384614050590704E-002
         834   4.9333330000000002       0.16666700000000001        4.0653447266891303E-002
         835   4.9666670000000002       0.16666700000000001        4.0650813894445081E-002
         836   5.0000000000000000       0.16666700000000001        4.0605770403850779E-002
         837   0.0000000000000000       0.20000000000000001       0.20000000000000001     
         838   3.3333000000000002E-002  0.20000000000000001       0.18420857645391406
         839   6.6667000000000004E-002  0.20000000000000001       0.16881843731626606
         840  0.10000000000000001       0.20000000000000001       0.15422311354320420
         841  0.13333300000000001       0.20000000000000001       0.14044246459707807
         842  0.16666700000000001       0.20000000000000001       0.12811737298643913
         843  0.20000000000000001       0.20000000000000001       0.11660269835936390
         844  0.23333300000000001       0.20000000000000001       0.10602493740110035
         845  0.26666699999999999       0.20000000000000001        9.6927761626076067E-002
         846  0.29999999999999999       0.20000000000000001        8.8576764719311807E-002
         847  0.33333299999999999       0.20000000000000001        8.0881283116474231E-002
         848  0.36666700000000002       0.20000000000000001        7.3609454917430706E-002
         849  0.40000000000000002       0.20000000000000001        6.7121163899680827E-002
         850  0.43333300000000002       0.20000000000000001        6.0837129042281432E-002
         851  0.46666700000000000       0.20000000000000001        5.5071788270636406E-002
         852  0.50000000000000000       0.20000000000000001        4.9446637213398224E-002
         853  0.53333299999999995       0.20000000000000001        4.4233915023843613E-002
         854  0.56666700000000003       0.20000000000000001        3.8800375650859580E-002
         855  0.59999999999999998       0.20000000000000001        3.3666302314576679E-002
         856  0.63333300000000003       0.20000000000000001        2.8430713197710750E-002
         857  0.66666700000000001       0.20000000000000001        2.3632476298963472E-002
         858  0.69999999999999996       0.20000000000000001        1.8555118707995602E-002
         859  0.73333300000000001       0.20000000000000001        1.4084701364747794E-002
         860  0.76666699999999999       0.20000000000000001        9.6844505896272314E-003
         861  0.80000000000000004       0.20000000000000001        5.7394936603274282E-003
         862  0.83333299999999999       0.20000000000000001        2.3604370368276654E-003
         863  0.86666699999999997       0.20000000000000001       -9.2296346646287465E-005
         864  0.90000000000000002       0.20000000000000001       -1.6864290619093441E-003
         865  0.93333299999999997       0.20000000000000001       -2.3017099503974338E-003
         866  0.96666700000000005       0.20000000000000001       -1.6265379874254213E-003
         867   1.0000000000000000       0.20000000000000001        0.0000000000000000     
         868   1.5000000000000000       0.20000000000000001        0.0000000000000000     
         869   1.5333330000000001       0.20000000000000001       -2.5982277043458835E-003
         870   1.5666670000000000       0.20000000000000001       -5.2473908999413829E-003
         871   1.6000000000000001       0.20000000000000001       -7.5164999822150145E-003
         872   1.6333329999999999       0.20000000000000001       -9.2479803485697454E-003
         873   1.6666669999999999       0.20000000000000001       -1.0483234476404354E-002
         874   1.7000000000000000       0.20000000000000001       -1.0961375892640903E-002
         875   1.7333330000000000       0.20000000000000001       -1.0799260603600853E-002
         876   1.7666670000000000       0.20000000000000001       -1.0181905430395674E-002
         877   1.8000000000000000       0.20000000000000001       -8.8106081683349564E-003
         878   1.8333330000000001       0.20000000000000001       -7.1472463684471360E-003
         879   1.8666670000000001       0.20000000000000001       -5.0955902810701937E-003
         880   1.8999999999999999       0.20000000000000001       -2.8882367130239773E-003
         881   1.9333330000000000       0.20000000000000001       -2.2089846803200931E-004
         882   1.9666669999999999       0.20000000000000001        2.4424844042866766E-003
         883   2.0000000000000000       0.20000000000000001        5.2409126051135490E-003
         884   2.0333329999999998       0.20000000000000001        8.1172514607733559E-003
         885   2.0666669999999998       0.20000000000000001        1.0856190890801745E-002
         886   2.1000000000000001       0.20000000000000001        1.3801625627932159E-002
         887   2.1333329999999999       0.20000000000000001        1.6743747493803307E-002
         888   2.1666669999999999       0.20000000000000001        1.9311175339250100E-002
         889   2.2000000000000002       0.20000000000000001        2.2012881660788887E-002
         890   2.2333330000000000       0.20000000000000001        2.4491622088494050E-002
         891   2.2666670000000000       0.20000000000000001        2.6792414529228516E-002
         892   2.2999999999999998       0.20000000000000001        2.9322349679995093E-002
         893   2.3333330000000001       0.20000000000000001        3.1462287191577093E-002
         894   2.3666670000000001       0.20000000000000001        3.3431637877519613E-002
         895   2.3999999999999999       0.20000000000000001        3.5572790384821897E-002
         896   2.4333330000000002       0.20000000000000001        3.7207091625998681E-002
         897   2.4666670000000002       0.20000000000000001        3.9072592877442962E-002
         898   2.5000000000000000       0.20000000000000001        4.0759671893871113E-002
         899   2.5333329999999998       0.20000000000000001        4.2231755658378736E-002
         900   2.5666669999999998       0.20000000000000001        4.3399837692161568E-002
         901   2.6000000000000001       0.20000000000000001        4.4767973003316676E-002
         902   2.6333329999999999       0.20000000000000001        4.6045838686226852E-002
         903   2.6666669999999999       0.20000000000000001        4.7219044004863299E-002
         904   2.7000000000000002       0.20000000000000001        4.7991118589393145E-002
         905   2.7333330000000000       0.20000000000000001        4.9118199879298580E-002
         906   2.7666670000000000       0.20000000000000001        4.9868518514502795E-002
         907   2.7999999999999998       0.20000000000000001        5.0606904118085896E-002
         908   2.8333330000000001       0.20000000000000001        5.1424243348032798E-002
         909   2.8666670000000001       0.20000000000000001        5.2007308654289146E-002
         910   2.8999999999999999       0.20000000000000001        5.2586988432632570E-002
         911   2.9333330000000002       0.20000000000000001        5.3080461969964320E-002
         912   2.9666670000000002       0.20000000000000001        5.3555835221277222E-002
         913   3.0000000000000000       0.20000000000000001        5.3814069730311852E-002
         914   3.0333329999999998       0.20000000000000001        5.4366802392316102E-002
         915   3.0666669999999998       0.20000000000000001        5.4831618145690666E-002
         916   3.1000000000000001       0.20000000000000001        5.4964609293472626E-002
         917   3.1333329999999999       0.20000000000000001        5.5281519374288296E-002
         918   3.1666669999999999       0.20000000000000001        5.5538920222794962E-002
         919   3.2000000000000002       0.20000000000000001        5.5704056432567664E-002
         920   3.2333330000000000       0.20000000000000001        5.6007576258879102E-002
         921   3.2666670000000000       0.20000000000000001        5.6164259673968417E-002
         922   3.2999999999999998       0.20000000000000001        5.6089408521225223E-002
         923   3.3333330000000001       0.20000000000000001        5.6423612747583923E-002
         924   3.3666670000000001       0.20000000000000001        5.6490547181633967E-002
         925   3.3999999999999999       0.20000000000000001        5.6575789160681428E-002
         926   3.4333330000000002       0.20000000000000001        5.6580632712530769E-002
         927   3.4666670000000002       0.20000000000000001        5.6740536088471571E-002
         928   3.5000000000000000       0.20000000000000001        5.6859729042573436E-002
         929   3.5333329999999998       0.20000000000000001        5.7063216325631425E-002
         930   3.5666669999999998       0.20000000000000001        5.6919605267669433E-002
         931   3.6000000000000001       0.20000000000000001        5.6770135529604186E-002
         932   3.6333329999999999       0.20000000000000001        5.6952725571687360E-002
         933   3.6666669999999999       0.20000000000000001        5.6995960153497491E-002
         934   3.7000000000000002       0.20000000000000001        5.7053911838785575E-002
         935   3.7333330000000000       0.20000000000000001        5.7040575741354488E-002
         936   3.7666670000000000       0.20000000000000001        5.7085610599978812E-002
         937   3.7999999999999998       0.20000000000000001        5.6889454035868668E-002
         938   3.8333330000000001       0.20000000000000001        5.7083980810406373E-002
         939   3.8666670000000001       0.20000000000000001        5.7090523727963013E-002
         940   3.8999999999999999       0.20000000000000001        5.7032413951129970E-002
         941   3.9333330000000002       0.20000000000000001        5.6962164346943109E-002
         942   3.9666670000000002       0.20000000000000001        5.7044075572832961E-002
         943   4.0000000000000000       0.20000000000000001        5.7162097406999707E-002
         944   4.0333329999999998       0.20000000000000001        5.6916811095978397E-002
         945   4.0666669999999998       0.20000000000000001        5.7130405852356729E-002
         946   4.0999999999999996       0.20000000000000001        5.7143370730453232E-002
         947   4.1333330000000004       0.20000000000000001        5.7012301156289975E-002
         948   4.1666670000000003       0.20000000000000001        5.6864317420284395E-002
         949   4.2000000000000002       0.20000000000000001        5.6963185320466903E-002
         950   4.2333330000000000       0.20000000000000001        5.7046739370338953E-002
         951   4.2666670000000000       0.20000000000000001        5.7055590870633520E-002
         952   4.2999999999999998       0.20000000000000001        5.7146474505099049E-002
         953   4.3333329999999997       0.20000000000000001        5.6853232800054505E-002
         954   4.3666669999999996       0.20000000000000001        5.7036144815566077E-002
         955   4.4000000000000004       0.20000000000000001        5.7087267041921338E-002
         956   4.4333330000000002       0.20000000000000001        5.6995794354735001E-002
         957   4.4666670000000002       0.20000000000000001        5.6846244100485284E-002
         958   4.5000000000000000       0.20000000000000001        5.7141955396044518E-002
         959   4.5333329999999998       0.20000000000000001        5.6899277535486327E-002
         960   4.5666669999999998       0.20000000000000001        5.6975097049083129E-002
         961   4.5999999999999996       0.20000000000000001        5.7012240839146661E-002
         962   4.6333330000000004       0.20000000000000001        5.7036630390946017E-002
         963   4.6666670000000003       0.20000000000000001        5.7112773653711840E-002
         964   4.7000000000000002       0.20000000000000001        5.6989258393239109E-002
         965   4.7333330000000000       0.20000000000000001        5.7126069348031314E-002
         966   4.7666670000000000       0.20000000000000001        5.6962854089535934E-002
         967   4.7999999999999998       0.20000000000000001        5.7230901480729665E-002
         968   4.8333329999999997       0.20000000000000001        5.7271035112277664E-002
         969   4.8666669999999996       0.20000000000000001        5.7107610399956855E-002
         970   4.9000000000000004       0.20000000000000001        5.7343902618705499E-002
         971   4.9333330000000002       0.20000000000000001        5.7344499462432488E-002
         972   4.9666670000000002       0.20000000000000001        5.7461814963414140E-002
         973   5.0000000000000000       0.20000000000000001        5.7241763135697010E-002
         974   0.0000000000000000       0.23333300000000001       0.23333300000000001     
         975   3.3333000000000002E-002  0.23333300000000001       0.21719850362927087
         976   6.6667000000000004E-002  0.23333300000000001       0.20128995518609158
         977  0.10000000000000001       0.23333300000000001       0.18611928774942105
         978  0.13333300000000001       0.23333300000000001       0.17177635828428237
         979  0.16666700000000001       0.23333300000000001       0.15810887552599864
         980  0.20000000000000001       0.23333300000000001       0.14575570040333743
         981  0.23333300000000001       0.23333300000000001       0.13422470522799379
         982  0.26666699999999999       0.23333300000000001       0.12370069148759384
         983  0.29999999999999999       0.23333300000000001       0.11385209002603333
         984  0.33333299999999999       0.23333300000000001       0.10484931682565343
         985  0.36666700000000002       0.23333300000000001        9.6481601254510330E-002
         986  0.40000000000000002       0.23333300000000001        8.8583135126496099E-002
         987  0.43333300000000002       0.23333300000000001        8.1276171931426222E-002
         988  0.46666700000000000       0.23333300000000001        7.4169277337249054E-002
         989  0.50000000000000000       0.23333300000000001        6.7265353574054151E-002
         990  0.53333299999999995       0.23333300000000001        6.0397129688772477E-002
         991  0.56666700000000003       0.23333300000000001        5.4062658506473925E-002
         992  0.59999999999999998       0.23333300000000001        4.7251012534784635E-002
         993  0.63333300000000003       0.23333300000000001        4.0980306833716944E-002
         994  0.66666700000000001       0.23333300000000001        3.4427079884009205E-002
         995  0.69999999999999996       0.23333300000000001        2.8160375090986900E-002
         996  0.73333300000000001       0.23333300000000001        2.2084850926739046E-002
         997  0.76666699999999999       0.23333300000000001        1.6260986000493166E-002
         998  0.80000000000000004       0.23333300000000001        1.1084569983014958E-002
         999  0.83333299999999999       0.23333300000000001        6.1570381974162050E-003
        1000  0.86666699999999997       0.23333300000000001        2.4594322604173714E-003
        1001  0.90000000000000002       0.23333300000000001       -4.1928725093100559E-004
        1002  0.93333299999999997       0.23333300000000001       -1.6129012560797480E-003
        1003  0.96666700000000005       0.23333300000000001       -1.6792290844193679E-003
        1004   1.0000000000000000       0.23333300000000001        0.0000000000000000     
        1005   1.5000000000000000       0.23333300000000001        0.0000000000000000     
        1006   1.5333330000000001       0.23333300000000001       -3.0953656796157370E-003
        1007   1.5666670000000000       0.23333300000000001       -6.0563423023656769E-003
        1008   1.6000000000000001       0.23333300000000001       -8.4905125973920859E-003
        1009   1.6333329999999999       0.23333300000000001       -1.0323503353759936E-002
        1010   1.6666669999999999       0.23333300000000001       -1.1153823056307376E-002
        1011   1.7000000000000000       0.23333300000000001       -1.1496338854153977E-002
        1012   1.7333330000000000       0.23333300000000001       -1.0732561891706422E-002
        1013   1.7666670000000000       0.23333300000000001       -9.3567361949573186E-003
        1014   1.8000000000000000       0.23333300000000001       -7.4662321316443306E-003
        1015   1.8333330000000001       0.23333300000000001       -5.2436728073389782E-003
        1016   1.8666670000000001       0.23333300000000001       -2.3229911732325589E-003
        1017   1.8999999999999999       0.23333300000000001        9.1243933142621321E-004
        1018   1.9333330000000000       0.23333300000000001        4.1618002180638276E-003
        1019   1.9666669999999999       0.23333300000000001        7.5712639797806888E-003
        1020   2.0000000000000000       0.23333300000000001        1.1034501242224123E-002
        1021   2.0333329999999998       0.23333300000000001        1.4807344068104725E-002
        1022   2.0666669999999998       0.23333300000000001        1.8566871192686282E-002
        1023   2.1000000000000001       0.23333300000000001        2.1983709643769805E-002
        1024   2.1333329999999999       0.23333300000000001        2.5557712676226845E-002
        1025   2.1666669999999999       0.23333300000000001        2.8944896043361579E-002
        1026   2.2000000000000002       0.23333300000000001        3.2281918467342435E-002
        1027   2.2333330000000000       0.23333300000000001        3.5442146705174288E-002
        1028   2.2666670000000000       0.23333300000000001        3.8515364795210498E-002
        1029   2.2999999999999998       0.23333300000000001        4.1227943330162664E-002
        1030   2.3333330000000001       0.23333300000000001        4.4131638096460805E-002
        1031   2.3666670000000001       0.23333300000000001        4.6870221229057062E-002
        1032   2.3999999999999999       0.23333300000000001        4.9079073419267857E-002
        1033   2.4333330000000002       0.23333300000000001        5.1525215515670998E-002
        1034   2.4666670000000002       0.23333300000000001        5.3648223991308981E-002
        1035   2.5000000000000000       0.23333300000000001        5.5681615736245374E-002
        1036   2.5333329999999998       0.23333300000000001        5.7373126102305293E-002
        1037   2.5666669999999998       0.23333300000000001        5.9308036137442802E-002
        1038   2.6000000000000001       0.23333300000000001        6.0778335197281874E-002
        1039   2.6333329999999999       0.23333300000000001        6.2350279569716990E-002
        1040   2.6666669999999999       0.23333300000000001        6.3565346403195833E-002
        1041   2.7000000000000002       0.23333300000000001        6.5010172646961309E-002
        1042   2.7333330000000000       0.23333300000000001        6.6132121391703574E-002
        1043   2.7666670000000000       0.23333300000000001        6.7234317050333947E-002
        1044   2.7999999999999998       0.23333300000000001        6.8227376380825488E-002
        1045   2.8333330000000001       0.23333300000000001        6.9044810720890096E-002
        1046   2.8666670000000001       0.23333300000000001        6.9669030353351161E-002
        1047   2.8999999999999999       0.23333300000000001        7.0604003296432238E-002
        1048   2.9333330000000002       0.23333300000000001        7.1251514145624237E-002
        1049   2.9666670000000002       0.23333300000000001        7.1823600814161795E-002
        1050   3.0000000000000000       0.23333300000000001        7.2520838051079631E-002
        1051   3.0333329999999998       0.23333300000000001        7.2897116886521868E-002
        1052   3.0666669999999998       0.23333300000000001        7.3219480482673099E-002
        1053   3.1000000000000001       0.23333300000000001        7.3835697307189391E-002
        1054   3.1333329999999999       0.23333300000000001        7.3961883398193318E-002
        1055   3.1666669999999999       0.23333300000000001        7.4583881942580588E-002
        1056   3.2000000000000002       0.23333300000000001        7.4671669204557603E-002
        1057   3.2333330000000000       0.23333300000000001        7.4750736867099279E-002
        1058   3.2666670000000000       0.23333300000000001        7.5228551176361874E-002
        1059   3.2999999999999998       0.23333300000000001        7.5357112655576847E-002
        1060   3.3333330000000001       0.23333300000000001        7.5556164465924253E-002
        1061   3.3666670000000001       0.23333300000000001        7.5517239078139231E-002
        1062   3.3999999999999999       0.23333300000000001        7.5946475948340253E-002
        1063   3.4333330000000002       0.23333300000000001        7.5866116927781307E-002
        1064   3.4666670000000002       0.23333300000000001        7.6059507523437000E-002
        1065   3.5000000000000000       0.23333300000000001        7.6039081648442364E-002
        1066   3.5333329999999998       0.23333300000000001        7.6146526471736406E-002
        1067   3.5666669999999998       0.23333300000000001        7.6179170555134054E-002
        1068   3.6000000000000001       0.23333300000000001        7.6434868763669131E-002
        1069   3.6333329999999999       0.23333300000000001        7.6331362985209122E-002
        1070   3.6666669999999999       0.23333300000000001        7.6322992556358632E-002
        1071   3.7000000000000002       0.23333300000000001        7.6183261620180118E-002
        1072   3.7333330000000000       0.23333300000000001        7.6368955455121984E-002
        1073   3.7666670000000000       0.23333300000000001        7.6504989409723917E-002
        1074   3.7999999999999998       0.23333300000000001        7.6505444943525611E-002
        1075   3.8333330000000001       0.23333300000000001        7.6330197386473661E-002
        1076   3.8666670000000001       0.23333300000000001        7.6592710333829014E-002
        1077   3.8999999999999999       0.23333300000000001        7.6337067898689770E-002
        1078   3.9333330000000002       0.23333300000000001        7.6582860704863059E-002
        1079   3.9666670000000002       0.23333300000000001        7.6455271323036186E-002
        1080   4.0000000000000000       0.23333300000000001        7.6326151178582421E-002
        1081   4.0333329999999998       0.23333300000000001        7.6567482054636038E-002
        1082   4.0666669999999998       0.23333300000000001        7.6340499050466026E-002
        1083   4.0999999999999996       0.23333300000000001        7.6531775049264297E-002
        1084   4.1333330000000004       0.23333300000000001        7.6416651271497577E-002
        1085   4.1666670000000003       0.23333300000000001        7.6591257435722579E-002
        1086   4.2000000000000002       0.23333300000000001        7.6395594746057838E-002
        1087   4.2333330000000000       0.23333300000000001        7.6503980861942905E-002
        1088   4.2666670000000000       0.23333300000000001        7.6429744082826087E-002
        1089   4.2999999999999998       0.23333300000000001        7.6305884475968491E-002
        1090   4.3333329999999997       0.23333300000000001        7.6527209771728111E-002
        1091   4.3666669999999996       0.23333300000000001        7.6362891986068049E-002
        1092   4.4000000000000004       0.23333300000000001        7.6323903058283890E-002
        1093   4.4333330000000002       0.23333300000000001        7.6461289149403422E-002
        1094   4.4666670000000002       0.23333300000000001        7.6414836432231889E-002
        1095   4.5000000000000000       0.23333300000000001        7.6384536655450225E-002
        1096   4.5333329999999998       0.23333300000000001        7.6332392956737008E-002
        1097   4.5666669999999998       0.23333300000000001        7.6573340665419515E-002
        1098   4.5999999999999996       0.23333300000000001        7.6329944775536160E-002
        1099   4.6333330000000004       0.23333300000000001        7.6586617391458667E-002
        1100   4.6666670000000003       0.23333300000000001        7.6358231800355517E-002
        1101   4.7000000000000002       0.23333300000000001        7.6591357455060960E-002
        1102   4.7333330000000000       0.23333300000000001        7.6373033228276696E-002
        1103   4.7666670000000000       0.23333300000000001        7.6645788031014475E-002
        1104   4.7999999999999998       0.23333300000000001        7.6439119300964045E-002
        1105   4.8333329999999997       0.23333300000000001        7.6696790720412203E-002
        1106   4.8666669999999996       0.23333300000000001        7.6768413763294796E-002
        1107   4.9000000000000004       0.23333300000000001        7.6724786916729459E-002
        1108   4.9333330000000002       0.23333300000000001        7.6564616489031082E-002
        1109   4.9666670000000002       0.23333300000000001        7.6787826894216024E-002
        1110   5.0000000000000000       0.23333300000000001        7.6932704811563501E-002
        1111   0.0000000000000000       0.26666699999999999       0.26666699999999999     
        1112   3.3333000000000002E-002  0.26666699999999999       0.25035486751734620
        1113   6.6667000000000004E-002  0.26666699999999999       0.23429121158019967
        1114  0.10000000000000001       0.26666699999999999       0.21865594970935873
        1115  0.13333300000000001       0.26666699999999999       0.20362489809913714
        1116  0.16666700000000001       0.26666699999999999       0.18958797283060391
        1117  0.20000000000000001       0.26666699999999999       0.17608885213455075
        1118  0.23333300000000001       0.26666699999999999       0.16387551599699743
        1119  0.26666699999999999       0.26666699999999999       0.15202174196038382
        1120  0.29999999999999999       0.26666699999999999       0.14141429003019168
        1121  0.33333299999999999       0.26666699999999999       0.13097035776652077
        1122  0.36666700000000002       0.26666699999999999       0.12162214472023915
        1123  0.40000000000000002       0.26666699999999999       0.11260720365206019
        1124  0.43333300000000002       0.26666699999999999       0.10376261163503553
        1125  0.46666700000000000       0.26666699999999999        9.5679739195677405E-002
        1126  0.50000000000000000       0.26666699999999999        8.7220611207240298E-002
        1127  0.53333299999999995       0.26666699999999999        7.9399919749881462E-002
        1128  0.56666700000000003       0.26666699999999999        7.1452350642774470E-002
        1129  0.59999999999999998       0.26666699999999999        6.3524723488826734E-002
        1130  0.63333300000000003       0.26666699999999999        5.5396506615825014E-002
        1131  0.66666700000000001       0.26666699999999999        4.7656211691680994E-002
        1132  0.69999999999999996       0.26666699999999999        3.9898580170788810E-002
        1133  0.73333300000000001       0.26666699999999999        3.2091013827110298E-002
        1134  0.76666699999999999       0.26666699999999999        2.4843212470756642E-002
        1135  0.80000000000000004       0.26666699999999999        1.7677274251550010E-002
        1136  0.83333299999999999       0.26666699999999999        1.1341495928389228E-002
        1137  0.86666699999999997       0.26666699999999999        5.9748486211478394E-003
        1138  0.90000000000000002       0.26666699999999999        1.9205897923272170E-003
        1139  0.93333299999999997       0.26666699999999999       -7.7982534191395033E-004
        1140  0.96666700000000005       0.26666699999999999       -1.2690106586680555E-003
        1141   1.0000000000000000       0.26666699999999999        0.0000000000000000     
        1142   1.5000000000000000       0.26666699999999999        0.0000000000000000     
        1143   1.5333330000000001       0.26666699999999999       -3.5719794697094153E-003
        1144   1.5666670000000000       0.26666699999999999       -6.7077004703519818E-003
        1145   1.6000000000000001       0.26666699999999999       -9.2700633225419049E-003
        1146   1.6333329999999999       0.26666699999999999       -1.0648949781014039E-002
        1147   1.6666669999999999       0.26666699999999999       -1.1284311403559944E-002
        1148   1.7000000000000000       0.26666699999999999       -1.0855982014479617E-002
        1149   1.7333330000000000       0.26666699999999999       -9.4267062891528995E-003
        1150   1.7666670000000000       0.26666699999999999       -7.4096707126900885E-003
        1151   1.8000000000000000       0.26666699999999999       -4.8356932290311459E-003
        1152   1.8333330000000001       0.26666699999999999       -1.3387614562010851E-003
        1153   1.8666670000000001       0.26666699999999999        2.1900601863239178E-003
        1154   1.8999999999999999       0.26666699999999999        6.0788697557661985E-003
        1155   1.9333330000000000       0.26666699999999999        1.0463596788526167E-002
        1156   1.9666669999999999       0.26666699999999999        1.4732785064147340E-002
        1157   2.0000000000000000       0.26666699999999999        1.9307918623423244E-002
        1158   2.0333329999999998       0.26666699999999999        2.3607171688191948E-002
        1159   2.0666669999999998       0.26666699999999999        2.8019717969319981E-002
        1160   2.1000000000000001       0.26666699999999999        3.2473645222120533E-002
        1161   2.1333329999999999       0.26666699999999999        3.6642865302618267E-002
        1162   2.1666669999999999       0.26666699999999999        4.0745314653703596E-002
        1163   2.2000000000000002       0.26666699999999999        4.4851178753684738E-002
        1164   2.2333330000000000       0.26666699999999999        4.8611103106925867E-002
        1165   2.2666670000000000       0.26666699999999999        5.2387088072428478E-002
        1166   2.2999999999999998       0.26666699999999999        5.5806250798831204E-002
        1167   2.3333330000000001       0.26666699999999999        5.9127176099211476E-002
        1168   2.3666670000000001       0.26666699999999999        6.2285899717807514E-002
        1169   2.3999999999999999       0.26666699999999999        6.5259398723640699E-002
        1170   2.4333330000000002       0.26666699999999999        6.7998347411556928E-002
        1171   2.4666670000000002       0.26666699999999999        7.0522242119616427E-002
        1172   2.5000000000000000       0.26666699999999999        7.2798220547019968E-002
        1173   2.5333329999999998       0.26666699999999999        7.5255904116203920E-002
        1174   2.5666669999999998       0.26666699999999999        7.7182885747985916E-002
        1175   2.6000000000000001       0.26666699999999999        7.9327120029722878E-002
        1176   2.6333329999999999       0.26666699999999999        8.0914546524061506E-002
        1177   2.6666669999999999       0.26666699999999999        8.2741650558673399E-002
        1178   2.7000000000000002       0.26666699999999999        8.4271935042539506E-002
        1179   2.7333330000000000       0.26666699999999999        8.5497809665616736E-002
        1180   2.7666670000000000       0.26666699999999999        8.7032811915130265E-002
        1181   2.7999999999999998       0.26666699999999999        8.7984087366537747E-002
        1182   2.8333330000000001       0.26666699999999999        8.9215958056631267E-002
        1183   2.8666670000000001       0.26666699999999999        9.0181200098206349E-002
        1184   2.8999999999999999       0.26666699999999999        9.0901908384134839E-002
        1185   2.9333330000000002       0.26666699999999999        9.1891542705261606E-002
        1186   2.9666670000000002       0.26666699999999999        9.2763545978848311E-002
        1187   3.0000000000000000       0.26666699999999999        9.3157378725528595E-002
        1188   3.0333329999999998       0.26666699999999999        9.3901986596223189E-002
        1189   3.0666669999999998       0.26666699999999999        9.4554372763096944E-002
        1190   3.1000000000000001       0.26666699999999999        9.4823002726404496E-002
        1191   3.1333329999999999       0.26666699999999999        9.5408492044863888E-002
        1192   3.1666669999999999       0.26666699999999999        9.5799218048930809E-002
        1193   3.2000000000000002       0.26666699999999999        9.6107758403151264E-002
        1194   3.2333330000000000       0.26666699999999999        9.6384799658659134E-002
        1195   3.2666670000000000       0.26666699999999999        9.6712746695403820E-002
        1196   3.2999999999999998       0.26666699999999999        9.7016118860378447E-002
        1197   3.3333330000000001       0.26666699999999999        9.7005780296904071E-002
        1198   3.3666670000000001       0.26666699999999999        9.7395314842481512E-002
        1199   3.3999999999999999       0.26666699999999999        9.7489932681839420E-002
        1200   3.4333330000000002       0.26666699999999999        9.7783429989728110E-002
        1201   3.4666670000000002       0.26666699999999999        9.7686473012379621E-002
        1202   3.5000000000000000       0.26666699999999999        9.8004536290931324E-002
        1203   3.5333329999999998       0.26666699999999999        9.7831762994677079E-002
        1204   3.5666669999999998       0.26666699999999999        9.8137067779741141E-002
        1205   3.6000000000000001       0.26666699999999999        9.8135327038567505E-002
        1206   3.6333329999999999       0.26666699999999999        9.8131489059363114E-002
        1207   3.6666669999999999       0.26666699999999999        9.8300547730107879E-002
        1208   3.7000000000000002       0.26666699999999999        9.8349454715376011E-002
        1209   3.7333330000000000       0.26666699999999999        9.8271321842913734E-002
        1210   3.7666670000000000       0.26666699999999999        9.8174351080414446E-002
        1211   3.7999999999999998       0.26666699999999999        9.8394221482959648E-002
        1212   3.8333330000000001       0.26666699999999999        9.8510655106817821E-002
        1213   3.8666670000000001       0.26666699999999999        9.8300268657501438E-002
        1214   3.8999999999999999       0.26666699999999999        9.8515712022622659E-002
        1215   3.9333330000000002       0.26666699999999999        9.8265686037655356E-002
        1216   3.9666670000000002       0.26666699999999999        9.8401645344265085E-002
        1217   4.0000000000000000       0.26666699999999999        9.8499098161071261E-002
        1218   4.0333329999999998       0.26666699999999999        9.8377000135903253E-002
        1219   4.0666669999999998       0.26666699999999999        9.8513784220459713E-002
        1220   4.0999999999999996       0.26666699999999999        9.8350109892067064E-002
        1221   4.1333330000000004       0.26666699999999999        9.8482481961253782E-002
        1222   4.1666670000000003       0.26666699999999999        9.8380806304139395E-002
        1223   4.2000000000000002       0.26666699999999999        9.8476485937094169E-002
        1224   4.2333330000000000       0.26666699999999999        9.8269322876773410E-002
        1225   4.2666670000000000       0.26666699999999999        9.8393436475917168E-002
        1226   4.2999999999999998       0.26666699999999999        9.8507251361134127E-002
        1227   4.3333329999999997       0.26666699999999999        9.8281016250711284E-002
        1228   4.3666669999999996       0.26666699999999999        9.8519815040558859E-002
        1229   4.4000000000000004       0.26666699999999999        9.8358546486910947E-002
        1230   4.4333330000000002       0.26666699999999999        9.8238177844148941E-002
        1231   4.4666670000000002       0.26666699999999999        9.8490734517942172E-002
        1232   4.5000000000000000       0.26666699999999999        9.8209569232282592E-002
        1233   4.5333329999999998       0.26666699999999999        9.8428971141566346E-002
        1234   4.5666669999999998       0.26666699999999999        9.8350962699863556E-002
        1235   4.5999999999999996       0.26666699999999999        9.8536935742733853E-002
        1236   4.6333330000000004       0.26666699999999999        9.8316517714162860E-002
        1237   4.6666670000000003       0.26666699999999999        9.8530759953261757E-002
        1238   4.7000000000000002       0.26666699999999999        9.8339116983811356E-002
        1239   4.7333330000000000       0.26666699999999999        9.8515462593145739E-002
        1240   4.7666670000000000       0.26666699999999999        9.8500821620583823E-002
        1241   4.7999999999999998       0.26666699999999999        9.8565096079586134E-002
        1242   4.8333329999999997       0.26666699999999999        9.8429330005670168E-002
        1243   4.8666669999999996       0.26666699999999999        9.8644695058966281E-002
        1244   4.9000000000000004       0.26666699999999999        9.8749895454469883E-002
        1245   4.9333330000000002       0.26666699999999999        9.8765353284293783E-002
        1246   4.9666670000000002       0.26666699999999999        9.8711901201643373E-002
        1247   5.0000000000000000       0.26666699999999999        9.8592925990448374E-002
        1248   0.0000000000000000       0.29999999999999999       0.29999999999999999     
        1249   3.3333000000000002E-002  0.29999999999999999       0.28361751685824410
        1250   6.6667000000000004E-002  0.29999999999999999       0.26745206218680001
        1251  0.10000000000000001       0.29999999999999999       0.25165092352586060
        1252  0.13333300000000001       0.29999999999999999       0.23642443717832354
        1253  0.16666700000000001       0.29999999999999999       0.22169451038381713
        1254  0.20000000000000001       0.29999999999999999       0.20778303691408742
        1255  0.23333300000000001       0.29999999999999999       0.19461282299348873
        1256  0.26666699999999999       0.29999999999999999       0.18217445107210775
        1257  0.29999999999999999       0.29999999999999999       0.17041575582548585
        1258  0.33333299999999999       0.29999999999999999       0.15928452273861507
        1259  0.36666700000000002       0.29999999999999999       0.14853212342347696
        1260  0.40000000000000002       0.29999999999999999       0.13853517938067897
        1261  0.43333300000000002       0.29999999999999999       0.12883255346107136
        1262  0.46666700000000000       0.29999999999999999       0.11922925121529050
        1263  0.50000000000000000       0.29999999999999999       0.10983450687212273
        1264  0.53333299999999995       0.29999999999999999       0.10056354794420234
        1265  0.56666700000000003       0.29999999999999999        9.1256937596912849E-002
        1266  0.59999999999999998       0.29999999999999999        8.2002500440438414E-002
        1267  0.63333300000000003       0.29999999999999999        7.2621226718969478E-002
        1268  0.66666700000000001       0.29999999999999999        6.3300730963262553E-002
        1269  0.69999999999999996       0.29999999999999999        5.3707001925056889E-002
        1270  0.73333300000000001       0.29999999999999999        4.4368138289391429E-002
        1271  0.76666699999999999       0.29999999999999999        3.4986295900272038E-002
        1272  0.80000000000000004       0.29999999999999999        2.6327841036824784E-002
        1273  0.83333299999999999       0.29999999999999999        1.8147790168404950E-002
        1274  0.86666699999999997       0.29999999999999999        1.0657710153267646E-002
        1275  0.90000000000000002       0.29999999999999999        5.0431737142358317E-003
        1276  0.93333299999999997       0.29999999999999999        1.0610063815208756E-003
        1277  0.96666700000000005       0.29999999999999999       -7.4876620252940741E-004
        1278   1.0000000000000000       0.29999999999999999        0.0000000000000000     
        1279   1.5000000000000000       0.29999999999999999        0.0000000000000000     
        1280   1.5333330000000001       0.29999999999999999       -3.9172616926710568E-003
        1281   1.5666670000000000       0.29999999999999999       -7.2831397848347858E-003
        1282   1.6000000000000001       0.29999999999999999       -9.3653450121302887E-003
        1283   1.6333329999999999       0.29999999999999999       -1.0569508451834806E-002
        1284   1.6666669999999999       0.29999999999999999       -1.0248056795160380E-002
        1285   1.7000000000000000       0.29999999999999999       -9.0244880269844552E-003
        1286   1.7333330000000000       0.29999999999999999       -6.8936695290230656E-003
        1287   1.7666670000000000       0.29999999999999999       -3.7287181919951045E-003
        1288   1.8000000000000000       0.29999999999999999       -9.2993219618989209E-006
        1289   1.8333330000000001       0.29999999999999999        4.1062586029834095E-003
        1290   1.8666670000000001       0.29999999999999999        8.7055961251922224E-003
        1291   1.8999999999999999       0.29999999999999999        1.3891171726739071E-002
        1292   1.9333330000000000       0.29999999999999999        1.8813353256843118E-002
        1293   1.9666669999999999       0.29999999999999999        2.4325518277449599E-002
        1294   2.0000000000000000       0.29999999999999999        2.9398087970055144E-002
        1295   2.0333329999999998       0.29999999999999999        3.4985847175778163E-002
        1296   2.0666669999999998       0.29999999999999999        4.0069343489280367E-002
        1297   2.1000000000000001       0.29999999999999999        4.5142466720050838E-002
        1298   2.1333329999999999       0.29999999999999999        5.0018647467121737E-002
        1299   2.1666669999999999       0.29999999999999999        5.5159646283117390E-002
        1300   2.2000000000000002       0.29999999999999999        5.9611939792314009E-002
        1301   2.2333330000000000       0.29999999999999999        6.4357570541020148E-002
        1302   2.2666670000000000       0.29999999999999999        6.8451846446821632E-002
        1303   2.2999999999999998       0.29999999999999999        7.2698024727370927E-002
        1304   2.3333330000000001       0.29999999999999999        7.6485945646218509E-002
        1305   2.3666670000000001       0.29999999999999999        8.0083644174543167E-002
        1306   2.3999999999999999       0.29999999999999999        8.3512470497373467E-002
        1307   2.4333330000000002       0.29999999999999999        8.6891134197641384E-002
        1308   2.4666670000000002       0.29999999999999999        8.9851703905898667E-002
        1309   2.5000000000000000       0.29999999999999999        9.2683334992649385E-002
        1310   2.5333329999999998       0.29999999999999999        9.5147704777603898E-002
        1311   2.5666669999999998       0.29999999999999999        9.7805383833228787E-002
        1312   2.6000000000000001       0.29999999999999999        9.9919219217987673E-002
        1313   2.6333329999999999       0.29999999999999999       0.10222204159461479
        1314   2.6666669999999999       0.29999999999999999       0.10408087986452387
        1315   2.7000000000000002       0.29999999999999999       0.10571801096650610
        1316   2.7333330000000000       0.29999999999999999       0.10756740996905319
        1317   2.7666670000000000       0.29999999999999999       0.10892641378063603
        1318   2.7999999999999998       0.29999999999999999       0.11049425195313199
        1319   2.8333330000000001       0.29999999999999999       0.11156357347374964
        1320   2.8666670000000001       0.29999999999999999       0.11284019704799875
        1321   2.8999999999999999       0.29999999999999999       0.11399623985939084
        1322   2.9333330000000002       0.29999999999999999       0.11495690310526903
        1323   2.9666670000000002       0.29999999999999999       0.11572392230038574
        1324   3.0000000000000000       0.29999999999999999       0.11653785557474493
        1325   3.0333329999999998       0.29999999999999999       0.11732794910165188
        1326   3.0666669999999998       0.29999999999999999       0.11782897339456490
        1327   3.1000000000000001       0.29999999999999999       0.11861447213894581
        1328   3.1333329999999999       0.29999999999999999       0.11899745025859070
        1329   3.1666669999999999       0.29999999999999999       0.11946577728758777
        1330   3.2000000000000002       0.29999999999999999       0.11993349400784345
        1331   3.2333330000000000       0.29999999999999999       0.12031408041320581
        1332   3.2666670000000000       0.29999999999999999       0.12060701157204239
        1333   3.2999999999999998       0.29999999999999999       0.12095721223645717
        1334   3.3333330000000001       0.29999999999999999       0.12122578754023011
        1335   3.3666670000000001       0.29999999999999999       0.12154436891928487
        1336   3.3999999999999999       0.29999999999999999       0.12162709739497721
        1337   3.4333330000000002       0.29999999999999999       0.12168382711816127
        1338   3.4666670000000002       0.29999999999999999       0.12208878770631144
        1339   3.5000000000000000       0.29999999999999999       0.12205770048356837
        1340   3.5333329999999998       0.29999999999999999       0.12223706435970440
        1341   3.5666669999999998       0.29999999999999999       0.12239382086369853
        1342   3.6000000000000001       0.29999999999999999       0.12225963497538700
        1343   3.6333329999999999       0.29999999999999999       0.12255668888412959
        1344   3.6666669999999999       0.29999999999999999       0.12241419360530505
        1345   3.7000000000000002       0.29999999999999999       0.12264164809401393
        1346   3.7333330000000000       0.29999999999999999       0.12260422734639051
        1347   3.7666670000000000       0.29999999999999999       0.12274547927867847
        1348   3.7999999999999998       0.29999999999999999       0.12280208747270631
        1349   3.8333330000000001       0.29999999999999999       0.12262893395760577
        1350   3.8666670000000001       0.29999999999999999       0.12280645387832012
        1351   3.8999999999999999       0.29999999999999999       0.12277250391617160
        1352   3.9333330000000002       0.29999999999999999       0.12278997761251746
        1353   3.9666670000000002       0.29999999999999999       0.12280804517582485
        1354   4.0000000000000000       0.29999999999999999       0.12290086048789210
        1355   4.0333329999999998       0.29999999999999999       0.12276402725924854
        1356   4.0666669999999998       0.29999999999999999       0.12260319214401934
        1357   4.0999999999999996       0.29999999999999999       0.12271033495989492
        1358   4.1333330000000004       0.29999999999999999       0.12279391547330783
        1359   4.1666670000000003       0.29999999999999999       0.12281244920161014
        1360   4.2000000000000002       0.29999999999999999       0.12287281866306266
        1361   4.2333330000000000       0.29999999999999999       0.12293961272632994
        1362   4.2666670000000000       0.29999999999999999       0.12279503294396868
        1363   4.2999999999999998       0.29999999999999999       0.12266713140358873
        1364   4.3333329999999997       0.29999999999999999       0.12280796593231583
        1365   4.3666669999999996       0.29999999999999999       0.12269578715997960
        1366   4.4000000000000004       0.29999999999999999       0.12278136574558914
        1367   4.4333330000000002       0.29999999999999999       0.12288150517909339
        1368   4.4666670000000002       0.29999999999999999       0.12271980693235318
        1369   4.5000000000000000       0.29999999999999999       0.12277379135245817
        1370   4.5333329999999998       0.29999999999999999       0.12283836308102881
        1371   4.5666669999999998       0.29999999999999999       0.12270867590047931
        1372   4.5999999999999996       0.29999999999999999       0.12276986527673300
        1373   4.6333330000000004       0.29999999999999999       0.12285122977841008
        1374   4.6666670000000003       0.29999999999999999       0.12272830061630244
        1375   4.7000000000000002       0.29999999999999999       0.12295702686265590
        1376   4.7333330000000000       0.29999999999999999       0.12286240990216456
        1377   4.7666670000000000       0.29999999999999999       0.12272176810326318
        1378   4.7999999999999998       0.29999999999999999       0.12290250001355495
        1379   4.8333329999999997       0.29999999999999999       0.12304112300025782
        1380   4.8666669999999996       0.29999999999999999       0.12305081788254717
        1381   4.9000000000000004       0.29999999999999999       0.12288791148824932
        1382   4.9333330000000002       0.29999999999999999       0.12303847745910720
        1383   4.9666670000000002       0.29999999999999999       0.12311479106265386
        1384   5.0000000000000000       0.29999999999999999       0.12323185213836398
        1385   0.0000000000000000       0.33333299999999999       0.33333299999999999     
        1386   3.3333000000000002E-002  0.33333299999999999       0.31706022513849852
        1387   6.6667000000000004E-002  0.33333299999999999       0.30091020875991148
        1388  0.10000000000000001       0.33333299999999999       0.28503867245349540
        1389  0.13333300000000001       0.33333299999999999       0.26953103221323599
        1390  0.16666700000000001       0.33333299999999999       0.25469606631521902
        1391  0.20000000000000001       0.33333299999999999       0.24038101585082400
        1392  0.23333300000000001       0.33333299999999999       0.22653692356382552
        1393  0.26666699999999999       0.33333299999999999       0.21362460191220095
        1394  0.29999999999999999       0.33333299999999999       0.20096627108960921
        1395  0.33333299999999999       0.33333299999999999       0.18904026222758163
        1396  0.36666700000000002       0.33333299999999999       0.17772109510316395
        1397  0.40000000000000002       0.33333299999999999       0.16648747251822868
        1398  0.43333300000000002       0.33333299999999999       0.15574004483255011
        1399  0.46666700000000000       0.33333299999999999       0.14494485523016770
        1400  0.50000000000000000       0.33333299999999999       0.13466286457055718
        1401  0.53333299999999995       0.33333299999999999       0.12413056747332009
        1402  0.56666700000000003       0.33333299999999999       0.11339066033760960
        1403  0.59999999999999998       0.33333299999999999       0.10298722467797079
        1404  0.63333300000000003       0.33333299999999999        9.2196443040081413E-002
        1405  0.66666700000000001       0.33333299999999999        8.1254812893210543E-002
        1406  0.69999999999999996       0.33333299999999999        7.0187338489746731E-002
        1407  0.73333300000000001       0.33333299999999999        5.8820288265658764E-002
        1408  0.76666699999999999       0.33333299999999999        4.7962775866654865E-002
        1409  0.80000000000000004       0.33333299999999999        3.6789957299616337E-002
        1410  0.83333299999999999       0.33333299999999999        2.6680004358907699E-002
        1411  0.86666699999999997       0.33333299999999999        1.7445137088975941E-002
        1412  0.90000000000000002       0.33333299999999999        9.0191615545591568E-003
        1413  0.93333299999999997       0.33333299999999999        3.3082573710576254E-003
        1414  0.96666700000000005       0.33333299999999999        1.3804556821599839E-004
        1415   1.0000000000000000       0.33333299999999999        0.0000000000000000     
        1416   1.5000000000000000       0.33333299999999999        0.0000000000000000     
        1417   1.5333330000000001       0.33333299999999999       -4.2713887422002874E-003
        1418   1.5666670000000000       0.33333299999999999       -7.2356043079371997E-003
        1419   1.6000000000000001       0.33333299999999999       -9.0767350268219534E-003
        1420   1.6333329999999999       0.33333299999999999       -9.0552120646319317E-003
        1421   1.6666669999999999       0.33333299999999999       -8.1064635837961550E-003
        1422   1.7000000000000000       0.33333299999999999       -5.4370677330437293E-003
        1423   1.7333330000000000       0.33333299999999999       -2.3239244061027038E-003
        1424   1.7666670000000000       0.33333299999999999        1.6196595443961120E-003
        1425   1.8000000000000000       0.33333299999999999        6.7162220804786515E-003
        1426   1.8333330000000001       0.33333299999999999        1.2194679734990752E-002
        1427   1.8666670000000001       0.33333299999999999        1.7784874725473843E-002
        1428   1.8999999999999999       0.33333299999999999        2.3730129234264978E-002
        1429   1.9333330000000000       0.33333299999999999        3.0049391379872135E-002
        1430   1.9666669999999999       0.33333299999999999        3.6069268703092107E-002
        1431   2.0000000000000000       0.33333299999999999        4.2342204376001821E-002
        1432   2.0333329999999998       0.33333299999999999        4.8527193093084321E-002
        1433   2.0666669999999998       0.33333299999999999        5.4584845022507086E-002
        1434   2.1000000000000001       0.33333299999999999        6.0428185738626523E-002
        1435   2.1333329999999999       0.33333299999999999        6.6305149678849817E-002
        1436   2.1666669999999999       0.33333299999999999        7.1830363991583338E-002
        1437   2.2000000000000002       0.33333299999999999        7.7179101117337348E-002
        1438   2.2333330000000000       0.33333299999999999        8.2289496622472244E-002
        1439   2.2666670000000000       0.33333299999999999        8.7404375761721581E-002
        1440   2.2999999999999998       0.33333299999999999        9.1934793549497962E-002
        1441   2.3333330000000001       0.33333299999999999        9.6279045917942147E-002
        1442   2.3666670000000001       0.33333299999999999       0.10027826664433251
        1443   2.3999999999999999       0.33333299999999999       0.10440981281128378
        1444   2.4333330000000002       0.33333299999999999       0.10804624150304012
        1445   2.4666670000000002       0.33333299999999999       0.11151823152312823
        1446   2.5000000000000000       0.33333299999999999       0.11477046808951646
        1447   2.5333329999999998       0.33333299999999999       0.11777704403249478
        1448   2.5666669999999998       0.33333299999999999       0.12043556578094011
        1449   2.6000000000000001       0.33333299999999999       0.12324886918119624
        1450   2.6333329999999999       0.33333299999999999       0.12543686894374101
        1451   2.6666669999999999       0.33333299999999999       0.12783743909401191
        1452   2.7000000000000002       0.33333299999999999       0.12988198249212327
        1453   2.7333330000000000       0.33333299999999999       0.13159408427685160
        1454   2.7666670000000000       0.33333299999999999       0.13354836906255121
        1455   2.7999999999999998       0.33333299999999999       0.13497377846507624
        1456   2.8333330000000001       0.33333299999999999       0.13665065826233597
        1457   2.8666670000000001       0.33333299999999999       0.13783451363802390
        1458   2.8999999999999999       0.33333299999999999       0.13912794144871310
        1459   2.9333330000000002       0.33333299999999999       0.14007455592014065
        1460   2.9666670000000002       0.33333299999999999       0.14124286041892364
        1461   3.0000000000000000       0.33333299999999999       0.14215902997678054
        1462   3.0333329999999998       0.33333299999999999       0.14291357612352951
        1463   3.0666669999999998       0.33333299999999999       0.14380668984263234
        1464   3.1000000000000001       0.33333299999999999       0.14430517659759071
        1465   3.1333329999999999       0.33333299999999999       0.14511677159588091
        1466   3.1666669999999999       0.33333299999999999       0.14540303986913949
        1467   3.2000000000000002       0.33333299999999999       0.14610432430127371
        1468   3.2333330000000000       0.33333299999999999       0.14657583438523170
        1469   3.2666670000000000       0.33333299999999999       0.14672675785209002
        1470   3.2999999999999998       0.33333299999999999       0.14724945857238741
        1471   3.3333330000000001       0.33333299999999999       0.14765127656620425
        1472   3.3666670000000001       0.33333299999999999       0.14783468696338808
        1473   3.3999999999999999       0.33333299999999999       0.14806929712112588
        1474   3.4333330000000002       0.33333299999999999       0.14827940664588479
        1475   3.4666670000000002       0.33333299999999999       0.14845068529757172
        1476   3.5000000000000000       0.33333299999999999       0.14857851233911504
        1477   3.5333329999999998       0.33333299999999999       0.14893727546917807
        1478   3.5666669999999998       0.33333299999999999       0.14886091165229443
        1479   3.6000000000000001       0.33333299999999999       0.14901245158722967
        1480   3.6333329999999999       0.33333299999999999       0.14895265670716412
        1481   3.6666669999999999       0.33333299999999999       0.14922295874346719
        1482   3.7000000000000002       0.33333299999999999       0.14912523060098234
        1483   3.7333330000000000       0.33333299999999999       0.14943552126459816
        1484   3.7666670000000000       0.33333299999999999       0.14931211253617910
        1485   3.7999999999999998       0.33333299999999999       0.14936997115228143
        1486   3.8333330000000001       0.33333299999999999       0.14947224440888593
        1487   3.8666670000000001       0.33333299999999999       0.14943829764217995
        1488   3.8999999999999999       0.33333299999999999       0.14930545377421645
        1489   3.9333330000000002       0.33333299999999999       0.14960536438358746
        1490   3.9666670000000002       0.33333299999999999       0.14945078763779457
        1491   4.0000000000000000       0.33333299999999999       0.14946807896901665
        1492   4.0333329999999998       0.33333299999999999       0.14948768834983489
        1493   4.0666669999999998       0.33333299999999999       0.14950930757192299
        1494   4.0999999999999996       0.33333299999999999       0.14940841503241398
        1495   4.1333330000000004       0.33333299999999999       0.14948534287648219
        1496   4.1666670000000003       0.33333299999999999       0.14951779516198510
        1497   4.2000000000000002       0.33333299999999999       0.14957886582872332
        1498   4.2333330000000000       0.33333299999999999       0.14936566667063839
        1499   4.2666670000000000       0.33333299999999999       0.14949699436243560
        1500   4.2999999999999998       0.33333299999999999       0.14964837934332834
        1501   4.3333329999999997       0.33333299999999999       0.14951036897296766
        1502   4.3666669999999996       0.33333299999999999       0.14938803070642218
        1503   4.4000000000000004       0.33333299999999999       0.14950832664243471
        1504   4.4333330000000002       0.33333299999999999       0.14933259430795770
        1505   4.4666670000000002       0.33333299999999999       0.14944804823351110
        1506   4.5000000000000000       0.33333299999999999       0.14962813822824761
        1507   4.5333329999999998       0.33333299999999999       0.14938399145546280
        1508   4.5666669999999998       0.33333299999999999       0.14957211478411997
        1509   4.5999999999999996       0.33333299999999999       0.14932031058058648
        1510   4.6333330000000004       0.33333299999999999       0.14951346551743067
        1511   4.6666670000000003       0.33333299999999999       0.14966565966583720
        1512   4.7000000000000002       0.33333299999999999       0.14944364630857399
        1513   4.7333330000000000       0.33333299999999999       0.14957279013911484
        1514   4.7666670000000000       0.33333299999999999       0.14970965629890506
        1515   4.7999999999999998       0.33333299999999999       0.14959665219368481
        1516   4.8333329999999997       0.33333299999999999       0.14970030987119315
        1517   4.8666669999999996       0.33333299999999999       0.14956507033323999
        1518   4.9000000000000004       0.33333299999999999       0.14979181580456633
        1519   4.9333330000000002       0.33333299999999999       0.14969337103006650
        1520   4.9666670000000002       0.33333299999999999       0.14978328676795946
        1521   5.0000000000000000       0.33333299999999999       0.14964227024958332
        1522   0.0000000000000000       0.36666700000000002       0.36666700000000002     
        1523   3.3333000000000002E-002  0.36666700000000002       0.35054196329509729
        1524   6.6667000000000004E-002  0.36666700000000002       0.33454520103648511
        1525  0.10000000000000001       0.36666700000000002       0.31877654676975115
        1526  0.13333300000000001       0.36666700000000002       0.30330649521050140
        1527  0.16666700000000001       0.36666700000000002       0.28824698333561999
        1528  0.20000000000000001       0.36666700000000002       0.27367840249678382
        1529  0.23333300000000001       0.36666700000000002       0.25969153093237007
        1530  0.26666699999999999       0.36666700000000002       0.24600241719716814
        1531  0.29999999999999999       0.36666700000000002       0.23300263414614400
        1532  0.33333299999999999       0.36666700000000002       0.22049946383370503
        1533  0.36666700000000002       0.36666700000000002       0.20820327126737984
        1534  0.40000000000000002       0.36666700000000002       0.19641598485367054
        1535  0.43333300000000002       0.36666700000000002       0.18451699594095286
        1536  0.46666700000000000       0.36666700000000002       0.17309224838098439
        1537  0.50000000000000000       0.36666700000000002       0.16160380224674395
        1538  0.53333299999999995       0.36666700000000002       0.14980628572011356
        1539  0.56666700000000003       0.36666700000000002       0.13826682460161924
        1540  0.59999999999999998       0.36666700000000002       0.12632563640867403
        1541  0.63333300000000003       0.36666700000000002       0.11433390207342230
        1542  0.66666700000000001       0.36666700000000002       0.10181809150811012
        1543  0.69999999999999996       0.36666700000000002        8.9116989718543080E-002
        1544  0.73333300000000001       0.36666700000000002        7.6380519099892255E-002
        1545  0.76666699999999999       0.36666700000000002        6.3166688499938742E-002
        1546  0.80000000000000004       0.36666700000000002        5.0258482184967583E-002
        1547  0.83333299999999999       0.36666700000000002        3.7633124804746614E-002
        1548  0.86666699999999997       0.36666700000000002        2.5739310952122323E-002
        1549  0.90000000000000002       0.36666700000000002        1.5169179846513781E-002
        1550  0.93333299999999997       0.36666700000000002        6.8119195391735370E-003
        1551  0.96666700000000005       0.36666700000000002        1.0229705837604417E-003
        1552   1.0000000000000000       0.36666700000000002        0.0000000000000000     
        1553   1.5000000000000000       0.36666700000000002        0.0000000000000000     
        1554   1.5333330000000001       0.36666700000000002       -4.1178825617206437E-003
        1555   1.5666670000000000       0.36666700000000002       -6.9441448025068285E-003
        1556   1.6000000000000001       0.36666700000000002       -7.2866224723838312E-003
        1557   1.6333329999999999       0.36666700000000002       -6.5843318523403733E-003
        1558   1.6666669999999999       0.36666700000000002       -3.6773852080537722E-003
        1559   1.7000000000000000       0.36666700000000002       -2.2698071181012617E-004
        1560   1.7333330000000000       0.36666700000000002        4.5493362093798426E-003
        1561   1.7666670000000000       0.36666700000000002        9.9890728899323343E-003
        1562   1.8000000000000000       0.36666700000000002        1.6152171580058959E-002
        1563   1.8333330000000001       0.36666700000000002        2.2683992013816979E-002
        1564   1.8666670000000001       0.36666700000000002        2.9556200194466763E-002
        1565   1.8999999999999999       0.36666700000000002        3.6582927920282705E-002
        1566   1.9333330000000000       0.36666700000000002        4.3495656422071427E-002
        1567   1.9666669999999999       0.36666700000000002        5.0814691595369610E-002
        1568   2.0000000000000000       0.36666700000000002        5.8143773523478638E-002
        1569   2.0333329999999998       0.36666700000000002        6.4839412728403337E-002
        1570   2.0666669999999998       0.36666700000000002        7.1932871209780869E-002
        1571   2.1000000000000001       0.36666700000000002        7.8675960689743835E-002
        1572   2.1333329999999999       0.36666700000000002        8.5039461578445844E-002
        1573   2.1666669999999999       0.36666700000000002        9.1121902026795890E-002
        1574   2.2000000000000002       0.36666700000000002        9.7418863693638669E-002
        1575   2.2333330000000000       0.36666700000000002       0.10298319951757277
        1576   2.2666670000000000       0.36666700000000002       0.10850465788111077
        1577   2.2999999999999998       0.36666700000000002       0.11367588227031826
        1578   2.3333330000000001       0.36666700000000002       0.11870681022777241
        1579   2.3666670000000001       0.36666700000000002       0.12335396495750815
        1580   2.3999999999999999       0.36666700000000002       0.12766645824047071
        1581   2.4333330000000002       0.36666700000000002       0.13158475529698413
        1582   2.4666670000000002       0.36666700000000002       0.13560904177538050
        1583   2.5000000000000000       0.36666700000000002       0.13929378321809416
        1584   2.5333329999999998       0.36666700000000002       0.14256873149616991
        1585   2.5666669999999998       0.36666700000000002       0.14580048913311766
        1586   2.6000000000000001       0.36666700000000002       0.14864357395614075
        1587   2.6333329999999999       0.36666700000000002       0.15130915543364129
        1588   2.6666669999999999       0.36666700000000002       0.15374387336683853
        1589   2.7000000000000002       0.36666700000000002       0.15616095708376007
        1590   2.7333330000000000       0.36666700000000002       0.15823267082117481
        1591   2.7666670000000000       0.36666700000000002       0.16012529367078637
        1592   2.7999999999999998       0.36666700000000002       0.16205197652792425
        1593   2.8333330000000001       0.36666700000000002       0.16365606611434316
        1594   2.8666670000000001       0.36666700000000002       0.16520649153470265
        1595   2.8999999999999999       0.36666700000000002       0.16639515871026367
        1596   2.9333330000000002       0.36666700000000002       0.16782358032586497
        1597   2.9666670000000002       0.36666700000000002       0.16880625504428154
        1598   3.0000000000000000       0.36666700000000002       0.17007063208662168
        1599   3.0333329999999998       0.36666700000000002       0.17087148244769393
        1600   3.0666669999999998       0.36666700000000002       0.17161132707211030
        1601   3.1000000000000001       0.36666700000000002       0.17254992514107229
        1602   3.1333329999999999       0.36666700000000002       0.17319713524790206
        1603   3.1666669999999999       0.36666700000000002       0.17379940289916898
        1604   3.2000000000000002       0.36666700000000002       0.17431247134668745
        1605   3.2333330000000000       0.36666700000000002       0.17495079897072641
        1606   3.2666670000000000       0.36666700000000002       0.17535970019521929
        1607   3.2999999999999998       0.36666700000000002       0.17582966777741105
        1608   3.3333330000000001       0.36666700000000002       0.17609450936032250
        1609   3.3666670000000001       0.36666700000000002       0.17626313524174211
        1610   3.3999999999999999       0.36666700000000002       0.17671040516551312
        1611   3.4333330000000002       0.36666700000000002       0.17707273092930914
        1612   3.4666670000000002       0.36666700000000002       0.17705274373091490
        1613   3.5000000000000000       0.36666700000000002       0.17740399291109490
        1614   3.5333329999999998       0.36666700000000002       0.17752823702748119
        1615   3.5666669999999998       0.36666700000000002       0.17765796596167288
        1616   3.6000000000000001       0.36666700000000002       0.17778986967106916
        1617   3.6333329999999999       0.36666700000000002       0.17793625858787740
        1618   3.6666669999999999       0.36666700000000002       0.17786013329401115
        1619   3.7000000000000002       0.36666700000000002       0.17812283946136365
        1620   3.7333330000000000       0.36666700000000002       0.17816296510431087
        1621   3.7666670000000000       0.36666700000000002       0.17824851028572505
        1622   3.7999999999999998       0.36666700000000002       0.17810778088714729
        1623   3.8333330000000001       0.36666700000000002       0.17827364625106382
        1624   3.8666670000000001       0.36666700000000002       0.17836722139409675
        1625   3.8999999999999999       0.36666700000000002       0.17833788240257195
        1626   3.9333330000000002       0.36666700000000002       0.17834242367360023
        1627   3.9666670000000002       0.36666700000000002       0.17848038004601458
        1628   4.0000000000000000       0.36666700000000002       0.17825350593292799
        1629   4.0333329999999998       0.36666700000000002       0.17841220528354343
        1630   4.0666669999999998       0.36666700000000002       0.17836510961365043
        1631   4.0999999999999996       0.36666700000000002       0.17849085497800049
        1632   4.1333330000000004       0.36666700000000002       0.17842610488283572
        1633   4.1666670000000003       0.36666700000000002       0.17839997808668870
        1634   4.2000000000000002       0.36666700000000002       0.17840687439599684
        1635   4.2333330000000000       0.36666700000000002       0.17838899348087961
        1636   4.2666670000000000       0.36666700000000002       0.17838600643447702
        1637   4.2999999999999998       0.36666700000000002       0.17839097544561047
        1638   4.3333329999999997       0.36666700000000002       0.17840492706142280
        1639   4.3666669999999996       0.36666700000000002       0.17840454164230971
        1640   4.4000000000000004       0.36666700000000002       0.17838114753523893
        1641   4.4333330000000002       0.36666700000000002       0.17843729041147544
        1642   4.4666670000000002       0.36666700000000002       0.17832065500787514
        1643   4.5000000000000000       0.36666700000000002       0.17837976591851840
        1644   4.5333329999999998       0.36666700000000002       0.17844268154901627
        1645   4.5666669999999998       0.36666700000000002       0.17834856639540747
        1646   4.5999999999999996       0.36666700000000002       0.17837098700447071
        1647   4.6333330000000004       0.36666700000000002       0.17842554219753481
        1648   4.6666670000000003       0.36666700000000002       0.17844989720956678
        1649   4.7000000000000002       0.36666700000000002       0.17852295645876368
        1650   4.7333330000000000       0.36666700000000002       0.17848277770102808
        1651   4.7666670000000000       0.36666700000000002       0.17841874926270873
        1652   4.7999999999999998       0.36666700000000002       0.17863803768339750
        1653   4.8333329999999997       0.36666700000000002       0.17844470609409011
        1654   4.8666669999999996       0.36666700000000002       0.17865424557238133
        1655   4.9000000000000004       0.36666700000000002       0.17848887449056836
        1656   4.9333330000000002       0.36666700000000002       0.17871783892440338
        1657   4.9666670000000002       0.36666700000000002       0.17852481955702429
        1658   5.0000000000000000       0.36666700000000002       0.17870253043517706
        1659   0.0000000000000000       0.40000000000000002       0.40000000000000002     
        1660   3.3333000000000002E-002  0.40000000000000002       0.38416064667432503
        1661   6.6667000000000004E-002  0.40000000000000002       0.36839990623968566
        1662  0.10000000000000001       0.40000000000000002       0.35277010287013127
        1663  0.13333300000000001       0.40000000000000002       0.33749159961157965
        1664  0.16666700000000001       0.40000000000000002       0.32238386399392582
        1665  0.20000000000000001       0.40000000000000002       0.30783802847625619
        1666  0.23333300000000001       0.40000000000000002       0.29348417569042906
        1667  0.26666699999999999       0.40000000000000002       0.27976077116605769
        1668  0.29999999999999999       0.40000000000000002       0.26623886833205618
        1669  0.33333299999999999       0.40000000000000002       0.25322989385583389
        1670  0.36666700000000002       0.40000000000000002       0.24038427703903856
        1671  0.40000000000000002       0.40000000000000002       0.22775362920772238
        1672  0.43333300000000002       0.40000000000000002       0.21549997432680523
        1673  0.46666700000000000       0.40000000000000002       0.20302033060823024
        1674  0.50000000000000000       0.40000000000000002       0.19062801139097676
        1675  0.53333299999999995       0.40000000000000002       0.17812472419608444
        1676  0.56666700000000003       0.40000000000000002       0.16541043020118876
        1677  0.59999999999999998       0.40000000000000002       0.15242243300451611
        1678  0.63333300000000003       0.40000000000000002       0.13900407435957055
        1679  0.66666700000000001       0.40000000000000002       0.12507644877204327
        1680  0.69999999999999996       0.40000000000000002       0.11119459835880596
        1681  0.73333300000000001       0.40000000000000002        9.6306930350550976E-002
        1682  0.76666699999999999       0.40000000000000002        8.1590139727417826E-002
        1683  0.80000000000000004       0.40000000000000002        6.6820261432389075E-002
        1684  0.83333299999999999       0.40000000000000002        5.1526627666559147E-002
        1685  0.86666699999999997       0.40000000000000002        3.6624826382757394E-002
        1686  0.90000000000000002       0.40000000000000002        2.3619929929550480E-002
        1687  0.93333299999999997       0.40000000000000002        1.1577518687535983E-002
        1688  0.96666700000000005       0.40000000000000002        3.6155058857574706E-003
        1689   1.0000000000000000       0.40000000000000002        0.0000000000000000     
        1690   1.5000000000000000       0.40000000000000002        0.0000000000000000     
        1691   1.5333330000000001       0.40000000000000002       -3.7994846400303370E-003
        1692   1.5666670000000000       0.40000000000000002       -5.2754491520126991E-003
        1693   1.6000000000000001       0.40000000000000002       -4.3246609913285524E-003
        1694   1.6333329999999999       0.40000000000000002       -1.5779929854792293E-003
        1695   1.6666669999999999       0.40000000000000002        2.6431184966717474E-003
        1696   1.7000000000000000       0.40000000000000002        7.8987217502533048E-003
        1697   1.7333330000000000       0.40000000000000002        1.4409427188066532E-002
        1698   1.7666670000000000       0.40000000000000002        2.1285314113051096E-002
        1699   1.8000000000000000       0.40000000000000002        2.8704160287371147E-002
        1700   1.8333330000000001       0.40000000000000002        3.6176528728761981E-002
        1701   1.8666670000000001       0.40000000000000002        4.4530200807074830E-002
        1702   1.8999999999999999       0.40000000000000002        5.2206531981235781E-002
        1703   1.9333330000000000       0.40000000000000002        6.0687052078377803E-002
        1704   1.9666669999999999       0.40000000000000002        6.8555105088777615E-002
        1705   2.0000000000000000       0.40000000000000002        7.6533031040047161E-002
        1706   2.0333329999999998       0.40000000000000002        8.4550213512633310E-002
        1707   2.0666669999999998       0.40000000000000002        9.1920464117132464E-002
        1708   2.1000000000000001       0.40000000000000002        9.9566076974079196E-002
        1709   2.1333329999999999       0.40000000000000002       0.10669078759977876
        1710   2.1666669999999999       0.40000000000000002       0.11361394499912056
        1711   2.2000000000000002       0.40000000000000002       0.12005969112432345
        1712   2.2333330000000000       0.40000000000000002       0.12658593501165169
        1713   2.2666670000000000       0.40000000000000002       0.13234658392329549
        1714   2.2999999999999998       0.40000000000000002       0.13830690610624286
        1715   2.3333330000000001       0.40000000000000002       0.14344382398182984
        1716   2.3666670000000001       0.40000000000000002       0.14866931591460228
        1717   2.3999999999999999       0.40000000000000002       0.15357016178965466
        1718   2.4333330000000002       0.40000000000000002       0.15797651545182975
        1719   2.4666670000000002       0.40000000000000002       0.16222899958576503
        1720   2.5000000000000000       0.40000000000000002       0.16603657572670832
        1721   2.5333329999999998       0.40000000000000002       0.16991082065033000
        1722   2.5666669999999998       0.40000000000000002       0.17332774952942945
        1723   2.6000000000000001       0.40000000000000002       0.17634168072453485
        1724   2.6333329999999999       0.40000000000000002       0.17951117012265533
        1725   2.6666669999999999       0.40000000000000002       0.18211562398449882
        1726   2.7000000000000002       0.40000000000000002       0.18452801012262071
        1727   2.7333330000000000       0.40000000000000002       0.18711840523329509
        1728   2.7666670000000000       0.40000000000000002       0.18908994574614019
        1729   2.7999999999999998       0.40000000000000002       0.19116813661331877
        1730   2.8333330000000001       0.40000000000000002       0.19278977014568835
        1731   2.8666670000000001       0.40000000000000002       0.19464994649599282
        1732   2.8999999999999999       0.40000000000000002       0.19616498410889024
        1733   2.9333330000000002       0.40000000000000002       0.19738798348784350
        1734   2.9666670000000002       0.40000000000000002       0.19882650014140574
        1735   3.0000000000000000       0.40000000000000002       0.19981425770178635
        1736   3.0333329999999998       0.40000000000000002       0.20094342931113693
        1737   3.0666669999999998       0.40000000000000002       0.20195522010116182
        1738   3.1000000000000001       0.40000000000000002       0.20278951099018774
        1739   3.1333329999999999       0.40000000000000002       0.20339332730701401
        1740   3.1666669999999999       0.40000000000000002       0.20432445058629700
        1741   3.2000000000000002       0.40000000000000002       0.20480380175379242
        1742   3.2333330000000000       0.40000000000000002       0.20527917844922067
        1743   3.2666670000000000       0.40000000000000002       0.20597471012652882
        1744   3.2999999999999998       0.40000000000000002       0.20634136830195596
        1745   3.3333330000000001       0.40000000000000002       0.20669714200718217
        1746   3.3666670000000001       0.40000000000000002       0.20716679349208567
        1747   3.3999999999999999       0.40000000000000002       0.20750363136609251
        1748   3.4333330000000002       0.40000000000000002       0.20762712951124010
        1749   3.4666670000000002       0.40000000000000002       0.20804417172763581
        1750   3.5000000000000000       0.40000000000000002       0.20817401869032007
        1751   3.5333329999999998       0.40000000000000002       0.20820509490879893
        1752   3.5666669999999998       0.40000000000000002       0.20852783253951804
        1753   3.6000000000000001       0.40000000000000002       0.20862926297037160
        1754   3.6333329999999999       0.40000000000000002       0.20886457827773935
        1755   3.6666669999999999       0.40000000000000002       0.20893105027159856
        1756   3.7000000000000002       0.40000000000000002       0.20906763342851453
        1757   3.7333330000000000       0.40000000000000002       0.20894508553548741
        1758   3.7666670000000000       0.40000000000000002       0.20913766210688667
        1759   3.7999999999999998       0.40000000000000002       0.20931819301416862
        1760   3.8333330000000001       0.40000000000000002       0.20923278933038403
        1761   3.8666670000000001       0.40000000000000002       0.20916675081422320
        1762   3.8999999999999999       0.40000000000000002       0.20940525469839605
        1763   3.9333330000000002       0.40000000000000002       0.20939163754729728
        1764   3.9666670000000002       0.40000000000000002       0.20926713892362192
        1765   4.0000000000000000       0.40000000000000002       0.20943994377733177
        1766   4.0333329999999998       0.40000000000000002       0.20929369314038729
        1767   4.0666669999999998       0.40000000000000002       0.20947868328748864
        1768   4.0999999999999996       0.40000000000000002       0.20949759754129785
        1769   4.1333330000000004       0.40000000000000002       0.20942060412838184
        1770   4.1666670000000003       0.40000000000000002       0.20934207139165514
        1771   4.2000000000000002       0.40000000000000002       0.20937161159110879
        1772   4.2333330000000000       0.40000000000000002       0.20947292370772350
        1773   4.2666670000000000       0.40000000000000002       0.20936150158427622
        1774   4.2999999999999998       0.40000000000000002       0.20923794823864816
        1775   4.3333329999999997       0.40000000000000002       0.20940908543486483
        1776   4.3666669999999996       0.40000000000000002       0.20952117883925142
        1777   4.4000000000000004       0.40000000000000002       0.20928882738347374
        1778   4.4333330000000002       0.40000000000000002       0.20945213432764148
        1779   4.4666670000000002       0.40000000000000002       0.20945414734929971
        1780   4.5000000000000000       0.40000000000000002       0.20924256590676629
        1781   4.5333329999999998       0.40000000000000002       0.20939613233667806
        1782   4.5666669999999998       0.40000000000000002       0.20946388522034765
        1783   4.5999999999999996       0.40000000000000002       0.20946753993124853
        1784   4.6333330000000004       0.40000000000000002       0.20946415454635617
        1785   4.6666670000000003       0.40000000000000002       0.20929995010685326
        1786   4.7000000000000002       0.40000000000000002       0.20945253158092605
        1787   4.7333330000000000       0.40000000000000002       0.20951180544109166
        1788   4.7666670000000000       0.40000000000000002       0.20963735770964675
        1789   4.7999999999999998       0.40000000000000002       0.20948746729071280
        1790   4.8333329999999997       0.40000000000000002       0.20957666834419811
        1791   4.8666669999999996       0.40000000000000002       0.20951241692262718
        1792   4.9000000000000004       0.40000000000000002       0.20957930807824959
        1793   4.9333330000000002       0.40000000000000002       0.20955712432891510
        1794   4.9666670000000002       0.40000000000000002       0.20968138439743905
        1795   5.0000000000000000       0.40000000000000002       0.20951050426907183
        1796   0.0000000000000000       0.43333300000000002       0.43333300000000002     
        1797   3.3333000000000002E-002  0.43333300000000002       0.41784830950622726
        1798   6.6667000000000004E-002  0.43333300000000002       0.40239761965922516
        1799  0.10000000000000001       0.43333300000000002       0.38711799814625786
        1800  0.13333300000000001       0.43333300000000002       0.37198200951916949
        1801  0.16666700000000001       0.43333300000000002       0.35715346660474645
        1802  0.20000000000000001       0.43333300000000002       0.34251594816094533
        1803  0.23333300000000001       0.43333300000000002       0.32827571576885323
        1804  0.26666699999999999       0.43333300000000002       0.31422678061808812
        1805  0.29999999999999999       0.43333300000000002       0.30067456686252925
        1806  0.33333299999999999       0.43333300000000002       0.28713539961059481
        1807  0.36666700000000002       0.43333300000000002       0.27403137986935611
        1808  0.40000000000000002       0.43333300000000002       0.26108900910358518
        1809  0.43333300000000002       0.43333300000000002       0.24794728173498481
        1810  0.46666700000000000       0.43333300000000002       0.23509772916801494
        1811  0.50000000000000000       0.43333300000000002       0.22178469276387314
        1812  0.53333299999999995       0.43333300000000002       0.20871310155019676
        1813  0.56666700000000003       0.43333300000000002       0.19499094490711918
        1814  0.59999999999999998       0.43333300000000002       0.18082814413011236
        1815  0.63333300000000003       0.43333300000000002       0.16653587545022014
        1816  0.66666700000000001       0.43333300000000002       0.15165038808954501
        1817  0.69999999999999996       0.43333300000000002       0.13608047990889025
        1818  0.73333300000000001       0.43333300000000002       0.11997598774381410
        1819  0.76666699999999999       0.43333300000000002       0.10334782199412904
        1820  0.80000000000000004       0.43333300000000002        8.6298970372494441E-002
        1821  0.83333299999999999       0.43333300000000002        6.8982533623101722E-002
        1822  0.86666699999999997       0.43333300000000002        5.1713598640221764E-002
        1823  0.90000000000000002       0.43333300000000002        3.4566102060436157E-002
        1824  0.93333299999999997       0.43333300000000002        2.0053456079249347E-002
        1825  0.96666700000000005       0.43333300000000002        7.3873922433361364E-003
        1826   1.0000000000000000       0.43333300000000002        0.0000000000000000     
        1827   1.5000000000000000       0.43333300000000002        0.0000000000000000     
        1828   1.5333330000000001       0.43333300000000002       -2.6652474717789617E-003
        1829   1.5666670000000000       0.43333300000000002       -1.7791055623547431E-003
        1830   1.6000000000000001       0.43333300000000002        9.8566142572682910E-004
        1831   1.6333329999999999       0.43333300000000002        6.5170215471240479E-003
        1832   1.6666669999999999       0.43333300000000002        1.2176166033951250E-002
        1833   1.7000000000000000       0.43333300000000002        1.9816551137968767E-002
        1834   1.7333330000000000       0.43333300000000002        2.7322684575691192E-002
        1835   1.7666670000000000       0.43333300000000002        3.6137338788277441E-002
        1836   1.8000000000000000       0.43333300000000002        4.4413940900323093E-002
        1837   1.8333330000000001       0.43333300000000002        5.3778491148685915E-002
        1838   1.8666670000000001       0.43333300000000002        6.2585307774465582E-002
        1839   1.8999999999999999       0.43333300000000002        7.1656899372741917E-002
        1840   1.9333330000000000       0.43333300000000002        8.0722436740932116E-002
        1841   1.9666669999999999       0.43333300000000002        8.9973094112415095E-002
        1842   2.0000000000000000       0.43333300000000002        9.8489174954721967E-002
        1843   2.0333329999999998       0.43333300000000002       0.10691275170851280
        1844   2.0666669999999998       0.43333300000000002       0.11550852744790635
        1845   2.1000000000000001       0.43333300000000002       0.12330726228272669
        1846   2.1333329999999999       0.43333300000000002       0.13127518897277057
        1847   2.1666669999999999       0.43333300000000002       0.13880534212605966
        1848   2.2000000000000002       0.43333300000000002       0.14605500334583152
        1849   2.2333330000000000       0.43333300000000002       0.15262740468297076
        1850   2.2666670000000000       0.43333300000000002       0.15925231536800707
        1851   2.2999999999999998       0.43333300000000002       0.16535589327445646
        1852   2.3333330000000001       0.43333300000000002       0.17121331840918796
        1853   2.3666670000000001       0.43333300000000002       0.17659627248716445
        1854   2.3999999999999999       0.43333300000000002       0.18184289990082972
        1855   2.4333330000000002       0.43333300000000002       0.18673580624706243
        1856   2.4666670000000002       0.43333300000000002       0.19111471879370559
        1857   2.5000000000000000       0.43333300000000002       0.19558040726682890
        1858   2.5333329999999998       0.43333300000000002       0.19947493479800696
        1859   2.5666669999999998       0.43333300000000002       0.20301217170901831
        1860   2.6000000000000001       0.43333300000000002       0.20665555771360217
        1861   2.6333329999999999       0.43333300000000002       0.20965150125839446
        1862   2.6666669999999999       0.43333300000000002       0.21272523479037561
        1863   2.7000000000000002       0.43333300000000002       0.21542233190645785
        1864   2.7333330000000000       0.43333300000000002       0.21796736829585378
        1865   2.7666670000000000       0.43333300000000002       0.22028269714515891
        1866   2.7999999999999998       0.43333300000000002       0.22241088772367351
        1867   2.8333330000000001       0.43333300000000002       0.22433636765801399
        1868   2.8666670000000001       0.43333300000000002       0.22609634090913125
        1869   2.8999999999999999       0.43333300000000002       0.22786766897889582
        1870   2.9333330000000002       0.43333300000000002       0.22936592661716773
        1871   2.9666670000000002       0.43333300000000002       0.23060947720177041
        1872   3.0000000000000000       0.43333300000000002       0.23203655900451681
        1873   3.0333329999999998       0.43333300000000002       0.23309523289686143
        1874   3.0666669999999998       0.43333300000000002       0.23410274318940885
        1875   3.1000000000000001       0.43333300000000002       0.23490060158077600
        1876   3.1333329999999999       0.43333300000000002       0.23587428222375120
        1877   3.1666669999999999       0.43333300000000002       0.23660697673684059
        1878   3.2000000000000002       0.43333300000000002       0.23725762210553200
        1879   3.2333330000000000       0.43333300000000002       0.23799905180855574
        1880   3.2666670000000000       0.43333300000000002       0.23854266530473128
        1881   3.2999999999999998       0.43333300000000002       0.23884083355944452
        1882   3.3333330000000001       0.43333300000000002       0.23946469668096004
        1883   3.3666670000000001       0.43333300000000002       0.23982904925273182
        1884   3.3999999999999999       0.43333300000000002       0.24015412516413925
        1885   3.4333330000000002       0.43333300000000002       0.24050586575619404
        1886   3.4666670000000002       0.43333300000000002       0.24063241491501278
        1887   3.5000000000000000       0.43333300000000002       0.24100818582353314
        1888   3.5333329999999998       0.43333300000000002       0.24121251147781295
        1889   3.5666669999999998       0.43333300000000002       0.24126789788021438
        1890   3.6000000000000001       0.43333300000000002       0.24162288855650368
        1891   3.6333329999999999       0.43333300000000002       0.24161255366672885
        1892   3.6666669999999999       0.43333300000000002       0.24188477796150601
        1893   3.7000000000000002       0.43333300000000002       0.24192398907971382
        1894   3.7333330000000000       0.43333300000000002       0.24204299757938857
        1895   3.7666670000000000       0.43333300000000002       0.24201319421071196
        1896   3.7999999999999998       0.43333300000000002       0.24211131031316382
        1897   3.8333330000000001       0.43333300000000002       0.24214849245945172
        1898   3.8666670000000001       0.43333300000000002       0.24229770440271112
        1899   3.8999999999999999       0.43333300000000002       0.24236380723008158
        1900   3.9333330000000002       0.43333300000000002       0.24220968566209930
        1901   3.9666670000000002       0.43333300000000002       0.24239575789204154
        1902   4.0000000000000000       0.43333300000000002       0.24226548001329742
        1903   4.0333329999999998       0.43333300000000002       0.24248492686155318
        1904   4.0666669999999998       0.43333300000000002       0.24240029483258008
        1905   4.0999999999999996       0.43333300000000002       0.24226105210631491
        1906   4.1333330000000004       0.43333300000000002       0.24239908296374776
        1907   4.1666670000000003       0.43333300000000002       0.24248043112940151
        1908   4.2000000000000002       0.43333300000000002       0.24226660646291562
        1909   4.2333330000000000       0.43333300000000002       0.24241369714306574
        1910   4.2666670000000000       0.43333300000000002       0.24233357258840615
        1911   4.2999999999999998       0.43333300000000002       0.24243676797757208
        1912   4.3333329999999997       0.43333300000000002       0.24245763578928325
        1913   4.3666669999999996       0.43333300000000002       0.24230599664551628
        1914   4.4000000000000004       0.43333300000000002       0.24244872340282000
        1915   4.4333330000000002       0.43333300000000002       0.24229264776907297
        1916   4.4666670000000002       0.43333300000000002       0.24244727467280611
        1917   4.5000000000000000       0.43333300000000002       0.24238886583850824
        1918   4.5333329999999998       0.43333300000000002       0.24242198490075639
        1919   4.5666669999999998       0.43333300000000002       0.24230801449021686
        1920   4.5999999999999996       0.43333300000000002       0.24253921893118727
        1921   4.6333330000000004       0.43333300000000002       0.24232816342905572
        1922   4.6666670000000003       0.43333300000000002       0.24248147271486964
        1923   4.7000000000000002       0.43333300000000002       0.24246120227195717
        1924   4.7333330000000000       0.43333300000000002       0.24245989948587801
        1925   4.7666670000000000       0.43333300000000002       0.24245464480010789
        1926   4.7999999999999998       0.43333300000000002       0.24242193939157816
        1927   4.8333329999999997       0.43333300000000002       0.24250584664558569
        1928   4.8666669999999996       0.43333300000000002       0.24256179314665249
        1929   4.9000000000000004       0.43333300000000002       0.24272251209948695
        1930   4.9333330000000002       0.43333300000000002       0.24257060790656218
        1931   4.9666670000000002       0.43333300000000002       0.24245367864852557
        1932   5.0000000000000000       0.43333300000000002       0.24261770158847143
        1933   0.0000000000000000       0.46666700000000000       0.46666700000000000     
        1934   3.3333000000000002E-002  0.46666700000000000       0.45161801067173463
        1935   6.6667000000000004E-002  0.46666700000000000       0.43661191958913986
        1936  0.10000000000000001       0.46666700000000000       0.42170151735991923
        1937  0.13333300000000001       0.46666700000000000       0.40689519470056212
        1938  0.16666700000000001       0.46666700000000000       0.39224488091426329
        1939  0.20000000000000001       0.46666700000000000       0.37787135728986165
        1940  0.23333300000000001       0.46666700000000000       0.36374105805225948
        1941  0.26666699999999999       0.46666700000000000       0.34979541139783349
        1942  0.29999999999999999       0.46666700000000000       0.33597849109885053
        1943  0.33333299999999999       0.46666700000000000       0.32251530614137935
        1944  0.36666700000000002       0.46666700000000000       0.30906687353486162
        1945  0.40000000000000002       0.46666700000000000       0.29570834926059425
        1946  0.43333300000000002       0.46666700000000000       0.28238610381870666
        1947  0.46666700000000000       0.46666700000000000       0.26883747945029390
        1948  0.50000000000000000       0.46666700000000000       0.25520944046040916
        1949  0.53333299999999995       0.46666700000000000       0.24126710093061271
        1950  0.56666700000000003       0.46666700000000000       0.22706852008571979
        1951  0.59999999999999998       0.46666700000000000       0.21228474817613097
        1952  0.63333300000000003       0.46666700000000000       0.19701936324961333
        1953  0.66666700000000001       0.46666700000000000       0.18101580811122436
        1954  0.69999999999999996       0.46666700000000000       0.16422665698346192
        1955  0.73333300000000001       0.46666700000000000       0.14718250120786741
        1956  0.76666699999999999       0.46666700000000000       0.12889664367858653
        1957  0.80000000000000004       0.46666700000000000       0.10982233650542281
        1958  0.83333299999999999       0.46666700000000000        9.0752047168031105E-002
        1959  0.86666699999999997       0.46666700000000000        7.0904438154470575E-002
        1960  0.90000000000000002       0.46666700000000000        5.0941587854206771E-002
        1961  0.93333299999999997       0.46666700000000000        3.1451292623050228E-002
        1962  0.96666700000000005       0.46666700000000000        1.4020380896440546E-002
        1963   1.0000000000000000       0.46666700000000000        0.0000000000000000     
        1964   1.5000000000000000       0.46666700000000000        0.0000000000000000     
        1965   1.5333330000000001       0.46666700000000000        7.2222675458939625E-004
        1966   1.5666670000000000       0.46666700000000000        4.6697070273721691E-003
        1967   1.6000000000000001       0.46666700000000000        1.0923594807326534E-002
        1968   1.6333329999999999       0.46666700000000000        1.8057380567980435E-002
        1969   1.6666669999999999       0.46666700000000000        2.6575597463907329E-002
        1970   1.7000000000000000       0.46666700000000000        3.5137380533849884E-002
        1971   1.7333330000000000       0.46666700000000000        4.5160255417239621E-002
        1972   1.7666670000000000       0.46666700000000000        5.4500019471948949E-002
        1973   1.8000000000000000       0.46666700000000000        6.4707617535969347E-002
        1974   1.8333330000000001       0.46666700000000000        7.4647238667426827E-002
        1975   1.8666670000000001       0.46666700000000000        8.4900257596839335E-002
        1976   1.8999999999999999       0.46666700000000000        9.4865849029928839E-002
        1977   1.9333330000000000       0.46666700000000000       0.10469113235107298
        1978   1.9666669999999999       0.46666700000000000       0.11439907281254053
        1979   2.0000000000000000       0.46666700000000000       0.12383290128309199
        1980   2.0333329999999998       0.46666700000000000       0.13329751817198565
        1981   2.0666669999999998       0.46666700000000000       0.14191242778193844
        1982   2.1000000000000001       0.46666700000000000       0.15076936368860869
        1983   2.1333329999999999       0.46666700000000000       0.15909744763100261
        1984   2.1666669999999999       0.46666700000000000       0.16698413820679170
        1985   2.2000000000000002       0.46666700000000000       0.17448515994405339
        1986   2.2333330000000000       0.46666700000000000       0.18202436672854472
        1987   2.2666670000000000       0.46666700000000000       0.18874444200450521
        1988   2.2999999999999998       0.46666700000000000       0.19506447117802583
        1989   2.3333330000000001       0.46666700000000000       0.20142679599963559
        1990   2.3666670000000001       0.46666700000000000       0.20734589442544546
        1991   2.3999999999999999       0.46666700000000000       0.21271994486586140
        1992   2.4333330000000002       0.46666700000000000       0.21784836620644726
        1993   2.4666670000000002       0.46666700000000000       0.22279575336489521
        1994   2.5000000000000000       0.46666700000000000       0.22711214198646629
        1995   2.5333329999999998       0.46666700000000000       0.23149254862554339
        1996   2.5666669999999998       0.46666700000000000       0.23533758299045351
        1997   2.6000000000000001       0.46666700000000000       0.23897304197369229
        1998   2.6333329999999999       0.46666700000000000       0.24239325046072258
        1999   2.6666669999999999       0.46666700000000000       0.24537193363609613
        2000   2.7000000000000002       0.46666700000000000       0.24842752388396699
        2001   2.7333330000000000       0.46666700000000000       0.25100958720032007
        2002   2.7666670000000000       0.46666700000000000       0.25358846327027995
        2003   2.7999999999999998       0.46666700000000000       0.25579335571737966
        2004   2.8333330000000001       0.46666700000000000       0.25794915336151802
        2005   2.8666670000000001       0.46666700000000000       0.25975778689526319
        2006   2.8999999999999999       0.46666700000000000       0.26142943114214029
        2007   2.9333330000000002       0.46666700000000000       0.26316575879881232
        2008   2.9666670000000002       0.46666700000000000       0.26471765205764924
        2009   3.0000000000000000       0.46666700000000000       0.26587869178262546
        2010   3.0333329999999998       0.46666700000000000       0.26717113312171020
        2011   3.0666669999999998       0.46666700000000000       0.26832909337482869
        2012   3.1000000000000001       0.46666700000000000       0.26932315557388325
        2013   3.1333329999999999       0.46666700000000000       0.27014085811033972
        2014   3.1666669999999999       0.46666700000000000       0.27084940313159783
        2015   3.2000000000000002       0.46666700000000000       0.27178233505090810
        2016   3.2333330000000000       0.46666700000000000       0.27245765236654612
        2017   3.2666670000000000       0.46666700000000000       0.27291337027678347
        2018   3.2999999999999998       0.46666700000000000       0.27349170427856612
        2019   3.3333330000000001       0.46666700000000000       0.27403154764347559
        2020   3.3666670000000001       0.46666700000000000       0.27438847627693069
        2021   3.3999999999999999       0.46666700000000000       0.27465372715931591
        2022   3.4333330000000002       0.46666700000000000       0.27515004440759055
        2023   3.4666670000000002       0.46666700000000000       0.27544993766438836
        2024   3.5000000000000000       0.46666700000000000       0.27557271355584495
        2025   3.5333329999999998       0.46666700000000000       0.27591037155392495
        2026   3.5666669999999998       0.46666700000000000       0.27618940609529580
        2027   3.6000000000000001       0.46666700000000000       0.27622337254357265
        2028   3.6333329999999999       0.46666700000000000       0.27656104770196971
        2029   3.6666669999999999       0.46666700000000000       0.27661546751116500
        2030   3.7000000000000002       0.46666700000000000       0.27658285893378626
        2031   3.7333330000000000       0.46666700000000000       0.27683488875145912
        2032   3.7666670000000000       0.46666700000000000       0.27692818060561825
        2033   3.7999999999999998       0.46666700000000000       0.27685017212279089
        2034   3.8333330000000001       0.46666700000000000       0.27712148762014083
        2035   3.8666670000000001       0.46666700000000000       0.27705955641655539
        2036   3.8999999999999999       0.46666700000000000       0.27710918863821565
        2037   3.9333330000000002       0.46666700000000000       0.27717986895287938
        2038   3.9666670000000002       0.46666700000000000       0.27708783574606866
        2039   4.0000000000000000       0.46666700000000000       0.27723532350993357
        2040   4.0333329999999998       0.46666700000000000       0.27722817362810592
        2041   4.0666669999999998       0.46666700000000000       0.27724840677031715
        2042   4.0999999999999996       0.46666700000000000       0.27724358535658000
        2043   4.1333330000000004       0.46666700000000000       0.27730739950522071
        2044   4.1666670000000003       0.46666700000000000       0.27716334356360600
        2045   4.2000000000000002       0.46666700000000000       0.27729903883825230
        2046   4.2333330000000000       0.46666700000000000       0.27715316583991179
        2047   4.2666670000000000       0.46666700000000000       0.27730032986479231
        2048   4.2999999999999998       0.46666700000000000       0.27727162107433084
        2049   4.3333329999999997       0.46666700000000000       0.27725106295665353
        2050   4.3666669999999996       0.46666700000000000       0.27729736693406348
        2051   4.4000000000000004       0.46666700000000000       0.27715858397673970
        2052   4.4333330000000002       0.46666700000000000       0.27732405983606717
        2053   4.4666670000000002       0.46666700000000000       0.27722671309945529
        2054   4.5000000000000000       0.46666700000000000       0.27730199231584896
        2055   4.5333329999999998       0.46666700000000000       0.27716838214204753
        2056   4.5666669999999998       0.46666700000000000       0.27730919280950755
        2057   4.5999999999999996       0.46666700000000000       0.27730477856785751
        2058   4.6333330000000004       0.46666700000000000       0.27732988064519676
        2059   4.6666670000000003       0.46666700000000000       0.27739137845127676
        2060   4.7000000000000002       0.46666700000000000       0.27732729328356942
        2061   4.7333330000000000       0.46666700000000000       0.27728799034610657
        2062   4.7666670000000000       0.46666700000000000       0.27719335373312259
        2063   4.7999999999999998       0.46666700000000000       0.27741798415047536
        2064   4.8333329999999997       0.46666700000000000       0.27733741181373478
        2065   4.8666669999999996       0.46666700000000000       0.27738021917873040
        2066   4.9000000000000004       0.46666700000000000       0.27742761498799262
        2067   4.9333330000000002       0.46666700000000000       0.27742210752509372
        2068   4.9666670000000002       0.46666700000000000       0.27744150237658483
        2069   5.0000000000000000       0.46666700000000000       0.27730162429810978
        2070   0.0000000000000000       0.50000000000000000       0.50000000000000000     
        2071   3.3333000000000002E-002  0.50000000000000000       0.48546496571940173
        2072   6.6667000000000004E-002  0.50000000000000000       0.47096907138942729
        2073  0.10000000000000001       0.50000000000000000       0.45648896188818650
        2074  0.13333300000000001       0.50000000000000000       0.44214752334992252
        2075  0.16666700000000001       0.50000000000000000       0.42793893356741042
        2076  0.20000000000000001       0.50000000000000000       0.41380208376934580
        2077  0.23333300000000001       0.50000000000000000       0.39981654456723142
        2078  0.26666699999999999       0.50000000000000000       0.38609242018993767
        2079  0.29999999999999999       0.50000000000000000       0.37248948085498135
        2080  0.33333299999999999       0.50000000000000000       0.35894306309902013
        2081  0.36666700000000002       0.50000000000000000       0.34539516874641712
        2082  0.40000000000000002       0.50000000000000000       0.33179358724036129
        2083  0.43333300000000002       0.50000000000000000       0.31834131201126414
        2084  0.46666700000000000       0.50000000000000000       0.30460158737960952
        2085  0.50000000000000000       0.50000000000000000       0.29068816497502892
        2086  0.53333299999999995       0.50000000000000000       0.27626859253941388
        2087  0.56666700000000003       0.50000000000000000       0.26139618011880117
        2088  0.59999999999999998       0.50000000000000000       0.24631952301852977
        2089  0.63333300000000003       0.50000000000000000       0.23012558208213663
        2090  0.66666700000000001       0.50000000000000000       0.21360005224351111
        2091  0.69999999999999996       0.50000000000000000       0.19625049852974935
        2092  0.73333300000000001       0.50000000000000000       0.17765041086784508
        2093  0.76666699999999999       0.50000000000000000       0.15859503162093352
        2094  0.80000000000000004       0.50000000000000000       0.13862192199505388
        2095  0.83333299999999999       0.50000000000000000       0.11720813519978085
        2096  0.86666699999999997       0.50000000000000000        9.5743438394434111E-002
        2097  0.90000000000000002       0.50000000000000000        7.3784426291464977E-002
        2098  0.93333299999999997       0.50000000000000000        5.0890157374805810E-002
        2099  0.96666700000000005       0.50000000000000000        2.6130297591171407E-002
        2100   1.0000000000000000       0.50000000000000000        0.0000000000000000     
        2101   1.0333330000000001       0.50000000000000000        0.0000000000000000     
        2102   1.0666670000000000       0.50000000000000000        0.0000000000000000     
        2103   1.1000000000000001       0.50000000000000000        0.0000000000000000     
        2104   1.1333329999999999       0.50000000000000000        0.0000000000000000     
        2105   1.1666669999999999       0.50000000000000000        0.0000000000000000     
        2106   1.2000000000000000       0.50000000000000000        0.0000000000000000     
        2107   1.2333330000000000       0.50000000000000000        0.0000000000000000     
        2108   1.2666670000000000       0.50000000000000000        0.0000000000000000     
        2109   1.3000000000000000       0.50000000000000000        0.0000000000000000     
        2110   1.3333330000000001       0.50000000000000000        0.0000000000000000     
        2111   1.3666670000000001       0.50000000000000000        0.0000000000000000     
        2112   1.3999999999999999       0.50000000000000000        0.0000000000000000     
        2113   1.4333330000000000       0.50000000000000000        0.0000000000000000     
        2114   1.4666669999999999       0.50000000000000000        0.0000000000000000     
        2115   1.5000000000000000       0.50000000000000000        0.0000000000000000     
        2116   1.5333330000000001       0.50000000000000000        7.3131048481883155E-003
        2117   1.5666670000000000       0.50000000000000000        1.6537473628339839E-002
        2118   1.6000000000000001       0.50000000000000000        2.5925901635384208E-002
        2119   1.6333329999999999       0.50000000000000000        3.5577692270908901E-002
        2120   1.6666669999999999       0.50000000000000000        4.5931963649856279E-002
        2121   1.7000000000000000       0.50000000000000000        5.6307525547607228E-002
        2122   1.7333330000000000       0.50000000000000000        6.7113188629223566E-002
        2123   1.7666670000000000       0.50000000000000000        7.8460548962309251E-002
        2124   1.8000000000000000       0.50000000000000000        8.9089890558044393E-002
        2125   1.8333330000000001       0.50000000000000000       0.10022456461671457
        2126   1.8666670000000001       0.50000000000000000       0.11090466332140449
        2127   1.8999999999999999       0.50000000000000000       0.12216679296076691
        2128   1.9333330000000000       0.50000000000000000       0.13250778285062995
        2129   1.9666669999999999       0.50000000000000000       0.14263850358877830
        2130   2.0000000000000000       0.50000000000000000       0.15311603438117974
        2131   2.0333329999999998       0.50000000000000000       0.16270391265748854
        2132   2.0666669999999998       0.50000000000000000       0.17223668414006713
        2133   2.1000000000000001       0.50000000000000000       0.18125203933612166
        2134   2.1333329999999999       0.50000000000000000       0.18976538780600408
        2135   2.1666669999999999       0.50000000000000000       0.19833912124539513
        2136   2.2000000000000002       0.50000000000000000       0.20644405588891132
        2137   2.2333330000000000       0.50000000000000000       0.21396342249088404
        2138   2.2666670000000000       0.50000000000000000       0.22115076652556911
        2139   2.2999999999999998       0.50000000000000000       0.22796434557118872
        2140   2.3333330000000001       0.50000000000000000       0.23442756019836841
        2141   2.3666670000000001       0.50000000000000000       0.24054263664476708
        2142   2.3999999999999999       0.50000000000000000       0.24607867919492848
        2143   2.4333330000000002       0.50000000000000000       0.25167928225257519
        2144   2.4666670000000002       0.50000000000000000       0.25652840948384931
        2145   2.5000000000000000       0.50000000000000000       0.26136380141710719
        2146   2.5333329999999998       0.50000000000000000       0.26575336658002474
        2147   2.5666669999999998       0.50000000000000000       0.26987670390968727
        2148   2.6000000000000001       0.50000000000000000       0.27349526002844388
        2149   2.6333329999999999       0.50000000000000000       0.27720048582582779
        2150   2.6666669999999999       0.50000000000000000       0.28050954174299403
        2151   2.7000000000000002       0.50000000000000000       0.28348389683244574
        2152   2.7333330000000000       0.50000000000000000       0.28625480403141251
        2153   2.7666670000000000       0.50000000000000000       0.28881315996730628
        2154   2.7999999999999998       0.50000000000000000       0.29108510092910289
        2155   2.8333330000000001       0.50000000000000000       0.29343122250408993
        2156   2.8666670000000001       0.50000000000000000       0.29537856190273404
        2157   2.8999999999999999       0.50000000000000000       0.29733932835451771
        2158   2.9333330000000002       0.50000000000000000       0.29894828586480410
        2159   2.9666670000000002       0.50000000000000000       0.30041049109490586
        2160   3.0000000000000000       0.50000000000000000       0.30196845316722210
        2161   3.0333329999999998       0.50000000000000000       0.30315837824899367
        2162   3.0666669999999998       0.50000000000000000       0.30420377256363473
        2163   3.1000000000000001       0.50000000000000000       0.30538759457541093
        2164   3.1333329999999999       0.50000000000000000       0.30628126465447719
        2165   3.1666669999999999       0.50000000000000000       0.30721563143171970
        2166   3.2000000000000002       0.50000000000000000       0.30802110189926796
        2167   3.2333330000000000       0.50000000000000000       0.30860765430318687
        2168   3.2666670000000000       0.50000000000000000       0.30921723637850546
        2169   3.2999999999999998       0.50000000000000000       0.30991709182143201
        2170   3.3333330000000001       0.50000000000000000       0.31024997430876594
        2171   3.3666670000000001       0.50000000000000000       0.31079119491760365
        2172   3.3999999999999999       0.50000000000000000       0.31125736721499730
        2173   3.4333330000000002       0.50000000000000000       0.31145835525202198
        2174   3.4666670000000002       0.50000000000000000       0.31189453222013597
        2175   3.5000000000000000       0.50000000000000000       0.31225713275372857
        2176   3.5333329999999998       0.50000000000000000       0.31241792627865128
        2177   3.5666669999999998       0.50000000000000000       0.31252315395563895
        2178   3.6000000000000001       0.50000000000000000       0.31285606712048764
        2179   3.6333329999999999       0.50000000000000000       0.31296052763658699
        2180   3.6666669999999999       0.50000000000000000       0.31318574154687018
        2181   3.7000000000000002       0.50000000000000000       0.31329501148810579
        2182   3.7333330000000000       0.50000000000000000       0.31325596852547966
        2183   3.7666670000000000       0.50000000000000000       0.31346709906276693
        2184   3.7999999999999998       0.50000000000000000       0.31357998183921143
        2185   3.8333330000000001       0.50000000000000000       0.31359774142581326
        2186   3.8666670000000001       0.50000000000000000       0.31374967341564919
        2187   3.8999999999999999       0.50000000000000000       0.31360860944158958
        2188   3.9333330000000002       0.50000000000000000       0.31376782523759839
        2189   3.9666670000000002       0.50000000000000000       0.31388463528371341
        2190   4.0000000000000000       0.50000000000000000       0.31381586667918143
        2191   4.0333329999999998       0.50000000000000000       0.31372142067947439
        2192   4.0666669999999998       0.50000000000000000       0.31388109579721418
        2193   4.0999999999999996       0.50000000000000000       0.31389908805447253
        2194   4.1333330000000004       0.50000000000000000       0.31389964547358118
        2195   4.1666670000000003       0.50000000000000000       0.31391481021938994
        2196   4.2000000000000002       0.50000000000000000       0.31378694766115567
        2197   4.2333330000000000       0.50000000000000000       0.31394901241950007
        2198   4.2666670000000000       0.50000000000000000       0.31390206672759935
        2199   4.2999999999999998       0.50000000000000000       0.31386086341180774
        2200   4.3333329999999997       0.50000000000000000       0.31375895296980566
        2201   4.3666669999999996       0.50000000000000000       0.31393371813433413
        2202   4.4000000000000004       0.50000000000000000       0.31391579641975520
        2203   4.4333330000000002       0.50000000000000000       0.31379371804954548
        2204   4.4666670000000002       0.50000000000000000       0.31390076107895720
        2205   4.5000000000000000       0.50000000000000000       0.31388461010549318
        2206   4.5333329999999998       0.50000000000000000       0.31399286933314507
        2207   4.5666669999999998       0.50000000000000000       0.31391632481535015
        2208   4.5999999999999996       0.50000000000000000       0.31382343024326609
        2209   4.6333330000000004       0.50000000000000000       0.31404086035427914
        2210   4.6666670000000003       0.50000000000000000       0.31390590671208407
        2211   4.7000000000000002       0.50000000000000000       0.31393242284412098
        2212   4.7333330000000000       0.50000000000000000       0.31393497219208166
        2213   4.7666670000000000       0.50000000000000000       0.31396405182247056
        2214   4.7999999999999998       0.50000000000000000       0.31389406926861446
        2215   4.8333329999999997       0.50000000000000000       0.31409271355975205
        2216   4.8666669999999996       0.50000000000000000       0.31395599291183884
        2217   4.9000000000000004       0.50000000000000000       0.31396545297383843
        2218   4.9333330000000002       0.50000000000000000       0.31400985929583669
        2219   4.9666670000000002       0.50000000000000000       0.31404673336211580
        2220   5.0000000000000000       0.50000000000000000       0.31405393960582328
        2221   0.0000000000000000       0.53333299999999995       0.53333299999999995     
        2222   3.3333000000000002E-002  0.53333299999999995       0.51939062461453134
        2223   6.6667000000000004E-002  0.53333299999999995       0.50545028119921864
        2224  0.10000000000000001       0.53333299999999995       0.49157186044435314
        2225  0.13333300000000001       0.53333299999999995       0.47773361291765043
        2226  0.16666700000000001       0.53333299999999995       0.46394114536272724
        2227  0.20000000000000001       0.53333299999999995       0.45025289643618532
        2228  0.23333300000000001       0.53333299999999995       0.43671237473379337
        2229  0.26666699999999999       0.53333299999999995       0.42321512778344617
        2230  0.29999999999999999       0.53333299999999995       0.40980755191666474
        2231  0.33333299999999999       0.53333299999999995       0.39632743809890802
        2232  0.36666700000000002       0.53333299999999995       0.38300677767565156
        2233  0.40000000000000002       0.53333299999999995       0.36952097876729267
        2234  0.43333300000000002       0.53333299999999995       0.35580213486936579
        2235  0.46666700000000000       0.53333299999999995       0.34207698641530360
        2236  0.50000000000000000       0.53333299999999995       0.32802053882487814
        2237  0.53333299999999995       0.53333299999999995       0.31345383042698161
        2238  0.56666700000000003       0.53333299999999995       0.29842852646293122
        2239  0.59999999999999998       0.53333299999999995       0.28281790640303067
        2240  0.63333300000000003       0.53333299999999995       0.26648747652453386
        2241  0.66666700000000001       0.53333299999999995       0.24945436620920228
        2242  0.69999999999999996       0.53333299999999995       0.23130628137531711
        2243  0.73333300000000001       0.53333299999999995       0.21258922989702553
        2244  0.76666699999999999       0.53333299999999995       0.19274163244147935
        2245  0.80000000000000004       0.53333299999999995       0.17154044368910903
        2246  0.83333299999999999       0.53333299999999995       0.15008357417323279
        2247  0.86666699999999997       0.53333299999999995       0.12707997324906312
        2248  0.90000000000000002       0.53333299999999995       0.10378539948912334
        2249  0.93333299999999997       0.53333299999999995        7.9883032504817653E-002
        2250  0.96666700000000005       0.53333299999999995        5.6756065388896819E-002
        2251   1.0000000000000000       0.53333299999999995        3.4937181984099785E-002
        2252   1.0333330000000001       0.53333299999999995        2.5985063076211439E-002
        2253   1.0666670000000000       0.53333299999999995        1.9681759222692483E-002
        2254   1.1000000000000001       0.53333299999999995        1.7531578138728059E-002
        2255   1.1333329999999999       0.53333299999999995        1.5178765327112860E-002
        2256   1.1666669999999999       0.53333299999999995        1.2705227078358132E-002
        2257   1.2000000000000000       0.53333299999999995        1.2764932303178152E-002
        2258   1.2333330000000000       0.53333299999999995        1.3016887856734802E-002
        2259   1.2666670000000000       0.53333299999999995        1.1310099436153900E-002
        2260   1.3000000000000000       0.53333299999999995        1.2493469993768748E-002
        2261   1.3333330000000001       0.53333299999999995        1.0988459255147992E-002
        2262   1.3666670000000001       0.53333299999999995        1.2070516838869866E-002
        2263   1.3999999999999999       0.53333299999999995        1.3124377193934491E-002
        2264   1.4333330000000000       0.53333299999999995        1.3660884442024431E-002
        2265   1.4666669999999999       0.53333299999999995        1.5684699099108364E-002
        2266   1.5000000000000000       0.53333299999999995        1.9203710282168520E-002
        2267   1.5333330000000001       0.53333299999999995        2.7501599827500351E-002
        2268   1.5666670000000000       0.53333299999999995        3.7442926772923178E-002
        2269   1.6000000000000001       0.53333299999999995        4.8546265046506887E-002
        2270   1.6333329999999999       0.53333299999999995        5.9419434168351534E-002
        2271   1.6666669999999999       0.53333299999999995        7.0590955831151769E-002
        2272   1.7000000000000000       0.53333299999999995        8.3085049365625205E-002
        2273   1.7333330000000000       0.53333299999999995        9.4919857031521532E-002
        2274   1.7666670000000000       0.53333299999999995       0.10658878042961720
        2275   1.8000000000000000       0.53333299999999995       0.11867156717614627
        2276   1.8333330000000001       0.53333299999999995       0.13006963182845216
        2277   1.8666670000000001       0.53333299999999995       0.14208211973230381
        2278   1.8999999999999999       0.53333299999999995       0.15311309932885764
        2279   1.9333330000000000       0.53333299999999995       0.16444309057652245
        2280   1.9666669999999999       0.53333299999999995       0.17543983898388046
        2281   2.0000000000000000       0.53333299999999995       0.18562553430871551
        2282   2.0333329999999998       0.53333299999999995       0.19607164985378980
        2283   2.0666669999999998       0.53333299999999995       0.20575433405221308
        2284   2.1000000000000001       0.53333299999999995       0.21531052625776412
        2285   2.1333329999999999       0.53333299999999995       0.22427161519645575
        2286   2.1666669999999999       0.53333299999999995       0.23294949527496023
        2287   2.2000000000000002       0.53333299999999995       0.24122731338484568
        2288   2.2333330000000000       0.53333299999999995       0.24883101294781193
        2289   2.2666670000000000       0.53333299999999995       0.25643666789447317
        2290   2.2999999999999998       0.53333299999999995       0.26363251068738375
        2291   2.3333330000000001       0.53333299999999995       0.27011838925734788
        2292   2.3666670000000001       0.53333299999999995       0.27621888341930073
        2293   2.3999999999999999       0.53333299999999995       0.28231558526044065
        2294   2.4333330000000002       0.53333299999999995       0.28769387893241583
        2295   2.4666670000000002       0.53333299999999995       0.29306648800291835
        2296   2.5000000000000000       0.53333299999999995       0.29775709013493229
        2297   2.5333329999999998       0.53333299999999995       0.30228960207610805
        2298   2.5666669999999998       0.53333299999999995       0.30655250396614975
        2299   2.6000000000000001       0.53333299999999995       0.31049541633547761
        2300   2.6333329999999999       0.53333299999999995       0.31398258980634447
        2301   2.6666669999999999       0.53333299999999995       0.31752930842523786
        2302   2.7000000000000002       0.53333299999999995       0.32058200205664888
        2303   2.7333330000000000       0.53333299999999995       0.32352657481118191
        2304   2.7666670000000000       0.53333299999999995       0.32611636096325014
        2305   2.7999999999999998       0.53333299999999995       0.32866226688830408
        2306   2.8333330000000001       0.53333299999999995       0.33077850651746210
        2307   2.8666670000000001       0.53333299999999995       0.33300492408439408
        2308   2.8999999999999999       0.53333299999999995       0.33475053329661364
        2309   2.9333330000000002       0.53333299999999995       0.33659184158415972
        2310   2.9666670000000002       0.53333299999999995       0.33827690765292412
        2311   3.0000000000000000       0.53333299999999995       0.33955490632563634
        2312   3.0333329999999998       0.53333299999999995       0.34097642742837164
        2313   3.0666669999999998       0.53333299999999995       0.34217752788657241
        2314   3.1000000000000001       0.53333299999999995       0.34314344340048514
        2315   3.1333329999999999       0.53333299999999995       0.34431742247621011
        2316   3.1666669999999999       0.53333299999999995       0.34508757327486844
        2317   3.2000000000000002       0.53333299999999995       0.34586984166779555
        2318   3.2333330000000000       0.53333299999999995       0.34667522883491958
        2319   3.2666670000000000       0.53333299999999995       0.34735091847640787
        2320   3.2999999999999998       0.53333299999999995       0.34781018236245381
        2321   3.3333330000000001       0.53333299999999995       0.34845920704602412
        2322   3.3666670000000001       0.53333299999999995       0.34891668085154598
        2323   3.3999999999999999       0.53333299999999995       0.34922409492541334
        2324   3.4333330000000002       0.53333299999999995       0.34972619655440346
        2325   3.4666670000000002       0.53333299999999995       0.35005803250545281
        2326   3.5000000000000000       0.53333299999999995       0.35024004617912491
        2327   3.5333329999999998       0.53333299999999995       0.35062586587389472
        2328   3.5666669999999998       0.53333299999999995       0.35082216390202836
        2329   3.6000000000000001       0.53333299999999995       0.35107881822593540
        2330   3.6333329999999999       0.53333299999999995       0.35116730355000236
        2331   3.6666669999999999       0.53333299999999995       0.35125195134058290
        2332   3.7000000000000002       0.53333299999999995       0.35151756647977572
        2333   3.7333330000000000       0.53333299999999995       0.35162120261731794
        2334   3.7666670000000000       0.53333299999999995       0.35175044859382365
        2335   3.7999999999999998       0.53333299999999995       0.35176795401767164
        2336   3.8333330000000001       0.53333299999999995       0.35187049270417053
        2337   3.8666670000000001       0.53333299999999995       0.35183109026721715
        2338   3.8999999999999999       0.53333299999999995       0.35200500747283098
        2339   3.9333330000000002       0.53333299999999995       0.35204669449522497
        2340   3.9666670000000002       0.53333299999999995       0.35196626638908124
        2341   4.0000000000000000       0.53333299999999995       0.35207136807293610
        2342   4.0333329999999998       0.53333299999999995       0.35216030702472229
        2343   4.0666669999999998       0.53333299999999995       0.35203990077547209
        2344   4.0999999999999996       0.53333299999999995       0.35220435283162693
        2345   4.1333330000000004       0.53333299999999995       0.35214681547506910
        2346   4.1666670000000003       0.53333299999999995       0.35217637481767838
        2347   4.2000000000000002       0.53333299999999995       0.35218752715737522
        2348   4.2333330000000000       0.53333299999999995       0.35205540829944426
        2349   4.2666670000000000       0.53333299999999995       0.35215068642934666
        2350   4.2999999999999998       0.53333299999999995       0.35216376992951121
        2351   4.3333329999999997       0.53333299999999995       0.35219460160254273
        2352   4.3666669999999996       0.53333299999999995       0.35214998139008202
        2353   4.4000000000000004       0.53333299999999995       0.35214614609231226
        2354   4.4333330000000002       0.53333299999999995       0.35223969345730266
        2355   4.4666670000000002       0.53333299999999995       0.35208576985119466
        2356   4.5000000000000000       0.53333299999999995       0.35226375472233701
        2357   4.5333329999999998       0.53333299999999995       0.35210516656687857
        2358   4.5666669999999998       0.53333299999999995       0.35219439246385015
        2359   4.5999999999999996       0.53333299999999995       0.35223788584387511
        2360   4.6333330000000004       0.53333299999999995       0.35220725688747423
        2361   4.6666670000000003       0.53333299999999995       0.35219841618502434
        2362   4.7000000000000002       0.53333299999999995       0.35221584742831619
        2363   4.7333330000000000       0.53333299999999995       0.35220955012866328
        2364   4.7666670000000000       0.53333299999999995       0.35220287056466476
        2365   4.7999999999999998       0.53333299999999995       0.35230629480643028
        2366   4.8333329999999997       0.53333299999999995       0.35228554286761182
        2367   4.8666669999999996       0.53333299999999995       0.35230488485565326
        2368   4.9000000000000004       0.53333299999999995       0.35213929378176045
        2369   4.9333330000000002       0.53333299999999995       0.35225749425984498
        2370   4.9666670000000002       0.53333299999999995       0.35233380795502744
        2371   5.0000000000000000       0.53333299999999995       0.35245448049277500
        2372   0.0000000000000000       0.56666700000000003       0.56666700000000003     
        2373   3.3333000000000002E-002  0.56666700000000003       0.55338573399436919
        2374   6.6667000000000004E-002  0.56666700000000003       0.54010967656393483
        2375  0.10000000000000001       0.56666700000000003       0.52685199630474977
        2376  0.13333300000000001       0.56666700000000003       0.51358926088913204
        2377  0.16666700000000001       0.56666700000000003       0.50041288089782743
        2378  0.20000000000000001       0.56666700000000003       0.48726159285535681
        2379  0.23333300000000001       0.56666700000000003       0.47415708644903387
        2380  0.26666699999999999       0.56666700000000003       0.46106430389584185
        2381  0.29999999999999999       0.56666700000000003       0.44796598786418368
        2382  0.33333299999999999       0.56666700000000003       0.43491394646196008
        2383  0.36666700000000002       0.56666700000000003       0.42173598467078682
        2384  0.40000000000000002       0.56666700000000003       0.40847780562166341
        2385  0.43333300000000002       0.56666700000000003       0.39502130122922929
        2386  0.46666700000000000       0.56666700000000003       0.38131568138293936
        2387  0.50000000000000000       0.56666700000000003       0.36714924660566350
        2388  0.53333299999999995       0.56666700000000003       0.35273230768544350
        2389  0.56666700000000003       0.56666700000000003       0.33779335933336269
        2390  0.59999999999999998       0.56666700000000003       0.32197130960905013
        2391  0.63333300000000003       0.56666700000000003       0.30563137694912201
        2392  0.66666700000000001       0.56666700000000003       0.28834484528109228
        2393  0.69999999999999996       0.56666700000000003       0.27038937088219478
        2394  0.73333300000000001       0.56666700000000003       0.25113444742030450
        2395  0.76666699999999999       0.56666700000000003       0.23103396210600974
        2396  0.80000000000000004       0.56666700000000003       0.21001096246372886
        2397  0.83333299999999999       0.56666700000000003       0.18766546699780826
        2398  0.86666699999999997       0.56666700000000003       0.16533110037877943
        2399  0.90000000000000002       0.56666700000000003       0.14156144068176332
        2400  0.93333299999999997       0.56666700000000003       0.11745569000412479
        2401  0.96666700000000005       0.56666700000000003        9.5740064164698949E-002
        2402   1.0000000000000000       0.56666700000000003        7.7219680757243003E-002
        2403   1.0333330000000001       0.56666700000000003        6.2694157681978321E-002
        2404   1.0666670000000000       0.56666700000000003        5.3759303347731664E-002
        2405   1.1000000000000001       0.56666700000000003        4.7455959131931680E-002
        2406   1.1333329999999999       0.56666700000000003        4.2409446110202580E-002
        2407   1.1666669999999999       0.56666700000000003        4.0832018064884533E-002
        2408   1.2000000000000000       0.56666700000000003        3.8420875807853916E-002
        2409   1.2333330000000000       0.56666700000000003        3.6597923574330095E-002
        2410   1.2666670000000000       0.56666700000000003        3.6661334040111015E-002
        2411   1.3000000000000000       0.56666700000000003        3.6115304302425717E-002
        2412   1.3333330000000001       0.56666700000000003        3.6228957517880155E-002
        2413   1.3666670000000001       0.56666700000000003        3.7035508194253913E-002
        2414   1.3999999999999999       0.56666700000000003        3.7660689711462962E-002
        2415   1.4333330000000000       0.56666700000000003        3.9724171001141062E-002
        2416   1.4666669999999999       0.56666700000000003        4.3740682738559356E-002
        2417   1.5000000000000000       0.56666700000000003        4.8066735955772363E-002
        2418   1.5333330000000001       0.56666700000000003        5.7842063827404505E-002
        2419   1.5666670000000000       0.56666700000000003        6.7262013665295398E-002
        2420   1.6000000000000001       0.56666700000000003        7.8651899803090411E-002
        2421   1.6333329999999999       0.56666700000000003        9.0722524567764931E-002
        2422   1.6666669999999999       0.56666700000000003       0.10310847901731317
        2423   1.7000000000000000       0.56666700000000003       0.11574768594420040
        2424   1.7333330000000000       0.56666700000000003       0.12775568827780320
        2425   1.7666670000000000       0.56666700000000003       0.14062699791095717
        2426   1.8000000000000000       0.56666700000000003       0.15318794285507087
        2427   1.8333330000000001       0.56666700000000003       0.16561193540255975
        2428   1.8666670000000001       0.56666700000000003       0.17721074738721476
        2429   1.8999999999999999       0.56666700000000003       0.18935869845654180
        2430   1.9333330000000000       0.56666700000000003       0.20064485966838441
        2431   1.9666669999999999       0.56666700000000003       0.21155894422678814
        2432   2.0000000000000000       0.56666700000000003       0.22262960486254701
        2433   2.0333329999999998       0.56666700000000003       0.23301271600741574
        2434   2.0666669999999998       0.56666700000000003       0.24315244556408822
        2435   2.1000000000000001       0.56666700000000003       0.25251745744176507
        2436   2.1333329999999999       0.56666700000000003       0.26200148197065226
        2437   2.1666669999999999       0.56666700000000003       0.27077136900701604
        2438   2.2000000000000002       0.56666700000000003       0.27894150855760802
        2439   2.2333330000000000       0.56666700000000003       0.28714760738769696
        2440   2.2666670000000000       0.56666700000000003       0.29460572316720351
        2441   2.2999999999999998       0.56666700000000003       0.30160999943696415
        2442   2.3333330000000001       0.56666700000000003       0.30852277901945663
        2443   2.3666670000000001       0.56666700000000003       0.31488274254084020
        2444   2.3999999999999999       0.56666700000000003       0.32071697663553667
        2445   2.4333330000000002       0.56666700000000003       0.32651915920770802
        2446   2.4666670000000002       0.56666700000000003       0.33165052193085315
        2447   2.5000000000000000       0.56666700000000003       0.33663122755875863
        2448   2.5333329999999998       0.56666700000000003       0.34104947085663112
        2449   2.5666669999999998       0.56666700000000003       0.34544791142480163
        2450   2.6000000000000001       0.56666700000000003       0.34949843396229335
        2451   2.6333329999999999       0.56666700000000003       0.35313529986227976
        2452   2.6666669999999999       0.56666700000000003       0.35653876627350045
        2453   2.7000000000000002       0.56666700000000003       0.35983313854901128
        2454   2.7333330000000000       0.56666700000000003       0.36260297717319812
        2455   2.7666670000000000       0.56666700000000003       0.36544926437657510
        2456   2.7999999999999998       0.56666700000000003       0.36779504021331327
        2457   2.8333330000000001       0.56666700000000003       0.37024059131341636
        2458   2.8666670000000001       0.56666700000000003       0.37221365885192759
        2459   2.8999999999999999       0.56666700000000003       0.37424762562592129
        2460   2.9333330000000002       0.56666700000000003       0.37601245710615644
        2461   2.9666670000000002       0.56666700000000003       0.37762463261432561
        2462   3.0000000000000000       0.56666700000000003       0.37913103387690950
        2463   3.0333329999999998       0.56666700000000003       0.38034824510884452
        2464   3.0666669999999998       0.56666700000000003       0.38169810031152840
        2465   3.1000000000000001       0.56666700000000003       0.38279140835538406
        2466   3.1333329999999999       0.56666700000000003       0.38380394665401979
        2467   3.1666669999999999       0.56666700000000003       0.38476349812658983
        2468   3.2000000000000002       0.56666700000000003       0.38552219660649256
        2469   3.2333330000000000       0.56666700000000003       0.38617687694481645
        2470   3.2666670000000000       0.56666700000000003       0.38698595070142017
        2471   3.2999999999999998       0.56666700000000003       0.38757807597836319
        2472   3.3333330000000001       0.56666700000000003       0.38813984292981812
        2473   3.3666670000000001       0.56666700000000003       0.38848815667528669
        2474   3.3999999999999999       0.56666700000000003       0.38905253503470721
        2475   3.4333330000000002       0.56666700000000003       0.38943991212178231
        2476   3.4666670000000002       0.56666700000000003       0.38966394263586673
        2477   3.5000000000000000       0.56666700000000003       0.39007121442609893
        2478   3.5333329999999998       0.56666700000000003       0.39031472855357824
        2479   3.5666669999999998       0.56666700000000003       0.39058115113614661
        2480   3.6000000000000001       0.56666700000000003       0.39076058546646458
        2481   3.6333329999999999       0.56666700000000003       0.39091576435168457
        2482   3.6666669999999999       0.56666700000000003       0.39118719022534115
        2483   3.7000000000000002       0.56666700000000003       0.39119292277216894
        2484   3.7333330000000000       0.56666700000000003       0.39148066378070157
        2485   3.7666670000000000       0.56666700000000003       0.39143661103488847
        2486   3.7999999999999998       0.56666700000000003       0.39165640143475644
        2487   3.8333330000000001       0.56666700000000003       0.39157673439491691
        2488   3.8666670000000001       0.56666700000000003       0.39175087478221321
        2489   3.8999999999999999       0.56666700000000003       0.39180755913189819
        2490   3.9333330000000002       0.56666700000000003       0.39174012261731894
        2491   3.9666670000000002       0.56666700000000003       0.39191551268995317
        2492   4.0000000000000000       0.56666700000000003       0.39188362975462809
        2493   4.0333329999999998       0.56666700000000003       0.39183620522364321
        2494   4.0666669999999998       0.56666700000000003       0.39196851845308439
        2495   4.0999999999999996       0.56666700000000003       0.39200739165774467
        2496   4.1333330000000004       0.56666700000000003       0.39186731809704234
        2497   4.1666670000000003       0.56666700000000003       0.39199878127690352
        2498   4.2000000000000002       0.56666700000000003       0.39200801283348663
        2499   4.2333330000000000       0.56666700000000003       0.39199150470527921
        2500   4.2666670000000000       0.56666700000000003       0.39202498326917729
        2501   4.2999999999999998       0.56666700000000003       0.39199272496221249
        2502   4.3333329999999997       0.56666700000000003       0.39198341492768451
        2503   4.3666669999999996       0.56666700000000003       0.39188815916239639
        2504   4.4000000000000004       0.56666700000000003       0.39207168211089022
        2505   4.4333330000000002       0.56666700000000003       0.39196335665286330
        2506   4.4666670000000002       0.56666700000000003       0.39199836674058919
        2507   4.5000000000000000       0.56666700000000003       0.39200991566935162
        2508   4.5333329999999998       0.56666700000000003       0.39202949538999649
        2509   4.5666669999999998       0.56666700000000003       0.39206344646628893
        2510   4.5999999999999996       0.56666700000000003       0.39200520036489417
        2511   4.6333330000000004       0.56666700000000003       0.39191554510074944
        2512   4.6666670000000003       0.56666700000000003       0.39200986961427470
        2513   4.7000000000000002       0.56666700000000003       0.39206811495398453
        2514   4.7333330000000000       0.56666700000000003       0.39202947490799045
        2515   4.7666670000000000       0.56666700000000003       0.39212442063240383
        2516   4.7999999999999998       0.56666700000000003       0.39212083675084347
        2517   4.8333329999999997       0.56666700000000003       0.39200095441682170
        2518   4.8666669999999996       0.56666700000000003       0.39211649210527061
        2519   4.9000000000000004       0.56666700000000003       0.39208740797408437
        2520   4.9333330000000002       0.56666700000000003       0.39209064115372011
        2521   4.9666670000000002       0.56666700000000003       0.39212000477272263
        2522   5.0000000000000000       0.56666700000000003       0.39212573565950509
        2523   0.0000000000000000       0.59999999999999998       0.59999999999999998     
        2524   3.3333000000000002E-002  0.59999999999999998       0.58744971808963975
        2525   6.6667000000000004E-002  0.59999999999999998       0.57489961978111204
        2526  0.10000000000000001       0.59999999999999998       0.56233033320267056
        2527  0.13333300000000001       0.59999999999999998       0.54979858505893209
        2528  0.16666700000000001       0.59999999999999998       0.53722773694316417
        2529  0.20000000000000001       0.59999999999999998       0.52473310630912173
        2530  0.23333300000000001       0.59999999999999998       0.51220714290029179
        2531  0.26666699999999999       0.59999999999999998       0.49963394545849837
        2532  0.29999999999999999       0.59999999999999998       0.48704129340977065
        2533  0.33333299999999999       0.59999999999999998       0.47437978379114260
        2534  0.36666700000000002       0.59999999999999998       0.46156546477198235
        2535  0.40000000000000002       0.59999999999999998       0.44872884175762862
        2536  0.43333300000000002       0.59999999999999998       0.43566101516733136
        2537  0.46666700000000000       0.59999999999999998       0.42209261959170163
        2538  0.50000000000000000       0.59999999999999998       0.40839219810969229
        2539  0.53333299999999995       0.59999999999999998       0.39406688073771212
        2540  0.56666700000000003       0.59999999999999998       0.37913842175550039
        2541  0.59999999999999998       0.59999999999999998       0.36373799236170540
        2542  0.63333300000000003       0.59999999999999998       0.34768208963044145
        2543  0.66666700000000001       0.59999999999999998       0.33050506284592046
        2544  0.69999999999999996       0.59999999999999998       0.31242196962139829
        2545  0.73333300000000001       0.59999999999999998       0.29377128478436054
        2546  0.76666699999999999       0.59999999999999998       0.27353547579580734
        2547  0.80000000000000004       0.59999999999999998       0.25292168990062691
        2548  0.83333299999999999       0.59999999999999998       0.23130588492349449
        2549  0.86666699999999997       0.59999999999999998       0.20868550046406290
        2550  0.90000000000000002       0.59999999999999998       0.18618553527985929
        2551  0.93333299999999997       0.59999999999999998       0.16377280021717053
        2552  0.96666700000000005       0.59999999999999998       0.14218816501985121
        2553   1.0000000000000000       0.59999999999999998       0.12364202291939001
        2554   1.0333330000000001       0.59999999999999998       0.10898371841231234
        2555   1.0666670000000000       0.59999999999999998        9.6576339686086879E-002
        2556   1.1000000000000001       0.59999999999999998        8.9304702437096373E-002
        2557   1.1333329999999999       0.59999999999999998        8.3188313381967569E-002
        2558   1.1666669999999999       0.59999999999999998        7.8067211102871792E-002
        2559   1.2000000000000000       0.59999999999999998        7.5679358624630932E-002
        2560   1.2333330000000000       0.59999999999999998        7.4252220551633705E-002
        2561   1.2666670000000000       0.59999999999999998        7.2399455693267820E-002
        2562   1.3000000000000000       0.59999999999999998        7.0997801574043978E-002
        2563   1.3333330000000001       0.59999999999999998        7.2395834797860020E-002
        2564   1.3666670000000001       0.59999999999999998        7.2136091360003027E-002
        2565   1.3999999999999999       0.59999999999999998        7.4692284288776237E-002
        2566   1.4333330000000000       0.59999999999999998        7.6317521751289030E-002
        2567   1.4666669999999999       0.59999999999999998        8.1683450171308347E-002
        2568   1.5000000000000000       0.59999999999999998        8.7537067883181136E-002
        2569   1.5333330000000001       0.59999999999999998        9.5855447216884160E-002
        2570   1.5666670000000000       0.59999999999999998       0.10656603849840296
        2571   1.6000000000000001       0.59999999999999998       0.11676207441396845
        2572   1.6333329999999999       0.59999999999999998       0.12946207367832388
        2573   1.6666669999999999       0.59999999999999998       0.14242481538941884
        2574   1.7000000000000000       0.59999999999999998       0.15446043183376296
        2575   1.7333330000000000       0.59999999999999998       0.16766678840646215
        2576   1.7666670000000000       0.59999999999999998       0.18043305275116536
        2577   1.8000000000000000       0.59999999999999998       0.19293049826525807
        2578   1.8333330000000001       0.59999999999999998       0.20519038071906343
        2579   1.8666670000000001       0.59999999999999998       0.21781382089432591
        2580   1.8999999999999999       0.59999999999999998       0.22929995736566067
        2581   1.9333330000000000       0.59999999999999998       0.24126421531884507
        2582   1.9666669999999999       0.59999999999999998       0.25256838371144530
        2583   2.0000000000000000       0.59999999999999998       0.26328986967266815
        2584   2.0333329999999998       0.59999999999999998       0.27359570197360183
        2585   2.0666669999999998       0.59999999999999998       0.28402517265190547
        2586   2.1000000000000001       0.59999999999999998       0.29369603789331050
        2587   2.1333329999999999       0.59999999999999998       0.30286699294774228
        2588   2.1666669999999999       0.59999999999999998       0.31153036973689313
        2589   2.2000000000000002       0.59999999999999998       0.32017559720583738
        2590   2.2333330000000000       0.59999999999999998       0.32791469861829398
        2591   2.2666670000000000       0.59999999999999998       0.33569423240439045
        2592   2.2999999999999998       0.59999999999999998       0.34281735043018435
        2593   2.3333330000000001       0.59999999999999998       0.34936614738562333
        2594   2.3666670000000001       0.59999999999999998       0.35589445983687934
        2595   2.3999999999999999       0.59999999999999998       0.36196507612971701
        2596   2.4333330000000002       0.59999999999999998       0.36737717028777217
        2597   2.4666670000000002       0.59999999999999998       0.37270710070990520
        2598   2.5000000000000000       0.59999999999999998       0.37767001131978800
        2599   2.5333329999999998       0.59999999999999998       0.38232648400214414
        2600   2.5666669999999998       0.59999999999999998       0.38650922392639886
        2601   2.6000000000000001       0.59999999999999998       0.39040391012171760
        2602   2.6333329999999999       0.59999999999999998       0.39425193392906538
        2603   2.6666669999999999       0.59999999999999998       0.39765474211186824
        2604   2.7000000000000002       0.59999999999999998       0.40072632627155991
        2605   2.7333330000000000       0.59999999999999998       0.40380066695532746
        2606   2.7666670000000000       0.59999999999999998       0.40636360819612177
        2607   2.7999999999999998       0.59999999999999998       0.40895992331941272
        2608   2.8333330000000001       0.59999999999999998       0.41122661349076500
        2609   2.8666670000000001       0.59999999999999998       0.41344018062117749
        2610   2.8999999999999999       0.59999999999999998       0.41528935741352968
        2611   2.9333330000000002       0.59999999999999998       0.41711244084781390
        2612   2.9666670000000002       0.59999999999999998       0.41860762301624388
        2613   3.0000000000000000       0.59999999999999998       0.42024037512353285
        2614   3.0333329999999998       0.59999999999999998       0.42157592060699567
        2615   3.0666669999999998       0.59999999999999998       0.42271741861722201
        2616   3.1000000000000001       0.59999999999999998       0.42397693736557857
        2617   3.1333329999999999       0.59999999999999998       0.42482668864334322
        2618   3.1666669999999999       0.59999999999999998       0.42584878483033672
        2619   3.2000000000000002       0.59999999999999998       0.42673394133996240
        2620   3.2333330000000000       0.59999999999999998       0.42745756979908184
        2621   3.2666670000000000       0.59999999999999998       0.42805081949588880
        2622   3.2999999999999998       0.59999999999999998       0.42880099120084292
        2623   3.3333330000000001       0.59999999999999998       0.42924193202718625
        2624   3.3666670000000001       0.59999999999999998       0.42975932154810337
        2625   3.3999999999999999       0.59999999999999998       0.43024403659237243
        2626   3.4333330000000002       0.59999999999999998       0.43051955673240183
        2627   3.4666670000000002       0.59999999999999998       0.43099509686804638
        2628   3.5000000000000000       0.59999999999999998       0.43124843141009717
        2629   3.5333329999999998       0.59999999999999998       0.43142750687885040
        2630   3.5666669999999998       0.59999999999999998       0.43183726385538806
        2631   3.6000000000000001       0.59999999999999998       0.43191218887121996
        2632   3.6333329999999999       0.59999999999999998       0.43220413738292857
        2633   3.6666669999999999       0.59999999999999998       0.43233894587100580
        2634   3.7000000000000002       0.59999999999999998       0.43248891918492749
        2635   3.7333330000000000       0.59999999999999998       0.43262260216195614
        2636   3.7666670000000000       0.59999999999999998       0.43276153960945352
        2637   3.7999999999999998       0.59999999999999998       0.43279507562445624
        2638   3.8333330000000001       0.59999999999999998       0.43293211038414442
        2639   3.8666670000000001       0.59999999999999998       0.43296802710199916
        2640   3.8999999999999999       0.59999999999999998       0.43293258997509709
        2641   3.9333330000000002       0.59999999999999998       0.43309458759210601
        2642   3.9666670000000002       0.59999999999999998       0.43302353779890840
        2643   4.0000000000000000       0.59999999999999998       0.43313955397785719
        2644   4.0333329999999998       0.59999999999999998       0.43323741437640445
        2645   4.0666669999999998       0.59999999999999998       0.43317187461948792
        2646   4.0999999999999996       0.59999999999999998       0.43318926638824728
        2647   4.1333330000000004       0.59999999999999998       0.43322261603373885
        2648   4.1666670000000003       0.59999999999999998       0.43314389860113722
        2649   4.2000000000000002       0.59999999999999998       0.43328431769872949
        2650   4.2333330000000000       0.59999999999999998       0.43328959417148505
        2651   4.2666670000000000       0.59999999999999998       0.43316621232343766
        2652   4.2999999999999998       0.59999999999999998       0.43322962749117611
        2653   4.3333329999999997       0.59999999999999998       0.43328932550499100
        2654   4.3666669999999996       0.59999999999999998       0.43325655038513206
        2655   4.4000000000000004       0.59999999999999998       0.43324310878828398
        2656   4.4333330000000002       0.59999999999999998       0.43322357963600328
        2657   4.4666670000000002       0.59999999999999998       0.43334802874160328
        2658   4.5000000000000000       0.59999999999999998       0.43319863800467551
        2659   4.5333329999999998       0.59999999999999998       0.43335331672773525
        2660   4.5666669999999998       0.59999999999999998       0.43322734587193101
        2661   4.5999999999999996       0.59999999999999998       0.43323633971418740
        2662   4.6333330000000004       0.59999999999999998       0.43335015735659044
        2663   4.6666670000000003       0.59999999999999998       0.43328977683090791
        2664   4.7000000000000002       0.59999999999999998       0.43321986653866074
        2665   4.7333330000000000       0.59999999999999998       0.43337773153417275
        2666   4.7666670000000000       0.59999999999999998       0.43332849448484939
        2667   4.7999999999999998       0.59999999999999998       0.43325396547347617
        2668   4.8333329999999997       0.59999999999999998       0.43339035621984318
        2669   4.8666669999999996       0.59999999999999998       0.43327465416762806
        2670   4.9000000000000004       0.59999999999999998       0.43341624180351584
        2671   4.9333330000000002       0.59999999999999998       0.43332891242875660
        2672   4.9666670000000002       0.59999999999999998       0.43336098614593249
        2673   5.0000000000000000       0.59999999999999998       0.43325790895163568
        2674   0.0000000000000000       0.63333300000000003       0.63333300000000003     
        2675   3.3333000000000002E-002  0.63333300000000003       0.62157284829352522
        2676   6.6667000000000004E-002  0.63333300000000003       0.60981208101361228
        2677  0.10000000000000001       0.63333300000000003       0.59804619098030176
        2678  0.13333300000000001       0.63333300000000003       0.58623673545368038
        2679  0.16666700000000001       0.63333300000000003       0.57445823345972991
        2680  0.20000000000000001       0.63333300000000003       0.56261551719645719
        2681  0.23333300000000001       0.63333300000000003       0.55075324471672593
        2682  0.26666699999999999       0.63333300000000003       0.53883775937622336
        2683  0.29999999999999999       0.63333300000000003       0.52688771184681016
        2684  0.33333299999999999       0.63333300000000003       0.51478844408476088
        2685  0.36666700000000002       0.63333300000000003       0.50260957463696077
        2686  0.40000000000000002       0.63333300000000003       0.49021054390568786
        2687  0.43333300000000002       0.63333300000000003       0.47751888722495561
        2688  0.46666700000000000       0.63333300000000003       0.46456791614772136
        2689  0.50000000000000000       0.63333300000000003       0.45111238187943381
        2690  0.53333299999999995       0.63333300000000003       0.43737788393145138
        2691  0.56666700000000003       0.63333300000000003       0.42298765815998601
        2692  0.59999999999999998       0.63333300000000003       0.40786148367296782
        2693  0.63333300000000003       0.63333300000000003       0.39208861915600079
        2694  0.66666700000000001       0.63333300000000003       0.37560108019607191
        2695  0.69999999999999996       0.63333300000000003       0.35813270334536940
        2696  0.73333300000000001       0.63333300000000003       0.33976573704767193
        2697  0.76666699999999999       0.63333300000000003       0.32051314399968744
        2698  0.80000000000000004       0.63333300000000003       0.30052570272820461
        2699  0.83333299999999999       0.63333300000000003       0.27951735078388457
        2700  0.86666699999999997       0.63333300000000003       0.25795786862455528
        2701  0.90000000000000002       0.63333300000000003       0.23599374243032237
        2702  0.93333299999999997       0.63333300000000003       0.21522050146811694
        2703  0.96666700000000005       0.63333300000000003       0.19551260210844745
        2704   1.0000000000000000       0.63333300000000003       0.17649257207893901
        2705   1.0333330000000001       0.63333300000000003       0.16191962164792570
        2706   1.0666670000000000       0.63333300000000003       0.14939441957147684
        2707   1.1000000000000001       0.63333300000000003       0.13965030703254411
        2708   1.1333329999999999       0.63333300000000003       0.13233081369943264
        2709   1.1666669999999999       0.63333300000000003       0.12755501397229838
        2710   1.2000000000000000       0.63333300000000003       0.12305550493930437
        2711   1.2333330000000000       0.63333300000000003       0.11965525943289897
        2712   1.2666670000000000       0.63333300000000003       0.11859425144123818
        2713   1.3000000000000000       0.63333300000000003       0.11754469508928671
        2714   1.3333330000000001       0.63333300000000003       0.11744728693453974
        2715   1.3666670000000001       0.63333300000000003       0.11892843097503206
        2716   1.3999999999999999       0.63333300000000003       0.11995092455016139
        2717   1.4333330000000000       0.63333300000000003       0.12382799104121762
        2718   1.4666669999999999       0.63333300000000003       0.12835333568823501
        2719   1.5000000000000000       0.63333300000000003       0.13498071395884992
        2720   1.5333330000000001       0.63333300000000003       0.14316319504637096
        2721   1.5666670000000000       0.63333300000000003       0.15249603136724499
        2722   1.6000000000000001       0.63333300000000003       0.16352084469666853
        2723   1.6333329999999999       0.63333300000000003       0.17545683890243555
        2724   1.6666669999999999       0.63333300000000003       0.18732990003912636
        2725   1.7000000000000000       0.63333300000000003       0.20058354824101918
        2726   1.7333330000000000       0.63333300000000003       0.21293858280167050
        2727   1.7666670000000000       0.63333300000000003       0.22515343159635781
        2728   1.8000000000000000       0.63333300000000003       0.23812100216779247
        2729   1.8333330000000001       0.63333300000000003       0.25082551112386825
        2730   1.8666670000000001       0.63333300000000003       0.26256365076310906
        2731   1.8999999999999999       0.63333300000000003       0.27441573089183696
        2732   1.9333330000000000       0.63333300000000003       0.28585423128087623
        2733   1.9666669999999999       0.63333300000000003       0.29731001697030279
        2734   2.0000000000000000       0.63333300000000003       0.30795363003943993
        2735   2.0333329999999998       0.63333300000000003       0.31854030524368915
        2736   2.0666669999999998       0.63333300000000003       0.32830400917876668
        2737   2.1000000000000001       0.63333300000000003       0.33790436899318999
        2738   2.1333329999999999       0.63333300000000003       0.34714113026821752
        2739   2.1666669999999999       0.63333300000000003       0.35596039427974369
        2740   2.2000000000000002       0.63333300000000003       0.36405867339389164
        2741   2.2333330000000000       0.63333300000000003       0.37197108059955208
        2742   2.2666670000000000       0.63333300000000003       0.37942822323766034
        2743   2.2999999999999998       0.63333300000000003       0.38651031519831652
        2744   2.3333330000000001       0.63333300000000003       0.39316437955908223
        2745   2.3666670000000001       0.63333300000000003       0.39946763893722342
        2746   2.3999999999999999       0.63333300000000003       0.40523237839155524
        2747   2.4333330000000002       0.63333300000000003       0.41094495035670481
        2748   2.4666670000000002       0.63333300000000003       0.41602683143262470
        2749   2.5000000000000000       0.63333300000000003       0.42085361971736196
        2750   2.5333329999999998       0.63333300000000003       0.42527352381032990
        2751   2.5666669999999998       0.63333300000000003       0.42961139079730376
        2752   2.6000000000000001       0.63333300000000003       0.43362341728048825
        2753   2.6333329999999999       0.63333300000000003       0.43718650245422985
        2754   2.6666669999999999       0.63333300000000003       0.44046487062472456
        2755   2.7000000000000002       0.63333300000000003       0.44373641346553938
        2756   2.7333330000000000       0.63333300000000003       0.44654958425178010
        2757   2.7666670000000000       0.63333300000000003       0.44928737295922622
        2758   2.7999999999999998       0.63333300000000003       0.45170075653281921
        2759   2.8333330000000001       0.63333300000000003       0.45400469801486837
        2760   2.8666670000000001       0.63333300000000003       0.45600785129489790
        2761   2.8999999999999999       0.63333300000000003       0.45803875794210103
        2762   2.9333330000000002       0.63333300000000003       0.45974237736625617
        2763   2.9666670000000002       0.63333300000000003       0.46134197589419546
        2764   3.0000000000000000       0.63333300000000003       0.46282425145227224
        2765   3.0333329999999998       0.63333300000000003       0.46415061065516910
        2766   3.0666669999999998       0.63333300000000003       0.46546178507358899
        2767   3.1000000000000001       0.63333300000000003       0.46648782193486971
        2768   3.1333329999999999       0.63333300000000003       0.46749768995334962
        2769   3.1666669999999999       0.63333300000000003       0.46842832901530940
        2770   3.2000000000000002       0.63333300000000003       0.46924237769719512
        2771   3.2333330000000000       0.63333300000000003       0.46998286117063665
        2772   3.2666670000000000       0.63333300000000003       0.47074846206335180
        2773   3.2999999999999998       0.63333300000000003       0.47122530389279865
        2774   3.3333330000000001       0.63333300000000003       0.47183390975575645
        2775   3.3666670000000001       0.63333300000000003       0.47237717201741564
        2776   3.3999999999999999       0.63333300000000003       0.47276143034668605
        2777   3.4333330000000002       0.63333300000000003       0.47316852613858207
        2778   3.4666670000000002       0.63333300000000003       0.47343188270886266
        2779   3.5000000000000000       0.63333300000000003       0.47382376479965366
        2780   3.5333329999999998       0.63333300000000003       0.47407277104889228
        2781   3.5666669999999998       0.63333300000000003       0.47430908338565758
        2782   3.6000000000000001       0.63333300000000003       0.47460745558923068
        2783   3.6333329999999999       0.63333300000000003       0.47474044573621765
        2784   3.6666669999999999       0.63333300000000003       0.47481303393758567
        2785   3.7000000000000002       0.63333300000000003       0.47510209451280178
        2786   3.7333330000000000       0.63333300000000003       0.47509625993301047
        2787   3.7666670000000000       0.63333300000000003       0.47528167540497640
        2788   3.7999999999999998       0.63333300000000003       0.47537775854649422
        2789   3.8333330000000001       0.63333300000000003       0.47547835226471957
        2790   3.8666670000000001       0.63333300000000003       0.47557524087427072
        2791   3.8999999999999999       0.63333300000000003       0.47561865179258256
        2792   3.9333330000000002       0.63333300000000003       0.47556143384172456
        2793   3.9666670000000002       0.63333300000000003       0.47570344080051175
        2794   4.0000000000000000       0.63333300000000003       0.47573309715666107
        2795   4.0333329999999998       0.63333300000000003       0.47568179537073008
        2796   4.0666669999999998       0.63333300000000003       0.47582301805473903
        2797   4.0999999999999996       0.63333300000000003       0.47569371534191618
        2798   4.1333330000000004       0.63333300000000003       0.47578115336780663
        2799   4.1666670000000003       0.63333300000000003       0.47583084286018945
        2800   4.2000000000000002       0.63333300000000003       0.47580579999064360
        2801   4.2333330000000000       0.63333300000000003       0.47580817440897294
        2802   4.2666670000000000       0.63333300000000003       0.47588267088689346
        2803   4.2999999999999998       0.63333300000000003       0.47579204548247928
        2804   4.3333329999999997       0.63333300000000003       0.47579858855562096
        2805   4.3666669999999996       0.63333300000000003       0.47590942866002633
        2806   4.4000000000000004       0.63333300000000003       0.47576143524749315
        2807   4.4333330000000002       0.63333300000000003       0.47587367527911600
        2808   4.4666670000000002       0.63333300000000003       0.47585336048911347
        2809   4.5000000000000000       0.63333300000000003       0.47584715193911797
        2810   4.5333329999999998       0.63333300000000003       0.47583978539720856
        2811   4.5666669999999998       0.63333300000000003       0.47580909767394503
        2812   4.5999999999999996       0.63333300000000003       0.47589713069620043
        2813   4.6333330000000004       0.63333300000000003       0.47584107873062148
        2814   4.6666670000000003       0.63333300000000003       0.47590239199168144
        2815   4.7000000000000002       0.63333300000000003       0.47590800866185234
        2816   4.7333330000000000       0.63333300000000003       0.47581512196592413
        2817   4.7666670000000000       0.63333300000000003       0.47588084869994696
        2818   4.7999999999999998       0.63333300000000003       0.47593997519429188
        2819   4.8333329999999997       0.63333300000000003       0.47591365906317684
        2820   4.8666669999999996       0.63333300000000003       0.47593898507628557
        2821   4.9000000000000004       0.63333300000000003       0.47585563334353059
        2822   4.9333330000000002       0.63333300000000003       0.47598136411276665
        2823   4.9666670000000002       0.63333300000000003       0.47584820140686623
        2824   5.0000000000000000       0.63333300000000003       0.47594693882740285
        2825   0.0000000000000000       0.66666700000000001       0.66666700000000001     
        2826   3.3333000000000002E-002  0.66666700000000001       0.65576925863306756
        2827   6.6667000000000004E-002  0.66666700000000001       0.64485443512787610
        2828  0.10000000000000001       0.66666700000000001       0.63392474664451071
        2829  0.13333300000000001       0.66666700000000001       0.62297279019678087
        2830  0.16666700000000001       0.66666700000000001       0.61196658953814165
        2831  0.20000000000000001       0.66666700000000001       0.60096631690179081
        2832  0.23333300000000001       0.66666700000000001       0.58983550034802379
        2833  0.26666699999999999       0.66666700000000001       0.57872045175783382
        2834  0.29999999999999999       0.66666700000000001       0.56742369017421423
        2835  0.33333299999999999       0.66666700000000001       0.55610719846215328
        2836  0.36666700000000002       0.66666700000000001       0.54453524420981547
        2837  0.40000000000000002       0.66666700000000001       0.53271910685739199
        2838  0.43333300000000002       0.66666700000000001       0.52076681192762375
        2839  0.46666700000000000       0.66666700000000001       0.50841552777728016
        2840  0.50000000000000000       0.66666700000000001       0.49565981039845897
        2841  0.53333299999999995       0.66666700000000001       0.48242517637180315
        2842  0.56666700000000003       0.66666700000000001       0.46871690241617220
        2843  0.59999999999999998       0.66666700000000001       0.45440586094793856
        2844  0.63333300000000003       0.66666700000000001       0.43923417506601792
        2845  0.66666700000000001       0.66666700000000001       0.42330915373316691
        2846  0.69999999999999996       0.66666700000000001       0.40687692032813372
        2847  0.73333300000000001       0.66666700000000001       0.38914949829021922
        2848  0.76666699999999999       0.66666700000000001       0.37103073425641425
        2849  0.80000000000000004       0.66666700000000001       0.35188864371442019
        2850  0.83333299999999999       0.66666700000000001       0.33206261549276422
        2851  0.86666699999999997       0.66666700000000001       0.31209732217031205
        2852  0.90000000000000002       0.66666700000000001       0.29185666977530206
        2853  0.93333299999999997       0.66666700000000001       0.27217865596249174
        2854  0.96666700000000005       0.66666700000000001       0.25310253495683127
        2855   1.0000000000000000       0.66666700000000001       0.23608992085703845
        2856   1.0333330000000001       0.66666700000000001       0.22062469625045053
        2857   1.0666670000000000       0.66666700000000001       0.20882700375153695
        2858   1.1000000000000001       0.66666700000000001       0.19772689958873427
        2859   1.1333329999999999       0.66666700000000001       0.19048961131466691
        2860   1.1666669999999999       0.66666700000000001       0.18344794580611537
        2861   1.2000000000000000       0.66666700000000001       0.17933048668191995
        2862   1.2333330000000000       0.66666700000000001       0.17597995055097934
        2863   1.2666670000000000       0.66666700000000001       0.17311122736001955
        2864   1.3000000000000000       0.66666700000000001       0.17285164299697753
        2865   1.3333330000000001       0.66666700000000001       0.17251499239691062
        2866   1.3666670000000001       0.66666700000000001       0.17276153638547428
        2867   1.3999999999999999       0.66666700000000001       0.17552612710584281
        2868   1.4333330000000000       0.66666700000000001       0.17880247941613159
        2869   1.4666669999999999       0.66666700000000001       0.18284305149936214
        2870   1.5000000000000000       0.66666700000000001       0.19017864863869161
        2871   1.5333330000000001       0.66666700000000001       0.19699410075827822
        2872   1.5666670000000000       0.66666700000000001       0.20672950802885950
        2873   1.6000000000000001       0.66666700000000001       0.21716375079990352
        2874   1.6333329999999999       0.66666700000000001       0.22769516800966513
        2875   1.6666669999999999       0.66666700000000001       0.23986813150175634
        2876   1.7000000000000000       0.66666700000000001       0.25178499402380133
        2877   1.7333330000000000       0.66666700000000001       0.26424189153140287
        2878   1.7666670000000000       0.66666700000000001       0.27634791113267915
        2879   1.8000000000000000       0.66666700000000001       0.28857633586703785
        2880   1.8333330000000001       0.66666700000000001       0.30058219028798477
        2881   1.8666670000000001       0.66666700000000001       0.31240344217717730
        2882   1.8999999999999999       0.66666700000000001       0.32408910755995451
        2883   1.9333330000000000       0.66666700000000001       0.33498407775623729
        2884   1.9666669999999999       0.66666700000000001       0.34592712220831168
        2885   2.0000000000000000       0.66666700000000001       0.35670717266834390
        2886   2.0333329999999998       0.66666700000000001       0.36650074113727382
        2887   2.0666669999999998       0.66666700000000001       0.37639686239812031
        2888   2.1000000000000001       0.66666700000000001       0.38589377196820135
        2889   2.1333329999999999       0.66666700000000001       0.39460715654409861
        2890   2.1666669999999999       0.66666700000000001       0.40288521294081675
        2891   2.2000000000000002       0.66666700000000001       0.41110013369851067
        2892   2.2333330000000000       0.66666700000000001       0.41888202442354755
        2893   2.2666670000000000       0.66666700000000001       0.42586013483865381
        2894   2.2999999999999998       0.66666700000000001       0.43283869348683268
        2895   2.3333330000000001       0.66666700000000001       0.43941320833282493
        2896   2.3666670000000001       0.66666700000000001       0.44528717648380489
        2897   2.3999999999999999       0.66666700000000001       0.45115680173195410
        2898   2.4333330000000002       0.66666700000000001       0.45639963363205466
        2899   2.4666670000000002       0.66666700000000001       0.46142989748479457
        2900   2.5000000000000000       0.66666700000000001       0.46621208432248523
        2901   2.5333329999999998       0.66666700000000001       0.47057429852209776
        2902   2.5666669999999998       0.66666700000000001       0.47468563049348106
        2903   2.6000000000000001       0.66666700000000001       0.47836494563557735
        2904   2.6333329999999999       0.66666700000000001       0.48197984481824602
        2905   2.6666669999999999       0.66666700000000001       0.48532102650070469
        2906   2.7000000000000002       0.66666700000000001       0.48820252520513946
        2907   2.7333330000000000       0.66666700000000001       0.49109319057422229
        2908   2.7666670000000000       0.66666700000000001       0.49372667013872512
        2909   2.7999999999999998       0.66666700000000001       0.49619055168819920
        2910   2.8333330000000001       0.66666700000000001       0.49825078519434080
        2911   2.8666670000000001       0.66666700000000001       0.50037038435538517
        2912   2.8999999999999999       0.66666700000000001       0.50222962342965194
        2913   2.9333330000000002       0.66666700000000001       0.50382540640962348
        2914   2.9666670000000002       0.66666700000000001       0.50549345018610614
        2915   3.0000000000000000       0.66666700000000001       0.50688475418119816
        2916   3.0333329999999998       0.66666700000000001       0.50823753273707284
        2917   3.0666669999999998       0.66666700000000001       0.50934559427376491
        2918   3.1000000000000001       0.66666700000000001       0.51050733088907907
        2919   3.1333329999999999       0.66666700000000001       0.51149339270842198
        2920   3.1666669999999999       0.66666700000000001       0.51237982680950089
        2921   3.2000000000000002       0.66666700000000001       0.51309082720961197
        2922   3.2333330000000000       0.66666700000000001       0.51392387164073072
        2923   3.2666670000000000       0.66666700000000001       0.51456063390295603
        2924   3.2999999999999998       0.66666700000000001       0.51516220827214887
        2925   3.3333330000000001       0.66666700000000001       0.51572041196883567
        2926   3.3666670000000001       0.66666700000000001       0.51616704653564249
        2927   3.3999999999999999       0.66666700000000001       0.51649740227448226
        2928   3.4333330000000002       0.66666700000000001       0.51697027529265926
        2929   3.4666670000000002       0.66666700000000001       0.51736499365658206
        2930   3.5000000000000000       0.66666700000000001       0.51756539736626761
        2931   3.5333329999999998       0.66666700000000001       0.51792840621883307
        2932   3.5666669999999998       0.66666700000000001       0.51814438950691666
        2933   3.6000000000000001       0.66666700000000001       0.51827749306235993
        2934   3.6333329999999999       0.66666700000000001       0.51854987284499665
        2935   3.6666669999999999       0.66666700000000001       0.51868613346808989
        2936   3.7000000000000002       0.66666700000000001       0.51881822663237076
        2937   3.7333330000000000       0.66666700000000001       0.51899297260280397
        2938   3.7666670000000000       0.66666700000000001       0.51910187940957653
        2939   3.7999999999999998       0.66666700000000001       0.51916651909929379
        2940   3.8333330000000001       0.66666700000000001       0.51923881828455698
        2941   3.8666670000000001       0.66666700000000001       0.51925402591160097
        2942   3.8999999999999999       0.66666700000000001       0.51940520544688185
        2943   3.9333330000000002       0.66666700000000001       0.51944276776549803
        2944   3.9666670000000002       0.66666700000000001       0.51949570037957593
        2945   4.0000000000000000       0.66666700000000001       0.51942600952001372
        2946   4.0333329999999998       0.66666700000000001       0.51954794888296452
        2947   4.0666669999999998       0.66666700000000001       0.51955261265633346
        2948   4.0999999999999996       0.66666700000000001       0.51959625307819901
        2949   4.1333330000000004       0.66666700000000001       0.51958915131936523
        2950   4.1666670000000003       0.66666700000000001       0.51959348294489782
        2951   4.2000000000000002       0.66666700000000001       0.51953033899701750
        2952   4.2333330000000000       0.66666700000000001       0.51965966886601578
        2953   4.2666670000000000       0.66666700000000001       0.51957306612534015
        2954   4.2999999999999998       0.66666700000000001       0.51966279286794714
        2955   4.3333329999999997       0.66666700000000001       0.51962771193238988
        2956   4.3666669999999996       0.66666700000000001       0.51963037145660251
        2957   4.4000000000000004       0.66666700000000001       0.51963692934183092
        2958   4.4333330000000002       0.66666700000000001       0.51965865291084390
        2959   4.4666670000000002       0.66666700000000001       0.51957667018123477
        2960   4.5000000000000000       0.66666700000000001       0.51969226205828112
        2961   4.5333329999999998       0.66666700000000001       0.51958189994968229
        2962   4.5666669999999998       0.66666700000000001       0.51967907575848538
        2963   4.5999999999999996       0.66666700000000001       0.51970477269066606
        2964   4.6333330000000004       0.66666700000000001       0.51964008920103111
        2965   4.6666670000000003       0.66666700000000001       0.51959187737298929
        2966   4.7000000000000002       0.66666700000000001       0.51969743960482284
        2967   4.7333330000000000       0.66666700000000001       0.51971221898041409
        2968   4.7666670000000000       0.66666700000000001       0.51965378471595935
        2969   4.7999999999999998       0.66666700000000001       0.51971406256211150
        2970   4.8333329999999997       0.66666700000000001       0.51961751873186368
        2971   4.8666669999999996       0.66666700000000001       0.51971448971680967
        2972   4.9000000000000004       0.66666700000000001       0.51970369866664656
        2973   4.9333330000000002       0.66666700000000001       0.51970218922249634
        2974   4.9666670000000002       0.66666700000000001       0.51972111246821118
        2975   5.0000000000000000       0.66666700000000001       0.51964288072617959
        2976   0.0000000000000000       0.69999999999999996       0.69999999999999996     
        2977   3.3333000000000002E-002  0.69999999999999996       0.69001585447864999
        2978   6.6667000000000004E-002  0.69999999999999996       0.68001738366092468
        2979  0.10000000000000001       0.69999999999999996       0.66998041925465113
        2980  0.13333300000000001       0.69999999999999996       0.65993064549021985
        2981  0.16666700000000001       0.69999999999999996       0.64983425077585288
        2982  0.20000000000000001       0.69999999999999996       0.63967331604162592
        2983  0.23333300000000001       0.69999999999999996       0.62944531479051702
        2984  0.26666699999999999       0.69999999999999996       0.61910303965872038
        2985  0.29999999999999999       0.69999999999999996       0.60871269711411746
        2986  0.33333299999999999       0.69999999999999996       0.59809610709352834
        2987  0.36666700000000002       0.69999999999999996       0.58739182689235081
        2988  0.40000000000000002       0.69999999999999996       0.57640093026695283
        2989  0.43333300000000002       0.69999999999999996       0.56514563859639033
        2990  0.46666700000000000       0.69999999999999996       0.55361620884556495
        2991  0.50000000000000000       0.69999999999999996       0.54170867810565071
        2992  0.53333299999999995       0.69999999999999996       0.52930248915413303
        2993  0.56666700000000003       0.69999999999999996       0.51633493259400387
        2994  0.59999999999999998       0.69999999999999996       0.50274378173284084
        2995  0.63333300000000003       0.69999999999999996       0.48866307651227803
        2996  0.66666700000000001       0.69999999999999996       0.47385668745226917
        2997  0.69999999999999996       0.69999999999999996       0.45823242149243543
        2998  0.73333300000000001       0.69999999999999996       0.44192633248893587
        2999  0.76666699999999999       0.69999999999999996       0.42473089829245064
        3000  0.80000000000000004       0.69999999999999996       0.40698545897428734
        3001  0.83333299999999999       0.69999999999999996       0.38883359254265620
        3002  0.86666699999999997       0.69999999999999996       0.37001361019590684
        3003  0.90000000000000002       0.69999999999999996       0.35180120363601280
        3004  0.93333299999999997       0.69999999999999996       0.33311619002676418
        3005  0.96666700000000005       0.69999999999999996       0.31602705311921958
        3006   1.0000000000000000       0.69999999999999996       0.29988180196157421
        3007   1.0333330000000001       0.69999999999999996       0.28594118306947103
        3008   1.0666670000000000       0.69999999999999996       0.27302307168094397
        3009   1.1000000000000001       0.69999999999999996       0.26329694947406168
        3010   1.1333329999999999       0.69999999999999996       0.25425928431038580
        3011   1.1666669999999999       0.69999999999999996       0.24817322747641218
        3012   1.2000000000000000       0.69999999999999996       0.24231610894110131
        3013   1.2333330000000000       0.69999999999999996       0.23913112297598871
        3014   1.2666670000000000       0.69999999999999996       0.23686455650806559
        3015   1.3000000000000000       0.69999999999999996       0.23555256796863175
        3016   1.3333330000000001       0.69999999999999996       0.23447853354426881
        3017   1.3666670000000001       0.69999999999999996       0.23590158343599574
        3018   1.3999999999999999       0.69999999999999996       0.23787493057293554
        3019   1.4333330000000000       0.69999999999999996       0.24043095437110765
        3020   1.4666669999999999       0.69999999999999996       0.24560601104625390
        3021   1.5000000000000000       0.69999999999999996       0.25154174570953564
        3022   1.5333330000000001       0.69999999999999996       0.25877273153008301
        3023   1.5666670000000000       0.69999999999999996       0.26673567506988788
        3024   1.6000000000000001       0.69999999999999996       0.27676922438701163
        3025   1.6333329999999999       0.69999999999999996       0.28741311432155314
        3026   1.6666669999999999       0.69999999999999996       0.29792294405506220
        3027   1.7000000000000000       0.69999999999999996       0.30940720003141858
        3028   1.7333330000000000       0.69999999999999996       0.32052863655237118
        3029   1.7666670000000000       0.69999999999999996       0.33257956873493255
        3030   1.8000000000000000       0.69999999999999996       0.34412634756648508
        3031   1.8333330000000001       0.69999999999999996       0.35511743552893210
        3032   1.8666670000000001       0.69999999999999996       0.36665071229615337
        3033   1.8999999999999999       0.69999999999999996       0.37790225692287094
        3034   1.9333330000000000       0.69999999999999996       0.38847493176226977
        3035   1.9666669999999999       0.69999999999999996       0.39884838538458151
        3036   2.0000000000000000       0.69999999999999996       0.40868000329274012
        3037   2.0333329999999998       0.69999999999999996       0.41857395395831148
        3038   2.0666669999999998       0.69999999999999996       0.42784868069724863
        3039   2.1000000000000001       0.69999999999999996       0.43655150189840297
        3040   2.1333329999999999       0.69999999999999996       0.44521206445312433
        3041   2.1666669999999999       0.69999999999999996       0.45326510745325410
        3042   2.2000000000000002       0.69999999999999996       0.46097275671387611
        3043   2.2333330000000000       0.69999999999999996       0.46813149233094004
        3044   2.2666670000000000       0.69999999999999996       0.47521883523518621
        3045   2.2999999999999998       0.69999999999999996       0.48165223063300627
        3046   2.3333330000000001       0.69999999999999996       0.48769986254695130
        3047   2.3666670000000001       0.69999999999999996       0.49367484891924879
        3048   2.3999999999999999       0.69999999999999996       0.49893855178184854
        3049   2.4333330000000002       0.69999999999999996       0.50415371651741192
        3050   2.4666670000000002       0.69999999999999996       0.50906273483135878
        3051   2.5000000000000000       0.69999999999999996       0.51337137600961158
        3052   2.5333329999999998       0.69999999999999996       0.51770533150195752
        3053   2.5666669999999998       0.69999999999999996       0.52149475251563104
        3054   2.6000000000000001       0.69999999999999996       0.52517509981989174
        3055   2.6333329999999999       0.69999999999999996       0.52850208939982857
        3056   2.6666669999999999       0.69999999999999996       0.53158574099795863
        3057   2.7000000000000002       0.69999999999999996       0.53451297709354340
        3058   2.7333330000000000       0.69999999999999996       0.53724783777127905
        3059   2.7666670000000000       0.69999999999999996       0.53966141888610009
        3060   2.7999999999999998       0.69999999999999996       0.54195348588517933
        3061   2.8333330000000001       0.69999999999999996       0.54414694485993009
        3062   2.8666670000000001       0.69999999999999996       0.54603321118741754
        3063   2.8999999999999999       0.69999999999999996       0.54772907572387797
        3064   2.9333330000000002       0.69999999999999996       0.54947004124086030
        3065   2.9666670000000002       0.69999999999999996       0.55091950669007550
        3066   3.0000000000000000       0.69999999999999996       0.55219761452763805
        3067   3.0333329999999998       0.69999999999999996       0.55354762759166953
        3068   3.0666669999999998       0.69999999999999996       0.55473998443383066
        3069   3.1000000000000001       0.69999999999999996       0.55567973214120980
        3070   3.1333329999999999       0.69999999999999996       0.55672538453480680
        3071   3.1666669999999999       0.69999999999999996       0.55747165339890803
        3072   3.2000000000000002       0.69999999999999996       0.55833758103170650
        3073   3.2333330000000000       0.69999999999999996       0.55899647589439683
        3074   3.2666670000000000       0.69999999999999996       0.55955448451444323
        3075   3.2999999999999998       0.69999999999999996       0.56024849784863318
        3076   3.3333330000000001       0.69999999999999996       0.56066078794767138
        3077   3.3666670000000001       0.69999999999999996       0.56119007129167064
        3078   3.3999999999999999       0.69999999999999996       0.56157564109864855
        3079   3.4333330000000002       0.69999999999999996       0.56196038431874218
        3080   3.4666670000000002       0.69999999999999996       0.56223083882602709
        3081   3.5000000000000000       0.69999999999999996       0.56261998635939547
        3082   3.5333329999999998       0.69999999999999996       0.56284223838668657
        3083   3.5666669999999998       0.69999999999999996       0.56299091284505709
        3084   3.6000000000000001       0.69999999999999996       0.56327817570137084
        3085   3.6333329999999999       0.69999999999999996       0.56342184662779982
        3086   3.6666669999999999       0.69999999999999996       0.56364556725232173
        3087   3.7000000000000002       0.69999999999999996       0.56378398232769178
        3088   3.7333330000000000       0.69999999999999996       0.56386218103848962
        3089   3.7666670000000000       0.69999999999999996       0.56389097378631037
        3090   3.7999999999999998       0.69999999999999996       0.56404623330902781
        3091   3.8333330000000001       0.69999999999999996       0.56415478661298724
        3092   3.8666670000000001       0.69999999999999996       0.56426165582868448
        3093   3.8999999999999999       0.69999999999999996       0.56422950143066219
        3094   3.9333330000000002       0.69999999999999996       0.56438867452215380
        3095   3.9666670000000002       0.69999999999999996       0.56433475050526527
        3096   4.0000000000000000       0.69999999999999996       0.56439223158724949
        3097   4.0333329999999998       0.69999999999999996       0.56443741151077365
        3098   4.0666669999999998       0.69999999999999996       0.56436019653569547
        3099   4.0999999999999996       0.69999999999999996       0.56445578602194968
        3100   4.1333330000000004       0.69999999999999996       0.56448464074172688
        3101   4.1666670000000003       0.69999999999999996       0.56452271855971803
        3102   4.2000000000000002       0.69999999999999996       0.56452861949118216
        3103   4.2333330000000000       0.69999999999999996       0.56445966938680192
        3104   4.2666670000000000       0.69999999999999996       0.56455386694211551
        3105   4.2999999999999998       0.69999999999999996       0.56456554386519509
        3106   4.3333329999999997       0.69999999999999996       0.56451918315759897
        3107   4.3666669999999996       0.69999999999999996       0.56446607121079684
        3108   4.4000000000000004       0.69999999999999996       0.56457929728158185
        3109   4.4333330000000002       0.69999999999999996       0.56447344649210351
        3110   4.4666670000000002       0.69999999999999996       0.56457047262500515
        3111   4.5000000000000000       0.69999999999999996       0.56449678243449430
        3112   4.5333329999999998       0.69999999999999996       0.56458484204426507
        3113   4.5666669999999998       0.69999999999999996       0.56452863341104009
        3114   4.5999999999999996       0.69999999999999996       0.56452934653663811
        3115   4.6333330000000004       0.69999999999999996       0.56452375094715490
        3116   4.6666670000000003       0.69999999999999996       0.56459623312975882
        3117   4.7000000000000002       0.69999999999999996       0.56450425300274643
        3118   4.7333330000000000       0.69999999999999996       0.56459071609229261
        3119   4.7666670000000000       0.69999999999999996       0.56458365129173149
        3120   4.7999999999999998       0.69999999999999996       0.56457148672309343
        3121   4.8333329999999997       0.69999999999999996       0.56459627873767948
        3122   4.8666669999999996       0.69999999999999996       0.56452413622317565
        3123   4.9000000000000004       0.69999999999999996       0.56462495548523006
        3124   4.9333330000000002       0.69999999999999996       0.56452174194080196
        3125   4.9666670000000002       0.69999999999999996       0.56459907219493699
        3126   5.0000000000000000       0.69999999999999996       0.56465044884337356
        3127   0.0000000000000000       0.73333300000000001       0.73333300000000001     
        3128   3.3333000000000002E-002  0.73333300000000001       0.72431387011277304
        3129   6.6667000000000004E-002  0.73333300000000001       0.71528354265323146
        3130  0.10000000000000001       0.73333300000000001       0.70622190468169455
        3131  0.13333300000000001       0.73333300000000001       0.69712455585059674
        3132  0.16666700000000001       0.73333300000000001       0.68796374203284727
        3133  0.20000000000000001       0.73333300000000001       0.67874759856655309
        3134  0.23333300000000001       0.73333300000000001       0.66945381448901742
        3135  0.26666699999999999       0.73333300000000001       0.66008655999216381
        3136  0.29999999999999999       0.73333300000000001       0.65054671774197625
        3137  0.33333299999999999       0.73333300000000001       0.64089853719518264
        3138  0.36666700000000002       0.73333300000000001       0.63105965116101226
        3139  0.40000000000000002       0.73333300000000001       0.62101650478639847
        3140  0.43333300000000002       0.73333300000000001       0.61069903090822686
        3141  0.46666700000000000       0.73333300000000001       0.60004995001379657
        3142  0.50000000000000000       0.73333300000000001       0.58902724916229499
        3143  0.53333299999999995       0.73333300000000001       0.57759598277593471
        3144  0.56666700000000003       0.73333300000000001       0.56569156227844597
        3145  0.59999999999999998       0.73333300000000001       0.55324962239678444
        3146  0.63333300000000003       0.73333300000000001       0.54024735223977283
        3147  0.66666700000000001       0.73333300000000001       0.52653387808257723
        3148  0.69999999999999996       0.73333300000000001       0.51208307531265307
        3149  0.73333300000000001       0.73333300000000001       0.49723884464155449
        3150  0.76666699999999999       0.73333300000000001       0.48162966565562543
        3151  0.80000000000000004       0.73333300000000001       0.46521026355559009
        3152  0.83333299999999999       0.73333300000000001       0.44877355254881313
        3153  0.86666699999999997       0.73333300000000001       0.43207862231102806
        3154  0.90000000000000002       0.73333300000000001       0.41496127714364006
        3155  0.93333299999999997       0.73333300000000001       0.39875143931772594
        3156  0.96666700000000005       0.73333300000000001       0.38260155951534658
        3157   1.0000000000000000       0.73333300000000001       0.36838871029297010
        3158   1.0333330000000001       0.73333300000000001       0.35456236294890842
        3159   1.0666670000000000       0.73333300000000001       0.34327271455182079
        3160   1.1000000000000001       0.73333300000000001       0.33302404341296116
        3161   1.1333329999999999       0.73333300000000001       0.32508610911743513
        3162   1.1666669999999999       0.73333300000000001       0.31777971825802753
        3163   1.2000000000000000       0.73333300000000001       0.31298604917259276
        3164   1.2333330000000000       0.73333300000000001       0.30920024314172578
        3165   1.2666670000000000       0.73333300000000001       0.30613701995871667
        3166   1.3000000000000000       0.73333300000000001       0.30466919228266742
        3167   1.3333330000000001       0.73333300000000001       0.30446625964279189
        3168   1.3666670000000001       0.73333300000000001       0.30497892220945921
        3169   1.3999999999999999       0.73333300000000001       0.30627373960262277
        3170   1.4333330000000000       0.73333300000000001       0.30984167879230784
        3171   1.4666669999999999       0.73333300000000001       0.31393413642396290
        3172   1.5000000000000000       0.73333300000000001       0.31928934566764733
        3173   1.5333330000000001       0.73333300000000001       0.32584380814513003
        3174   1.5666670000000000       0.73333300000000001       0.33399638016171201
        3175   1.6000000000000001       0.73333300000000001       0.34235698503296313
        3176   1.6333329999999999       0.73333300000000001       0.35146067886726068
        3177   1.6666669999999999       0.73333300000000001       0.36190990143692858
        3178   1.7000000000000000       0.73333300000000001       0.37210467272947106
        3179   1.7333330000000000       0.73333300000000001       0.38285360940292162
        3180   1.7666670000000000       0.73333300000000001       0.39334734274134403
        3181   1.8000000000000000       0.73333300000000001       0.40411607553196888
        3182   1.8333330000000001       0.73333300000000001       0.41486299693822548
        3183   1.8666670000000001       0.73333300000000001       0.42518738084115038
        3184   1.8999999999999999       0.73333300000000001       0.43556411469257489
        3185   1.9333330000000000       0.73333300000000001       0.44570568720328624
        3186   1.9666669999999999       0.73333300000000001       0.45515437001921677
        3187   2.0000000000000000       0.73333300000000001       0.46482280788935176
        3188   2.0333329999999998       0.73333300000000001       0.47373291617379448
        3189   2.0666669999999998       0.73333300000000001       0.48225811723672585
        3190   2.1000000000000001       0.73333300000000001       0.49081662154145284
        3191   2.1333329999999999       0.73333300000000001       0.49853684452480312
        3192   2.1666669999999999       0.73333300000000001       0.50636343824681207
        3193   2.2000000000000002       0.73333300000000001       0.51331653657510923
        3194   2.2333330000000000       0.73333300000000001       0.52034119169611692
        3195   2.2666670000000000       0.73333300000000001       0.52660703767642691
        3196   2.2999999999999998       0.73333300000000001       0.53283447220749136
        3197   2.3333330000000001       0.73333300000000001       0.53856577271398431
        3198   2.3666670000000001       0.73333300000000001       0.54397322544678439
        3199   2.3999999999999999       0.73333300000000001       0.54906830903914061
        3200   2.4333330000000002       0.73333300000000001       0.55385941829058960
        3201   2.4666670000000002       0.73333300000000001       0.55835809145472326
        3202   2.5000000000000000       0.73333300000000001       0.56255289172351453
        3203   2.5333329999999998       0.73333300000000001       0.56636978249728520
        3204   2.5666669999999998       0.73333300000000001       0.57010029853604993
        3205   2.6000000000000001       0.73333300000000001       0.57349094340514750
        3206   2.6333329999999999       0.73333300000000001       0.57662444982936367
        3207   2.6666669999999999       0.73333300000000001       0.57955176951364362
        3208   2.7000000000000002       0.73333300000000001       0.58227677881196027
        3209   2.7333330000000000       0.73333300000000001       0.58477719101870096
        3210   2.7666670000000000       0.73333300000000001       0.58713600782863096
        3211   2.7999999999999998       0.73333300000000001       0.58921874986038214
        3212   2.8333330000000001       0.73333300000000001       0.59113312400077478
        3213   2.8666670000000001       0.73333300000000001       0.59304310360404577
        3214   2.8999999999999999       0.73333300000000001       0.59469663865583311
        3215   2.9333330000000002       0.73333300000000001       0.59615170170499221
        3216   2.9666670000000002       0.73333300000000001       0.59762229410342493
        3217   3.0000000000000000       0.73333300000000001       0.59889120445263766
        3218   3.0333329999999998       0.73333300000000001       0.60009078612259426
        3219   3.0666669999999998       0.73333300000000001       0.60109787827788774
        3220   3.1000000000000001       0.73333300000000001       0.60215503457268893
        3221   3.1333329999999999       0.73333300000000001       0.60295541245713036
        3222   3.1666669999999999       0.73333300000000001       0.60383071113183784
        3223   3.2000000000000002       0.73333300000000001       0.60448026557087731
        3224   3.2333330000000000       0.73333300000000001       0.60519815284695055
        3225   3.2666670000000000       0.73333300000000001       0.60577479273942458
        3226   3.2999999999999998       0.73333300000000001       0.60629460201533214
        3227   3.3333330000000001       0.73333300000000001       0.60683479673085849
        3228   3.3666670000000001       0.73333300000000001       0.60720668187596827
        3229   3.3999999999999999       0.73333300000000001       0.60764272253897811
        3230   3.4333330000000002       0.73333300000000001       0.60791022475429113
        3231   3.4666670000000002       0.73333300000000001       0.60831264500561510
        3232   3.5000000000000000       0.73333300000000001       0.60850743484500303
        3233   3.5333329999999998       0.73333300000000001       0.60882709292555659
        3234   3.5666669999999998       0.73333300000000001       0.60902642509976490
        3235   3.6000000000000001       0.73333300000000001       0.60924193713984409
        3236   3.6333329999999999       0.73333300000000001       0.60938171533656760
        3237   3.6666669999999999       0.73333300000000001       0.60950818720456068
        3238   3.7000000000000002       0.73333300000000001       0.60964558577314587
        3239   3.7333330000000000       0.73333300000000001       0.60977206422703290
        3240   3.7666670000000000       0.73333300000000001       0.60987457848671089
        3241   3.7999999999999998       0.73333300000000001       0.60996298420210060
        3242   3.8333330000000001       0.73333300000000001       0.61006253514989339
        3243   3.8666670000000001       0.73333300000000001       0.61006826742970544
        3244   3.8999999999999999       0.73333300000000001       0.61018224656575315
        3245   3.9333330000000002       0.73333300000000001       0.61020752653265375
        3246   3.9666670000000002       0.73333300000000001       0.61022629278018070
        3247   4.0000000000000000       0.73333300000000001       0.61034224975859075
        3248   4.0333329999999998       0.73333300000000001       0.61028330449521973
        3249   4.0666669999999998       0.73333300000000001       0.61031493073896514
        3250   4.0999999999999996       0.73333300000000001       0.61037214986763400
        3251   4.1333330000000004       0.73333300000000001       0.61036114529533081
        3252   4.1666670000000003       0.73333300000000001       0.61031861004162979
        3253   4.2000000000000002       0.73333300000000001       0.61041798793425328
        3254   4.2333330000000000       0.73333300000000001       0.61041741696766749
        3255   4.2666670000000000       0.73333300000000001       0.61043370426434396
        3256   4.2999999999999998       0.73333300000000001       0.61036132792435438
        3257   4.3333329999999997       0.73333300000000001       0.61040852748769414
        3258   4.3666669999999996       0.73333300000000001       0.61045717710102054
        3259   4.4000000000000004       0.73333300000000001       0.61040170801453530
        3260   4.4333330000000002       0.73333300000000001       0.61040748258946886
        3261   4.4666670000000002       0.73333300000000001       0.61039612343241489
        3262   4.5000000000000000       0.73333300000000001       0.61046197624768384
        3263   4.5333329999999998       0.73333300000000001       0.61039332352473641
        3264   4.5666669999999998       0.73333300000000001       0.61046940213964662
        3265   4.5999999999999996       0.73333300000000001       0.61037067266382627
        3266   4.6333330000000004       0.73333300000000001       0.61047760413052954
        3267   4.6666670000000003       0.73333300000000001       0.61042646621529451
        3268   4.7000000000000002       0.73333300000000001       0.61045547447437953
        3269   4.7333330000000000       0.73333300000000001       0.61039870663991602
        3270   4.7666670000000000       0.73333300000000001       0.61049235286470149
        3271   4.7999999999999998       0.73333300000000001       0.61040241193008093
        3272   4.8333329999999997       0.73333300000000001       0.61048948444912621
        3273   4.8666669999999996       0.73333300000000001       0.61048348623716708
        3274   4.9000000000000004       0.73333300000000001       0.61041154522702679
        3275   4.9333330000000002       0.73333300000000001       0.61048330325418554
        3276   4.9666670000000002       0.73333300000000001       0.61049485774293366
        3277   5.0000000000000000       0.73333300000000001       0.61042201843967447
        3278   0.0000000000000000       0.76666699999999999       0.76666699999999999     
        3279   3.3333000000000002E-002  0.76666699999999999       0.75866564044358187
        3280   6.6667000000000004E-002  0.76666699999999999       0.75064530360219084
        3281  0.10000000000000001       0.76666699999999999       0.74260719421341126
        3282  0.13333300000000001       0.76666699999999999       0.73450854296445489
        3283  0.16666700000000001       0.76666699999999999       0.72637628395831244
        3284  0.20000000000000001       0.76666699999999999       0.71815712547978827
        3285  0.23333300000000001       0.76666699999999999       0.70988953041730751
        3286  0.26666699999999999       0.76666699999999999       0.70148112172238319
        3287  0.29999999999999999       0.76666699999999999       0.69297198816456174
        3288  0.33333299999999999       0.76666699999999999       0.68435105925949113
        3289  0.36666700000000002       0.76666699999999999       0.67547793794896738
        3290  0.40000000000000002       0.76666699999999999       0.66648890538212469
        3291  0.43333300000000002       0.76666699999999999       0.65713929838201124
        3292  0.46666700000000000       0.76666699999999999       0.64758274692629103
        3293  0.50000000000000000       0.76666699999999999       0.63769048310087928
        3294  0.53333299999999995       0.76666699999999999       0.62728716773344273
        3295  0.56666700000000003       0.76666699999999999       0.61659114789911773
        3296  0.59999999999999998       0.76666699999999999       0.60540729400785398
        3297  0.63333300000000003       0.76666699999999999       0.59358113538284485
        3298  0.66666700000000001       0.76666699999999999       0.58131930593779357
        3299  0.69999999999999996       0.76666699999999999       0.56842909398918873
        3300  0.73333300000000001       0.76666699999999999       0.55484906507526033
        3301  0.76666699999999999       0.76666699999999999       0.54099683997007342
        3302  0.80000000000000004       0.76666699999999999       0.52656620150352962
        3303  0.83333299999999999       0.76666699999999999       0.51171542058300445
        3304  0.86666699999999997       0.76666699999999999       0.49661812180406728
        3305  0.90000000000000002       0.76666699999999999       0.48191199431445220
        3306  0.93333299999999997       0.76666699999999999       0.46699436096169850
        3307  0.96666700000000005       0.76666699999999999       0.45324350685257803
        3308   1.0000000000000000       0.76666699999999999       0.43983735125232065
        3309   1.0333330000000001       0.76666699999999999       0.42790424527172272
        3310   1.0666670000000000       0.76666699999999999       0.41728343458800948
        3311   1.1000000000000001       0.76666699999999999       0.40772623370239036
        3312   1.1333329999999999       0.76666699999999999       0.39954635685511697
        3313   1.1666669999999999       0.76666699999999999       0.39364753731243907
        3314   1.2000000000000000       0.76666699999999999       0.38816629099451605
        3315   1.2333330000000000       0.76666699999999999       0.38429683684644528
        3316   1.2666670000000000       0.76666699999999999       0.38173760456157774
        3317   1.3000000000000000       0.76666699999999999       0.37958580339831538
        3318   1.3333330000000001       0.76666699999999999       0.37942418524518751
        3319   1.3666670000000001       0.76666699999999999       0.38019683966226414
        3320   1.3999999999999999       0.76666699999999999       0.38159867072125175
        3321   1.4333330000000000       0.76666699999999999       0.38435527821438253
        3322   1.4666669999999999       0.76666699999999999       0.38776808995555240
        3323   1.5000000000000000       0.76666699999999999       0.39261747084261384
        3324   1.5333330000000001       0.76666699999999999       0.39875392745326260
        3325   1.5666670000000000       0.76666699999999999       0.40520215422564687
        3326   1.6000000000000001       0.76666699999999999       0.41321545770511436
        3327   1.6333329999999999       0.76666699999999999       0.42173952624149946
        3328   1.6666669999999999       0.76666699999999999       0.43057461498721034
        3329   1.7000000000000000       0.76666699999999999       0.43942634496780197
        3330   1.7333330000000000       0.76666699999999999       0.44941775549718499
        3331   1.7666670000000000       0.76666699999999999       0.45910479494623069
        3332   1.8000000000000000       0.76666699999999999       0.46844458054964305
        3333   1.8333330000000001       0.76666699999999999       0.47835437856152302
        3334   1.8666670000000001       0.76666699999999999       0.48805344501742343
        3335   1.8999999999999999       0.76666699999999999       0.49704828695186987
        3336   1.9333330000000000       0.76666699999999999       0.50639572122411847
        3337   1.9666669999999999       0.76666699999999999       0.51541803973565248
        3338   2.0000000000000000       0.76666699999999999       0.52369388929029415
        3339   2.0333329999999998       0.76666699999999999       0.53208874082696878
        3340   2.0666669999999998       0.76666699999999999       0.54013843306114540
        3341   2.1000000000000001       0.76666699999999999       0.54757731773556506
        3342   2.1333329999999999       0.76666699999999999       0.55488822930365889
        3343   2.1666669999999999       0.76666699999999999       0.56181978974063451
        3344   2.2000000000000002       0.76666699999999999       0.56840287325465877
        3345   2.2333330000000000       0.76666699999999999       0.57464750091121153
        3346   2.2666670000000000       0.76666699999999999       0.58057571537228370
        3347   2.2999999999999998       0.76666699999999999       0.58603331078340226
        3348   2.3333330000000001       0.76666699999999999       0.59146283256661691
        3349   2.3666670000000001       0.76666699999999999       0.59626613551996699
        3350   2.3999999999999999       0.76666699999999999       0.60106339419191490
        3351   2.4333330000000002       0.76666699999999999       0.60537947270324743
        3352   2.4666670000000002       0.76666699999999999       0.60944193491322496
        3353   2.5000000000000000       0.76666699999999999       0.61327751512092055
        3354   2.5333329999999998       0.76666699999999999       0.61692879445904591
        3355   2.5666669999999998       0.76666699999999999       0.62014506109018375
        3356   2.6000000000000001       0.76666699999999999       0.62333185730183671
        3357   2.6333329999999999       0.76666699999999999       0.62618265904509229
        3358   2.6666669999999999       0.76666699999999999       0.62891453627937577
        3359   2.7000000000000002       0.76666699999999999       0.63140755784180203
        3360   2.7333330000000000       0.76666699999999999       0.63360205257510027
        3361   2.7666670000000000       0.76666699999999999       0.63580154748801643
        3362   2.7999999999999998       0.76666699999999999       0.63773933262789606
        3363   2.8333330000000001       0.76666699999999999       0.63953836604780168
        3364   2.8666670000000001       0.76666699999999999       0.64118559726863900
        3365   2.8999999999999999       0.76666699999999999       0.64270773573423434
        3366   2.9333330000000002       0.76666699999999999       0.64416070909645318
        3367   2.9666670000000002       0.76666699999999999       0.64536265742591314
        3368   3.0000000000000000       0.76666699999999999       0.64661512301130031
        3369   3.0333329999999998       0.76666699999999999       0.64764368019648311
        3370   3.0666669999999998       0.76666699999999999       0.64868171885498471
        3371   3.1000000000000001       0.76666699999999999       0.64951957174601860
        3372   3.1333329999999999       0.76666699999999999       0.65036268593788582
        3373   3.1666669999999999       0.76666699999999999       0.65103726204860302
        3374   3.2000000000000002       0.76666699999999999       0.65178773326029416
        3375   3.2333330000000000       0.76666699999999999       0.65231606468314596
        3376   3.2666670000000000       0.76666699999999999       0.65294752653134813
        3377   3.2999999999999998       0.76666699999999999       0.65338970183783895
        3378   3.3333330000000001       0.76666699999999999       0.65378104302859341
        3379   3.3666670000000001       0.76666699999999999       0.65422009880085297
        3380   3.3999999999999999       0.76666699999999999       0.65461833810684977
        3381   3.4333330000000002       0.76666699999999999       0.65491884636061370
        3382   3.4666670000000002       0.76666699999999999       0.65519802140616812
        3383   3.5000000000000000       0.76666699999999999       0.65545772639373590
        3384   3.5333329999999998       0.76666699999999999       0.65568262642842823
        3385   3.5666669999999998       0.76666699999999999       0.65591532657433615
        3386   3.6000000000000001       0.76666699999999999       0.65602964970344357
        3387   3.6333329999999999       0.76666699999999999       0.65624047056470491
        3388   3.6666669999999999       0.76666699999999999       0.65638249620762046
        3389   3.7000000000000002       0.76666699999999999       0.65642009376805166
        3390   3.7333330000000000       0.76666699999999999       0.65658902291516941
        3391   3.7666670000000000       0.76666699999999999       0.65673661928913085
        3392   3.7999999999999998       0.76666699999999999       0.65675077912786595
        3393   3.8333330000000001       0.76666699999999999       0.65680839827143389
        3394   3.8666670000000001       0.76666699999999999       0.65694171694522607
        3395   3.8999999999999999       0.76666699999999999       0.65694935364826790
        3396   3.9333330000000002       0.76666699999999999       0.65693259345429456
        3397   3.9666670000000002       0.76666699999999999       0.65703950175453818
        3398   4.0000000000000000       0.76666699999999999       0.65705520149241681
        3399   4.0333329999999998       0.76666699999999999       0.65707581463375675
        3400   4.0666669999999998       0.76666699999999999       0.65710717075965952
        3401   4.0999999999999996       0.76666699999999999       0.65710070545495081
        3402   4.1333330000000004       0.76666699999999999       0.65715075235242670
        3403   4.1666670000000003       0.76666699999999999       0.65714772988833703
        3404   4.2000000000000002       0.76666699999999999       0.65715157978078542
        3405   4.2333330000000000       0.76666699999999999       0.65722191911606898
        3406   4.2666670000000000       0.76666699999999999       0.65714668096965223
        3407   4.2999999999999998       0.76666699999999999       0.65721337885742870
        3408   4.3333329999999997       0.76666699999999999       0.65717881636347086
        3409   4.3666669999999996       0.76666699999999999       0.65714119655263392
        3410   4.4000000000000004       0.76666699999999999       0.65720154265060693
        3411   4.4333330000000002       0.76666699999999999       0.65722302546141054
        3412   4.4666670000000002       0.76666699999999999       0.65718351308440859
        3413   4.5000000000000000       0.76666699999999999       0.65715077550825074
        3414   4.5333329999999998       0.76666699999999999       0.65723399317218556
        3415   4.5666669999999998       0.76666699999999999       0.65717418449736331
        3416   4.5999999999999996       0.76666699999999999       0.65718343243621768
        3417   4.6333330000000004       0.76666699999999999       0.65717880260747819
        3418   4.6666670000000003       0.76666699999999999       0.65721596759420253
        3419   4.7000000000000002       0.76666699999999999       0.65721957350054727
        3420   4.7333330000000000       0.76666699999999999       0.65723351395772001
        3421   4.7666670000000000       0.76666699999999999       0.65717394638011306
        3422   4.7999999999999998       0.76666699999999999       0.65723351613144299
        3423   4.8333329999999997       0.76666699999999999       0.65722119362090015
        3424   4.8666669999999996       0.76666699999999999       0.65723582670066238
        3425   4.9000000000000004       0.76666699999999999       0.65723151645783562
        3426   4.9333330000000002       0.76666699999999999       0.65723206633282538
        3427   4.9666670000000002       0.76666699999999999       0.65722038458210652
        3428   5.0000000000000000       0.76666699999999999       0.65722492129910026
        3429   0.0000000000000000       0.80000000000000004       0.80000000000000004     
        3430   3.3333000000000002E-002  0.80000000000000004       0.79305811621674027
        3431   6.6667000000000004E-002  0.80000000000000004       0.78610215345928836
        3432  0.10000000000000001       0.80000000000000004       0.77911348574591333
        3433  0.13333300000000001       0.80000000000000004       0.77209711755170018
        3434  0.16666700000000001       0.80000000000000004       0.76501564776379805
        3435  0.20000000000000001       0.80000000000000004       0.75786573806985935
        3436  0.23333300000000001       0.80000000000000004       0.75063446068851336
        3437  0.26666699999999999       0.80000000000000004       0.74332812806300597
        3438  0.29999999999999999       0.80000000000000004       0.73591613708630910
        3439  0.33333299999999999       0.80000000000000004       0.72832148546233377
        3440  0.36666700000000002       0.80000000000000004       0.72061711225844838
        3441  0.40000000000000002       0.80000000000000004       0.71266096382315736
        3442  0.43333300000000002       0.80000000000000004       0.70454594031881090
        3443  0.46666700000000000       0.80000000000000004       0.69609651050120347
        3444  0.50000000000000000       0.80000000000000004       0.68733343444632078
        3445  0.53333299999999995       0.80000000000000004       0.67831327754501136
        3446  0.56666700000000003       0.80000000000000004       0.66886307392425093
        3447  0.59999999999999998       0.80000000000000004       0.65900896007850596
        3448  0.63333300000000003       0.80000000000000004       0.64863446746834597
        3449  0.66666700000000001       0.80000000000000004       0.63777304019344805
        3450  0.69999999999999996       0.80000000000000004       0.62657500035630420
        3451  0.73333300000000001       0.80000000000000004       0.61479599087748882
        3452  0.76666699999999999       0.80000000000000004       0.60245445952070942
        3453  0.80000000000000004       0.80000000000000004       0.58996855434767115
        3454  0.83333299999999999       0.80000000000000004       0.57714250820144519
        3455  0.86666699999999997       0.80000000000000004       0.56425161289505577
        3456  0.90000000000000002       0.80000000000000004       0.55105141986710149
        3457  0.93333299999999997       0.80000000000000004       0.53854236002010458
        3458  0.96666700000000005       0.80000000000000004       0.52603960486069334
        3459   1.0000000000000000       0.80000000000000004       0.51469040489819429
        3460   1.0333330000000001       0.80000000000000004       0.50430987767517288
        3461   1.0666670000000000       0.80000000000000004       0.49432129666848418
        3462   1.1000000000000001       0.80000000000000004       0.48614781792440942
        3463   1.1333329999999999       0.80000000000000004       0.47889234469234349
        3464   1.1666669999999999       0.80000000000000004       0.47280387740947982
        3465   1.2000000000000000       0.80000000000000004       0.46829923774565130
        3466   1.2333330000000000       0.80000000000000004       0.46405424604909246
        3467   1.2666670000000000       0.80000000000000004       0.46174943210393166
        3468   1.3000000000000000       0.80000000000000004       0.46042860047596629
        3469   1.3333330000000001       0.80000000000000004       0.45941676225241773
        3470   1.3666670000000001       0.80000000000000004       0.45984085710648104
        3471   1.3999999999999999       0.80000000000000004       0.46137772309335051
        3472   1.4333330000000000       0.80000000000000004       0.46323068397472944
        3473   1.4666669999999999       0.80000000000000004       0.46693469414372124
        3474   1.5000000000000000       0.80000000000000004       0.47055876968876159
        3475   1.5333330000000001       0.80000000000000004       0.47597665970063896
        3476   1.5666670000000000       0.80000000000000004       0.48210752312015087
        3477   1.6000000000000001       0.80000000000000004       0.48877510888554732
        3478   1.6333329999999999       0.80000000000000004       0.49582536972244534
        3479   1.6666669999999999       0.80000000000000004       0.50329125306533817
        3480   1.7000000000000000       0.80000000000000004       0.51167639560038447
        3481   1.7333330000000000       0.80000000000000004       0.51989594556018459
        3482   1.7666670000000000       0.80000000000000004       0.52857752233048705
        3483   1.8000000000000000       0.80000000000000004       0.53732377063629633
        3484   1.8333330000000001       0.80000000000000004       0.54563985941268778
        3485   1.8666670000000001       0.80000000000000004       0.55389593344838461
        3486   1.8999999999999999       0.80000000000000004       0.56246024989342680
        3487   1.9333330000000000       0.80000000000000004       0.57040334933638126
        3488   1.9666669999999999       0.80000000000000004       0.57832557345280144
        3489   2.0000000000000000       0.80000000000000004       0.58602315916811565
        3490   2.0333329999999998       0.80000000000000004       0.59329510190478518
        3491   2.0666669999999998       0.80000000000000004       0.60022048866937106
        3492   2.1000000000000001       0.80000000000000004       0.60712614093501971
        3493   2.1333329999999999       0.80000000000000004       0.61371187047603193
        3494   2.1666669999999999       0.80000000000000004       0.61967819218912479
        3495   2.2000000000000002       0.80000000000000004       0.62570402990188967
        3496   2.2333330000000000       0.80000000000000004       0.63111738425282471
        3497   2.2666670000000000       0.80000000000000004       0.63644124495962529
        3498   2.2999999999999998       0.80000000000000004       0.64144704584144607
        3499   2.3333330000000001       0.80000000000000004       0.64602778593031429
        3500   2.3666670000000001       0.80000000000000004       0.65055432555319348
        3501   2.3999999999999999       0.80000000000000004       0.65470953161458845
        3502   2.4333330000000002       0.80000000000000004       0.65852032485934886
        3503   2.4666670000000002       0.80000000000000004       0.66208929173981590
        3504   2.5000000000000000       0.80000000000000004       0.66564002118898047
        3505   2.5333329999999998       0.80000000000000004       0.66873164605715918
        3506   2.5666669999999998       0.80000000000000004       0.67178096623863470
        3507   2.6000000000000001       0.80000000000000004       0.67445998732768042
        3508   2.6333329999999999       0.80000000000000004       0.67712454187041204
        3509   2.6666669999999999       0.80000000000000004       0.67941029372803030
        3510   2.7000000000000002       0.80000000000000004       0.68168934535120618
        3511   2.7333330000000000       0.80000000000000004       0.68376452617996941
        3512   2.7666670000000000       0.80000000000000004       0.68555508904298934
        3513   2.7999999999999998       0.80000000000000004       0.68735779761413651
        3514   2.8333330000000001       0.80000000000000004       0.68901416259127424
        3515   2.8666670000000001       0.80000000000000004       0.69039377914109090
        3516   2.8999999999999999       0.80000000000000004       0.69183132394530489
        3517   2.9333330000000002       0.80000000000000004       0.69301279230970980
        3518   2.9666670000000002       0.80000000000000004       0.69421960145648920
        3519   3.0000000000000000       0.80000000000000004       0.69527106746706036
        3520   3.0333329999999998       0.80000000000000004       0.69618964721670917
        3521   3.0666669999999998       0.80000000000000004       0.69702634825387955
        3522   3.1000000000000001       0.80000000000000004       0.69786066191995100
        3523   3.1333329999999999       0.80000000000000004       0.69861669745011279
        3524   3.1666669999999999       0.80000000000000004       0.69925843327046533
        3525   3.2000000000000002       0.80000000000000004       0.69985767137314414
        3526   3.2333330000000000       0.80000000000000004       0.70040534227498963
        3527   3.2666670000000000       0.80000000000000004       0.70084271620796768
        3528   3.2999999999999998       0.80000000000000004       0.70133234954809121
        3529   3.3333330000000001       0.80000000000000004       0.70173618035033414
        3530   3.3666670000000001       0.80000000000000004       0.70206240353026539
        3531   3.3999999999999999       0.80000000000000004       0.70235505252569874
        3532   3.4333330000000002       0.80000000000000004       0.70271334235726923
        3533   3.4666670000000002       0.80000000000000004       0.70290180754121234
        3534   3.5000000000000000       0.80000000000000004       0.70320305046076093
        3535   3.5333329999999998       0.80000000000000004       0.70332551919633635
        3536   3.5666669999999998       0.80000000000000004       0.70355941801778543
        3537   3.6000000000000001       0.80000000000000004       0.70375338174743429
        3538   3.6333329999999999       0.80000000000000004       0.70382098273699523
        3539   3.6666669999999999       0.80000000000000004       0.70399526537410062
        3540   3.7000000000000002       0.80000000000000004       0.70409207147009978
        3541   3.7333330000000000       0.80000000000000004       0.70419783468695729
        3542   3.7666670000000000       0.80000000000000004       0.70424501280135476
        3543   3.7999999999999998       0.80000000000000004       0.70438416973205820
        3544   3.8333330000000001       0.80000000000000004       0.70438548460655082
        3545   3.8666670000000001       0.80000000000000004       0.70445309257705147
        3546   3.8999999999999999       0.80000000000000004       0.70450977527767378
        3547   3.9333330000000002       0.80000000000000004       0.70455947835845956
        3548   3.9666670000000002       0.80000000000000004       0.70457507747357739
        3549   4.0000000000000000       0.80000000000000004       0.70455020130598300
        3550   4.0333329999999998       0.80000000000000004       0.70462621708150119
        3551   4.0666669999999998       0.80000000000000004       0.70468755338385081
        3552   4.0999999999999996       0.80000000000000004       0.70467897211059960
        3553   4.1333330000000004       0.80000000000000004       0.70464301402117002
        3554   4.1666670000000003       0.80000000000000004       0.70472047975660657
        3555   4.2000000000000002       0.80000000000000004       0.70472519774505304
        3556   4.2333330000000000       0.80000000000000004       0.70468422721733215
        3557   4.2666670000000000       0.80000000000000004       0.70474374207129442
        3558   4.2999999999999998       0.80000000000000004       0.70467906951660131
        3559   4.3333329999999997       0.80000000000000004       0.70472152412860112
        3560   4.3666669999999996       0.80000000000000004       0.70475371528636821
        3561   4.4000000000000004       0.80000000000000004       0.70469053556448369
        3562   4.4333330000000002       0.80000000000000004       0.70473155213610517
        3563   4.4666670000000002       0.80000000000000004       0.70473391903389127
        3564   4.5000000000000000       0.80000000000000004       0.70475060531836120
        3565   4.5333329999999998       0.80000000000000004       0.70473052783144607
        3566   4.5666669999999998       0.80000000000000004       0.70471770966845759
        3567   4.5999999999999996       0.80000000000000004       0.70476177799966155
        3568   4.6333330000000004       0.80000000000000004       0.70474612848825824
        3569   4.6666670000000003       0.80000000000000004       0.70468978765724288
        3570   4.7000000000000002       0.80000000000000004       0.70474352420662334
        3571   4.7333330000000000       0.80000000000000004       0.70477423075534407
        3572   4.7666670000000000       0.80000000000000004       0.70476380798895510
        3573   4.7999999999999998       0.80000000000000004       0.70476891478653680
        3574   4.8333329999999997       0.80000000000000004       0.70471450213575526
        3575   4.8666669999999996       0.80000000000000004       0.70477726792035567
        3576   4.9000000000000004       0.80000000000000004       0.70479839343636097
        3577   4.9333330000000002       0.80000000000000004       0.70476318657763692
        3578   4.9666670000000002       0.80000000000000004       0.70471817818391214
        3579   5.0000000000000000       0.80000000000000004       0.70478863117203239
        3580   0.0000000000000000       0.83333299999999999       0.83333299999999999     
        3581   3.3333000000000002E-002  0.83333299999999999       0.82748833635311936
        3582   6.6667000000000004E-002  0.83333299999999999       0.82162963637154696
        3583  0.10000000000000001       0.83333299999999999       0.81574946525702274
        3584  0.13333300000000001       0.83333299999999999       0.80982184274182822
        3585  0.16666700000000001       0.83333299999999999       0.80385789382975414
        3586  0.20000000000000001       0.83333299999999999       0.79782456757841103
        3587  0.23333300000000001       0.83333299999999999       0.79173705136433348
        3588  0.26666699999999999       0.83333299999999999       0.78553906664057038
        3589  0.29999999999999999       0.83333299999999999       0.77923796091315856
        3590  0.33333299999999999       0.83333299999999999       0.77284952444773203
        3591  0.36666700000000002       0.83333299999999999       0.76626263001357597
        3592  0.40000000000000002       0.83333299999999999       0.75956551097068126
        3593  0.43333300000000002       0.83333299999999999       0.75260781715991232
        3594  0.46666700000000000       0.83333299999999999       0.74545197407067321
        3595  0.50000000000000000       0.83333299999999999       0.73803101673423244
        3596  0.53333299999999995       0.83333299999999999       0.73031861269940623
        3597  0.56666700000000003       0.83333299999999999       0.72227740302645860
        3598  0.59999999999999998       0.83333299999999999       0.71382196786552055
        3599  0.63333300000000003       0.83333299999999999       0.70507931810944313
        3600  0.66666700000000001       0.83333299999999999       0.69594284416420249
        3601  0.69999999999999996       0.83333299999999999       0.68630288014059404
        3602  0.73333300000000001       0.83333299999999999       0.67637008013006250
        3603  0.76666699999999999       0.83333299999999999       0.66604325098255901
        3604  0.80000000000000004       0.83333299999999999       0.65543901257716886
        3605  0.83333299999999999       0.83333299999999999       0.64459731189077918
        3606  0.86666699999999997       0.83333299999999999       0.63364737297586726
        3607  0.90000000000000002       0.83333299999999999       0.62278574292016242
        3608  0.93333299999999997       0.83333299999999999       0.61192767848763174
        3609  0.96666700000000005       0.83333299999999999       0.60179509665103581
        3610   1.0000000000000000       0.83333299999999999       0.59202809797249323
        3611   1.0333330000000001       0.83333299999999999       0.58279263870522191
        3612   1.0666670000000000       0.83333299999999999       0.57485754136744882
        3613   1.1000000000000001       0.83333299999999999       0.56727137454762522
        3614   1.1333329999999999       0.83333299999999999       0.56136708558085746
        3615   1.1666669999999999       0.83333299999999999       0.55585314807126240
        3616   1.2000000000000000       0.83333299999999999       0.55134497000057692
        3617   1.2333330000000000       0.83333299999999999       0.54836256807991968
        3618   1.2666670000000000       0.83333299999999999       0.54573822358344881
        3619   1.3000000000000000       0.83333299999999999       0.54430058683352200
        3620   1.3333330000000001       0.83333299999999999       0.54378047493172743
        3621   1.3666670000000001       0.83333299999999999       0.54358272789355777
        3622   1.3999999999999999       0.83333299999999999       0.54497993636478326
        3623   1.4333330000000000       0.83333299999999999       0.54696252249672617
        3624   1.4666669999999999       0.83333299999999999       0.54950200512785641
        3625   1.5000000000000000       0.83333299999999999       0.55324634572205289
        3626   1.5333330000000001       0.83333299999999999       0.55726814491251175
        3627   1.5666670000000000       0.83333299999999999       0.56229524288887667
        3628   1.6000000000000001       0.83333299999999999       0.56779635494700342
        3629   1.6333329999999999       0.83333299999999999       0.57387262869439537
        3630   1.6666669999999999       0.83333299999999999       0.58063707565432976
        3631   1.7000000000000000       0.83333299999999999       0.58733619023531380
        3632   1.7333330000000000       0.83333299999999999       0.59434534898620794
        3633   1.7666670000000000       0.83333299999999999       0.60152602873042205
        3634   1.8000000000000000       0.83333299999999999       0.60888692833399471
        3635   1.8333330000000001       0.83333299999999999       0.61620874826919680
        3636   1.8666670000000001       0.83333299999999999       0.62344592264433729
        3637   1.8999999999999999       0.83333299999999999       0.63038747966016628
        3638   1.9333330000000000       0.83333299999999999       0.63753909091788996
        3639   1.9666669999999999       0.83333299999999999       0.64403778262851441
        3640   2.0000000000000000       0.83333299999999999       0.65074265478804472
        3641   2.0333329999999998       0.83333299999999999       0.65711223909038818
        3642   2.0666669999999998       0.83333299999999999       0.66314299800503329
        3643   2.1000000000000001       0.83333299999999999       0.66897368575062799
        3644   2.1333329999999999       0.83333299999999999       0.67441383432000690
        3645   2.1666669999999999       0.83333299999999999       0.67985777940780601
        3646   2.2000000000000002       0.83333299999999999       0.68474541256067167
        3647   2.2333330000000000       0.83333299999999999       0.68957240927457097
        3648   2.2666670000000000       0.83333299999999999       0.69414550812159381
        3649   2.2999999999999998       0.83333299999999999       0.69848040987346294
        3650   2.3333330000000001       0.83333299999999999       0.70248474113869519
        3651   2.3666670000000001       0.83333299999999999       0.70628916728633095
        3652   2.3999999999999999       0.83333299999999999       0.70976672512582917
        3653   2.4333330000000002       0.83333299999999999       0.71311343359234125
        3654   2.4666670000000002       0.83333299999999999       0.71629090415492402
        3655   2.5000000000000000       0.83333299999999999       0.71919930431180723
        3656   2.5333329999999998       0.83333299999999999       0.72199587799626552
        3657   2.5666669999999998       0.83333299999999999       0.72447112160445093
        3658   2.6000000000000001       0.83333299999999999       0.72692334504069855
        3659   2.6333329999999999       0.83333299999999999       0.72908427689257738
        3660   2.6666669999999999       0.83333299999999999       0.73115111511058029
        3661   2.7000000000000002       0.83333299999999999       0.73307264847584386
        3662   2.7333330000000000       0.83333299999999999       0.73479666588548176
        3663   2.7666670000000000       0.83333299999999999       0.73643652313360064
        3664   2.7999999999999998       0.83333299999999999       0.73795410617147661
        3665   2.8333330000000001       0.83333299999999999       0.73931093435045747
        3666   2.8666670000000001       0.83333299999999999       0.74060997330893208
        3667   2.8999999999999999       0.83333299999999999       0.74173390574945119
        3668   2.9333330000000002       0.83333299999999999       0.74286693822439087
        3669   2.9666670000000002       0.83333299999999999       0.74385275659979422
        3670   3.0000000000000000       0.83333299999999999       0.74469317647758171
        3671   3.0333329999999998       0.83333299999999999       0.74555590056606624
        3672   3.0666669999999998       0.83333299999999999       0.74634362196573778
        3673   3.1000000000000001       0.83333299999999999       0.74699830870312367
        3674   3.1333329999999999       0.83333299999999999       0.74758749266349100
        3675   3.1666669999999999       0.83333299999999999       0.74820873913208474
        3676   3.2000000000000002       0.83333299999999999       0.74869792884564379
        3677   3.2333330000000000       0.83333299999999999       0.74917474105146320
        3678   3.2666670000000000       0.83333299999999999       0.74960563259490920
        3679   3.2999999999999998       0.83333299999999999       0.74994137350383983
        3680   3.3333330000000001       0.83333299999999999       0.75032842637871799
        3681   3.3666670000000001       0.83333299999999999       0.75061782437194380
        3682   3.3999999999999999       0.83333299999999999       0.75092775722577132
        3683   3.4333330000000002       0.83333299999999999       0.75112683712989015
        3684   3.4666670000000002       0.83333299999999999       0.75138824879074884
        3685   3.5000000000000000       0.83333299999999999       0.75157361392511768
        3686   3.5333329999999998       0.83333299999999999       0.75174772809539492
        3687   3.5666669999999998       0.83333299999999999       0.75190985521076825
        3688   3.6000000000000001       0.83333299999999999       0.75204709440335238
        3689   3.6333329999999999       0.83333299999999999       0.75218066621783242
        3690   3.6666669999999999       0.83333299999999999       0.75224752250106997
        3691   3.7000000000000002       0.83333299999999999       0.75239951912276692
        3692   3.7333330000000000       0.83333299999999999       0.75242622401731196
        3693   3.7666670000000000       0.83333299999999999       0.75254359266391901
        3694   3.7999999999999998       0.83333299999999999       0.75259620879475397
        3695   3.8333330000000001       0.83333299999999999       0.75265816562542942
        3696   3.8666670000000001       0.83333299999999999       0.75265431903367630
        3697   3.8999999999999999       0.83333299999999999       0.75273758813250835
        3698   3.9333330000000002       0.83333299999999999       0.75276153748313557
        3699   3.9666670000000002       0.83333299999999999       0.75281130818115927
        3700   4.0000000000000000       0.83333299999999999       0.75282444664705972
        3701   4.0333329999999998       0.83333299999999999       0.75285137681753123
        3702   4.0666669999999998       0.83333299999999999       0.75287874960298873
        3703   4.0999999999999996       0.83333299999999999       0.75284386299480577
        3704   4.1333330000000004       0.83333299999999999       0.75290204796769511
        3705   4.1666670000000003       0.83333299999999999       0.75290697548814800
        3706   4.2000000000000002       0.83333299999999999       0.75290389646635825
        3707   4.2333330000000000       0.83333299999999999       0.75292652928498605
        3708   4.2666670000000000       0.83333299999999999       0.75290528301110671
        3709   4.2999999999999998       0.83333299999999999       0.75291834625643739
        3710   4.3333329999999997       0.83333299999999999       0.75293514134185469
        3711   4.3666669999999996       0.83333299999999999       0.75290208084074228
        3712   4.4000000000000004       0.83333299999999999       0.75295640704057387
        3713   4.4333330000000002       0.83333299999999999       0.75293963905694894
        3714   4.4666670000000002       0.83333299999999999       0.75293099220935655
        3715   4.5000000000000000       0.83333299999999999       0.75292889577089028
        3716   4.5333329999999998       0.83333299999999999       0.75289929315712090
        3717   4.5666669999999998       0.83333299999999999       0.75296654111743155
        3718   4.5999999999999996       0.83333299999999999       0.75294168273345485
        3719   4.6333330000000004       0.83333299999999999       0.75291438487102713
        3720   4.6666670000000003       0.83333299999999999       0.75293526716481596
        3721   4.7000000000000002       0.83333299999999999       0.75295182932977567
        3722   4.7333330000000000       0.83333299999999999       0.75291637962327895
        3723   4.7666670000000000       0.83333299999999999       0.75298111117308619
        3724   4.7999999999999998       0.83333299999999999       0.75292413971771266
        3725   4.8333329999999997       0.83333299999999999       0.75297241629300804
        3726   4.8666669999999996       0.83333299999999999       0.75292063197870396
        3727   4.9000000000000004       0.83333299999999999       0.75296351355153768
        3728   4.9333330000000002       0.83333299999999999       0.75296541154076368
        3729   4.9666670000000002       0.83333299999999999       0.75298224261185565
        3730   5.0000000000000000       0.83333299999999999       0.75293410732449140
        3731   0.0000000000000000       0.86666699999999997       0.86666699999999997     
        3732   3.3333000000000002E-002  0.86666699999999997       0.86195133797246648
        3733   6.6667000000000004E-002  0.86666699999999997       0.85722702888589442
        3734  0.10000000000000001       0.86666699999999997       0.85247516123711042
        3735  0.13333300000000001       0.86666699999999997       0.84769933479215787
        3736  0.16666700000000001       0.86666699999999997       0.84287022161188740
        3737  0.20000000000000001       0.86666699999999997       0.83800477338688051
        3738  0.23333300000000001       0.86666699999999997       0.83306604493265668
        3739  0.26666699999999999       0.86666699999999997       0.82805367514210038
        3740  0.29999999999999999       0.86666699999999997       0.82296670125779559
        3741  0.33333299999999999       0.86666699999999997       0.81776013775662759
        3742  0.36666700000000002       0.86666699999999997       0.81243677758564992
        3743  0.40000000000000002       0.86666699999999997       0.80696725339444086
        3744  0.43333300000000002       0.86666699999999997       0.80133533309965499
        3745  0.46666700000000000       0.86666699999999997       0.79551858225457917
        3746  0.50000000000000000       0.86666699999999997       0.78949803506567418
        3747  0.53333299999999995       0.86666699999999997       0.78320196352426374
        3748  0.56666700000000003       0.86666699999999997       0.77662204429416892
        3749  0.59999999999999998       0.86666699999999997       0.76983456655482396
        3750  0.63333300000000003       0.86666699999999997       0.76269713901304759
        3751  0.66666700000000001       0.86666699999999997       0.75518826236622727
        3752  0.69999999999999996       0.86666699999999997       0.74745717198950790
        3753  0.73333300000000001       0.86666699999999997       0.73942941393663653
        3754  0.76666699999999999       0.86666699999999997       0.73109392436754606
        3755  0.80000000000000004       0.86666699999999997       0.72252895518278870
        3756  0.83333299999999999       0.86666699999999997       0.71372308706905729
        3757  0.86666699999999997       0.86666699999999997       0.70479574428724612
        3758  0.90000000000000002       0.86666699999999997       0.69612793943636830
        3759  0.93333299999999997       0.86666699999999997       0.68756626946357935
        3760  0.96666700000000005       0.86666699999999997       0.67922114564381919
        3761   1.0000000000000000       0.86666699999999997       0.67113695631983405
        3762   1.0333330000000001       0.86666699999999997       0.66393847051653965
        3763   1.0666670000000000       0.86666699999999997       0.65717882142879824
        3764   1.1000000000000001       0.86666699999999997       0.65125548803459354
        3765   1.1333329999999999       0.86666699999999997       0.64584428911686753
        3766   1.1666669999999999       0.86666699999999997       0.64161730130057304
        3767   1.2000000000000000       0.86666699999999997       0.63802583190355899
        3768   1.2333330000000000       0.86666699999999997       0.63496222213549958
        3769   1.2666670000000000       0.86666699999999997       0.63318944872747929
        3770   1.3000000000000000       0.86666699999999997       0.63151327297181825
        3771   1.3333330000000001       0.86666699999999997       0.63120474832654061
        3772   1.3666670000000001       0.86666699999999997       0.63129013688944746
        3773   1.3999999999999999       0.86666699999999997       0.63216950586565113
        3774   1.4333330000000000       0.86666699999999997       0.63353015982847261
        3775   1.4666669999999999       0.86666699999999997       0.63574293894894118
        3776   1.5000000000000000       0.86666699999999997       0.63836938108113339
        3777   1.5333330000000001       0.86666699999999997       0.64215223278545353
        3778   1.5666670000000000       0.86666699999999997       0.64590784772182774
        3779   1.6000000000000001       0.86666699999999997       0.65014510858284957
        3780   1.6333329999999999       0.86666699999999997       0.65541223597029152
        3781   1.6666669999999999       0.86666699999999997       0.66038485903581023
        3782   1.7000000000000000       0.86666699999999997       0.66606331534427587
        3783   1.7333330000000000       0.86666699999999997       0.67184479444936862
        3784   1.7666670000000000       0.86666699999999997       0.67780561508342763
        3785   1.8000000000000000       0.86666699999999997       0.68345476728823795
        3786   1.8333330000000001       0.86666699999999997       0.68958098060830542
        3787   1.8666670000000001       0.86666699999999997       0.69540818261197446
        3788   1.8999999999999999       0.86666699999999997       0.70134313466335596
        3789   1.9333330000000000       0.86666699999999997       0.70685720795836626
        3790   1.9666669999999999       0.86666699999999997       0.71242520415828858
        3791   2.0000000000000000       0.86666699999999997       0.71781593142089573
        3792   2.0333329999999998       0.86666699999999997       0.72288807556063639
        3793   2.0666669999999998       0.86666699999999997       0.72802620721400380
        3794   2.1000000000000001       0.86666699999999997       0.73267403513387741
        3795   2.1333329999999999       0.86666699999999997       0.73726885636805795
        3796   2.1666669999999999       0.86666699999999997       0.74161456965706063
        3797   2.2000000000000002       0.86666699999999997       0.74577811027672991
        3798   2.2333330000000000       0.86666699999999997       0.74964230881896710
        3799   2.2666670000000000       0.86666699999999997       0.75337904353437357
        3800   2.2999999999999998       0.86666699999999997       0.75688818337142449
        3801   2.3333330000000001       0.86666699999999997       0.76028406144530858
        3802   2.3666670000000001       0.86666699999999997       0.76330819925798210
        3803   2.3999999999999999       0.86666699999999997       0.76622387461495201
        3804   2.4333330000000002       0.86666699999999997       0.76905109359781820
        3805   2.4666670000000002       0.86666699999999997       0.77156191186649248
        3806   2.5000000000000000       0.86666699999999997       0.77398029745162533
        3807   2.5333329999999998       0.86666699999999997       0.77618559870937143
        3808   2.5666669999999998       0.86666699999999997       0.77834591131484387
        3809   2.6000000000000001       0.86666699999999997       0.78023933844506466
        3810   2.6333329999999999       0.86666699999999997       0.78210076703975817
        3811   2.6666669999999999       0.86666699999999997       0.78380007743656332
        3812   2.7000000000000002       0.86666699999999997       0.78530437524323782
        3813   2.7333330000000000       0.86666699999999997       0.78679200840416696
        3814   2.7666670000000000       0.86666699999999997       0.78814051510956784
        3815   2.7999999999999998       0.86666699999999997       0.78931193327222171
        3816   2.8333330000000001       0.86666699999999997       0.79048124142775489
        3817   2.8666670000000001       0.86666699999999997       0.79155387588585968
        3818   2.8999999999999999       0.86666699999999997       0.79250850891319990
        3819   2.9333330000000002       0.86666699999999997       0.79339841993295313
        3820   2.9666670000000002       0.86666699999999997       0.79417468825257864
        3821   3.0000000000000000       0.86666699999999997       0.79493048004687972
        3822   3.0333329999999998       0.86666699999999997       0.79561544771123061
        3823   3.0666669999999998       0.86666699999999997       0.79620220161030475
        3824   3.1000000000000001       0.86666699999999997       0.79680708130983557
        3825   3.1333329999999999       0.86666699999999997       0.79732315814806143
        3826   3.1666669999999999       0.86666699999999997       0.79777489802348356
        3827   3.2000000000000002       0.86666699999999997       0.79815685516455559
        3828   3.2333330000000000       0.86666699999999997       0.79857251622566672
        3829   3.2666670000000000       0.86666699999999997       0.79893679151114572
        3830   3.2999999999999998       0.86666699999999997       0.79926501781571502
        3831   3.3333330000000001       0.86666699999999997       0.79950401298819629
        3832   3.3666670000000001       0.86666699999999997       0.79980639173364110
        3833   3.3999999999999999       0.86666699999999997       0.79998930555841230
        3834   3.4333330000000002       0.86666699999999997       0.80022955558871189
        3835   3.4666670000000002       0.86666699999999997       0.80040999137920321
        3836   3.5000000000000000       0.86666699999999997       0.80053433291865528
        3837   3.5333329999999998       0.86666699999999997       0.80072240087399338
        3838   3.5666669999999998       0.86666699999999997       0.80084286549372607
        3839   3.6000000000000001       0.86666699999999997       0.80091945292802758
        3840   3.6333329999999999       0.86666699999999997       0.80106119871556014
        3841   3.6666669999999999       0.86666699999999997       0.80115391206701725
        3842   3.7000000000000002       0.86666699999999997       0.80120217769005708
        3843   3.7333330000000000       0.86666699999999997       0.80130156084854964
        3844   3.7666670000000000       0.86666699999999997       0.80135887557741514
        3845   3.7999999999999998       0.86666699999999997       0.80136995025398317
        3846   3.8333330000000001       0.86666699999999997       0.80144807455026057
        3847   3.8666670000000001       0.86666699999999997       0.80150412903140789
        3848   3.8999999999999999       0.86666699999999997       0.80149406542262247
        3849   3.9333330000000002       0.86666699999999997       0.80157212271672484
        3850   3.9666670000000002       0.86666699999999997       0.80155330881836961
        3851   4.0000000000000000       0.86666699999999997       0.80161819462055983
        3852   4.0333329999999998       0.86666699999999997       0.80162767408627011
        3853   4.0666669999999998       0.86666699999999997       0.80160125252235592
        3854   4.0999999999999996       0.86666699999999997       0.80165063063090525
        3855   4.1333330000000004       0.86666699999999997       0.80166508722694518
        3856   4.1666670000000003       0.86666699999999997       0.80165311629324809
        3857   4.2000000000000002       0.86666699999999997       0.80162691525695151
        3858   4.2333330000000000       0.86666699999999997       0.80166357214732420
        3859   4.2666670000000000       0.86666699999999997       0.80168523396193603
        3860   4.2999999999999998       0.86666699999999997       0.80168743672911003
        3861   4.3333329999999997       0.86666699999999997       0.80166799533291955
        3862   4.3666669999999996       0.86666699999999997       0.80169862861500774
        3863   4.4000000000000004       0.86666699999999997       0.80166193436462052
        3864   4.4333330000000002       0.86666699999999997       0.80169177364549282
        3865   4.4666670000000002       0.86666699999999997       0.80167375920029571
        3866   4.5000000000000000       0.86666699999999997       0.80168699863932991
        3867   4.5333329999999998       0.86666699999999997       0.80170721956860047
        3868   4.5666669999999998       0.86666699999999997       0.80167624416268346
        3869   4.5999999999999996       0.86666699999999997       0.80167648663698754
        3870   4.6333330000000004       0.86666699999999997       0.80168798700779376
        3871   4.6666670000000003       0.86666699999999997       0.80171922743846125
        3872   4.7000000000000002       0.86666699999999997       0.80168203281530803
        3873   4.7333330000000000       0.86666699999999997       0.80169461690875321
        3874   4.7666670000000000       0.86666699999999997       0.80168898563015645
        3875   4.7999999999999998       0.86666699999999997       0.80171040145243810
        3876   4.8333329999999997       0.86666699999999997       0.80169926120692814
        3877   4.8666669999999996       0.86666699999999997       0.80170560516673217
        3878   4.9000000000000004       0.86666699999999997       0.80172218265697537
        3879   4.9333330000000002       0.86666699999999997       0.80170526710953527
        3880   4.9666670000000002       0.86666699999999997       0.80168013003035243
        3881   5.0000000000000000       0.86666699999999997       0.80171956206614092
        3882   0.0000000000000000       0.90000000000000002       0.90000000000000002     
        3883   3.3333000000000002E-002  0.90000000000000002       0.89644120065242539
        3884   6.6667000000000004E-002  0.90000000000000002       0.89287137434575103
        3885  0.10000000000000001       0.90000000000000002       0.88928809191537916
        3886  0.13333300000000001       0.90000000000000002       0.88567384660405868
        3887  0.16666700000000001       0.90000000000000002       0.88203599098782792
        3888  0.20000000000000001       0.90000000000000002       0.87834854498121229
        3889  0.23333300000000001       0.90000000000000002       0.87460845522080644
        3890  0.26666699999999999       0.90000000000000002       0.87082830417871049
        3891  0.29999999999999999       0.90000000000000002       0.86696756724498991
        3892  0.33333299999999999       0.90000000000000002       0.86301171094312390
        3893  0.36666700000000002       0.90000000000000002       0.85899143653699539
        3894  0.40000000000000002       0.90000000000000002       0.85482079632404151
        3895  0.43333300000000002       0.90000000000000002       0.85056076938898073
        3896  0.46666700000000000       0.90000000000000002       0.84614005171285300
        3897  0.50000000000000000       0.90000000000000002       0.84155430519152363
        3898  0.53333299999999995       0.90000000000000002       0.83679609821298184
        3899  0.56666700000000003       0.90000000000000002       0.83182161208797567
        3900  0.59999999999999998       0.90000000000000002       0.82663989146780115
        3901  0.63333300000000003       0.90000000000000002       0.82119584642808074
        3902  0.66666700000000001       0.90000000000000002       0.81556062978247912
        3903  0.69999999999999996       0.90000000000000002       0.80968451115857010
        3904  0.73333300000000001       0.90000000000000002       0.80354013013938419
        3905  0.76666699999999999       0.90000000000000002       0.79729971186055748
        3906  0.80000000000000004       0.90000000000000002       0.79077908152125864
        3907  0.83333299999999999       0.90000000000000002       0.78417611898844286
        3908  0.86666699999999997       0.90000000000000002       0.77753293211836139
        3909  0.90000000000000002       0.90000000000000002       0.77094862065227354
        3910  0.93333299999999997       0.90000000000000002       0.76440509156130243
        3911  0.96666700000000005       0.90000000000000002       0.75801216773973790
        3912   1.0000000000000000       0.90000000000000002       0.75217819799364838
        3913   1.0333330000000001       0.90000000000000002       0.74651853294460124
        3914   1.0666670000000000       0.90000000000000002       0.74125596426834117
        3915   1.1000000000000001       0.90000000000000002       0.73685772359484158
        3916   1.1333329999999999       0.90000000000000002       0.73285732580166763
        3917   1.1666669999999999       0.90000000000000002       0.72925458862462977
        3918   1.2000000000000000       0.90000000000000002       0.72662563111794776
        3919   1.2333330000000000       0.90000000000000002       0.72442570715679877
        3920   1.2666670000000000       0.90000000000000002       0.72266677502915744
        3921   1.3000000000000000       0.90000000000000002       0.72167799175068725
        3922   1.3333330000000001       0.90000000000000002       0.72103856152998169
        3923   1.3666670000000001       0.90000000000000002       0.72135920197808023
        3924   1.3999999999999999       0.90000000000000002       0.72170311269549459
        3925   1.4333330000000000       0.90000000000000002       0.72302439104172489
        3926   1.4666669999999999       0.90000000000000002       0.72437135275930020
        3927   1.5000000000000000       0.90000000000000002       0.72664935868499558
        3928   1.5333330000000001       0.90000000000000002       0.72918232685939433
        3929   1.5666670000000000       0.90000000000000002       0.73216050558481682
        3930   1.6000000000000001       0.90000000000000002       0.73549637792904465
        3931   1.6333329999999999       0.90000000000000002       0.73919664154037101
        3932   1.6666669999999999       0.90000000000000002       0.74318468738853105
        3933   1.7000000000000000       0.90000000000000002       0.74737019777575775
        3934   1.7333330000000000       0.90000000000000002       0.75172680356332566
        3935   1.7666670000000000       0.90000000000000002       0.75603598499246571
        3936   1.8000000000000000       0.90000000000000002       0.76066146484385488
        3937   1.8333330000000001       0.90000000000000002       0.76512798463140275
        3938   1.8666670000000001       0.90000000000000002       0.76965318832153096
        3939   1.8999999999999999       0.90000000000000002       0.77403878473221333
        3940   1.9333330000000000       0.90000000000000002       0.77834493253619885
        3941   1.9666669999999999       0.90000000000000002       0.78268478786584084
        3942   2.0000000000000000       0.90000000000000002       0.78663579391765837
        3943   2.0333329999999998       0.90000000000000002       0.79069039878834735
        3944   2.0666669999999998       0.90000000000000002       0.79438593409173774
        3945   2.1000000000000001       0.90000000000000002       0.79808977383512780
        3946   2.1333329999999999       0.90000000000000002       0.80164195945105488
        3947   2.1666669999999999       0.90000000000000002       0.80484911560374672
        3948   2.2000000000000002       0.90000000000000002       0.80807492177384377
        3949   2.2333330000000000       0.90000000000000002       0.81112882286102528
        3950   2.2666670000000000       0.90000000000000002       0.81390242389126355
        3951   2.2999999999999998       0.90000000000000002       0.81660015277696907
        3952   2.3333330000000001       0.90000000000000002       0.81909288698304128
        3953   2.3666670000000001       0.90000000000000002       0.82152006996412841
        3954   2.3999999999999999       0.90000000000000002       0.82376322805870472
        3955   2.4333330000000002       0.90000000000000002       0.82585864165259604
        3956   2.4666670000000002       0.90000000000000002       0.82784100400767291
        3957   2.5000000000000000       0.90000000000000002       0.82962775365423935
        3958   2.5333329999999998       0.90000000000000002       0.83139733994004406
        3959   2.5666669999999998       0.90000000000000002       0.83295688330203632
        3960   2.6000000000000001       0.90000000000000002       0.83449363202205473
        3961   2.6333329999999999       0.90000000000000002       0.83583678867102329
        3962   2.6666669999999999       0.90000000000000002       0.83716141530399701
        3963   2.7000000000000002       0.90000000000000002       0.83837389846447885
        3964   2.7333330000000000       0.90000000000000002       0.83943472688719012
        3965   2.7666670000000000       0.90000000000000002       0.84049525811259729
        3966   2.7999999999999998       0.90000000000000002       0.84142827790839270
        3967   2.8333330000000001       0.90000000000000002       0.84229970717025571
        3968   2.8666670000000001       0.90000000000000002       0.84307646588737672
        3969   2.8999999999999999       0.90000000000000002       0.84385661425517855
        3970   2.9333330000000002       0.90000000000000002       0.84448852090071702
        3971   2.9666670000000002       0.90000000000000002       0.84512488188720758
        3972   3.0000000000000000       0.90000000000000002       0.84572120349499569
        3973   3.0333329999999998       0.90000000000000002       0.84619702409831765
        3974   3.0666669999999998       0.90000000000000002       0.84669535105700100
        3975   3.1000000000000001       0.90000000000000002       0.84711643476562426
        3976   3.1333329999999999       0.90000000000000002       0.84751160044414242
        3977   3.1666669999999999       0.90000000000000002       0.84788458818654144
        3978   3.2000000000000002       0.90000000000000002       0.84820752103183805
        3979   3.2333330000000000       0.90000000000000002       0.84848595400426863
        3980   3.2666670000000000       0.90000000000000002       0.84876487949237589
        3981   3.2999999999999998       0.90000000000000002       0.84898299839975544
        3982   3.3333330000000001       0.90000000000000002       0.84922429177681913
        3983   3.3666670000000001       0.90000000000000002       0.84941612011902934
        3984   3.3999999999999999       0.90000000000000002       0.84959557444835077
        3985   3.4333330000000002       0.90000000000000002       0.84975682906129246
        3986   3.4666670000000002       0.90000000000000002       0.84987011493870468
        3987   3.5000000000000000       0.90000000000000002       0.85002682848206335
        3988   3.5333329999999998       0.90000000000000002       0.85012594186442447
        3989   3.5666669999999998       0.90000000000000002       0.85019880124071245
        3990   3.6000000000000001       0.90000000000000002       0.85031781469021728
        3991   3.6333329999999999       0.90000000000000002       0.85036817047975988
        3992   3.6666669999999999       0.90000000000000002       0.85046326382819737
        3993   3.7000000000000002       0.90000000000000002       0.85054211374110944
        3994   3.7333330000000000       0.90000000000000002       0.85057653461535621
        3995   3.7666670000000000       0.90000000000000002       0.85059606601298021
        3996   3.7999999999999998       0.90000000000000002       0.85066338109731576
        3997   3.8333330000000001       0.90000000000000002       0.85069942677770005
        3998   3.8666670000000001       0.90000000000000002       0.85071235705875714
        3999   3.8999999999999999       0.90000000000000002       0.85074825470679394
        4000   3.9333330000000002       0.90000000000000002       0.85077167256652564
        4001   3.9666670000000002       0.90000000000000002       0.85079713263419510
        4002   4.0000000000000000       0.90000000000000002       0.85082352255680727
        4003   4.0333329999999998       0.90000000000000002       0.85081435190425081
        4004   4.0666669999999998       0.90000000000000002       0.85083330795797973
        4005   4.0999999999999996       0.90000000000000002       0.85084844296261597
        4006   4.1333330000000004       0.90000000000000002       0.85082902328896637
        4007   4.1666670000000003       0.90000000000000002       0.85085216877641234
        4008   4.2000000000000002       0.90000000000000002       0.85087252314414574
        4009   4.2333330000000000       0.90000000000000002       0.85085438368064314
        4010   4.2666670000000000       0.90000000000000002       0.85085925469335011
        4011   4.2999999999999998       0.90000000000000002       0.85089868841565186
        4012   4.3333329999999997       0.90000000000000002       0.85087228170251539
        4013   4.3666669999999996       0.90000000000000002       0.85085466877742455
        4014   4.4000000000000004       0.90000000000000002       0.85088680059428945
        4015   4.4333330000000002       0.90000000000000002       0.85086661699385568
        4016   4.4666670000000002       0.90000000000000002       0.85088867892231301
        4017   4.5000000000000000       0.90000000000000002       0.85087732669459093
        4018   4.5333329999999998       0.90000000000000002       0.85085868165767065
        4019   4.5666669999999998       0.90000000000000002       0.85087665818371083
        4020   4.5999999999999996       0.90000000000000002       0.85090363660218893
        4021   4.6333330000000004       0.90000000000000002       0.85088120762205122
        4022   4.6666670000000003       0.90000000000000002       0.85086405039668067
        4023   4.7000000000000002       0.90000000000000002       0.85088451415842603
        4024   4.7333330000000000       0.90000000000000002       0.85091210336048606
        4025   4.7666670000000000       0.90000000000000002       0.85089189945354515
        4026   4.7999999999999998       0.90000000000000002       0.85088597469794680
        4027   4.8333329999999997       0.90000000000000002       0.85086641991779499
        4028   4.8666669999999996       0.90000000000000002       0.85090139141628673
        4029   4.9000000000000004       0.90000000000000002       0.85088947002393456
        4030   4.9333330000000002       0.90000000000000002       0.85089275944236964
        4031   4.9666670000000002       0.90000000000000002       0.85089982400836572
        4032   5.0000000000000000       0.90000000000000002       0.85087633415790220
        4033   0.0000000000000000       0.93333299999999997       0.93333299999999997     
        4034   3.3333000000000002E-002  0.93333299999999997       0.93094907801046378
        4035   6.6667000000000004E-002  0.93333299999999997       0.92855924226515929
        4036  0.10000000000000001       0.93333299999999997       0.92615560970316646
        4037  0.13333300000000001       0.93333299999999997       0.92373824856345210
        4038  0.16666700000000001       0.93333299999999997       0.92129493265396911
        4039  0.20000000000000001       0.93333299999999997       0.91882400018944865
        4040  0.23333300000000001       0.93333299999999997       0.91632374563963048
        4041  0.26666699999999999       0.93333299999999997       0.91378013827391991
        4042  0.29999999999999999       0.93333299999999997       0.91118084002599264
        4043  0.33333299999999999       0.93333299999999997       0.90854094884102232
        4044  0.36666700000000002       0.93333299999999997       0.90581828843467993
        4045  0.40000000000000002       0.93333299999999997       0.90303944268959135
        4046  0.43333300000000002       0.93333299999999997       0.90015030969368359
        4047  0.46666700000000000       0.93333299999999997       0.89718924539397815
        4048  0.50000000000000000       0.93333299999999997       0.89411866412128693
        4049  0.53333299999999995       0.93333299999999997       0.89089064068496382
        4050  0.56666700000000003       0.93333299999999997       0.88757099443059184
        4051  0.59999999999999998       0.93333299999999997       0.88405147251152438
        4052  0.63333300000000003       0.93333299999999997       0.88042357421129391
        4053  0.66666700000000001       0.93333299999999997       0.87665210463386722
        4054  0.69999999999999996       0.93333299999999997       0.87266243316957748
        4055  0.73333300000000001       0.93333299999999997       0.86859919484352410
        4056  0.76666699999999999       0.93333299999999997       0.86436962869339862
        4057  0.80000000000000004       0.93333299999999997       0.85996840903604144
        4058  0.83333299999999999       0.93333299999999997       0.85558682257519947
        4059  0.86666699999999997       0.93333299999999997       0.85117549831241457
        4060  0.90000000000000002       0.93333299999999997       0.84670177995696350
        4061  0.93333299999999997       0.93333299999999997       0.84234617273200463
        4062  0.96666700000000005       0.93333299999999997       0.83812511124821454
        4063   1.0000000000000000       0.93333299999999997       0.83407639764198005
        4064   1.0333330000000001       0.93333299999999997       0.83036276553874466
        4065   1.0666670000000000       0.93333299999999997       0.82688834904867514
        4066   1.1000000000000001       0.93333299999999997       0.82374622866607672
        4067   1.1333329999999999       0.93333299999999997       0.82111387003849401
        4068   1.1666669999999999       0.93333299999999997       0.81878118337342942
        4069   1.2000000000000000       0.93333299999999997       0.81672918434985242
        4070   1.2333330000000000       0.93333299999999997       0.81529680146378802
        4071   1.2666670000000000       0.93333299999999997       0.81419171873508644
        4072   1.3000000000000000       0.93333299999999997       0.81342516777886398
        4073   1.3333330000000001       0.93333299999999997       0.81315900789449791
        4074   1.3666670000000001       0.93333299999999997       0.81304133429794867
        4075   1.3999999999999999       0.93333299999999997       0.81354330458130264
        4076   1.4333330000000000       0.93333299999999997       0.81413277467605905
        4077   1.4666669999999999       0.93333299999999997       0.81532876639865137
        4078   1.5000000000000000       0.93333299999999997       0.81662061960801013
        4079   1.5333330000000001       0.93333299999999997       0.81828087153671247
        4080   1.5666670000000000       0.93333299999999997       0.82038341935171932
        4081   1.6000000000000001       0.93333299999999997       0.82262934941480514
        4082   1.6333329999999999       0.93333299999999997       0.82501761213677105
        4083   1.6666669999999999       0.93333299999999997       0.82779598725967041
        4084   1.7000000000000000       0.93333299999999997       0.83055398157019589
        4085   1.7333330000000000       0.93333299999999997       0.83334946680815680
        4086   1.7666670000000000       0.93333299999999997       0.83643763145760019
        4087   1.8000000000000000       0.93333299999999997       0.83945379092787042
        4088   1.8333330000000001       0.93333299999999997       0.84239165518056502
        4089   1.8666670000000001       0.93333299999999997       0.84554750972261050
        4090   1.8999999999999999       0.93333299999999997       0.84840350882482329
        4091   1.9333330000000000       0.93333299999999997       0.85141506686659407
        4092   1.9666669999999999       0.93333299999999997       0.85423040846064580
        4093   2.0000000000000000       0.93333299999999997       0.85704525632909145
        4094   2.0333329999999998       0.93333299999999997       0.85965111707809660
        4095   2.0666669999999998       0.93333299999999997       0.86224491829071404
        4096   2.1000000000000001       0.93333299999999997       0.86471441662515780
        4097   2.1333329999999999       0.93333299999999997       0.86703237153984225
        4098   2.1666669999999999       0.93333299999999997       0.86933531373392792
        4099   2.2000000000000002       0.93333299999999997       0.87143669161280646
        4100   2.2333330000000000       0.93333299999999997       0.87346477398263545
        4101   2.2666670000000000       0.93333299999999997       0.87542858586595185
        4102   2.2999999999999998       0.93333299999999997       0.87718220905567479
        4103   2.3333330000000001       0.93333299999999997       0.87894092156751091
        4104   2.3666670000000001       0.93333299999999997       0.88051019541686781
        4105   2.3999999999999999       0.93333299999999997       0.88207747011449245
        4106   2.4333330000000002       0.93333299999999997       0.88344614232641205
        4107   2.4666670000000002       0.93333299999999997       0.88480543478887774
        4108   2.5000000000000000       0.93333299999999997       0.88606603294611286
        4109   2.5333329999999998       0.93333299999999997       0.88719065929119256
        4110   2.5666669999999998       0.93333299999999997       0.88830498825188320
        4111   2.6000000000000001       0.93333299999999997       0.88928579047009881
        4112   2.6333329999999999       0.93333299999999997       0.89025589420399553
        4113   2.6666669999999999       0.93333299999999997       0.89111426439446895
        4114   2.7000000000000002       0.93333299999999997       0.89190649460469129
        4115   2.7333330000000000       0.93333299999999997       0.89268230492561851
        4116   2.7666670000000000       0.93333299999999997       0.89335565187646493
        4117   2.7999999999999998       0.93333299999999997       0.89401237906106401
        4118   2.8333330000000001       0.93333299999999997       0.89457479726400613
        4119   2.8666670000000001       0.93333299999999997       0.89514215115451001
        4120   2.8999999999999999       0.93333299999999997       0.89562055893893777
        4121   2.9333330000000002       0.93333299999999997       0.89609904534307705
        4122   2.9666670000000002       0.93333299999999997       0.89650066372944159
        4123   3.0000000000000000       0.93333299999999997       0.89688599966138161
        4124   3.0333329999999998       0.93333299999999997       0.89725562399987058
        4125   3.0666669999999998       0.93333299999999997       0.89756321793385185
        4126   3.1000000000000001       0.93333299999999997       0.89783666291189135
        4127   3.1333329999999999       0.93333299999999997       0.89813268752077813
        4128   3.1666669999999999       0.93333299999999997       0.89835125922940307
        4129   3.2000000000000002       0.93333299999999997       0.89858780754083611
        4130   3.2333330000000000       0.93333299999999997       0.89879861214706769
        4131   3.2666670000000000       0.93333299999999997       0.89895363409549922
        4132   3.2999999999999998       0.93333299999999997       0.89913861139526463
        4133   3.3333330000000001       0.93333299999999997       0.89927068457808879
        4134   3.3666670000000001       0.93333299999999997       0.89939875280710080
        4135   3.3999999999999999       0.93333299999999997       0.89954120951298155
        4136   3.4333330000000002       0.93333299999999997       0.89962370584939932
        4137   3.4666670000000002       0.93333299999999997       0.89973648769125758
        4138   3.5000000000000000       0.93333299999999997       0.89980102284245567
        4139   3.5333329999999998       0.93333299999999997       0.89989105338026154
        4140   3.5666669999999998       0.93333299999999997       0.89995434083713177
        4141   3.6000000000000001       0.93333299999999997       0.90000722674738365
        4142   3.6333329999999999       0.93333299999999997       0.90007434102577155
        4143   3.6666669999999999       0.93333299999999997       0.90012117823305049
        4144   3.7000000000000002       0.93333299999999997       0.90014777629819764
        4145   3.7333330000000000       0.93333299999999997       0.90019801044138359
        4146   3.7666670000000000       0.93333299999999997       0.90022711041661507
        4147   3.7999999999999998       0.93333299999999997       0.90025467674276816
        4148   3.8333330000000001       0.93333299999999997       0.90025870560405097
        4149   3.8666670000000001       0.93333299999999997       0.90029244662972407
        4150   3.8999999999999999       0.93333299999999997       0.90032698041526305
        4151   3.9333330000000002       0.93333299999999997       0.90031781706934544
        4152   3.9666670000000002       0.93333299999999997       0.90035189525331627
        4153   4.0000000000000000       0.93333299999999997       0.90034871047354215
        4154   4.0333329999999998       0.93333299999999997       0.90036720664463399
        4155   4.0666669999999998       0.93333299999999997       0.90038094071927222
        4156   4.0999999999999996       0.93333299999999997       0.90036504975372034
        4157   4.1333330000000004       0.93333299999999997       0.90039051808390891
        4158   4.1666670000000003       0.93333299999999997       0.90038412079813490
        4159   4.2000000000000002       0.93333299999999997       0.90037671181779066
        4160   4.2333330000000000       0.93333299999999997       0.90039819576303948
        4161   4.2666670000000000       0.93333299999999997       0.90039311409137290
        4162   4.2999999999999998       0.93333299999999997       0.90039593739159485
        4163   4.3333329999999997       0.93333299999999997       0.90039804339918994
        4164   4.3666669999999996       0.93333299999999997       0.90040139106365258
        4165   4.4000000000000004       0.93333299999999997       0.90038422180006661
        4166   4.4333330000000002       0.93333299999999997       0.90039385873621791
        4167   4.4666670000000002       0.93333299999999997       0.90040319756030696
        4168   4.5000000000000000       0.93333299999999997       0.90040542073211172
        4169   4.5333329999999998       0.93333299999999997       0.90041420823801788
        4170   4.5666669999999998       0.93333299999999997       0.90039861681870570
        4171   4.5999999999999996       0.93333299999999997       0.90040057510700711
        4172   4.6333330000000004       0.93333299999999997       0.90039974673201706
        4173   4.6666670000000003       0.93333299999999997       0.90041207278845525
        4174   4.7000000000000002       0.93333299999999997       0.90041050120111510
        4175   4.7333330000000000       0.93333299999999997       0.90039780895326205
        4176   4.7666670000000000       0.93333299999999997       0.90041118579772550
        4177   4.7999999999999998       0.93333299999999997       0.90040583284890352
        4178   4.8333329999999997       0.93333299999999997       0.90041992962300277
        4179   4.8666669999999996       0.93333299999999997       0.90041042987175623
        4180   4.9000000000000004       0.93333299999999997       0.90039057173931358
        4181   4.9333330000000002       0.93333299999999997       0.90040713129242045
        4182   4.9666670000000002       0.93333299999999997       0.90041643170151631
        4183   5.0000000000000000       0.93333299999999997       0.90042699543860505
        4184   0.0000000000000000       0.96666700000000005       0.96666700000000005     
        4185   3.3333000000000002E-002  0.96666700000000005       0.96547147090075236
        4186   6.6667000000000004E-002  0.96666700000000005       0.96427336283278309
        4187  0.10000000000000001       0.96666700000000005       0.96306909975454091
        4188  0.13333300000000001       0.96666700000000005       0.96185595129361812
        4189  0.16666700000000001       0.96666700000000005       0.96062936450719749
        4190  0.20000000000000001       0.96666700000000005       0.95939207873076215
        4191  0.23333300000000001       0.96666700000000005       0.95813602921720942
        4192  0.26666699999999999       0.96666700000000005       0.95685592705767497
        4193  0.29999999999999999       0.96666700000000005       0.95555811021634662
        4194  0.33333299999999999       0.96666700000000005       0.95422464518654482
        4195  0.36666700000000002       0.96666700000000005       0.95286381782605856
        4196  0.40000000000000002       0.96666700000000005       0.95146097141501962
        4197  0.43333300000000002       0.96666700000000005       0.95001866865487561
        4198  0.46666700000000000       0.96666700000000005       0.94852575392290495
        4199  0.50000000000000000       0.96666700000000005       0.94697094468747178
        4200  0.53333299999999995       0.96666700000000005       0.94536629919170112
        4201  0.56666700000000003       0.96666700000000005       0.94368259234536911
        4202  0.59999999999999998       0.96666700000000005       0.94193169073536731
        4203  0.63333300000000003       0.96666700000000005       0.94010260800734113
        4204  0.66666700000000001       0.96666700000000005       0.93818789409702075
        4205  0.69999999999999996       0.96666700000000005       0.93621869882236808
        4206  0.73333300000000001       0.96666700000000005       0.93416341543222203
        4207  0.76666699999999999       0.96666700000000005       0.93202309575253472
        4208  0.80000000000000004       0.96666700000000005       0.92985359067393847
        4209  0.83333299999999999       0.96666700000000005       0.92764217518998993
        4210  0.86666699999999997       0.96666700000000005       0.92541890715349517
        4211  0.90000000000000002       0.96666700000000005       0.92315621877352638
        4212  0.93333299999999997       0.96666700000000005       0.92099923905875736
        4213  0.96666700000000005       0.96666700000000005       0.91891382634980967
        4214   1.0000000000000000       0.96666700000000005       0.91687181303020004
        4215   1.0333330000000001       0.96666700000000005       0.91494703584331405
        4216   1.0666670000000000       0.96666700000000005       0.91327804367258603
        4217   1.1000000000000001       0.96666700000000005       0.91166617802664762
        4218   1.1333329999999999       0.96666700000000005       0.91025955635979505
        4219   1.1666669999999999       0.96666700000000005       0.90914282700901383
        4220   1.2000000000000000       0.96666700000000005       0.90817418316916976
        4221   1.2333330000000000       0.96666700000000005       0.90736821987314698
        4222   1.2666670000000000       0.96666700000000005       0.90674882220335762
        4223   1.3000000000000000       0.96666700000000005       0.90646451191159216
        4224   1.3333330000000001       0.96666700000000005       0.90620793538573730
        4225   1.3666670000000001       0.96666700000000005       0.90627491382781800
        4226   1.3999999999999999       0.96666700000000005       0.90638747260364283
        4227   1.4333330000000000       0.96666700000000005       0.90681404016401046
        4228   1.4666669999999999       0.96666700000000005       0.90727574953739043
        4229   1.5000000000000000       0.96666700000000005       0.90803764920158947
        4230   1.5333330000000001       0.96666700000000005       0.90885346088969521
        4231   1.5666670000000000       0.96666700000000005       0.90982027667916354
        4232   1.6000000000000001       0.96666700000000005       0.91101186888724051
        4233   1.6333329999999999       0.96666700000000005       0.91222678426099613
        4234   1.6666669999999999       0.96666700000000005       0.91355389261056386
        4235   1.7000000000000000       0.96666700000000005       0.91490666374980356
        4236   1.7333330000000000       0.96666700000000005       0.91643086861859613
        4237   1.7666670000000000       0.96666700000000005       0.91790373405460657
        4238   1.8000000000000000       0.96666700000000005       0.91937791819274961
        4239   1.8333330000000001       0.96666700000000005       0.92095114753685414
        4240   1.8666670000000001       0.96666700000000005       0.92246034480043382
        4241   1.8999999999999999       0.96666700000000005       0.92397064427794395
        4242   1.9333330000000000       0.96666700000000005       0.92544302253559718
        4243   1.9666669999999999       0.96666700000000005       0.92687242340857712
        4244   2.0000000000000000       0.96666700000000005       0.92823724032724109
        4245   2.0333329999999998       0.96666700000000005       0.92960446051212764
        4246   2.0666669999999998       0.96666700000000005       0.93093071784199899
        4247   2.1000000000000001       0.96666700000000005       0.93212757724930373
        4248   2.1333329999999999       0.96666700000000005       0.93334677717053682
        4249   2.1666669999999999       0.96666700000000005       0.93445367916269695
        4250   2.2000000000000002       0.96666700000000005       0.93556221638816150
        4251   2.2333330000000000       0.96666700000000005       0.93656069849611745
        4252   2.2666670000000000       0.96666700000000005       0.93753056354933328
        4253   2.2999999999999998       0.96666700000000005       0.93845143245838225
        4254   2.3333330000000001       0.96666700000000005       0.93930843200624292
        4255   2.3666670000000001       0.96666700000000005       0.94012841729604979
        4256   2.3999999999999999       0.96666700000000005       0.94088966701401933
        4257   2.4333330000000002       0.96666700000000005       0.94161286948900369
        4258   2.4666670000000002       0.96666700000000005       0.94227471116475070
        4259   2.5000000000000000       0.96666700000000005       0.94290225772606395
        4260   2.5333329999999998       0.96666700000000005       0.94349543957017479
        4261   2.5666669999999998       0.96666700000000005       0.94402841351739497
        4262   2.6000000000000001       0.96666700000000005       0.94455281600914953
        4263   2.6333329999999999       0.96666700000000005       0.94501160610780199
        4264   2.6666669999999999       0.96666700000000005       0.94546024046746435
        4265   2.7000000000000002       0.96666700000000005       0.94587505690576645
        4266   2.7333330000000000       0.96666700000000005       0.94623679575322883
        4267   2.7666670000000000       0.96666700000000005       0.94659177907080616
        4268   2.7999999999999998       0.96666700000000005       0.94692076378162593
        4269   2.8333330000000001       0.96666700000000005       0.94722114861887785
        4270   2.8666670000000001       0.96666700000000005       0.94748141284623633
        4271   2.8999999999999999       0.96666700000000005       0.94774434905756255
        4272   2.9333330000000002       0.96666700000000005       0.94796370489928394
        4273   2.9666670000000002       0.96666700000000005       0.94818598844931035
        4274   3.0000000000000000       0.96666700000000005       0.94837529475046323
        4275   3.0333329999999998       0.96666700000000005       0.94854486324407861
        4276   3.0666669999999998       0.96666700000000005       0.94871437968517380
        4277   3.1000000000000001       0.96666700000000005       0.94886106226454758
        4278   3.1333329999999999       0.96666700000000005       0.94899348423655838
        4279   3.1666669999999999       0.96666700000000005       0.94911949457180855
        4280   3.2000000000000002       0.96666700000000005       0.94923123511223817
        4281   3.2333330000000000       0.96666700000000005       0.94932470802537006
        4282   3.2666670000000000       0.96666700000000005       0.94942377690511193
        4283   3.2999999999999998       0.96666700000000005       0.94950248248535118
        4284   3.3333330000000001       0.96666700000000005       0.94958075570467682
        4285   3.3666670000000001       0.96666700000000005       0.94964397676580292
        4286   3.3999999999999999       0.96666700000000005       0.94969958454017778
        4287   3.4333330000000002       0.96666700000000005       0.94976301929944462
        4288   3.4666670000000002       0.96666700000000005       0.94980263418144029
        4289   3.5000000000000000       0.96666700000000005       0.94985024777029792
        4290   3.5333329999999998       0.96666700000000005       0.94987997460040086
        4291   3.5666669999999998       0.96666700000000005       0.94992622515778358
        4292   3.6000000000000001       0.96666700000000005       0.94995274476804403
        4293   3.6333329999999999       0.96666700000000005       0.94997808264233308
        4294   3.6666669999999999       0.96666700000000005       0.94999484758300978
        4295   3.7000000000000002       0.96666700000000005       0.95002646561904180
        4296   3.7333330000000000       0.96666700000000005       0.95003555038235321
        4297   3.7666670000000000       0.96666700000000005       0.95006366092775685
        4298   3.7999999999999998       0.96666700000000005       0.95006412408635510
        4299   3.8333330000000001       0.96666700000000005       0.95008380876435139
        4300   3.8666670000000001       0.96666700000000005       0.95009361914805512
        4301   3.8999999999999999       0.96666700000000005       0.95009776426219095
        4302   3.9333330000000002       0.96666700000000005       0.95011584240800417
        4303   3.9666670000000002       0.96666700000000005       0.95011970588315453
        4304   4.0000000000000000       0.96666700000000005       0.95011968370126310
        4305   4.0333329999999998       0.96666700000000005       0.95011889220715584
        4306   4.0666669999999998       0.96666700000000005       0.95013391742485309
        4307   4.0999999999999996       0.96666700000000005       0.95013521185409766
        4308   4.1333330000000004       0.96666700000000005       0.95013208258281379
        4309   4.1666670000000003       0.96666700000000005       0.95013865272146636
        4310   4.2000000000000002       0.96666700000000005       0.95014695358324242
        4311   4.2333330000000000       0.96666700000000005       0.95014432003619276
        4312   4.2666670000000000       0.96666700000000005       0.95014069021797065
        4313   4.2999999999999998       0.96666700000000005       0.95013389821275518
        4314   4.3333329999999997       0.96666700000000005       0.95014424270311615
        4315   4.3666669999999996       0.96666700000000005       0.95014445618710430
        4316   4.4000000000000004       0.96666700000000005       0.95014998005876283
        4317   4.4333330000000002       0.96666700000000005       0.95014316103323826
        4318   4.4666670000000002       0.96666700000000005       0.95014661823390467
        4319   4.5000000000000000       0.96666700000000005       0.95014876368366918
        4320   4.5333329999999998       0.96666700000000005       0.95014249876304846
        4321   4.5666669999999998       0.96666700000000005       0.95015242308754833
        4322   4.5999999999999996       0.96666700000000005       0.95014053623887806
        4323   4.6333330000000004       0.96666700000000005       0.95015457173716134
        4324   4.6666670000000003       0.96666700000000005       0.95014997503838827
        4325   4.7000000000000002       0.96666700000000005       0.95014196625593594
        4326   4.7333330000000000       0.96666700000000005       0.95015284147681944
        4327   4.7666670000000000       0.96666700000000005       0.95014357271322325
        4328   4.7999999999999998       0.96666700000000005       0.95015572658410585
        4329   4.8333329999999997       0.96666700000000005       0.95014548721740599
        4330   4.8666669999999996       0.96666700000000005       0.95015176055834494
        4331   4.9000000000000004       0.96666700000000005       0.95015066754055499
        4332   4.9333330000000002       0.96666700000000005       0.95015069419165610
        4333   4.9666670000000002       0.96666700000000005       0.95015370449784009
        4334   5.0000000000000000       0.96666700000000005       0.95014723443659332
        4335   0.0000000000000000        1.0000000000000000        1.0000000000000000     
        4336   3.3333000000000002E-002   1.0000000000000000        1.0000000000000000     
        4337   6.6667000000000004E-002   1.0000000000000000        1.0000000000000000     
        4338  0.10000000000000001        1.0000000000000000        1.0000000000000000     
        4339  0.13333300000000001        1.0000000000000000        1.0000000000000000     
        4340  0.16666700000000001        1.0000000000000000        1.0000000000000000     
        4341  0.20000000000000001        1.0000000000000000        1.0000000000000000     
        4342  0.23333300000000001        1.0000000000000000        1.0000000000000000     
        4343  0.26666699999999999        1.0000000000000000        1.0000000000000000     
        4344  0.29999999999999999        1.0000000000000000        1.0000000000000000     
        4345  0.33333299999999999        1.0000000000000000        1.0000000000000000     
        4346  0.36666700000000002        1.0000000000000000        1.0000000000000000     
        4347  0.40000000000000002        1.0000000000000000        1.0000000000000000     
        4348  0.43333300000000002        1.0000000000000000        1.0000000000000000     
        4349  0.46666700000000000        1.0000000000000000        1.0000000000000000     
        4350  0.50000000000000000        1.0000000000000000        1.0000000000000000     
        4351  0.53333299999999995        1.0000000000000000        1.0000000000000000     
        4352  0.56666700000000003        1.0000000000000000        1.0000000000000000     
        4353  0.59999999999999998        1.0000000000000000        1.0000000000000000     
        4354  0.63333300000000003        1.0000000000000000        1.0000000000000000     
        4355  0.66666700000000001        1.0000000000000000        1.0000000000000000     
        4356  0.69999999999999996        1.0000000000000000        1.0000000000000000     
        4357  0.73333300000000001        1.0000000000000000        1.0000000000000000     
        4358  0.76666699999999999        1.0000000000000000        1.0000000000000000     
        4359  0.80000000000000004        1.0000000000000000        1.0000000000000000     
        4360  0.83333299999999999        1.0000000000000000        1.0000000000000000     
        4361  0.86666699999999997        1.0000000000000000        1.0000000000000000     
        4362  0.90000000000000002        1.0000000000000000        1.0000000000000000     
        4363  0.93333299999999997        1.0000000000000000        1.0000000000000000     
        4364  0.96666700000000005        1.0000000000000000        1.0000000000000000     
        4365   1.0000000000000000        1.0000000000000000        1.0000000000000000     
        4366   1.0333330000000001        1.0000000000000000        1.0000000000000000     
        4367   1.0666670000000000        1.0000000000000000        1.0000000000000000     
        4368   1.1000000000000001        1.0000000000000000        1.0000000000000000     
        4369   1.1333329999999999        1.0000000000000000        1.0000000000000000     
        4370   1.1666669999999999        1.0000000000000000        1.0000000000000000     
        4371   1.2000000000000000        1.0000000000000000        1.0000000000000000     
        4372   1.2333330000000000        1.0000000000000000        1.0000000000000000     
        4373   1.2666670000000000        1.0000000000000000        1.0000000000000000     
        4374   1.3000000000000000        1.0000000000000000        1.0000000000000000     
        4375   1.3333330000000001        1.0000000000000000        1.0000000000000000     
        4376   1.3666670000000001        1.0000000000000000        1.0000000000000000     
        4377   1.3999999999999999        1.0000000000000000        1.0000000000000000     
        4378   1.4333330000000000        1.0000000000000000        1.0000000000000000     
        4379   1.4666669999999999        1.0000000000000000        1.0000000000000000     
        4380   1.5000000000000000        1.0000000000000000        1.0000000000000000     
        4381   1.5333330000000001        1.0000000000000000        1.0000000000000000     
        4382   1.5666670000000000        1.0000000000000000        1.0000000000000000     
        4383   1.6000000000000001        1.0000000000000000        1.0000000000000000     
        4384   1.6333329999999999        1.0000000000000000        1.0000000000000000     
        4385   1.6666669999999999        1.0000000000000000        1.0000000000000000     
        4386   1.7000000000000000        1.0000000000000000        1.0000000000000000     
        4387   1.7333330000000000        1.0000000000000000        1.0000000000000000     
        4388   1.7666670000000000        1.0000000000000000        1.0000000000000000     
        4389   1.8000000000000000        1.0000000000000000        1.0000000000000000     
        4390   1.8333330000000001        1.0000000000000000        1.0000000000000000     
        4391   1.8666670000000001        1.0000000000000000        1.0000000000000000     
        4392   1.8999999999999999        1.0000000000000000        1.0000000000000000     
        4393   1.9333330000000000        1.0000000000000000        1.0000000000000000     
        4394   1.9666669999999999        1.0000000000000000        1.0000000000000000     
        4395   2.0000000000000000        1.0000000000000000        1.0000000000000000     
        4396   2.0333329999999998        1.0000000000000000        1.0000000000000000     
        4397   2.0666669999999998        1.0000000000000000        1.0000000000000000     
        4398   2.1000000000000001        1.0000000000000000        1.0000000000000000     
        4399   2.1333329999999999        1.0000000000000000        1.0000000000000000     
        4400   2.1666669999999999        1.0000000000000000        1.0000000000000000     
        4401   2.2000000000000002        1.0000000000000000        1.0000000000000000     
        4402   2.2333330000000000        1.0000000000000000        1.0000000000000000     
        4403   2.2666670000000000        1.0000000000000000        1.0000000000000000     
        4404   2.2999999999999998        1.0000000000000000        1.0000000000000000     
        4405   2.3333330000000001        1.0000000000000000        1.0000000000000000     
        4406   2.3666670000000001        1.0000000000000000        1.0000000000000000     
        4407   2.3999999999999999        1.0000000000000000        1.0000000000000000     
        4408   2.4333330000000002        1.0000000000000000        1.0000000000000000     
        4409   2.4666670000000002        1.0000000000000000        1.0000000000000000     
        4410   2.5000000000000000        1.0000000000000000        1.0000000000000000     
        4411   2.5333329999999998        1.0000000000000000        1.0000000000000000     
        4412   2.5666669999999998        1.0000000000000000        1.0000000000000000     
        4413   2.6000000000000001        1.0000000000000000        1.0000000000000000     
        4414   2.6333329999999999        1.0000000000000000        1.0000000000000000     
        4415   2.6666669999999999        1.0000000000000000        1.0000000000000000     
        4416   2.7000000000000002        1.0000000000000000        1.0000000000000000     
        4417   2.7333330000000000        1.0000000000000000        1.0000000000000000     
        4418   2.7666670000000000        1.0000000000000000        1.0000000000000000     
        4419   2.7999999999999998        1.0000000000000000        1.0000000000000000     
        4420   2.8333330000000001        1.0000000000000000        1.0000000000000000     
        4421   2.8666670000000001        1.0000000000000000        1.0000000000000000     
        4422   2.8999999999999999        1.0000000000000000        1.0000000000000000     
        4423   2.9333330000000002        1.0000000000000000        1.0000000000000000     
        4424   2.9666670000000002        1.0000000000000000        1.0000000000000000     
        4425   3.0000000000000000        1.0000000000000000        1.0000000000000000     
        4426   3.0333329999999998        1.0000000000000000        1.0000000000000000     
        4427   3.0666669999999998        1.0000000000000000        1.0000000000000000     
        4428   3.1000000000000001        1.0000000000000000        1.0000000000000000     
        4429   3.1333329999999999        1.0000000000000000        1.0000000000000000     
        4430   3.1666669999999999        1.0000000000000000        1.0000000000000000     
        4431   3.2000000000000002        1.0000000000000000        1.0000000000000000     
        4432   3.2333330000000000        1.0000000000000000        1.0000000000000000     
        4433   3.2666670000000000        1.0000000000000000        1.0000000000000000     
        4434   3.2999999999999998        1.0000000000000000        1.0000000000000000     
        4435   3.3333330000000001        1.0000000000000000        1.0000000000000000     
        4436   3.3666670000000001        1.0000000000000000        1.0000000000000000     
        4437   3.3999999999999999        1.0000000000000000        1.0000000000000000     
        4438   3.4333330000000002        1.0000000000000000        1.0000000000000000     
        4439   3.4666670000000002        1.0000000000000000        1.0000000000000000     
        4440   3.5000000000000000        1.0000000000000000        1.0000000000000000     
        4441   3.5333329999999998        1.0000000000000000        1.0000000000000000     
        4442   3.5666669999999998        1.0000000000000000        1.0000000000000000     
        4443   3.6000000000000001        1.0000000000000000        1.0000000000000000     
        4444   3.6333329999999999        1.0000000000000000        1.0000000000000000     
        4445   3.6666669999999999        1.0000000000000000        1.0000000000000000     
        4446   3.7000000000000002        1.0000000000000000        1.0000000000000000     
        4447   3.7333330000000000        1.0000000000000000        1.0000000000000000     
        4448   3.7666670000000000        1.0000000000000000        1.0000000000000000     
        4449   3.7999999999999998        1.0000000000000000        1.0000000000000000     
        4450   3.8333330000000001        1.0000000000000000        1.0000000000000000     
        4451   3.8666670000000001        1.0000000000000000        1.0000000000000000     
        4452   3.8999999999999999        1.0000000000000000        1.0000000000000000     
        4453   3.9333330000000002        1.0000000000000000        1.0000000000000000     
        4454   3.9666670000000002        1.0000000000000000        1.0000000000000000     
        4455   4.0000000000000000        1.0000000000000000        1.0000000000000000     
        4456   4.0333329999999998        1.0000000000000000        1.0000000000000000     
        4457   4.0666669999999998        1.0000000000000000        1.0000000000000000     
        4458   4.0999999999999996        1.0000000000000000        1.0000000000000000     
        4459   4.1333330000000004        1.0000000000000000        1.0000000000000000     
        4460   4.1666670000000003        1.0000000000000000        1.0000000000000000     
        4461   4.2000000000000002        1.0000000000000000        1.0000000000000000     
        4462   4.2333330000000000        1.0000000000000000        1.0000000000000000     
        4463   4.2666670000000000        1.0000000000000000        1.0000000000000000     
        4464   4.2999999999999998        1.0000000000000000        1.0000000000000000     
        4465   4.3333329999999997        1.0000000000000000        1.0000000000000000     
        4466   4.3666669999999996        1.0000000000000000        1.0000000000000000     
        4467   4.4000000000000004        1.0000000000000000        1.0000000000000000     
        4468   4.4333330000000002        1.0000000000000000        1.0000000000000000     
        4469   4.4666670000000002        1.0000000000000000        1.0000000000000000     
        4470   4.5000000000000000        1.0000000000000000        1.0000000000000000     
        4471   4.5333329999999998        1.0000000000000000        1.0000000000000000     
        4472   4.5666669999999998        1.0000000000000000        1.0000000000000000     
        4473   4.5999999999999996        1.0000000000000000        1.0000000000000000     
        4474   4.6333330000000004        1.0000000000000000        1.0000000000000000     
        4475   4.6666670000000003        1.0000000000000000        1.0000000000000000     
        4476   4.7000000000000002        1.0000000000000000        1.0000000000000000     
        4477   4.7333330000000000        1.0000000000000000        1.0000000000000000     
        4478   4.7666670000000000        1.0000000000000000        1.0000000000000000     
        4479   4.7999999999999998        1.0000000000000000        1.0000000000000000     
        4480   4.8333329999999997        1.0000000000000000        1.0000000000000000     
        4481   4.8666669999999996        1.0000000000000000        1.0000000000000000     
        4482   4.9000000000000004        1.0000000000000000        1.0000000000000000     
        4483   4.9333330000000002        1.0000000000000000        1.0000000000000000     
        4484   4.9666670000000002        1.0000000000000000        1.0000000000000000     
        4485   5.0000000000000000        1.0000000000000000        1.0000000000000000     
