           1   0.0000000000000000        0.0000000000000000        0.0000000000000000     
           2   3.3333000000000002E-002   0.0000000000000000        0.0000000000000000     
           3   6.6667000000000004E-002   0.0000000000000000        0.0000000000000000     
           4  0.10000000000000001        0.0000000000000000        0.0000000000000000     
           5  0.13333300000000001        0.0000000000000000        0.0000000000000000     
           6  0.16666700000000001        0.0000000000000000        0.0000000000000000     
           7  0.20000000000000001        0.0000000000000000        0.0000000000000000     
           8  0.23333300000000001        0.0000000000000000        0.0000000000000000     
           9  0.26666699999999999        0.0000000000000000        0.0000000000000000     
          10  0.29999999999999999        0.0000000000000000        0.0000000000000000     
          11  0.33333299999999999        0.0000000000000000        0.0000000000000000     
          12  0.36666700000000002        0.0000000000000000        0.0000000000000000     
          13  0.40000000000000002        0.0000000000000000        0.0000000000000000     
          14  0.43333300000000002        0.0000000000000000        0.0000000000000000     
          15  0.46666700000000000        0.0000000000000000        0.0000000000000000     
          16  0.50000000000000000        0.0000000000000000        0.0000000000000000     
          17  0.53333299999999995        0.0000000000000000        0.0000000000000000     
          18  0.56666700000000003        0.0000000000000000        0.0000000000000000     
          19  0.59999999999999998        0.0000000000000000        0.0000000000000000     
          20  0.63333300000000003        0.0000000000000000        0.0000000000000000     
          21  0.66666700000000001        0.0000000000000000        0.0000000000000000     
          22  0.69999999999999996        0.0000000000000000        0.0000000000000000     
          23  0.73333300000000001        0.0000000000000000        0.0000000000000000     
          24  0.76666699999999999        0.0000000000000000        0.0000000000000000     
          25  0.80000000000000004        0.0000000000000000        0.0000000000000000     
          26  0.83333299999999999        0.0000000000000000        0.0000000000000000     
          27  0.86666699999999997        0.0000000000000000        0.0000000000000000     
          28  0.90000000000000002        0.0000000000000000        0.0000000000000000     
          29  0.93333299999999997        0.0000000000000000        0.0000000000000000     
          30  0.96666700000000005        0.0000000000000000        0.0000000000000000     
          31   1.0000000000000000        0.0000000000000000        0.0000000000000000     
          32   1.0333330000000001        0.0000000000000000        0.0000000000000000     
          33   1.0666670000000000        0.0000000000000000        0.0000000000000000     
          34   1.1000000000000001        0.0000000000000000        0.0000000000000000     
          35   1.1333329999999999        0.0000000000000000        0.0000000000000000     
          36   1.1666669999999999        0.0000000000000000        0.0000000000000000     
          37   1.2000000000000000        0.0000000000000000        0.0000000000000000     
          38   1.2333330000000000        0.0000000000000000        0.0000000000000000     
          39   1.2666670000000000        0.0000000000000000        0.0000000000000000     
          40   1.3000000000000000        0.0000000000000000        0.0000000000000000     
          41   1.3333330000000001        0.0000000000000000        0.0000000000000000     
          42   1.3666670000000001        0.0000000000000000        0.0000000000000000     
          43   1.3999999999999999        0.0000000000000000        0.0000000000000000     
          44   1.4333330000000000        0.0000000000000000        0.0000000000000000     
          45   1.4666669999999999        0.0000000000000000        0.0000000000000000     
          46   1.5000000000000000        0.0000000000000000        0.0000000000000000     
          47   1.5333330000000001        0.0000000000000000        0.0000000000000000     
          48   1.5666670000000000        0.0000000000000000        0.0000000000000000     
          49   1.6000000000000001        0.0000000000000000        0.0000000000000000     
          50   1.6333329999999999        0.0000000000000000        0.0000000000000000     
          51   1.6666669999999999        0.0000000000000000        0.0000000000000000     
          52   1.7000000000000000        0.0000000000000000        0.0000000000000000     
          53   1.7333330000000000        0.0000000000000000        0.0000000000000000     
          54   1.7666670000000000        0.0000000000000000        0.0000000000000000     
          55   1.8000000000000000        0.0000000000000000        0.0000000000000000     
          56   1.8333330000000001        0.0000000000000000        0.0000000000000000     
          57   1.8666670000000001        0.0000000000000000        0.0000000000000000     
          58   1.8999999999999999        0.0000000000000000        0.0000000000000000     
          59   1.9333330000000000        0.0000000000000000        0.0000000000000000     
          60   1.9666669999999999        0.0000000000000000        0.0000000000000000     
          61   2.0000000000000000        0.0000000000000000        0.0000000000000000     
          62   2.0333329999999998        0.0000000000000000        0.0000000000000000     
          63   2.0666669999999998        0.0000000000000000        0.0000000000000000     
          64   2.1000000000000001        0.0000000000000000        0.0000000000000000     
          65   2.1333329999999999        0.0000000000000000        0.0000000000000000     
          66   2.1666669999999999        0.0000000000000000        0.0000000000000000     
          67   2.2000000000000002        0.0000000000000000        0.0000000000000000     
          68   2.2333330000000000        0.0000000000000000        0.0000000000000000     
          69   2.2666670000000000        0.0000000000000000        0.0000000000000000     
          70   2.2999999999999998        0.0000000000000000        0.0000000000000000     
          71   2.3333330000000001        0.0000000000000000        0.0000000000000000     
          72   2.3666670000000001        0.0000000000000000        0.0000000000000000     
          73   2.3999999999999999        0.0000000000000000        0.0000000000000000     
          74   2.4333330000000002        0.0000000000000000        0.0000000000000000     
          75   2.4666670000000002        0.0000000000000000        0.0000000000000000     
          76   2.5000000000000000        0.0000000000000000        0.0000000000000000     
          77   2.5333329999999998        0.0000000000000000        0.0000000000000000     
          78   2.5666669999999998        0.0000000000000000        0.0000000000000000     
          79   2.6000000000000001        0.0000000000000000        0.0000000000000000     
          80   2.6333329999999999        0.0000000000000000        0.0000000000000000     
          81   2.6666669999999999        0.0000000000000000        0.0000000000000000     
          82   2.7000000000000002        0.0000000000000000        0.0000000000000000     
          83   2.7333330000000000        0.0000000000000000        0.0000000000000000     
          84   2.7666670000000000        0.0000000000000000        0.0000000000000000     
          85   2.7999999999999998        0.0000000000000000        0.0000000000000000     
          86   2.8333330000000001        0.0000000000000000        0.0000000000000000     
          87   2.8666670000000001        0.0000000000000000        0.0000000000000000     
          88   2.8999999999999999        0.0000000000000000        0.0000000000000000     
          89   2.9333330000000002        0.0000000000000000        0.0000000000000000     
          90   2.9666670000000002        0.0000000000000000        0.0000000000000000     
          91   3.0000000000000000        0.0000000000000000        0.0000000000000000     
          92   3.0333329999999998        0.0000000000000000        0.0000000000000000     
          93   3.0666669999999998        0.0000000000000000        0.0000000000000000     
          94   3.1000000000000001        0.0000000000000000        0.0000000000000000     
          95   3.1333329999999999        0.0000000000000000        0.0000000000000000     
          96   3.1666669999999999        0.0000000000000000        0.0000000000000000     
          97   3.2000000000000002        0.0000000000000000        0.0000000000000000     
          98   3.2333330000000000        0.0000000000000000        0.0000000000000000     
          99   3.2666670000000000        0.0000000000000000        0.0000000000000000     
         100   3.2999999999999998        0.0000000000000000        0.0000000000000000     
         101   3.3333330000000001        0.0000000000000000        0.0000000000000000     
         102   3.3666670000000001        0.0000000000000000        0.0000000000000000     
         103   3.3999999999999999        0.0000000000000000        0.0000000000000000     
         104   3.4333330000000002        0.0000000000000000        0.0000000000000000     
         105   3.4666670000000002        0.0000000000000000        0.0000000000000000     
         106   3.5000000000000000        0.0000000000000000        0.0000000000000000     
         107   3.5333329999999998        0.0000000000000000        0.0000000000000000     
         108   3.5666669999999998        0.0000000000000000        0.0000000000000000     
         109   3.6000000000000001        0.0000000000000000        0.0000000000000000     
         110   3.6333329999999999        0.0000000000000000        0.0000000000000000     
         111   3.6666669999999999        0.0000000000000000        0.0000000000000000     
         112   3.7000000000000002        0.0000000000000000        0.0000000000000000     
         113   3.7333330000000000        0.0000000000000000        0.0000000000000000     
         114   3.7666670000000000        0.0000000000000000        0.0000000000000000     
         115   3.7999999999999998        0.0000000000000000        0.0000000000000000     
         116   3.8333330000000001        0.0000000000000000        0.0000000000000000     
         117   3.8666670000000001        0.0000000000000000        0.0000000000000000     
         118   3.8999999999999999        0.0000000000000000        0.0000000000000000     
         119   3.9333330000000002        0.0000000000000000        0.0000000000000000     
         120   3.9666670000000002        0.0000000000000000        0.0000000000000000     
         121   4.0000000000000000        0.0000000000000000        0.0000000000000000     
         122   4.0333329999999998        0.0000000000000000        0.0000000000000000     
         123   4.0666669999999998        0.0000000000000000        0.0000000000000000     
         124   4.0999999999999996        0.0000000000000000        0.0000000000000000     
         125   4.1333330000000004        0.0000000000000000        0.0000000000000000     
         126   4.1666670000000003        0.0000000000000000        0.0000000000000000     
         127   4.2000000000000002        0.0000000000000000        0.0000000000000000     
         128   4.2333330000000000        0.0000000000000000        0.0000000000000000     
         129   4.2666670000000000        0.0000000000000000        0.0000000000000000     
         130   4.2999999999999998        0.0000000000000000        0.0000000000000000     
         131   4.3333329999999997        0.0000000000000000        0.0000000000000000     
         132   4.3666669999999996        0.0000000000000000        0.0000000000000000     
         133   4.4000000000000004        0.0000000000000000        0.0000000000000000     
         134   4.4333330000000002        0.0000000000000000        0.0000000000000000     
         135   4.4666670000000002        0.0000000000000000        0.0000000000000000     
         136   4.5000000000000000        0.0000000000000000        0.0000000000000000     
         137   4.5333329999999998        0.0000000000000000        0.0000000000000000     
         138   4.5666669999999998        0.0000000000000000        0.0000000000000000     
         139   4.5999999999999996        0.0000000000000000        0.0000000000000000     
         140   4.6333330000000004        0.0000000000000000        0.0000000000000000     
         141   4.6666670000000003        0.0000000000000000        0.0000000000000000     
         142   4.7000000000000002        0.0000000000000000        0.0000000000000000     
         143   4.7333330000000000        0.0000000000000000        0.0000000000000000     
         144   4.7666670000000000        0.0000000000000000        0.0000000000000000     
         145   4.7999999999999998        0.0000000000000000        0.0000000000000000     
         146   4.8333329999999997        0.0000000000000000        0.0000000000000000     
         147   4.8666669999999996        0.0000000000000000        0.0000000000000000     
         148   4.9000000000000004        0.0000000000000000        0.0000000000000000     
         149   4.9333330000000002        0.0000000000000000        0.0000000000000000     
         150   4.9666670000000002        0.0000000000000000        0.0000000000000000     
         151   5.0000000000000000        0.0000000000000000        0.0000000000000000     
         152   0.0000000000000000        3.3333000000000002E-002   3.3333000000000002E-002
         153   3.3333000000000002E-002   3.3333000000000002E-002   2.1512097920886278E-002
         154   6.6667000000000004E-002   3.3333000000000002E-002   1.2774080578309291E-002
         155  0.10000000000000001        3.3333000000000002E-002   8.9770187758416269E-003
         156  0.13333300000000001        3.3333000000000002E-002   5.2937014116711872E-003
         157  0.16666700000000001        3.3333000000000002E-002   4.8612697936808690E-003
         158  0.20000000000000001        3.3333000000000002E-002   3.0747503381060529E-003
         159  0.23333300000000001        3.3333000000000002E-002   3.0494388063461125E-003
         160  0.26666699999999999        3.3333000000000002E-002   2.5791718602900344E-003
         161  0.29999999999999999        3.3333000000000002E-002   2.2776903108586116E-003
         162  0.33333299999999999        3.3333000000000002E-002   1.7380851297425079E-003
         163  0.36666700000000002        3.3333000000000002E-002   2.0188594576499084E-003
         164  0.40000000000000002        3.3333000000000002E-002   1.5098803096733812E-003
         165  0.43333300000000002        3.3333000000000002E-002   1.7269443442187100E-003
         166  0.46666700000000000        3.3333000000000002E-002   1.3071511317327266E-003
         167  0.50000000000000000        3.3333000000000002E-002   1.4679750509195436E-003
         168  0.53333299999999995        3.3333000000000002E-002   1.0992770605967358E-003
         169  0.56666700000000003        3.3333000000000002E-002   1.2145369807785840E-003
         170  0.59999999999999998        3.3333000000000002E-002   8.3905946868365197E-004
         171  0.63333300000000003        3.3333000000000002E-002   8.3242232934422104E-004
         172  0.66666700000000001        3.3333000000000002E-002   7.1163696779322585E-004
         173  0.69999999999999996        3.3333000000000002E-002   6.1883859525478429E-004
         174  0.73333300000000001        3.3333000000000002E-002   4.3847853957938390E-004
         175  0.76666699999999999        3.3333000000000002E-002   2.3774774264071746E-004
         176  0.80000000000000004        3.3333000000000002E-002   1.8320711573274994E-004
         177  0.83333299999999999        3.3333000000000002E-002   6.9076964377187049E-005
         178  0.86666699999999997        3.3333000000000002E-002   5.2769264095988512E-006
         179  0.90000000000000002        3.3333000000000002E-002  -4.2964845420462732E-005
         180  0.93333299999999997        3.3333000000000002E-002  -3.5546361724968671E-005
         181  0.96666700000000005        3.3333000000000002E-002  -6.6573983832129455E-006
         182   1.0000000000000000        3.3333000000000002E-002   0.0000000000000000     
         183   1.5000000000000000        3.3333000000000002E-002   0.0000000000000000     
         184   1.5333330000000001        3.3333000000000002E-002   1.2592341414025251E-005
         185   1.5666670000000000        3.3333000000000002E-002  -1.5075000223851649E-005
         186   1.6000000000000001        3.3333000000000002E-002  -1.2335117431867709E-004
         187   1.6333329999999999        3.3333000000000002E-002  -1.8580165913954769E-004
         188   1.6666669999999999        3.3333000000000002E-002  -3.2168251281436134E-004
         189   1.7000000000000000        3.3333000000000002E-002  -4.6872120038297493E-004
         190   1.7333330000000000        3.3333000000000002E-002  -4.7801735332952321E-004
         191   1.7666670000000000        3.3333000000000002E-002  -6.1365568400307700E-004
         192   1.8000000000000000        3.3333000000000002E-002  -6.7621893385699816E-004
         193   1.8333330000000001        3.3333000000000002E-002  -6.8422348684445816E-004
         194   1.8666670000000001        3.3333000000000002E-002  -6.6205052667183556E-004
         195   1.8999999999999999        3.3333000000000002E-002  -7.4057345743134282E-004
         196   1.9333330000000000        3.3333000000000002E-002  -7.0605553473610113E-004
         197   1.9666669999999999        3.3333000000000002E-002  -6.2508693754606971E-004
         198   2.0000000000000000        3.3333000000000002E-002  -5.7810602067391039E-004
         199   2.0333329999999998        3.3333000000000002E-002  -5.4896366118856470E-004
         200   2.0666669999999998        3.3333000000000002E-002  -5.4560431285935636E-004
         201   2.1000000000000001        3.3333000000000002E-002  -4.1950453237341376E-004
         202   2.1333329999999999        3.3333000000000002E-002  -3.9748715338684969E-004
         203   2.1666669999999999        3.3333000000000002E-002  -3.0300547946745675E-004
         204   2.2000000000000002        3.3333000000000002E-002  -2.5431953326873481E-004
         205   2.2333330000000000        3.3333000000000002E-002  -1.6249018552219819E-004
         206   2.2666670000000000        3.3333000000000002E-002  -1.0873249806038712E-004
         207   2.2999999999999998        3.3333000000000002E-002  -3.0167290933632028E-005
         208   2.3333330000000001        3.3333000000000002E-002   3.9389251313281422E-005
         209   2.3666670000000001        3.3333000000000002E-002   1.0915098546018426E-004
         210   2.3999999999999999        3.3333000000000002E-002   1.9470880741536792E-004
         211   2.4333330000000002        3.3333000000000002E-002   2.0486291783132482E-004
         212   2.4666670000000002        3.3333000000000002E-002   3.4251478981562114E-004
         213   2.5000000000000000        3.3333000000000002E-002   3.4708611826509675E-004
         214   2.5333329999999998        3.3333000000000002E-002   4.3723213146726678E-004
         215   2.5666669999999998        3.3333000000000002E-002   5.3470682154289201E-004
         216   2.6000000000000001        3.3333000000000002E-002   4.7996585110507048E-004
         217   2.6333329999999999        3.3333000000000002E-002   6.5493942137726739E-004
         218   2.6666669999999999        3.3333000000000002E-002   7.1213589160298819E-004
         219   2.7000000000000002        3.3333000000000002E-002   6.2815546121901191E-004
         220   2.7333330000000000        3.3333000000000002E-002   8.0991931459049448E-004
         221   2.7666670000000000        3.3333000000000002E-002   8.0471425088066899E-004
         222   2.7999999999999998        3.3333000000000002E-002   8.1700942917673283E-004
         223   2.8333330000000001        3.3333000000000002E-002   8.5087648856766590E-004
         224   2.8666670000000001        3.3333000000000002E-002   1.0392885602854886E-003
         225   2.8999999999999999        3.3333000000000002E-002   9.2372193654051199E-004
         226   2.9333330000000002        3.3333000000000002E-002   1.0851037567326299E-003
         227   2.9666670000000002        3.3333000000000002E-002   1.0109878178669017E-003
         228   3.0000000000000000        3.3333000000000002E-002   1.0393753953587288E-003
         229   3.0333329999999998        3.3333000000000002E-002   1.0745156398230607E-003
         230   3.0666669999999998        3.3333000000000002E-002   1.3022574192691283E-003
         231   3.1000000000000001        3.3333000000000002E-002   1.1909422536042463E-003
         232   3.1333329999999999        3.3333000000000002E-002   1.0510765241001370E-003
         233   3.1666669999999999        3.3333000000000002E-002   1.3021651201168920E-003
         234   3.2000000000000002        3.3333000000000002E-002   1.1833552122861718E-003
         235   3.2333330000000000        3.3333000000000002E-002   1.3995893602790190E-003
         236   3.2666670000000000        3.3333000000000002E-002   1.2181625588067570E-003
         237   3.2999999999999998        3.3333000000000002E-002   1.3124184463512688E-003
         238   3.3333330000000001        3.3333000000000002E-002   1.2882035069390204E-003
         239   3.3666670000000001        3.3333000000000002E-002   1.5095940799145591E-003
         240   3.3999999999999999        3.3333000000000002E-002   1.3049705981778347E-003
         241   3.4333330000000002        3.3333000000000002E-002   1.4727878030565333E-003
         242   3.4666670000000002        3.3333000000000002E-002   1.2828908982359449E-003
         243   3.5000000000000000        3.3333000000000002E-002   1.5913865571514634E-003
         244   3.5333329999999998        3.3333000000000002E-002   1.4088782223334242E-003
         245   3.5666669999999998        3.3333000000000002E-002   1.4858879699132144E-003
         246   3.6000000000000001        3.3333000000000002E-002   1.2669945650691271E-003
         247   3.6333329999999999        3.3333000000000002E-002   1.4632366062663712E-003
         248   3.6666669999999999        3.3333000000000002E-002   1.6108341132342878E-003
         249   3.7000000000000002        3.3333000000000002E-002   1.5968653164105059E-003
         250   3.7333330000000000        3.3333000000000002E-002   1.3494628272903869E-003
         251   3.7666670000000000        3.3333000000000002E-002   1.6158951935882724E-003
         252   3.7999999999999998        3.3333000000000002E-002   1.4926077763069982E-003
         253   3.8333330000000001        3.3333000000000002E-002   1.5462726656408036E-003
         254   3.8666670000000001        3.3333000000000002E-002   1.6233468769797825E-003
         255   3.8999999999999999        3.3333000000000002E-002   1.3973382154822166E-003
         256   3.9333330000000002        3.3333000000000002E-002   1.7147643714025508E-003
         257   3.9666670000000002        3.3333000000000002E-002   1.4852032869583644E-003
         258   4.0000000000000000        3.3333000000000002E-002   1.5945616775682660E-003
         259   4.0333329999999998        3.3333000000000002E-002   1.4911585471886811E-003
         260   4.0666669999999998        3.3333000000000002E-002   1.6811627538607190E-003
         261   4.0999999999999996        3.3333000000000002E-002   1.5679147531386100E-003
         262   4.1333330000000004        3.3333000000000002E-002   1.6803924656339903E-003
         263   4.1666670000000003        3.3333000000000002E-002   1.4003935226812730E-003
         264   4.2000000000000002        3.3333000000000002E-002   1.6589296151808249E-003
         265   4.2333330000000000        3.3333000000000002E-002   1.7211316286337192E-003
         266   4.2666670000000000        3.3333000000000002E-002   1.4536636076927390E-003
         267   4.2999999999999998        3.3333000000000002E-002   1.7007704786853465E-003
         268   4.3333329999999997        3.3333000000000002E-002   1.6242576322801417E-003
         269   4.3666669999999996        3.3333000000000002E-002   1.6044701412488214E-003
         270   4.4000000000000004        3.3333000000000002E-002   1.6440688469855096E-003
         271   4.4333330000000002        3.3333000000000002E-002   1.7128164394184645E-003
         272   4.4666670000000002        3.3333000000000002E-002   1.4455802329279082E-003
         273   4.5000000000000000        3.3333000000000002E-002   1.7613420462300644E-003
         274   4.5333329999999998        3.3333000000000002E-002   1.4619839964034563E-003
         275   4.5666669999999998        3.3333000000000002E-002   1.7482120709523543E-003
         276   4.5999999999999996        3.3333000000000002E-002   1.6801014172993581E-003
         277   4.6333330000000004        3.3333000000000002E-002   1.6817129814259730E-003
         278   4.6666670000000003        3.3333000000000002E-002   1.4457323441134768E-003
         279   4.7000000000000002        3.3333000000000002E-002   1.6899931592762542E-003
         280   4.7333330000000000        3.3333000000000002E-002   1.6762713436942987E-003
         281   4.7666670000000000        3.3333000000000002E-002   1.5719484150866193E-003
         282   4.7999999999999998        3.3333000000000002E-002   1.7992617315295489E-003
         283   4.8333329999999997        3.3333000000000002E-002   1.4518074460151374E-003
         284   4.8666669999999996        3.3333000000000002E-002   1.6422358657130405E-003
         285   4.9000000000000004        3.3333000000000002E-002   1.8003102794426878E-003
         286   4.9333330000000002        3.3333000000000002E-002   1.6744837912403946E-003
         287   4.9666670000000002        3.3333000000000002E-002   1.8340909654374334E-003
         288   5.0000000000000000        3.3333000000000002E-002   1.6673586684060168E-003
         289   0.0000000000000000        6.6667000000000004E-002   6.6667000000000004E-002
         290   3.3333000000000002E-002   6.6667000000000004E-002   5.0400409856412955E-002
         291   6.6667000000000004E-002   6.6667000000000004E-002   3.6462818802909781E-002
         292  0.10000000000000001        6.6667000000000004E-002   2.8122593207931711E-002
         293  0.13333300000000001        6.6667000000000004E-002   2.1615989633665966E-002
         294  0.16666700000000001        6.6667000000000004E-002   1.7166213016129174E-002
         295  0.20000000000000001        6.6667000000000004E-002   1.4618612645679945E-002
         296  0.23333300000000001        6.6667000000000004E-002   1.2049427472579314E-002
         297  0.26666699999999999        6.6667000000000004E-002   1.0815447318321375E-002
         298  0.29999999999999999        6.6667000000000004E-002   9.1429463339843670E-003
         299  0.33333299999999999        6.6667000000000004E-002   8.6991648108014196E-003
         300  0.36666700000000002        6.6667000000000004E-002   7.5938973156907145E-003
         301  0.40000000000000002        6.6667000000000004E-002   7.2582005011082419E-003
         302  0.43333300000000002        6.6667000000000004E-002   6.3776134990703847E-003
         303  0.46666700000000000        6.6667000000000004E-002   6.1538208207245057E-003
         304  0.50000000000000000        6.6667000000000004E-002   5.3598145785327097E-003
         305  0.53333299999999995        6.6667000000000004E-002   5.1013023906219266E-003
         306  0.56666700000000003        6.6667000000000004E-002   4.4537173606761420E-003
         307  0.59999999999999998        6.6667000000000004E-002   3.9649397563729380E-003
         308  0.63333300000000003        6.6667000000000004E-002   3.4887480227372464E-003
         309  0.66666700000000001        6.6667000000000004E-002   2.8759862855704693E-003
         310  0.69999999999999996        6.6667000000000004E-002   2.3896178371002755E-003
         311  0.73333300000000001        6.6667000000000004E-002   1.7572784000146821E-003
         312  0.76666699999999999        6.6667000000000004E-002   1.3423883235603251E-003
         313  0.80000000000000004        6.6667000000000004E-002   8.5017705633270481E-004
         314  0.83333299999999999        6.6667000000000004E-002   5.0041887273513490E-004
         315  0.86666699999999997        6.6667000000000004E-002   1.6463712808414564E-004
         316  0.90000000000000002        6.6667000000000004E-002  -9.5855330673715389E-006
         317  0.93333299999999997        6.6667000000000004E-002  -7.6907679860730918E-005
         318  0.96666700000000005        6.6667000000000004E-002  -3.3981603011367861E-005
         319   1.0000000000000000        6.6667000000000004E-002   0.0000000000000000     
         320   1.5000000000000000        6.6667000000000004E-002   0.0000000000000000     
         321   1.5333330000000001        6.6667000000000004E-002  -2.7983650568080025E-005
         322   1.5666670000000000        6.6667000000000004E-002  -1.9979086965998114E-004
         323   1.6000000000000001        6.6667000000000004E-002  -4.9169724466455633E-004
         324   1.6333329999999999        6.6667000000000004E-002  -8.5188881964155328E-004
         325   1.6666669999999999        6.6667000000000004E-002  -1.2085082435708920E-003
         326   1.7000000000000000        6.6667000000000004E-002  -1.5309810633775296E-003
         327   1.7333330000000000        6.6667000000000004E-002  -1.8659673210091750E-003
         328   1.7666670000000000        6.6667000000000004E-002  -2.0685841126540754E-003
         329   1.8000000000000000        6.6667000000000004E-002  -2.2744158526246910E-003
         330   1.8333330000000001        6.6667000000000004E-002  -2.3570895846724144E-003
         331   1.8666670000000001        6.6667000000000004E-002  -2.3846785381289935E-003
         332   1.8999999999999999        6.6667000000000004E-002  -2.3556150944607020E-003
         333   1.9333330000000000        6.6667000000000004E-002  -2.2722166136293406E-003
         334   1.9666669999999999        6.6667000000000004E-002  -2.1764653034530095E-003
         335   2.0000000000000000        6.6667000000000004E-002  -1.9821761899159658E-003
         336   2.0333329999999998        6.6667000000000004E-002  -1.8408116437351315E-003
         337   2.0666669999999998        6.6667000000000004E-002  -1.6220087036151864E-003
         338   2.1000000000000001        6.6667000000000004E-002  -1.4031465750376562E-003
         339   2.1333329999999999        6.6667000000000004E-002  -1.1530646057891138E-003
         340   2.1666669999999999        6.6667000000000004E-002  -8.9564779744252202E-004
         341   2.2000000000000002        6.6667000000000004E-002  -6.4906013847652237E-004
         342   2.2333330000000000        6.6667000000000004E-002  -3.7355463154969341E-004
         343   2.2666670000000000        6.6667000000000004E-002  -1.0146060925627525E-004
         344   2.2999999999999998        6.6667000000000004E-002   1.5726570629383962E-004
         345   2.3333330000000001        6.6667000000000004E-002   3.6806660106811581E-004
         346   2.3666670000000001        6.6667000000000004E-002   6.6433476517989193E-004
         347   2.3999999999999999        6.6667000000000004E-002   9.5726440058431256E-004
         348   2.4333330000000002        6.6667000000000004E-002   1.1964186035979469E-003
         349   2.4666670000000002        6.6667000000000004E-002   1.3591681258356429E-003
         350   2.5000000000000000        6.6667000000000004E-002   1.6515137510196413E-003
         351   2.5333329999999998        6.6667000000000004E-002   1.8993329411915076E-003
         352   2.5666669999999998        6.6667000000000004E-002   2.1742554550776162E-003
         353   2.6000000000000001        6.6667000000000004E-002   2.3609258746775386E-003
         354   2.6333329999999999        6.6667000000000004E-002   2.5630513134668399E-003
         355   2.6666669999999999        6.6667000000000004E-002   2.7507062206774155E-003
         356   2.7000000000000002        6.6667000000000004E-002   2.9924882141653775E-003
         357   2.7333330000000000        6.6667000000000004E-002   3.1563233833750218E-003
         358   2.7666670000000000        6.6667000000000004E-002   3.2704393740075124E-003
         359   2.7999999999999998        6.6667000000000004E-002   3.3411899859087501E-003
         360   2.8333330000000001        6.6667000000000004E-002   3.6994124438914501E-003
         361   2.8666670000000001        6.6667000000000004E-002   3.6772006797372737E-003
         362   2.8999999999999999        6.6667000000000004E-002   3.8899793834721000E-003
         363   2.9333330000000002        6.6667000000000004E-002   4.1225657508674879E-003
         364   2.9666670000000002        6.6667000000000004E-002   4.3684621617891923E-003
         365   3.0000000000000000        6.6667000000000004E-002   4.2134362532225246E-003
         366   3.0333329999999998        6.6667000000000004E-002   4.5725085303326418E-003
         367   3.0666669999999998        6.6667000000000004E-002   4.5025702643774358E-003
         368   3.1000000000000001        6.6667000000000004E-002   4.7599222519725806E-003
         369   3.1333329999999999        6.6667000000000004E-002   4.8437146727597002E-003
         370   3.1666669999999999        6.6667000000000004E-002   5.0019024337158210E-003
         371   3.2000000000000002        6.6667000000000004E-002   4.9301885159051635E-003
         372   3.2333330000000000        6.6667000000000004E-002   4.8944923757686474E-003
         373   3.2666670000000000        6.6667000000000004E-002   5.1326915232050444E-003
         374   3.2999999999999998        6.6667000000000004E-002   5.3201398667518576E-003
         375   3.3333330000000001        6.6667000000000004E-002   5.4083137095399612E-003
         376   3.3666670000000001        6.6667000000000004E-002   5.2559641113014638E-003
         377   3.3999999999999999        6.6667000000000004E-002   5.4108666868172206E-003
         378   3.4333330000000002        6.6667000000000004E-002   5.5851694985232497E-003
         379   3.4666670000000002        6.6667000000000004E-002   5.7477087660654158E-003
         380   3.5000000000000000        6.6667000000000004E-002   5.5641065597788119E-003
         381   3.5333329999999998        6.6667000000000004E-002   5.8432102988768466E-003
         382   3.5666669999999998        6.6667000000000004E-002   5.6162548802117023E-003
         383   3.6000000000000001        6.6667000000000004E-002   5.8382825838403469E-003
         384   3.6333329999999999        6.6667000000000004E-002   5.8545793101029055E-003
         385   3.6666669999999999        6.6667000000000004E-002   5.8540340375952604E-003
         386   3.7000000000000002        6.6667000000000004E-002   5.8789899837220876E-003
         387   3.7333330000000000        6.6667000000000004E-002   6.0820060694573566E-003
         388   3.7666670000000000        6.6667000000000004E-002   6.0924756412901121E-003
         389   3.7999999999999998        6.6667000000000004E-002   5.8007767483575466E-003
         390   3.8333330000000001        6.6667000000000004E-002   6.0688784008945474E-003
         391   3.8666670000000001        6.6667000000000004E-002   6.0542674201717753E-003
         392   3.8999999999999999        6.6667000000000004E-002   6.2542104661232360E-003
         393   3.9333330000000002        6.6667000000000004E-002   6.0180501460880935E-003
         394   3.9666670000000002        6.6667000000000004E-002   6.1822455734638349E-003
         395   4.0000000000000000        6.6667000000000004E-002   6.4268545539122356E-003
         396   4.0333329999999998        6.6667000000000004E-002   6.2557360198848650E-003
         397   4.0666669999999998        6.6667000000000004E-002   6.2362615209407696E-003
         398   4.0999999999999996        6.6667000000000004E-002   6.0280472557627451E-003
         399   4.1333330000000004        6.6667000000000004E-002   6.3253956592293128E-003
         400   4.1666670000000003        6.6667000000000004E-002   6.3369584799192122E-003
         401   4.2000000000000002        6.6667000000000004E-002   6.1280507319902700E-003
         402   4.2333330000000000        6.6667000000000004E-002   6.3777312799237970E-003
         403   4.2666670000000000        6.6667000000000004E-002   6.5315399020227805E-003
         404   4.2999999999999998        6.6667000000000004E-002   6.3374986827152823E-003
         405   4.3333329999999997        6.6667000000000004E-002   6.3402527993761896E-003
         406   4.3666669999999996        6.6667000000000004E-002   6.3075521372566003E-003
         407   4.4000000000000004        6.6667000000000004E-002   6.3934631764476901E-003
         408   4.4333330000000002        6.6667000000000004E-002   6.4068711514613094E-003
         409   4.4666670000000002        6.6667000000000004E-002   6.4731757673079510E-003
         410   4.5000000000000000        6.6667000000000004E-002   6.2498269108354279E-003
         411   4.5333329999999998        6.6667000000000004E-002   6.5266113231182820E-003
         412   4.5666669999999998        6.6667000000000004E-002   6.5019824019313137E-003
         413   4.5999999999999996        6.6667000000000004E-002   6.4881009902113722E-003
         414   4.6333330000000004        6.6667000000000004E-002   6.2546116048032962E-003
         415   4.6666670000000003        6.6667000000000004E-002   6.5727871204902741E-003
         416   4.7000000000000002        6.6667000000000004E-002   6.2914402094459559E-003
         417   4.7333330000000000        6.6667000000000004E-002   6.6040467111003563E-003
         418   4.7666670000000000        6.6667000000000004E-002   6.5384233668441573E-003
         419   4.7999999999999998        6.6667000000000004E-002   6.3180581735123786E-003
         420   4.8333329999999997        6.6667000000000004E-002   6.5741138029056781E-003
         421   4.8666669999999996        6.6667000000000004E-002   6.5299013947156589E-003
         422   4.9000000000000004        6.6667000000000004E-002   6.5850068357180868E-003
         423   4.9333330000000002        6.6667000000000004E-002   6.3388843403117253E-003
         424   4.9666670000000002        6.6667000000000004E-002   6.6146289366808006E-003
         425   5.0000000000000000        6.6667000000000004E-002   6.8676034743583294E-003
         426   0.0000000000000000       0.10000000000000001       0.10000000000000001     
         427   3.3333000000000002E-002  0.10000000000000001        8.1977507351045614E-002
         428   6.6667000000000004E-002  0.10000000000000001        6.6243700016874504E-002
         429  0.10000000000000001       0.10000000000000001        5.3244104192972409E-002
         430  0.13333300000000001       0.10000000000000001        4.4223779919030697E-002
         431  0.16666700000000001       0.10000000000000001        3.6866301488824360E-002
         432  0.20000000000000001       0.10000000000000001        3.0874204021829971E-002
         433  0.23333300000000001       0.10000000000000001        2.7133533208401010E-002
         434  0.26666699999999999       0.10000000000000001        2.4198861736919257E-002
         435  0.29999999999999999       0.10000000000000001        2.1507420015159581E-002
         436  0.33333299999999999       0.10000000000000001        1.9345374930930286E-002
         437  0.36666700000000002       0.10000000000000001        1.7899512155414753E-002
         438  0.40000000000000002       0.10000000000000001        1.6056691784468731E-002
         439  0.43333300000000002       0.10000000000000001        1.4961869234889905E-002
         440  0.46666700000000000       0.10000000000000001        1.3667393460111601E-002
         441  0.50000000000000000       0.10000000000000001        1.2553414954763108E-002
         442  0.53333299999999995       0.10000000000000001        1.1234874527527632E-002
         443  0.56666700000000003       0.10000000000000001        1.0304759434777122E-002
         444  0.59999999999999998       0.10000000000000001        9.2099975427420658E-003
         445  0.63333300000000003       0.10000000000000001        7.8579490763073436E-003
         446  0.66666700000000001       0.10000000000000001        6.8813650210996259E-003
         447  0.69999999999999996       0.10000000000000001        5.5117786324984895E-003
         448  0.73333300000000001       0.10000000000000001        4.4736206114880956E-003
         449  0.76666699999999999       0.10000000000000001        3.3540303184317207E-003
         450  0.80000000000000004       0.10000000000000001        2.2718326636587162E-003
         451  0.83333299999999999       0.10000000000000001        1.3315765632443686E-003
         452  0.86666699999999997       0.10000000000000001        6.9338362709145005E-004
         453  0.90000000000000002       0.10000000000000001        2.0735355263482236E-004
         454  0.93333299999999997       0.10000000000000001        7.6835624946097760E-007
         455  0.96666700000000005       0.10000000000000001       -4.8674428578671469E-005
         456   1.0000000000000000       0.10000000000000001        0.0000000000000000     
         457   1.5000000000000000       0.10000000000000001        0.0000000000000000     
         458   1.5333330000000001       0.10000000000000001       -8.5127840428175186E-005
         459   1.5666670000000000       0.10000000000000001       -5.0872617004535305E-004
         460   1.6000000000000001       0.10000000000000001       -1.0742264493929237E-003
         461   1.6333329999999999       0.10000000000000001       -1.7865849580553977E-003
         462   1.6666669999999999       0.10000000000000001       -2.4985800248474637E-003
         463   1.7000000000000000       0.10000000000000001       -3.1554424689915548E-003
         464   1.7333330000000000       0.10000000000000001       -3.7019867516736296E-003
         465   1.7666670000000000       0.10000000000000001       -4.1464077925230823E-003
         466   1.8000000000000000       0.10000000000000001       -4.4652011889593449E-003
         467   1.8333330000000001       0.10000000000000001       -4.6182349739084562E-003
         468   1.8666670000000001       0.10000000000000001       -4.6369163650943849E-003
         469   1.8999999999999999       0.10000000000000001       -4.5749257744079142E-003
         470   1.9333330000000000       0.10000000000000001       -4.3847046574206740E-003
         471   1.9666669999999999       0.10000000000000001       -4.1278860446887257E-003
         472   2.0000000000000000       0.10000000000000001       -3.7783515271235780E-003
         473   2.0333329999999998       0.10000000000000001       -3.3850033537096151E-003
         474   2.0666669999999998       0.10000000000000001       -2.9436206600722864E-003
         475   2.1000000000000001       0.10000000000000001       -2.4575993434687951E-003
         476   2.1333329999999999       0.10000000000000001       -1.9592718201662264E-003
         477   2.1666669999999999       0.10000000000000001       -1.4039791204857436E-003
         478   2.2000000000000002       0.10000000000000001       -8.2034929745573740E-004
         479   2.2333330000000000       0.10000000000000001       -3.3919597516595502E-004
         480   2.2666670000000000       0.10000000000000001        2.7022293822233042E-004
         481   2.2999999999999998       0.10000000000000001        8.7678963898669027E-004
         482   2.3333330000000001       0.10000000000000001        1.4162040081452444E-003
         483   2.3666670000000001       0.10000000000000001        1.9452333920641338E-003
         484   2.3999999999999999       0.10000000000000001        2.4338412563804416E-003
         485   2.4333330000000002       0.10000000000000001        3.0255427198973375E-003
         486   2.4666670000000002       0.10000000000000001        3.5769549085470261E-003
         487   2.5000000000000000       0.10000000000000001        4.1075870860368038E-003
         488   2.5333329999999998       0.10000000000000001        4.5352852011228380E-003
         489   2.5666669999999998       0.10000000000000001        4.9594439158106461E-003
         490   2.6000000000000001       0.10000000000000001        5.6056689283420086E-003
         491   2.6333329999999999       0.10000000000000001        5.9286760005348212E-003
         492   2.6666669999999999       0.10000000000000001        6.2437244335265835E-003
         493   2.7000000000000002       0.10000000000000001        6.7665522457962951E-003
         494   2.7333330000000000       0.10000000000000001        7.2120010195495833E-003
         495   2.7666670000000000       0.10000000000000001        7.5107697806623009E-003
         496   2.7999999999999998       0.10000000000000001        7.9874335027247303E-003
         497   2.8333330000000001       0.10000000000000001        8.1794618912850812E-003
         498   2.8666670000000001       0.10000000000000001        8.6787274367383701E-003
         499   2.8999999999999999       0.10000000000000001        8.8546636620263439E-003
         500   2.9333330000000002       0.10000000000000001        9.2208416935372264E-003
         501   2.9666670000000002       0.10000000000000001        9.5349628813842773E-003
         502   3.0000000000000000       0.10000000000000001        9.7571558005840366E-003
         503   3.0333329999999998       0.10000000000000001        9.9799467785913563E-003
         504   3.0666669999999998       0.10000000000000001        1.0415422941229449E-002
         505   3.1000000000000001       0.10000000000000001        1.0432774625911198E-002
         506   3.1333329999999999       0.10000000000000001        1.0901006824317031E-002
         507   3.1666669999999999       0.10000000000000001        1.0919633466258669E-002
         508   3.2000000000000002       0.10000000000000001        1.1066784758674455E-002
         509   3.2333330000000000       0.10000000000000001        1.1414149268294198E-002
         510   3.2666670000000000       0.10000000000000001        1.1605390952861524E-002
         511   3.2999999999999998       0.10000000000000001        1.1548522134175258E-002
         512   3.3333330000000001       0.10000000000000001        1.1908548995879939E-002
         513   3.3666670000000001       0.10000000000000001        1.2185072889792410E-002
         514   3.3999999999999999       0.10000000000000001        1.2144105861168195E-002
         515   3.4333330000000002       0.10000000000000001        1.2380548231010325E-002
         516   3.4666670000000002       0.10000000000000001        1.2350307426394267E-002
         517   3.5000000000000000       0.10000000000000001        1.2701366096016239E-002
         518   3.5333329999999998       0.10000000000000001        1.2605878898634943E-002
         519   3.5666669999999998       0.10000000000000001        1.2949507123856736E-002
         520   3.6000000000000001       0.10000000000000001        1.2899740711238609E-002
         521   3.6333329999999999       0.10000000000000001        1.3041530712479028E-002
         522   3.6666669999999999       0.10000000000000001        1.2911734104919992E-002
         523   3.7000000000000002       0.10000000000000001        1.3289339175079920E-002
         524   3.7333330000000000       0.10000000000000001        1.3370454007956440E-002
         525   3.7666670000000000       0.10000000000000001        1.3263853555538458E-002
         526   3.7999999999999998       0.10000000000000001        1.3391344312583410E-002
         527   3.8333330000000001       0.10000000000000001        1.3297594832839007E-002
         528   3.8666670000000001       0.10000000000000001        1.3654024148478125E-002
         529   3.8999999999999999       0.10000000000000001        1.3486903934642627E-002
         530   3.9333330000000002       0.10000000000000001        1.3827021219325091E-002
         531   3.9666670000000002       0.10000000000000001        1.3734854794758871E-002
         532   4.0000000000000000       0.10000000000000001        1.3637680277140763E-002
         533   4.0333329999999998       0.10000000000000001        1.3819805336602547E-002
         534   4.0666669999999998       0.10000000000000001        1.3949626860355871E-002
         535   4.0999999999999996       0.10000000000000001        1.3957302806860908E-002
         536   4.1333330000000004       0.10000000000000001        1.3745915733792035E-002
         537   4.1666670000000003       0.10000000000000001        1.3964022514785054E-002
         538   4.2000000000000002       0.10000000000000001        1.4132513371084574E-002
         539   4.2333330000000000       0.10000000000000001        1.4138911254314535E-002
         540   4.2666670000000000       0.10000000000000001        1.3960677959426760E-002
         541   4.2999999999999998       0.10000000000000001        1.4292208059081679E-002
         542   4.3333329999999997       0.10000000000000001        1.4123115467939111E-002
         543   4.3666669999999996       0.10000000000000001        1.3944553387605044E-002
         544   4.4000000000000004       0.10000000000000001        1.4236843091372756E-002
         545   4.4333330000000002       0.10000000000000001        1.4102215138879643E-002
         546   4.4666670000000002       0.10000000000000001        1.4304368709995680E-002
         547   4.5000000000000000       0.10000000000000001        1.4285512986169332E-002
         548   4.5333329999999998       0.10000000000000001        1.4415961964266578E-002
         549   4.5666669999999998       0.10000000000000001        1.4299952433535660E-002
         550   4.5999999999999996       0.10000000000000001        1.4079412060095215E-002
         551   4.6333330000000004       0.10000000000000001        1.4344945229951490E-002
         552   4.6666670000000003       0.10000000000000001        1.4323975562251109E-002
         553   4.7000000000000002       0.10000000000000001        1.4367534199222700E-002
         554   4.7333330000000000       0.10000000000000001        1.4454032839275856E-002
         555   4.7666670000000000       0.10000000000000001        1.4223594086521990E-002
         556   4.7999999999999998       0.10000000000000001        1.4453689810467050E-002
         557   4.8333329999999997       0.10000000000000001        1.4538635258335627E-002
         558   4.8666669999999996       0.10000000000000001        1.4390353243041243E-002
         559   4.9000000000000004       0.10000000000000001        1.4256972912537391E-002
         560   4.9333330000000002       0.10000000000000001        1.4578815173427961E-002
         561   4.9666670000000002       0.10000000000000001        1.4408299213404337E-002
         562   5.0000000000000000       0.10000000000000001        1.4526212693299734E-002
         563   0.0000000000000000       0.13333300000000001       0.13333300000000001     
         564   3.3333000000000002E-002  0.13333300000000001       0.11468820029553659     
         565   6.6667000000000004E-002  0.13333300000000001        9.7567362260624055E-002
         566  0.10000000000000001       0.13333300000000001        8.3144752915867204E-002
         567  0.13333300000000001       0.13333300000000001        7.0721935638822134E-002
         568  0.16666700000000001       0.13333300000000001        6.0890700427666929E-002
         569  0.20000000000000001       0.13333300000000001        5.3161414196767093E-002
         570  0.23333300000000001       0.13333300000000001        4.7076442145919439E-002
         571  0.26666699999999999       0.13333300000000001        4.1720790216244252E-002
         572  0.29999999999999999       0.13333300000000001        3.8127374954178832E-002
         573  0.33333299999999999       0.13333300000000001        3.4429663923902343E-002
         574  0.36666700000000002       0.13333300000000001        3.1313951872021198E-002
         575  0.40000000000000002       0.13333300000000001        2.9094724951144183E-002
         576  0.43333300000000002       0.13333300000000001        2.6596345285029976E-002
         577  0.46666700000000000       0.13333300000000001        2.4175144198342609E-002
         578  0.50000000000000000       0.13333300000000001        2.2407114387345876E-002
         579  0.53333299999999995       0.13333300000000001        2.0550450967415018E-002
         580  0.56666700000000003       0.13333300000000001        1.8331179617703107E-002
         581  0.59999999999999998       0.13333300000000001        1.6584525019492487E-002
         582  0.63333300000000003       0.13333300000000001        1.4521220186584629E-002
         583  0.66666700000000001       0.13333300000000001        1.2476863227504027E-002
         584  0.69999999999999996       0.13333300000000001        1.0426884920979516E-002
         585  0.73333300000000001       0.13333300000000001        8.4348995991073601E-003
         586  0.76666699999999999       0.13333300000000001        6.3328036918013867E-003
         587  0.80000000000000004       0.13333300000000001        4.6060673446692672E-003
         588  0.83333299999999999       0.13333300000000001        3.0011516631308051E-003
         589  0.86666699999999997       0.13333300000000001        1.6118854519675885E-003
         590  0.90000000000000002       0.13333300000000001        7.5244345998349649E-004
         591  0.93333299999999997       0.13333300000000001        1.4023387584132988E-004
         592  0.96666700000000005       0.13333300000000001       -1.3315792347291208E-005
         593   1.0000000000000000       0.13333300000000001        0.0000000000000000     
         594   1.5000000000000000       0.13333300000000001        0.0000000000000000     
         595   1.5333330000000001       0.13333300000000001       -2.2214055394065676E-004
         596   1.5666670000000000       0.13333300000000001       -8.6863446219329976E-004
         597   1.6000000000000001       0.13333300000000001       -1.8540770226489734E-003
         598   1.6333329999999999       0.13333300000000001       -2.9460393750431646E-003
         599   1.6666669999999999       0.13333300000000001       -4.0352595620627776E-003
         600   1.7000000000000000       0.13333300000000001       -5.0428792272319660E-003
         601   1.7333330000000000       0.13333300000000001       -5.8682362808051723E-003
         602   1.7666670000000000       0.13333300000000001       -6.5144999255857478E-003
         603   1.8000000000000000       0.13333300000000001       -6.9222689717782148E-003
         604   1.8333330000000001       0.13333300000000001       -7.1300909155306196E-003
         605   1.8666670000000001       0.13333300000000001       -7.1160723768138685E-003
         606   1.8999999999999999       0.13333300000000001       -6.9640992450793445E-003
         607   1.9333330000000000       0.13333300000000001       -6.5861660242032940E-003
         608   1.9666669999999999       0.13333300000000001       -6.1252134495614723E-003
         609   2.0000000000000000       0.13333300000000001       -5.5537571153800400E-003
         610   2.0333329999999998       0.13333300000000001       -4.8297463194509876E-003
         611   2.0666669999999998       0.13333300000000001       -4.0903794919950184E-003
         612   2.1000000000000001       0.13333300000000001       -3.2349770135425234E-003
         613   2.1333329999999999       0.13333300000000001       -2.3170730706267074E-003
         614   2.1666669999999999       0.13333300000000001       -1.4684049942324542E-003
         615   2.2000000000000002       0.13333300000000001       -5.2895277604290936E-004
         616   2.2333330000000000       0.13333300000000001        3.9797875884559753E-004
         617   2.2666670000000000       0.13333300000000001        1.3653943498373377E-003
         618   2.2999999999999998       0.13333300000000001        2.3064667055061731E-003
         619   2.3333330000000001       0.13333300000000001        3.2198746777586332E-003
         620   2.3666670000000001       0.13333300000000001        4.2090997657433333E-003
         621   2.3999999999999999       0.13333300000000001        5.1906795590004832E-003
         622   2.4333330000000002       0.13333300000000001        6.0256770712811764E-003
         623   2.4666670000000002       0.13333300000000001        6.8346049758985644E-003
         624   2.5000000000000000       0.13333300000000001        7.7051727399146223E-003
         625   2.5333329999999998       0.13333300000000001        8.5120211609845502E-003
         626   2.5666669999999998       0.13333300000000001        9.4204061302938114E-003
         627   2.6000000000000001       0.13333300000000001        1.0169699606839147E-002
         628   2.6333329999999999       0.13333300000000001        1.0855356052195991E-002
         629   2.6666669999999999       0.13333300000000001        1.1703454263450876E-002
         630   2.7000000000000002       0.13333300000000001        1.2321450115603601E-002
         631   2.7333330000000000       0.13333300000000001        1.2875639442111442E-002
         632   2.7666670000000000       0.13333300000000001        1.3700927356865107E-002
         633   2.7999999999999998       0.13333300000000001        1.4165327887841077E-002
         634   2.8333330000000001       0.13333300000000001        1.4923486090601719E-002
         635   2.8666670000000001       0.13333300000000001        1.5326919681642678E-002
         636   2.8999999999999999       0.13333300000000001        1.6002297395804076E-002
         637   2.9333330000000002       0.13333300000000001        1.6454073255256229E-002
         638   2.9666670000000002       0.13333300000000001        1.6919172478363716E-002
         639   3.0000000000000000       0.13333300000000001        1.7474133640220699E-002
         640   3.0333329999999998       0.13333300000000001        1.7766025638802040E-002
         641   3.0666669999999998       0.13333300000000001        1.8254822273288392E-002
         642   3.1000000000000001       0.13333300000000001        1.8717847313178815E-002
         643   3.1333329999999999       0.13333300000000001        1.8960404574147445E-002
         644   3.1666669999999999       0.13333300000000001        1.9467412567499672E-002
         645   3.2000000000000002       0.13333300000000001        1.9804778694481016E-002
         646   3.2333330000000000       0.13333300000000001        2.0117953308013189E-002
         647   3.2666670000000000       0.13333300000000001        2.0380045616357437E-002
         648   3.2999999999999998       0.13333300000000001        2.0684635432253379E-002
         649   3.3333330000000001       0.13333300000000001        2.1022984353544480E-002
         650   3.3666670000000001       0.13333300000000001        2.1135821174586674E-002
         651   3.3999999999999999       0.13333300000000001        2.1603604876044756E-002
         652   3.4333330000000002       0.13333300000000001        2.1615290318918519E-002
         653   3.4666670000000002       0.13333300000000001        2.2071630897521767E-002
         654   3.5000000000000000       0.13333300000000001        2.2049565462995298E-002
         655   3.5333329999999998       0.13333300000000001        2.2477847369117020E-002
         656   3.5666669999999998       0.13333300000000001        2.2458315825877539E-002
         657   3.6000000000000001       0.13333300000000001        2.2897196046649217E-002
         658   3.6333329999999999       0.13333300000000001        2.2761084919662219E-002
         659   3.6666669999999999       0.13333300000000001        2.3107756047315808E-002
         660   3.7000000000000002       0.13333300000000001        2.3283607023152676E-002
         661   3.7333330000000000       0.13333300000000001        2.3155902252749043E-002
         662   3.7666670000000000       0.13333300000000001        2.3448263790934037E-002
         663   3.7999999999999998       0.13333300000000001        2.3520923111810112E-002
         664   3.8333330000000001       0.13333300000000001        2.3814651021053686E-002
         665   3.8666670000000001       0.13333300000000001        2.3653852167214634E-002
         666   3.8999999999999999       0.13333300000000001        2.3977609030307507E-002
         667   3.9333330000000002       0.13333300000000001        2.3958379542992788E-002
         668   3.9666670000000002       0.13333300000000001        2.4133868402757188E-002
         669   4.0000000000000000       0.13333300000000001        2.4369462675621224E-002
         670   4.0333329999999998       0.13333300000000001        2.4297683177905212E-002
         671   4.0666669999999998       0.13333300000000001        2.4186371421737664E-002
         672   4.0999999999999996       0.13333300000000001        2.4494825084849174E-002
         673   4.1333330000000004       0.13333300000000001        2.4579246067837002E-002
         674   4.1666670000000003       0.13333300000000001        2.4527352024035491E-002
         675   4.2000000000000002       0.13333300000000001        2.4704073347280777E-002
         676   4.2333330000000000       0.13333300000000001        2.4512757826821299E-002
         677   4.2666670000000000       0.13333300000000001        2.4759534361048278E-002
         678   4.2999999999999998       0.13333300000000001        2.4692463060019845E-002
         679   4.3333329999999997       0.13333300000000001        2.4838164763015532E-002
         680   4.3666669999999996       0.13333300000000001        2.5014760621899869E-002
         681   4.4000000000000004       0.13333300000000001        2.4941504588678384E-002
         682   4.4333330000000002       0.13333300000000001        2.4890494195158062E-002
         683   4.4666670000000002       0.13333300000000001        2.4808218029582090E-002
         684   4.5000000000000000       0.13333300000000001        2.5090315202923149E-002
         685   4.5333329999999998       0.13333300000000001        2.5009143871248064E-002
         686   4.5666669999999998       0.13333300000000001        2.5147459937604283E-002
         687   4.5999999999999996       0.13333300000000001        2.5117391199372622E-002
         688   4.6333330000000004       0.13333300000000001        2.5169180965600751E-002
         689   4.6666670000000003       0.13333300000000001        2.4972814710425867E-002
         690   4.7000000000000002       0.13333300000000001        2.5332185980100595E-002
         691   4.7333330000000000       0.13333300000000001        2.5091051572331338E-002
         692   4.7666670000000000       0.13333300000000001        2.5392208469638380E-002
         693   4.7999999999999998       0.13333300000000001        2.5192933971985933E-002
         694   4.8333329999999997       0.13333300000000001        2.5212138525947336E-002
         695   4.8666669999999996       0.13333300000000001        2.5198389699691612E-002
         696   4.9000000000000004       0.13333300000000001        2.5426637999875358E-002
         697   4.9333330000000002       0.13333300000000001        2.5279857024263216E-002
         698   4.9666670000000002       0.13333300000000001        2.5327058359634599E-002
         699   5.0000000000000000       0.13333300000000001        2.5344464136499104E-002
         700   0.0000000000000000       0.16666700000000001       0.16666700000000001     
         701   3.3333000000000002E-002  0.16666700000000001       0.14793298974018063     
         702   6.6667000000000004E-002  0.16666700000000001       0.13039642669173981     
         703  0.10000000000000001       0.16666700000000001       0.11416198764819215     
         704  0.13333300000000001       0.16666700000000001       0.10060818710699605     
         705  0.16666700000000001       0.16666700000000001        8.8399071351939099E-002
         706  0.20000000000000001       0.16666700000000001        7.8963595722536722E-002
         707  0.23333300000000001       0.16666700000000001        7.0634306590793963E-002
         708  0.26666699999999999       0.16666700000000001        6.3904914690357903E-002
         709  0.29999999999999999       0.16666700000000001        5.7863195922815205E-002
         710  0.33333299999999999       0.16666700000000001        5.3195167344961547E-002
         711  0.36666700000000002       0.16666700000000001        4.9065947883707266E-002
         712  0.40000000000000002       0.16666700000000001        4.4848949316190219E-002
         713  0.43333300000000002       0.16666700000000001        4.1593717085087169E-002
         714  0.46666700000000000       0.16666700000000001        3.8241633119279139E-002
         715  0.50000000000000000       0.16666700000000001        3.5242805479285211E-002
         716  0.53333299999999995       0.16666700000000001        3.2036643405743186E-002
         717  0.56666700000000003       0.16666700000000001        2.9219394519415205E-002
         718  0.59999999999999998       0.16666700000000001        2.6166738120278959E-002
         719  0.63333300000000003       0.16666700000000001        2.3284548854730112E-002
         720  0.66666700000000001       0.16666700000000001        1.9977038671295799E-002
         721  0.69999999999999996       0.16666700000000001        1.7046954087392614E-002
         722  0.73333300000000001       0.16666700000000001        1.3815001226619276E-002
         723  0.76666699999999999       0.16666700000000001        1.0806407465225688E-002
         724  0.80000000000000004       0.16666700000000001        7.8224769738320897E-003
         725  0.83333299999999999       0.16666700000000001        5.3912018293496922E-003
         726  0.86666699999999997       0.16666700000000001        3.2296901615727373E-003
         727  0.90000000000000002       0.16666700000000001        1.5422642000156304E-003
         728  0.93333299999999997       0.16666700000000001        5.1279099104710262E-004
         729  0.96666700000000005       0.16666700000000001        2.1071734455925340E-005
         730   1.0000000000000000       0.16666700000000001        0.0000000000000000     
         731   1.5000000000000000       0.16666700000000001        0.0000000000000000     
         732   1.5333330000000001       0.16666700000000001       -3.6305132522979121E-004
         733   1.5666670000000000       0.16666700000000001       -1.3609241409633375E-003
         734   1.6000000000000001       0.16666700000000001       -2.7029251361414190E-003
         735   1.6333329999999999       0.16666700000000001       -4.2225295008287093E-003
         736   1.6666669999999999       0.16666700000000001       -5.7152474512458130E-003
         737   1.7000000000000000       0.16666700000000001       -7.0206595178564394E-003
         738   1.7333330000000000       0.16666700000000001       -8.1410022665651931E-003
         739   1.7666670000000000       0.16666700000000001       -8.8895131086453097E-003
         740   1.8000000000000000       0.16666700000000001       -9.4157655241966596E-003
         741   1.8333330000000001       0.16666700000000001       -9.5242789520809008E-003
         742   1.8666670000000001       0.16666700000000001       -9.5041654876756258E-003
         743   1.8999999999999999       0.16666700000000001       -9.0907258621821981E-003
         744   1.9333330000000000       0.16666700000000001       -8.5937739729202954E-003
         745   1.9666669999999999       0.16666700000000001       -7.7750386271511597E-003
         746   2.0000000000000000       0.16666700000000001       -6.7878926100983384E-003
         747   2.0333329999999998       0.16666700000000001       -5.8387226851901418E-003
         748   2.0666669999999998       0.16666700000000001       -4.5749121890176171E-003
         749   2.1000000000000001       0.16666700000000001       -3.3714036651950555E-003
         750   2.1333329999999999       0.16666700000000001       -2.1022043577487493E-003
         751   2.1666669999999999       0.16666700000000001       -6.4586214779122238E-004
         752   2.2000000000000002       0.16666700000000001        6.0096267050826645E-004
         753   2.2333330000000000       0.16666700000000001        2.0965030558511748E-003
         754   2.2666670000000000       0.16666700000000001        3.4972143285242258E-003
         755   2.2999999999999998       0.16666700000000001        4.7945271108045893E-003
         756   2.3333330000000001       0.16666700000000001        6.3118043013015226E-003
         757   2.3666670000000001       0.16666700000000001        7.6999473505081776E-003
         758   2.3999999999999999       0.16666700000000001        8.9424901769514769E-003
         759   2.4333330000000002       0.16666700000000001        1.0376948549542228E-002
         760   2.4666670000000002       0.16666700000000001        1.1671595531405357E-002
         761   2.5000000000000000       0.16666700000000001        1.2794230417087953E-002
         762   2.5333329999999998       0.16666700000000001        1.4179440116292198E-002
         763   2.5666669999999998       0.16666700000000001        1.5371168927353953E-002
         764   2.6000000000000001       0.16666700000000001        1.6407652934623262E-002
         765   2.6333329999999999       0.16666700000000001        1.7606457081942632E-002
         766   2.6666669999999999       0.16666700000000001        1.8554764526192109E-002
         767   2.7000000000000002       0.16666700000000001        1.9724826293407702E-002
         768   2.7333330000000000       0.16666700000000001        2.0724762015849725E-002
         769   2.7666670000000000       0.16666700000000001        2.1512236207745738E-002
         770   2.7999999999999998       0.16666700000000001        2.2632185357891313E-002
         771   2.8333330000000001       0.16666700000000001        2.3344216350174123E-002
         772   2.8666670000000001       0.16666700000000001        2.4406507595496906E-002
         773   2.8999999999999999       0.16666700000000001        2.5103968963488155E-002
         774   2.9333330000000002       0.16666700000000001        2.5782034558914969E-002
         775   2.9666670000000002       0.16666700000000001        2.6357137307919734E-002
         776   3.0000000000000000       0.16666700000000001        2.7272591768727761E-002
         777   3.0333329999999998       0.16666700000000001        2.7941690289828212E-002
         778   3.0666669999999998       0.16666700000000001        2.8374891895737098E-002
         779   3.1000000000000001       0.16666700000000001        2.9125122747519477E-002
         780   3.1333329999999999       0.16666700000000001        2.9841317346368142E-002
         781   3.1666669999999999       0.16666700000000001        3.0142457649748041E-002
         782   3.2000000000000002       0.16666700000000001        3.0934864969698973E-002
         783   3.2333330000000000       0.16666700000000001        3.1271864718517776E-002
         784   3.2666670000000000       0.16666700000000001        3.1544071624701756E-002
         785   3.2999999999999998       0.16666700000000001        3.2231114492338959E-002
         786   3.3333330000000001       0.16666700000000001        3.2427909901445437E-002
         787   3.3666670000000001       0.16666700000000001        3.3065617424845338E-002
         788   3.3999999999999999       0.16666700000000001        3.3200818346291863E-002
         789   3.4333330000000002       0.16666700000000001        3.3794905369869975E-002
         790   3.4666670000000002       0.16666700000000001        3.3978444091383578E-002
         791   3.5000000000000000       0.16666700000000001        3.4384268638227120E-002
         792   3.5333329999999998       0.16666700000000001        3.4525982210219207E-002
         793   3.5666669999999998       0.16666700000000001        3.4982576227096635E-002
         794   3.6000000000000001       0.16666700000000001        3.5215868861759585E-002
         795   3.6333329999999999       0.16666700000000001        3.5512485004172915E-002
         796   3.6666669999999999       0.16666700000000001        3.5680363896255431E-002
         797   3.7000000000000002       0.16666700000000001        3.5810604489936546E-002
         798   3.7333330000000000       0.16666700000000001        3.6095610573655394E-002
         799   3.7666670000000000       0.16666700000000001        3.6104659335489592E-002
         800   3.7999999999999998       0.16666700000000001        3.6578235357850791E-002
         801   3.8333330000000001       0.16666700000000001        3.6596270344617411E-002
         802   3.8666670000000001       0.16666700000000001        3.6801600151622753E-002
         803   3.8999999999999999       0.16666700000000001        3.7082060363821015E-002
         804   3.9333330000000002       0.16666700000000001        3.7102010493430447E-002
         805   3.9666670000000002       0.16666700000000001        3.7223574652867325E-002
         806   4.0000000000000000       0.16666700000000001        3.7246788201634011E-002
         807   4.0333329999999998       0.16666700000000001        3.7578535433798334E-002
         808   4.0666669999999998       0.16666700000000001        3.7700017195336721E-002
         809   4.0999999999999996       0.16666700000000001        3.7581040196080939E-002
         810   4.1333330000000004       0.16666700000000001        3.7860806869589425E-002
         811   4.1666670000000003       0.16666700000000001        3.8107716303603052E-002
         812   4.2000000000000002       0.16666700000000001        3.7981159371609383E-002
         813   4.2333330000000000       0.16666700000000001        3.8185033700998065E-002
         814   4.2666670000000000       0.16666700000000001        3.8204300128116188E-002
         815   4.2999999999999998       0.16666700000000001        3.8171801930935480E-002
         816   4.3333329999999997       0.16666700000000001        3.8342337321567117E-002
         817   4.3666669999999996       0.16666700000000001        3.8217158095869196E-002
         818   4.4000000000000004       0.16666700000000001        3.8450025799544915E-002
         819   4.4333330000000002       0.16666700000000001        3.8538377541810276E-002
         820   4.4666670000000002       0.16666700000000001        3.8720878793654302E-002
         821   4.5000000000000000       0.16666700000000001        3.8610448444173030E-002
         822   4.5333329999999998       0.16666700000000001        3.8700087276562448E-002
         823   4.5666669999999998       0.16666700000000001        3.8538930212505880E-002
         824   4.5999999999999996       0.16666700000000001        3.8897741089014899E-002
         825   4.6333330000000004       0.16666700000000001        3.8619171000493904E-002
         826   4.6666670000000003       0.16666700000000001        3.8855800190834462E-002
         827   4.7000000000000002       0.16666700000000001        3.8793875127561064E-002
         828   4.7333330000000000       0.16666700000000001        3.8982377720983903E-002
         829   4.7666670000000000       0.16666700000000001        3.8961470549791065E-002
         830   4.7999999999999998       0.16666700000000001        3.9031944638123588E-002
         831   4.8333329999999997       0.16666700000000001        3.8789546152337054E-002
         832   4.8666669999999996       0.16666700000000001        3.9084673985174338E-002
         833   4.9000000000000004       0.16666700000000001        3.8872966213652049E-002
         834   4.9333330000000002       0.16666700000000001        3.9115028502959379E-002
         835   4.9666670000000002       0.16666700000000001        3.9093639317512210E-002
         836   5.0000000000000000       0.16666700000000001        3.9041423769199120E-002
         837   0.0000000000000000       0.20000000000000001       0.20000000000000001     
         838   3.3333000000000002E-002  0.20000000000000001       0.18143256170430561     
         839   6.6667000000000004E-002  0.20000000000000001       0.16353436087135065     
         840  0.10000000000000001       0.20000000000000001       0.14696691531072217     
         841  0.13333300000000001       0.20000000000000001       0.13180207502294655     
         842  0.16666700000000001       0.20000000000000001       0.11889906291348437     
         843  0.20000000000000001       0.20000000000000001       0.10730948538109711     
         844  0.23333300000000001       0.20000000000000001        9.7125691037991249E-002
         845  0.26666699999999999       0.20000000000000001        8.8945448604852609E-002
         846  0.29999999999999999       0.20000000000000001        8.1731461263621533E-002
         847  0.33333299999999999       0.20000000000000001        7.5316528352672829E-002
         848  0.36666700000000002       0.20000000000000001        6.9386329954297069E-002
         849  0.40000000000000002       0.20000000000000001        6.4320307362202248E-002
         850  0.43333300000000002       0.20000000000000001        5.9429238381745589E-002
         851  0.46666700000000000       0.20000000000000001        5.5041450979787659E-002
         852  0.50000000000000000       0.20000000000000001        5.0728369222420806E-002
         853  0.53333299999999995       0.20000000000000001        4.6752187952433251E-002
         854  0.56666700000000003       0.20000000000000001        4.2440477583360545E-002
         855  0.59999999999999998       0.20000000000000001        3.8308146296686524E-002
         856  0.63333300000000003       0.20000000000000001        3.3929349513803157E-002
         857  0.66666700000000001       0.20000000000000001        2.9798064996451518E-002
         858  0.69999999999999996       0.20000000000000001        2.5216669071341461E-002
         859  0.73333300000000001       0.20000000000000001        2.0983603500316850E-002
         860  0.76666699999999999       0.20000000000000001        1.6605394160961493E-002
         861  0.80000000000000004       0.20000000000000001        1.2431868549815480E-002
         862  0.83333299999999999       0.20000000000000001        8.5812610871196567E-003
         863  0.86666699999999997       0.20000000000000001        5.3861591368365748E-003
         864  0.90000000000000002       0.20000000000000001        2.8279604965934600E-003
         865  0.93333299999999997       0.20000000000000001        1.0284162826541450E-003
         866  0.96666700000000005       0.20000000000000001        1.9702832694742210E-004
         867   1.0000000000000000       0.20000000000000001        0.0000000000000000     
         868   1.5000000000000000       0.20000000000000001        0.0000000000000000     
         869   1.5333330000000001       0.20000000000000001       -4.7932438213487994E-004
         870   1.5666670000000000       0.20000000000000001       -1.7881017772618166E-003
         871   1.6000000000000001       0.20000000000000001       -3.6097861653160857E-003
         872   1.6333329999999999       0.20000000000000001       -5.5316177945666052E-003
         873   1.6666669999999999       0.20000000000000001       -7.3910537429384901E-003
         874   1.7000000000000000       0.20000000000000001       -8.9780200082795834E-003
         875   1.7333330000000000       0.20000000000000001       -1.0217205893269464E-002
         876   1.7666670000000000       0.20000000000000001       -1.1137405374421773E-002
         877   1.8000000000000000       0.20000000000000001       -1.1519648395312438E-002
         878   1.8333330000000001       0.20000000000000001       -1.1597061577314582E-002
         879   1.8666670000000001       0.20000000000000001       -1.1304442987660566E-002
         880   1.8999999999999999       0.20000000000000001       -1.0773554417069495E-002
         881   1.9333330000000000       0.20000000000000001       -9.8002857279913501E-003
         882   1.9666669999999999       0.20000000000000001       -8.6941989702824084E-003
         883   2.0000000000000000       0.20000000000000001       -7.3581703248039093E-003
         884   2.0333329999999998       0.20000000000000001       -5.8482106336659855E-003
         885   2.0666669999999998       0.20000000000000001       -4.3109625700402067E-003
         886   2.1000000000000001       0.20000000000000001       -2.5023601102059125E-003
         887   2.1333329999999999       0.20000000000000001       -5.7304904057651996E-004
         888   2.1666669999999999       0.20000000000000001        1.1686289709520107E-003
         889   2.2000000000000002       0.20000000000000001        3.1108530408221553E-003
         890   2.2333330000000000       0.20000000000000001        4.9772295127969764E-003
         891   2.2666670000000000       0.20000000000000001        6.7997567134117530E-003
         892   2.2999999999999998       0.20000000000000001        8.8835500384118644E-003
         893   2.3333330000000001       0.20000000000000001        1.0735780283860456E-002
         894   2.3666670000000001       0.20000000000000001        1.2527328848254840E-002
         895   2.3999999999999999       0.20000000000000001        1.4512795194780400E-002
         896   2.4333330000000002       0.20000000000000001        1.6150198421930020E-002
         897   2.4666670000000002       0.20000000000000001        1.8028440311679945E-002
         898   2.5000000000000000       0.20000000000000001        1.9814503195721245E-002
         899   2.5333329999999998       0.20000000000000001        2.1465272148939622E-002
         900   2.5666669999999998       0.20000000000000001        2.2903498730225850E-002
         901   2.6000000000000001       0.20000000000000001        2.4540590880142120E-002
         902   2.6333329999999999       0.20000000000000001        2.6130830882731781E-002
         903   2.6666669999999999       0.20000000000000001        2.7660606609982756E-002
         904   2.7000000000000002       0.20000000000000001        2.8873632761670671E-002
         905   2.7333330000000000       0.20000000000000001        3.0403331992104116E-002
         906   2.7666670000000000       0.20000000000000001        3.1618281263933047E-002
         907   2.7999999999999998       0.20000000000000001        3.2844245102872968E-002
         908   2.8333330000000001       0.20000000000000001        3.4136428118409647E-002
         909   2.8666670000000001       0.20000000000000001        3.5234248999221979E-002
         910   2.8999999999999999       0.20000000000000001        3.6327551771906573E-002
         911   2.9333330000000002       0.20000000000000001        3.7346754164299355E-002
         912   2.9666670000000002       0.20000000000000001        3.8346276601720859E-002
         913   3.0000000000000000       0.20000000000000001        3.9150229398842919E-002
         914   3.0333329999999998       0.20000000000000001        4.0206795491349590E-002
         915   3.0666669999999998       0.20000000000000001        4.1180974747155423E-002
         916   3.1000000000000001       0.20000000000000001        4.1847720160786660E-002
         917   3.1333329999999999       0.20000000000000001        4.2671144957936447E-002
         918   3.1666669999999999       0.20000000000000001        4.3425382191676840E-002
         919   3.2000000000000002       0.20000000000000001        4.4084863133038478E-002
         920   3.2333330000000000       0.20000000000000001        4.4855897996195167E-002
         921   3.2666670000000000       0.20000000000000001        4.5479922402535546E-002
         922   3.2999999999999998       0.20000000000000001        4.5874570120004912E-002
         923   3.3333330000000001       0.20000000000000001        4.6632536989706645E-002
         924   3.3666670000000001       0.20000000000000001        4.7130713113658053E-002
         925   3.3999999999999999       0.20000000000000001        4.7628867477276134E-002
         926   3.4333330000000002       0.20000000000000001        4.8040629347837246E-002
         927   3.4666670000000002       0.20000000000000001        4.8582335930660470E-002
         928   3.5000000000000000       0.20000000000000001        4.9070999802830841E-002
         929   3.5333329999999998       0.20000000000000001        4.9626849294285284E-002
         930   3.5666669999999998       0.20000000000000001        4.9839837225757244E-002
         931   3.6000000000000001       0.20000000000000001        5.0032298477682792E-002
         932   3.6333329999999999       0.20000000000000001        5.0520996849952954E-002
         933   3.6666669999999999       0.20000000000000001        5.0863843277302548E-002
         934   3.7000000000000002       0.20000000000000001        5.1207327203671549E-002
         935   3.7333330000000000       0.20000000000000001        5.1469004833387955E-002
         936   3.7666670000000000       0.20000000000000001        5.1774659746559350E-002
         937   3.7999999999999998       0.20000000000000001        5.1836310933459334E-002
         938   3.8333330000000001       0.20000000000000001        5.2262095351466635E-002
         939   3.8666670000000001       0.20000000000000001        5.2494842798163577E-002
         940   3.8999999999999999       0.20000000000000001        5.2656022367012820E-002
         941   3.9333330000000002       0.20000000000000001        5.2792974814363937E-002
         942   3.9666670000000002       0.20000000000000001        5.3067431575231389E-002
         943   4.0000000000000000       0.20000000000000001        5.3366861514700228E-002
         944   4.0333329999999998       0.20000000000000001        5.3302827745717235E-002
         945   4.0666669999999998       0.20000000000000001        5.3675673001487310E-002
         946   4.0999999999999996       0.20000000000000001        5.3843989480477319E-002
         947   4.1333330000000004       0.20000000000000001        5.3862509416583680E-002
         948   4.1666670000000003       0.20000000000000001        5.3855564565168344E-002
         949   4.2000000000000002       0.20000000000000001        5.4081600356435874E-002
         950   4.2333330000000000       0.20000000000000001        5.4284560163012814E-002
         951   4.2666670000000000       0.20000000000000001        5.4406530993952339E-002
         952   4.2999999999999998       0.20000000000000001        5.4602256104864987E-002
         953   4.3333329999999997       0.20000000000000001        5.4413082377968873E-002
         954   4.3666669999999996       0.20000000000000001        5.4686897201061201E-002
         955   4.4000000000000004       0.20000000000000001        5.4825318889225691E-002
         956   4.4333330000000002       0.20000000000000001        5.4816520595654339E-002
         957   4.4666670000000002       0.20000000000000001        5.4743633472467683E-002
         958   4.5000000000000000       0.20000000000000001        5.5104612056888623E-002
         959   4.5333329999999998       0.20000000000000001        5.4925676021212358E-002
         960   4.5666669999999998       0.20000000000000001        5.5054767130315298E-002
         961   4.5999999999999996       0.20000000000000001        5.5138746506728169E-002
         962   4.6333330000000004       0.20000000000000001        5.5202403883543541E-002
         963   4.6666670000000003       0.20000000000000001        5.5309542009160245E-002
         964   4.7000000000000002       0.20000000000000001        5.5209237747142259E-002
         965   4.7333330000000000       0.20000000000000001        5.5358149009565538E-002
         966   4.7666670000000000       0.20000000000000001        5.5199488856175746E-002
         967   4.7999999999999998       0.20000000000000001        5.5461187498122233E-002
         968   4.8333329999999997       0.20000000000000001        5.5488689470145472E-002
         969   4.8666669999999996       0.20000000000000001        5.5307158388593257E-002
         970   4.9000000000000004       0.20000000000000001        5.5522580390290358E-002
         971   4.9333330000000002       0.20000000000000001        5.5504031258275563E-002
         972   4.9666670000000002       0.20000000000000001        5.5608209096458569E-002
         973   5.0000000000000000       0.20000000000000001        5.5382407571788313E-002
         974   0.0000000000000000       0.23333300000000001       0.23333300000000001     
         975   3.3333000000000002E-002  0.23333300000000001       0.21503401425117499     
         976   6.6667000000000004E-002  0.23333300000000001       0.19710555631394946     
         977  0.10000000000000001       0.23333300000000001       0.18029012001691641     
         978  0.13333300000000001       0.23333300000000001       0.16477420814256266     
         979  0.16666700000000001       0.23333300000000001       0.15037669017311436     
         980  0.20000000000000001       0.23333300000000001       0.13789747561474117     
         981  0.23333300000000001       0.23333300000000001       0.12664424983870781     
         982  0.26666699999999999       0.23333300000000001       0.11678709155093699     
         983  0.29999999999999999       0.23333300000000001       0.10785583551116001     
         984  0.33333299999999999       0.23333300000000001       0.10000104070384939     
         985  0.36666700000000002       0.23333300000000001        9.2918216849159629E-002
         986  0.40000000000000002       0.23333300000000001        8.6373842511332830E-002
         987  0.43333300000000002       0.23333300000000001        8.0473921900464776E-002
         988  0.46666700000000000       0.23333300000000001        7.4750310250559657E-002
         989  0.50000000000000000       0.23333300000000001        6.9190919588861116E-002
         990  0.53333299999999995       0.23333300000000001        6.3594521315317301E-002
         991  0.56666700000000003       0.23333300000000001        5.8450871192651008E-002
         992  0.59999999999999998       0.23333300000000001        5.2696247803126421E-002
         993  0.63333300000000003       0.23333300000000001        4.7317505352818354E-002
         994  0.66666700000000001       0.23333300000000001        4.1476902560525650E-002
         995  0.69999999999999996       0.23333300000000001        3.5689943253837009E-002
         996  0.73333300000000001       0.23333300000000001        2.9838004452559304E-002
         997  0.76666699999999999       0.23333300000000001        2.3968463949185757E-002
         998  0.80000000000000004       0.23333300000000001        1.8434048100215830E-002
         999  0.83333299999999999       0.23333300000000001        1.2931230280396264E-002
        1000  0.86666699999999997       0.23333300000000001        8.3470870981553532E-003
        1001  0.90000000000000002       0.23333300000000001        4.3981231445508863E-003
        1002  0.93333299999999997       0.23333300000000001        1.8482714072737833E-003
        1003  0.96666700000000005       0.23333300000000001        2.5957686944346988E-004
        1004   1.0000000000000000       0.23333300000000001        0.0000000000000000     
        1005   1.5000000000000000       0.23333300000000001        0.0000000000000000     
        1006   1.5333330000000001       0.23333300000000001       -6.5347844983013775E-004
        1007   1.5666670000000000       0.23333300000000001       -2.3339958572571105E-003
        1008   1.6000000000000001       0.23333300000000001       -4.5109461926038843E-003
        1009   1.6333329999999999       0.23333300000000001       -6.8084191165315375E-003
        1010   1.6666669999999999       0.23333300000000001       -8.8812905072026983E-003
        1011   1.7000000000000000       0.23333300000000001       -1.0742127773561901E-002
        1012   1.7333330000000000       0.23333300000000001       -1.1969987691053926E-002
        1013   1.7666670000000000       0.23333300000000001       -1.2737962660765085E-002
        1014   1.8000000000000000       0.23333300000000001       -1.3055343407368598E-002
        1015   1.8333330000000001       0.23333300000000001       -1.3024750988529211E-002
        1016   1.8666670000000001       0.23333300000000001       -1.2350546468139064E-002
        1017   1.8999999999999999       0.23333300000000001       -1.1277721593140267E-002
        1018   1.9333330000000000       0.23333300000000001       -1.0044456894296649E-002
        1019   1.9666669999999999       0.23333300000000001       -8.5318784319664675E-003
        1020   2.0000000000000000       0.23333300000000001       -6.8179493590730059E-003
        1021   2.0333329999999998       0.23333300000000001       -4.6945096782539863E-003
        1022   2.0666669999999998       0.23333300000000001       -2.4173499649390315E-003
        1023   2.1000000000000001       0.23333300000000001       -2.8904698807209365E-004
        1024   2.1333329999999999       0.23333300000000001        2.1385657933219223E-003
        1025   2.1666669999999999       0.23333300000000001        4.5304342109008825E-003
        1026   2.2000000000000002       0.23333300000000001        7.0198629554615649E-003
        1027   2.2333330000000000       0.23333300000000001        9.4844377441691639E-003
        1028   2.2666670000000000       0.23333300000000001        1.1999998021086150E-002
        1029   2.2999999999999998       0.23333300000000001        1.4304547794909922E-002
        1030   2.3333330000000001       0.23333300000000001        1.6896743315401679E-002
        1031   2.3666670000000001       0.23333300000000001        1.9443582050822382E-002
        1032   2.3999999999999999       0.23333300000000001        2.1593089648039934E-002
        1033   2.4333330000000002       0.23333300000000001        2.4046984426089071E-002
        1034   2.4666670000000002       0.23333300000000001        2.6285823382842195E-002
        1035   2.5000000000000000       0.23333300000000001        2.8514704094862394E-002
        1036   2.5333329999999998       0.23333300000000001        3.0497900843011978E-002
        1037   2.5666669999999998       0.23333300000000001        3.2759447731428810E-002
        1038   2.6000000000000001       0.23333300000000001        3.4645623547598384E-002
        1039   2.6333329999999999       0.23333300000000001        3.6668885042261394E-002
        1040   2.6666669999999999       0.23333300000000001        3.8400388002861899E-002
        1041   2.7000000000000002       0.23333300000000001        4.0375875739937228E-002
        1042   2.7333330000000000       0.23333300000000001        4.2082317646395494E-002
        1043   2.7666670000000000       0.23333300000000001        4.3781726805665881E-002
        1044   2.7999999999999998       0.23333300000000001        4.5410910635406976E-002
        1045   2.8333330000000001       0.23333300000000001        4.6882732081157875E-002
        1046   2.8666670000000001       0.23333300000000001        4.8185208839490658E-002
        1047   2.8999999999999999       0.23333300000000001        4.9777693177396651E-002
        1048   2.9333330000000002       0.23333300000000001        5.1105884312527522E-002
        1049   2.9666670000000002       0.23333300000000001        5.2361193399050189E-002
        1050   3.0000000000000000       0.23333300000000001        5.3729617408672756E-002
        1051   3.0333329999999998       0.23333300000000001        5.4793709154393820E-002
        1052   3.0666669999999998       0.23333300000000001        5.5798116041440096E-002
        1053   3.1000000000000001       0.23333300000000001        5.7064613223369781E-002
        1054   3.1333329999999999       0.23333300000000001        5.7863368193074742E-002
        1055   3.1666669999999999       0.23333300000000001        5.9109944638784516E-002
        1056   3.2000000000000002       0.23333300000000001        5.9839598881886884E-002
        1057   3.2333330000000000       0.23333300000000001        6.0542862840367126E-002
        1058   3.2666670000000000       0.23333300000000001        6.1606997548130746E-002
        1059   3.2999999999999998       0.23333300000000001        6.2319775877488263E-002
        1060   3.3333330000000001       0.23333300000000001        6.3085086961016459E-002
        1061   3.3666670000000001       0.23333300000000001        6.3606438670705978E-002
        1062   3.3999999999999999       0.23333300000000001        6.4551891640497988E-002
        1063   3.4333330000000002       0.23333300000000001        6.4995872819363254E-002
        1064   3.4666670000000002       0.23333300000000001        6.5682395153403114E-002
        1065   3.5000000000000000       0.23333300000000001        6.6144593126018600E-002
        1066   3.5333329999999998       0.23333300000000001        6.6712236323008059E-002
        1067   3.5666669999999998       0.23333300000000001        6.7188251995375273E-002
        1068   3.6000000000000001       0.23333300000000001        6.7861540572598883E-002
        1069   3.6333329999999999       0.23333300000000001        6.8168580448537672E-002
        1070   3.6666669999999999       0.23333300000000001        6.8549562418116508E-002
        1071   3.7000000000000002       0.23333300000000001        6.8785278282393489E-002
        1072   3.7333330000000000       0.23333300000000001        6.9318090808230523E-002
        1073   3.7666670000000000       0.23333300000000001        6.9787675161611107E-002
        1074   3.7999999999999998       0.23333300000000001        7.0110389355230590E-002
        1075   3.8333330000000001       0.23333300000000001        7.0247221043891514E-002
        1076   3.8666670000000001       0.23333300000000001        7.0794323320419891E-002
        1077   3.8999999999999999       0.23333300000000001        7.0823938007223169E-002
        1078   3.9333330000000002       0.23333300000000001        7.1327567685630741E-002
        1079   3.9666670000000002       0.23333300000000001        7.1453794559568226E-002
        1080   4.0000000000000000       0.23333300000000001        7.1564974989358057E-002
        1081   4.0333329999999998       0.23333300000000001        7.2026269626369058E-002
        1082   4.0666669999999998       0.23333300000000001        7.2015712381062330E-002
        1083   4.0999999999999996       0.23333300000000001        7.2403959378527116E-002
        1084   4.1333330000000004       0.23333300000000001        7.2479707864560941E-002
        1085   4.1666670000000003       0.23333300000000001        7.2830177587106790E-002
        1086   4.2000000000000002       0.23333300000000001        7.2804687193440507E-002
        1087   4.2333330000000000       0.23333300000000001        7.3068727565366587E-002
        1088   4.2666670000000000       0.23333300000000001        7.3142516345971770E-002
        1089   4.2999999999999998       0.23333300000000001        7.3157992509221795E-002
        1090   4.3333329999999997       0.23333300000000001        7.3506127470514937E-002
        1091   4.3666669999999996       0.23333300000000001        7.3464456264017430E-002
        1092   4.4000000000000004       0.23333300000000001        7.3538988933663257E-002
        1093   4.4333330000000002       0.23333300000000001        7.3779976105140005E-002
        1094   4.4666670000000002       0.23333300000000001        7.3830429316463511E-002
        1095   4.5000000000000000       0.23333300000000001        7.3888861170539319E-002
        1096   4.5333329999999998       0.23333300000000001        7.3916788434731512E-002
        1097   4.5666669999999998       0.23333300000000001        7.4227332737622470E-002
        1098   4.5999999999999996       0.23333300000000001        7.4048008415704608E-002
        1099   4.6333330000000004       0.23333300000000001        7.4356449722416854E-002
        1100   4.6666670000000003       0.23333300000000001        7.4173350075405819E-002
        1101   4.7000000000000002       0.23333300000000001        7.4439459088032858E-002
        1102   4.7333330000000000       0.23333300000000001        7.4246158181563923E-002
        1103   4.7666670000000000       0.23333300000000001        7.4532408580785789E-002
        1104   4.7999999999999998       0.23333300000000001        7.4331340121579229E-002
        1105   4.8333329999999997       0.23333300000000001        7.4586096933482920E-002
        1106   4.8666669999999996       0.23333300000000001        7.4649468651281095E-002
        1107   4.9000000000000004       0.23333300000000001        7.4594393973220277E-002
        1108   4.9333330000000002       0.23333300000000001        7.4422257490860552E-002
        1109   4.9666670000000002       0.23333300000000001        7.4637720496369006E-002
        1110   5.0000000000000000       0.23333300000000001        7.4780074052949286E-002
        1111   0.0000000000000000       0.26666699999999999       0.26666699999999999     
        1112   3.3333000000000002E-002  0.26666699999999999       0.24873002491722784     
        1113   6.6667000000000004E-002  0.26666699999999999       0.23114642357398749     
        1114  0.10000000000000001       0.26666699999999999       0.21420361724044129     
        1115  0.13333300000000001       0.26666699999999999       0.19817157503228627     
        1116  0.16666700000000001       0.26666699999999999       0.18356383542130417     
        1117  0.20000000000000001       0.26666699999999999       0.16982828002027167     
        1118  0.23333300000000001       0.26666699999999999       0.15785351706117703     
        1119  0.26666699999999999       0.26666699999999999       0.14646895612451355     
        1120  0.29999999999999999       0.26666699999999999       0.13670690026334398     
        1121  0.33333299999999999       0.26666699999999999       0.12722619726054951     
        1122  0.36666700000000002       0.26666699999999999       0.11908859419605043     
        1123  0.40000000000000002       0.26666699999999999       0.11136099881681387     
        1124  0.43333300000000002       0.26666699999999999       0.10383601236782593     
        1125  0.46666700000000000       0.26666699999999999        9.7143218046488997E-002
        1126  0.50000000000000000       0.26666699999999999        9.0006728258693380E-002
        1127  0.53333299999999995       0.26666699999999999        8.3489572808838342E-002
        1128  0.56666700000000003       0.26666699999999999        7.6744744805834653E-002
        1129  0.59999999999999998       0.26666699999999999        6.9895050826312949E-002
        1130  0.63333300000000003       0.26666699999999999        6.2687438376452423E-002
        1131  0.66666700000000001       0.26666699999999999        5.5643971885590816E-002
        1132  0.69999999999999996       0.26666699999999999        4.8333543446625611E-002
        1133  0.73333300000000001       0.26666699999999999        4.0703286784755599E-002
        1134  0.76666699999999999       0.26666699999999999        3.3284765404584714E-002
        1135  0.80000000000000004       0.26666699999999999        2.5674905748775494E-002
        1136  0.83333299999999999       0.26666699999999999        1.8563036402264119E-002
        1137  0.86666699999999997       0.26666699999999999        1.2149335814520257E-002
        1138  0.90000000000000002       0.26666699999999999        6.8196687961093920E-003
        1139  0.93333299999999997       0.26666699999999999        2.7069705547492283E-003
        1140  0.96666700000000005       0.26666699999999999        5.8557868958076761E-004
        1141   1.0000000000000000       0.26666699999999999        0.0000000000000000     
        1142   1.5000000000000000       0.26666699999999999        0.0000000000000000     
        1143   1.5333330000000001       0.26666699999999999       -8.3624051355493038E-004
        1144   1.5666670000000000       0.26666699999999999       -2.8932023955156112E-003
        1145   1.6000000000000001       0.26666699999999999       -5.3720494821395621E-003
        1146   1.6333329999999999       0.26666699999999999       -7.8688340636021946E-003
        1147   1.6666669999999999       0.26666699999999999       -1.0149280653516233E-002
        1148   1.7000000000000000       0.26666699999999999       -1.1925105730844689E-002
        1149   1.7333330000000000       0.26666699999999999       -1.3035468048881952E-002
        1150   1.7666670000000000       0.26666699999999999       -1.3675471492103129E-002
        1151   1.8000000000000000       0.26666699999999999       -1.3809556160289173E-002
        1152   1.8333330000000001       0.26666699999999999       -1.3087169116244461E-002
        1153   1.8666670000000001       0.26666699999999999       -1.2199761459790584E-002
        1154   1.8999999999999999       0.26666699999999999       -1.0845286250717807E-002
        1155   1.9333330000000000       0.26666699999999999       -8.8809600686911763E-003
        1156   1.9666669999999999       0.26666699999999999       -6.8435032264910125E-003
        1157   2.0000000000000000       0.26666699999999999       -4.3336602737324712E-003
        1158   2.0333329999999998       0.26666699999999999       -1.8985437539594014E-003
        1159   2.0666669999999998       0.26666699999999999        8.3496380836197966E-004
        1160   2.1000000000000001       0.26666699999999999        3.7937230917138541E-003
        1161   2.1333329999999999       0.26666699999999999        6.6792481935814638E-003
        1162   2.1666669999999999       0.26666699999999999        9.6670745493010087E-003
        1163   2.2000000000000002       0.26666699999999999        1.2842278315788653E-002
        1164   2.2333330000000000       0.26666699999999999        1.5844821272349489E-002
        1165   2.2666670000000000       0.26666699999999999        1.9033013651648834E-002
        1166   2.2999999999999998       0.26666699999999999        2.2013138993041470E-002
        1167   2.3333330000000001       0.26666699999999999        2.5051756987921846E-002
        1168   2.3666670000000001       0.26666699999999999        2.8064413636585930E-002
        1169   2.3999999999999999       0.26666699999999999        3.1003124601452922E-002
        1170   2.4333330000000002       0.26666699999999999        3.3835872927280269E-002
        1171   2.4666670000000002       0.26666699999999999        3.6556348337822564E-002
        1172   2.5000000000000000       0.26666699999999999        3.9126670272599390E-002
        1173   2.5333329999999998       0.26666699999999999        4.1966816729285143E-002
        1174   2.5666669999999998       0.26666699999999999        4.4358331011112050E-002
        1175   2.6000000000000001       0.26666699999999999        4.7034043204601868E-002
        1176   2.6333329999999999       0.26666699999999999        4.9219966704311446E-002
        1177   2.6666669999999999       0.26666699999999999        5.1691164646945779E-002
        1178   2.7000000000000002       0.26666699999999999        5.3915878268956011E-002
        1179   2.7333330000000000       0.26666699999999999        5.5878008155955478E-002
        1180   2.7666670000000000       0.26666699999999999        5.8170310530328950E-002
        1181   2.7999999999999998       0.26666699999999999        5.9922404462571605E-002
        1182   2.8333330000000001       0.26666699999999999        6.1965325166367512E-002
        1183   2.8666670000000001       0.26666699999999999        6.3757305007304810E-002
        1184   2.8999999999999999       0.26666699999999999        6.5321348908678342E-002
        1185   2.9333330000000002       0.26666699999999999        6.7150441601692243E-002
        1186   2.9666670000000002       0.26666699999999999        6.8862363003890481E-002
        1187   3.0000000000000000       0.26666699999999999        7.0105109079506470E-002
        1188   3.0333329999999998       0.26666699999999999        7.1688385319137751E-002
        1189   3.0666669999999998       0.26666699999999999        7.3169653883489671E-002
        1190   3.1000000000000001       0.26666699999999999        7.4265674021028377E-002
        1191   3.1333329999999999       0.26666699999999999        7.5655642350678218E-002
        1192   3.1666669999999999       0.26666699999999999        7.6843084301792292E-002
        1193   3.2000000000000002       0.26666699999999999        7.7927298410927395E-002
        1194   3.2333330000000000       0.26666699999999999        7.8961198719844777E-002
        1195   3.2666670000000000       0.26666699999999999        8.0030702020170152E-002
        1196   3.2999999999999998       0.26666699999999999        8.1047442308264980E-002
        1197   3.3333330000000001       0.26666699999999999        8.1742362398084759E-002
        1198   3.3666670000000001       0.26666699999999999        8.2805005876902482E-002
        1199   3.3999999999999999       0.26666699999999999        8.3556369395281313E-002
        1200   3.4333330000000002       0.26666699999999999        8.4478314546739944E-002
        1201   3.4666670000000002       0.26666699999999999        8.4999398949218832E-002
        1202   3.5000000000000000       0.26666699999999999        8.5900804574153361E-002
        1203   3.5333329999999998       0.26666699999999999        8.6301258057713437E-002
        1204   3.5666669999999998       0.26666699999999999        8.7145400095932246E-002
        1205   3.6000000000000001       0.26666699999999999        8.7667835939719399E-002
        1206   3.6333329999999999       0.26666699999999999        8.8163929461135868E-002
        1207   3.6666669999999999       0.26666699999999999        8.8809126845809980E-002
        1208   3.7000000000000002       0.26666699999999999        8.9314397788649538E-002
        1209   3.7333330000000000       0.26666699999999999        8.9674132926463146E-002
        1210   3.7666670000000000       0.26666699999999999        8.9995395923486571E-002
        1211   3.7999999999999998       0.26666699999999999        9.0608742674168727E-002
        1212   3.8333330000000001       0.26666699999999999        9.1101465105864851E-002
        1213   3.8666670000000001       0.26666699999999999        9.1254574017896259E-002
        1214   3.8999999999999999       0.26666699999999999        9.1810133514927506E-002
        1215   3.9333330000000002       0.26666699999999999        9.1888943257680766E-002
        1216   3.9666670000000002       0.26666699999999999        9.2332518839796762E-002
        1217   4.0000000000000000       0.26666699999999999        9.2722077487222970E-002
        1218   4.0333329999999998       0.26666699999999999        9.2878952324657885E-002
        1219   4.0666669999999998       0.26666699999999999        9.3276049561436106E-002
        1220   4.0999999999999996       0.26666699999999999        9.3362151103328378E-002
        1221   4.1333330000000004       0.26666699999999999        9.3726852171093139E-002
        1222   4.1666670000000003       0.26666699999999999        9.3847204257275829E-002
        1223   4.2000000000000002       0.26666699999999999        9.4149363858021848E-002
        1224   4.2333330000000000       0.26666699999999999        9.4139013517275230E-002
        1225   4.2666670000000000       0.26666699999999999        9.4444883104265631E-002
        1226   4.2999999999999998       0.26666699999999999        9.4729318095221476E-002
        1227   4.3333329999999997       0.26666699999999999        9.4665112488805409E-002
        1228   4.3666669999999996       0.26666699999999999        9.5052673490656839E-002
        1229   4.4000000000000004       0.26666699999999999        9.5032590432733363E-002
        1230   4.4333330000000002       0.26666699999999999        9.5042706452623998E-002
        1231   4.4666670000000002       0.26666699999999999        9.5413749684463228E-002
        1232   4.5000000000000000       0.26666699999999999        9.5243728922398574E-002
        1233   4.5333329999999998       0.26666699999999999        9.5561906541092229E-002
        1234   4.5666669999999998       0.26666699999999999        9.5573799609455071E-002
        1235   4.5999999999999996       0.26666699999999999        9.5838542176202940E-002
        1236   4.6333330000000004       0.26666699999999999        9.5687531837232873E-002
        1237   4.6666670000000003       0.26666699999999999        9.5959542084963489E-002
        1238   4.7000000000000002       0.26666699999999999        9.5815782037582495E-002
        1239   4.7333330000000000       0.26666699999999999        9.6028529830141207E-002
        1240   4.7666670000000000       0.26666699999999999        9.6040419331719709E-002
        1241   4.7999999999999998       0.26666699999999999        9.6121342547637170E-002
        1242   4.8333329999999997       0.26666699999999999        9.5993972205433015E-002
        1243   4.8666669999999996       0.26666699999999999        9.6211549175542199E-002
        1244   4.9000000000000004       0.26666699999999999        9.6314799186661082E-002
        1245   4.9333330000000002       0.26666699999999999        9.6326353108214288E-002
        1246   4.9666670000000002       0.26666699999999999        9.6269253847637612E-002
        1247   5.0000000000000000       0.26666699999999999        9.6148382636465621E-002
        1248   0.0000000000000000       0.29999999999999999       0.29999999999999999     
        1249   3.3333000000000002E-002  0.29999999999999999       0.28246913184299394     
        1250   6.6667000000000004E-002  0.29999999999999999       0.26521483697820519     
        1251  0.10000000000000001       0.29999999999999999       0.24846436179004450     
        1252  0.13333300000000001       0.29999999999999999       0.23251294547130225     
        1253  0.16666700000000001       0.29999999999999999       0.21731110704859433     
        1254  0.20000000000000001       0.29999999999999999       0.20325420537729355     
        1255  0.23333300000000001       0.29999999999999999       0.19024072403338460     
        1256  0.26666699999999999       0.29999999999999999       0.17825155225669501     
        1257  0.29999999999999999       0.29999999999999999       0.16718934496712023     
        1258  0.33333299999999999       0.29999999999999999       0.15697125841075546     
        1259  0.36666700000000002       0.29999999999999999       0.14727322971051543     
        1260  0.40000000000000002       0.29999999999999999       0.13849733857548807     
        1261  0.43333300000000002       0.29999999999999999       0.13008228837739388     
        1262  0.46666700000000000       0.29999999999999999       0.12178932377759230     
        1263  0.50000000000000000       0.29999999999999999       0.11371153089158589     
        1264  0.53333299999999995       0.29999999999999999       0.10571904047614485     
        1265  0.56666700000000003       0.29999999999999999        9.7609190679201221E-002
        1266  0.59999999999999998       0.29999999999999999        8.9427673903968607E-002
        1267  0.63333300000000003       0.29999999999999999        8.0947154815176905E-002
        1268  0.66666700000000001       0.29999999999999999        7.2291417931516472E-002
        1269  0.69999999999999996       0.29999999999999999        6.3112830513309598E-002
        1270  0.73333300000000001       0.29999999999999999        5.3846191431510058E-002
        1271  0.76666699999999999       0.29999999999999999        4.4212532091698523E-002
        1272  0.80000000000000004       0.29999999999999999        3.4887490856558429E-002
        1273  0.83333299999999999       0.29999999999999999        2.5714443944948037E-002
        1274  0.86666699999999997       0.29999999999999999        1.6978645269989941E-002
        1275  0.90000000000000002       0.29999999999999999        9.8620107911605425E-003
        1276  0.93333299999999997       0.29999999999999999        4.3125075494560719E-003
        1277  0.96666700000000005       0.29999999999999999        9.1818433120426069E-004
        1278   1.0000000000000000       0.29999999999999999        0.0000000000000000     
        1279   1.5000000000000000       0.29999999999999999        0.0000000000000000     
        1280   1.5333330000000001       0.29999999999999999       -1.1397468008929313E-003
        1281   1.5666670000000000       0.29999999999999999       -3.3563715701041322E-003
        1282   1.6000000000000001       0.29999999999999999       -6.0833844389267810E-003
        1283   1.6333329999999999       0.29999999999999999       -8.7542908602584717E-003
        1284   1.6666669999999999       0.29999999999999999       -1.0843411442950455E-002
        1285   1.7000000000000000       0.29999999999999999       -1.2420453817167342E-002
        1286   1.7333330000000000       0.29999999999999999       -1.3352397878725801E-002
        1287   1.7666670000000000       0.29999999999999999       -1.3437998427050745E-002
        1288   1.8000000000000000       0.29999999999999999       -1.2960512395865407E-002
        1289   1.8333330000000001       0.29999999999999999       -1.2015556525772100E-002
        1290   1.8666670000000001       0.29999999999999999       -1.0500798636467334E-002
        1291   1.8999999999999999       0.29999999999999999       -8.2456718227207279E-003
        1292   1.9333330000000000       0.29999999999999999       -6.0526769415144297E-003
        1293   1.9666669999999999       0.29999999999999999       -3.0768927892636322E-003
        1294   2.0000000000000000       0.29999999999999999       -3.2479183747409962E-004
        1295   2.0333329999999998       0.29999999999999999        3.1832546168043012E-003
        1296   2.0666669999999998       0.29999999999999999        6.3936886098764729E-003
        1297   2.1000000000000001       0.29999999999999999        9.8156143381902435E-003
        1298   2.1333329999999999       0.29999999999999999        1.3266107057272519E-002
        1299   2.1666669999999999       0.29999999999999999        1.7221623644894456E-002
        1300   2.2000000000000002       0.29999999999999999        2.0652429960270818E-002
        1301   2.2333330000000000       0.29999999999999999        2.4621808002998746E-002
        1302   2.2666670000000000       0.29999999999999999        2.8090360984458326E-002
        1303   2.2999999999999998       0.29999999999999999        3.1914192152161201E-002
        1304   2.3333330000000001       0.29999999999999999        3.5434916254620918E-002
        1305   2.3666670000000001       0.29999999999999999        3.8922708830468285E-002
        1306   2.3999999999999999       0.29999999999999999        4.2375298081350286E-002
        1307   2.4333330000000002       0.29999999999999999        4.5940337443019015E-002
        1308   2.4666670000000002       0.29999999999999999        4.9180518058781889E-002
        1309   2.5000000000000000       0.29999999999999999        5.2408465763930732E-002
        1310   2.5333329999999998       0.29999999999999999        5.5355104994060260E-002
        1311   2.5666669999999998       0.29999999999999999        5.8616675378626908E-002
        1312   2.6000000000000001       0.29999999999999999        6.1385432569259796E-002
        1313   2.6333329999999999       0.29999999999999999        6.4435731100364255E-002
        1314   2.6666669999999999       0.29999999999999999        6.7083522327549189E-002
        1315   2.7000000000000002       0.29999999999999999        6.9556933494816148E-002
        1316   2.7333330000000000       0.29999999999999999        7.2306417938984874E-002
        1317   2.7666670000000000       0.29999999999999999        7.4582866774506207E-002
        1318   2.7999999999999998       0.29999999999999999        7.7116631310173128E-002
        1319   2.8333330000000001       0.29999999999999999        7.9156599779690071E-002
        1320   2.8666670000000001       0.29999999999999999        8.1428317281465865E-002
        1321   2.8999999999999999       0.29999999999999999        8.3592239513330488E-002
        1322   2.9333330000000002       0.29999999999999999        8.5562210625430457E-002
        1323   2.9666670000000002       0.29999999999999999        8.7335334249957111E-002
        1324   3.0000000000000000       0.29999999999999999        8.9152949659552144E-002
        1325   3.0333329999999998       0.29999999999999999        9.0950781812973933E-002
        1326   3.0666669999999998       0.29999999999999999        9.2439573197923453E-002
        1327   3.1000000000000001       0.29999999999999999        9.4206748580395142E-002
        1328   3.1333329999999999       0.29999999999999999        9.5550510483790430E-002
        1329   3.1666669999999999       0.29999999999999999        9.6966894065062384E-002
        1330   3.2000000000000002       0.29999999999999999        9.8357481847007613E-002
        1331   3.2333330000000000       0.29999999999999999        9.9637180076346601E-002
        1332   3.2666670000000000       0.29999999999999999       0.10081353679976543     
        1333   3.2999999999999998       0.29999999999999999       0.10201715803299256     
        1334   3.3333330000000001       0.29999999999999999       0.10311603820508686     
        1335   3.3666670000000001       0.29999999999999999       0.10424325638448299     
        1336   3.3999999999999999       0.29999999999999999       0.10510468935949070     
        1337   3.4333330000000002       0.29999999999999999       0.10591357944329781     
        1338   3.4666670000000002       0.29999999999999999       0.10704684577265336     
        1339   3.5000000000000000       0.29999999999999999       0.10771600360676184     
        1340   3.5333329999999998       0.29999999999999999       0.10856899066594629     
        1341   3.5666669999999998       0.29999999999999999       0.10937388851452497     
        1342   3.6000000000000001       0.29999999999999999       0.10986103673952385     
        1343   3.6333329999999999       0.29999999999999999       0.11075155850890397     
        1344   3.6666669999999999       0.29999999999999999       0.11117988411019861     
        1345   3.7000000000000002       0.29999999999999999       0.11195118540584263     
        1346   3.7333330000000000       0.29999999999999999       0.11243398490196178     
        1347   3.7666670000000000       0.29999999999999999       0.11307089217678930     
        1348   3.7999999999999998       0.29999999999999999       0.11360164423245489     
        1349   3.8333330000000001       0.29999999999999999       0.11387959518816559     
        1350   3.8666670000000001       0.29999999999999999       0.11448588377028555     
        1351   3.8999999999999999       0.29999999999999999       0.11486152351646882     
        1352   3.9333330000000002       0.29999999999999999       0.11526697062776464     
        1353   3.9666670000000002       0.29999999999999999       0.11565430392043315     
        1354   4.0000000000000000       0.29999999999999999       0.11609715797521201     
        1355   4.0333329999999998       0.29999999999999999       0.11629192399455802     
        1356   4.0666669999999998       0.29999999999999999       0.11644460525112388     
        1357   4.0999999999999996       0.29999999999999999       0.11684774356628536     
        1358   4.1333330000000004       0.29999999999999999       0.11721092081057943     
        1359   4.1666670000000003       0.29999999999999999       0.11749373567915478     
        1360   4.2000000000000002       0.29999999999999999       0.11780253430830530     
        1361   4.2333330000000000       0.29999999999999999       0.11810276493189505     
        1362   4.2666670000000000       0.29999999999999999       0.11817808381815494     
        1363   4.2999999999999998       0.29999999999999999       0.11825639745736866     
        1364   4.3333329999999997       0.29999999999999999       0.11858960109137970     
        1365   4.3666669999999996       0.29999999999999999       0.11865788449490816     
        1366   4.4000000000000004       0.29999999999999999       0.11891158339360587     
        1367   4.4333330000000002       0.29999999999999999       0.11916748633258617     
        1368   4.4666670000000002       0.29999999999999999       0.11915001622522652     
        1369   4.5000000000000000       0.29999999999999999       0.11933621096551034     
        1370   4.5333329999999998       0.29999999999999999       0.11952146267566774     
        1371   4.5666669999999998       0.29999999999999999       0.11950071280564627     
        1372   4.5999999999999996       0.29999999999999999       0.11965916748409329     
        1373   4.6333330000000004       0.29999999999999999       0.11982587043703752     
        1374   4.6666670000000003       0.29999999999999999       0.11977670051941758     
        1375   4.7000000000000002       0.29999999999999999       0.12006744187329768     
        1376   4.7333330000000000       0.29999999999999999       0.12002312119611598     
        1377   4.7666670000000000       0.29999999999999999       0.11992162901293207     
        1378   4.7999999999999998       0.29999999999999999       0.12013155069773683     
        1379   4.8333329999999997       0.29999999999999999       0.12029054687019272     
        1380   4.8666669999999996       0.29999999999999999       0.12031279323560697     
        1381   4.9000000000000004       0.29999999999999999       0.12015591499638939     
        1382   4.9333330000000002       0.29999999999999999       0.12031010811545398     
        1383   4.9666670000000002       0.29999999999999999       0.12038789425665410     
        1384   5.0000000000000000       0.29999999999999999       0.12050579438120350     
        1385   0.0000000000000000       0.33333299999999999       0.33333299999999999     
        1386   3.3333000000000002E-002  0.33333299999999999       0.31632867475121856     
        1387   6.6667000000000004E-002  0.33333299999999999       0.29948358794794377     
        1388  0.10000000000000001       0.33333299999999999       0.28300006966309782     
        1389  0.13333300000000001       0.33333299999999999       0.26701881530287436     
        1390  0.16666700000000001       0.33333299999999999       0.25190846743336975     
        1391  0.20000000000000001       0.33333299999999999       0.23754786177125642     
        1392  0.23333300000000001       0.33333299999999999       0.22387361305170733     
        1393  0.26666699999999999       0.33333299999999999       0.21140905909408261     
        1394  0.29999999999999999       0.33333299999999999       0.19937173480252390     
        1395  0.33333299999999999       0.33333299999999999       0.18828851782559045     
        1396  0.36666700000000002       0.33333299999999999       0.17798411808860623     
        1397  0.40000000000000002       0.33333299999999999       0.16786077462985483     
        1398  0.43333300000000002       0.33333299999999999       0.15833111782421816     
        1399  0.46666700000000000       0.33333299999999999       0.14878788500570700     
        1400  0.50000000000000000       0.33333299999999999       0.13979490036538278     
        1401  0.53333299999999995       0.33333299999999999       0.13050656956053022     
        1402  0.56666700000000003       0.33333299999999999       0.12093960260288356     
        1403  0.59999999999999998       0.33333299999999999       0.11157948808912863     
        1404  0.63333300000000003       0.33333299999999999       0.10165735743831612     
        1405  0.66666700000000001       0.33333299999999999        9.1338640348143749E-002
        1406  0.69999999999999996       0.33333299999999999        8.0596239704844558E-002
        1407  0.73333300000000001       0.33333299999999999        6.9224315294717981E-002
        1408  0.76666699999999999       0.33333299999999999        5.7898092836990621E-002
        1409  0.80000000000000004       0.33333299999999999        4.5914409114492474E-002
        1410  0.83333299999999999       0.33333299999999999        3.4519839873240900E-002
        1411  0.86666699999999997       0.33333299999999999        2.3699909924740081E-002
        1412  0.90000000000000002       0.33333299999999999        1.3562823221846461E-002
        1413  0.93333299999999997       0.33333299999999999        6.1243197920593162E-003
        1414  0.96666700000000005       0.33333299999999999        1.4395985474744731E-003
        1415   1.0000000000000000       0.33333299999999999        0.0000000000000000     
        1416   1.5000000000000000       0.33333299999999999        0.0000000000000000     
        1417   1.5333330000000001       0.33333299999999999       -1.2240983307211198E-003
        1418   1.5666670000000000       0.33333299999999999       -3.8201141621630975E-003
        1419   1.6000000000000001       0.33333299999999999       -6.6128288452034448E-003
        1420   1.6333329999999999       0.33333299999999999       -8.9661020521655706E-003
        1421   1.6666669999999999       0.33333299999999999       -1.0898266761912337E-002
        1422   1.7000000000000000       0.33333299999999999       -1.1745811274153493E-002
        1423   1.7333330000000000       0.33333299999999999       -1.2218098590435279E-002
        1424   1.7666670000000000       0.33333299999999999       -1.1976514279349157E-002
        1425   1.8000000000000000       0.33333299999999999       -1.0617348779737138E-002
        1426   1.8333330000000001       0.33333299999999999       -8.7430336580023027E-003
        1427   1.8666670000000001       0.33333299999999999       -6.6015104634336661E-003
        1428   1.8999999999999999       0.33333299999999999       -3.8979057614345887E-003
        1429   1.9333330000000000       0.33333299999999999       -5.9648812193901883E-004
        1430   1.9666669999999999       0.33333299999999999        2.6297236014915827E-003
        1431   2.0000000000000000       0.33333299999999999        6.3693262990921588E-003
        1432   2.0333329999999998       0.33333299999999999        1.0282984220219154E-002
        1433   2.0666669999999998       0.33333299999999999        1.4316385139727458E-002
        1434   2.1000000000000001       0.33333299999999999        1.8375568905846958E-002
        1435   2.1333329999999999       0.33333299999999999        2.2750891759793494E-002
        1436   2.1666669999999999       0.33333299999999999        2.6992707027337484E-002
        1437   2.2000000000000002       0.33333299999999999        3.1286524676797996E-002
        1438   2.2333330000000000       0.33333299999999999        3.5570282066979840E-002
        1439   2.2666670000000000       0.33333299999999999        4.0110465129495745E-002
        1440   2.2999999999999998       0.33333299999999999        4.4197651491036265E-002
        1441   2.3333330000000001       0.33333299999999999        4.8304456719182223E-002
        1442   2.3666670000000001       0.33333299999999999        5.2217618651661191E-002
        1443   2.3999999999999999       0.33333299999999999        5.6482142223253026E-002
        1444   2.4333330000000002       0.33333299999999999        6.0361471185274941E-002
        1445   2.4666670000000002       0.33333299999999999        6.4215742885799454E-002
        1446   2.5000000000000000       0.33333299999999999        6.7975069085207063E-002
        1447   2.5333329999999998       0.33333299999999999        7.1591445311693924E-002
        1448   2.5666669999999998       0.33333299999999999        7.4941910178335888E-002
        1449   2.6000000000000001       0.33333299999999999        7.8589465015143245E-002
        1450   2.6333329999999999       0.33333299999999999        8.1614964301181064E-002
        1451   2.6666669999999999       0.33333299999999999        8.4984002246537765E-002
        1452   2.7000000000000002       0.33333299999999999        8.8021368327904539E-002
        1453   2.7333330000000000       0.33333299999999999        9.0753024220146666E-002
        1454   2.7666670000000000       0.33333299999999999        9.3819437535382494E-002
        1455   2.7999999999999998       0.33333299999999999        9.6341583652023347E-002
        1456   2.8333330000000001       0.33333299999999999        9.9183132675913652E-002
        1457   2.8666670000000001       0.33333299999999999       0.10150218881856890     
        1458   2.8999999999999999       0.33333299999999999       0.10396994782368787     
        1459   2.9333330000000002       0.33333299999999999       0.10607441202803487     
        1460   2.9666670000000002       0.33333299999999999       0.10842882233747775     
        1461   3.0000000000000000       0.33333299999999999       0.11050797486881481     
        1462   3.0333329999999998       0.33333299999999999       0.11242172305924919     
        1463   3.0666669999999998       0.33333299999999999       0.11447093004064435     
        1464   3.1000000000000001       0.33333299999999999       0.11609034875563894     
        1465   3.1333329999999999       0.33333299999999999       0.11802942006041967     
        1466   3.1666669999999999       0.33333299999999999       0.11939503531232250     
        1467   3.2000000000000002       0.33333299999999999       0.12117626346312914     
        1468   3.2333330000000000       0.33333299999999999       0.12269005351789734     
        1469   3.2666670000000000       0.33333299999999999       0.12385036557754477     
        1470   3.2999999999999998       0.33333299999999999       0.12537004884880554     
        1471   3.3333330000000001       0.33333299999999999       0.12673400807231822     
        1472   3.3666670000000001       0.33333299999999999       0.12784940671938977     
        1473   3.3999999999999999       0.33333299999999999       0.12898553893625961     
        1474   3.4333330000000002       0.33333299999999999       0.13006608523601826     
        1475   3.4666670000000002       0.33333299999999999       0.13107981683931236     
        1476   3.5000000000000000       0.33333299999999999       0.13201588411783605     
        1477   3.5333329999999998       0.33333299999999999       0.13315963128945091     
        1478   3.5666669999999998       0.33333299999999999       0.13382934267144977     
        1479   3.6000000000000001       0.33333299999999999       0.13469977412201967     
        1480   3.6333329999999999       0.33333299999999999       0.13532670247603504     
        1481   3.6666669999999999       0.33333299999999999       0.13626019455200059     
        1482   3.7000000000000002       0.33333299999999999       0.13679180121216639     
        1483   3.7333330000000000       0.33333299999999999       0.13770839994559464     
        1484   3.7666670000000000       0.33333299999999999       0.13815771412060479     
        1485   3.7999999999999998       0.33333299999999999       0.13876636512394372     
        1486   3.8333330000000001       0.33333299999999999       0.13939186063582157     
        1487   3.8666670000000001       0.33333299999999999       0.13985613879426317     
        1488   3.8999999999999999       0.33333299999999999       0.14019659093113251     
        1489   3.9333330000000002       0.33333299999999999       0.14094976861652111     
        1490   3.9666670000000002       0.33333299999999999       0.14122239633338537     
        1491   4.0000000000000000       0.33333299999999999       0.14164687753114080     
        1492   4.0333329999999998       0.33333299999999999       0.14205127442387461     
        1493   4.0666669999999998       0.33333299999999999       0.14243688219987033     
        1494   4.0999999999999996       0.33333299999999999       0.14268021243339477     
        1495   4.1333330000000004       0.33333299999999999       0.14308339889968258     
        1496   4.1666670000000003       0.33333299999999999       0.14342339792300793     
        1497   4.2000000000000002       0.33333299999999999       0.14377452843700583     
        1498   4.2333330000000000       0.33333299999999999       0.14383219795495866     
        1499   4.2666670000000000       0.33333299999999999       0.14422035334990069     
        1500   4.2999999999999998       0.33333299999999999       0.14461293278373824     
        1501   4.3333329999999997       0.33333299999999999       0.14469930242507392     
        1502   4.3666669999999996       0.33333299999999999       0.14478693156609751     
        1503   4.4000000000000004       0.33333299999999999       0.14510436881239158     
        1504   4.4333330000000002       0.33333299999999999       0.14511000228409410     
        1505   4.4666670000000002       0.33333299999999999       0.14539442377082837     
        1506   4.5000000000000000       0.33333299999999999       0.14573033401768357     
        1507   4.5333329999999998       0.33333299999999999       0.14562728047581433     
        1508   4.5666669999999998       0.33333299999999999       0.14594484356528417     
        1509   4.5999999999999996       0.33333299999999999       0.14580775089001857     
        1510   4.6333330000000004       0.33333299999999999       0.14610419894637527     
        1511   4.6666670000000003       0.33333299999999999       0.14634675976774572     
        1512   4.7000000000000002       0.33333299999999999       0.14620072839748380     
        1513   4.7333330000000000       0.33333299999999999       0.14639490297276697     
        1514   4.7666670000000000       0.33333299999999999       0.14658503885287172     
        1515   4.7999999999999998       0.33333299999999999       0.14651293207063662     
        1516   4.8333329999999997       0.33333299999999999       0.14664856091253856     
        1517   4.8666669999999996       0.33333299999999999       0.14653529045256919     
        1518   4.9000000000000004       0.33333299999999999       0.14677878270419628     
        1519   4.9333330000000002       0.33333299999999999       0.14668937622236675     
        1520   4.9666670000000002       0.33333299999999999       0.14678514797642558     
        1521   5.0000000000000000       0.33333299999999999       0.14664475925633738     
        1522   0.0000000000000000       0.36666700000000002       0.36666700000000002     
        1523   3.3333000000000002E-002  0.36666700000000002       0.35017615653970791     
        1524   6.6667000000000004E-002  0.36666700000000002       0.33382681227749966     
        1525  0.10000000000000001       0.36666700000000002       0.31775510539660479     
        1526  0.13333300000000001       0.36666700000000002       0.30207539381091436     
        1527  0.16666700000000001       0.36666700000000002       0.28693137985239259     
        1528  0.20000000000000001       0.36666700000000002       0.27244485008513475     
        1529  0.23333300000000001       0.36666700000000002       0.25872083634116039     
        1530  0.26666699999999999       0.36666700000000002       0.24546915894738933     
        1531  0.29999999999999999       0.36666700000000002       0.23310121786330207     
        1532  0.33333299999999999       0.36666700000000002       0.22140374064779292     
        1533  0.36666700000000002       0.36666700000000002       0.21004359152287458     
        1534  0.40000000000000002       0.36666700000000002       0.19932906302215411     
        1535  0.43333300000000002       0.36666700000000002       0.18857042439697869     
        1536  0.46666700000000000       0.36666700000000002       0.17836295783967498     
        1537  0.50000000000000000       0.36666700000000002       0.16810267644384497     
        1538  0.53333299999999995       0.36666700000000002       0.15751216092178885     
        1539  0.56666700000000003       0.36666700000000002       0.14710699244264480     
        1540  0.59999999999999998       0.36666700000000002       0.13617860484930858     
        1541  0.63333300000000003       0.36666700000000002       0.12500149574840103     
        1542  0.66666700000000001       0.36666700000000002       0.11305993697491254     
        1543  0.69999999999999996       0.36666700000000002       0.10060200999131337     
        1544  0.73333300000000001       0.36666700000000002        8.7680698818789232E-002
        1545  0.76666699999999999       0.36666700000000002        7.3878634067519600E-002
        1546  0.80000000000000004       0.36666700000000002        5.9857996919689078E-002
        1547  0.83333299999999999       0.36666700000000002        4.5662254025062701E-002
        1548  0.86666699999999997       0.36666700000000002        3.1839483960556893E-002
        1549  0.90000000000000002       0.36666700000000002        1.9173770302991638E-002
        1550  0.93333299999999997       0.36666700000000002        8.8986125830200456E-003
        1551  0.96666700000000005       0.36666700000000002        1.6897162176087086E-003
        1552   1.0000000000000000       0.36666700000000002        0.0000000000000000     
        1553   1.5000000000000000       0.36666700000000002        0.0000000000000000     
        1554   1.5333330000000001       0.36666700000000002       -1.6141305701870947E-003
        1555   1.5666670000000000       0.36666700000000002       -4.1612911154188031E-003
        1556   1.6000000000000001       0.36666700000000002       -6.5508342351478363E-003
        1557   1.6333329999999999       0.36666700000000002       -8.6408374930180675E-003
        1558   1.6666669999999999       0.36666700000000002       -9.4728073410138454E-003
        1559   1.7000000000000000       0.36666700000000002       -9.9307314455956436E-003
        1560   1.7333330000000000       0.36666700000000002       -9.3066993589006764E-003
        1561   1.7666670000000000       0.36666700000000002       -8.0309670338337396E-003
        1562   1.8000000000000000       0.36666700000000002       -5.9509086643962546E-003
        1563   1.8333330000000001       0.36666700000000002       -3.3526962945465387E-003
        1564   1.8666670000000001       0.36666700000000002       -2.2950188092095550E-004
        1565   1.8999999999999999       0.36666700000000002        3.2938318925636741E-003
        1566   1.9333330000000000       0.36666700000000002        6.9316990281212609E-003
        1567   1.9666669999999999       0.36666700000000002        1.1282470466655224E-002
        1568   2.0000000000000000       0.36666700000000002        1.5938075584856860E-002
        1569   2.0333329999999998       0.36666700000000002        2.0164221400618944E-002
        1570   2.0666669999999998       0.36666700000000002        2.5157549949282425E-002
        1571   2.1000000000000001       0.36666700000000002        3.0047762961194022E-002
        1572   2.1333329999999999       0.36666700000000002        3.4797845097939803E-002
        1573   2.1666669999999999       0.36666700000000002        3.9515142850130955E-002
        1574   2.2000000000000002       0.36666700000000002        4.4803295087862564E-002
        1575   2.2333330000000000       0.36666700000000002        4.9491585509793892E-002
        1576   2.2666670000000000       0.36666700000000002        5.4422977150981502E-002
        1577   2.2999999999999998       0.36666700000000002        5.9193744242702073E-002
        1578   2.3333330000000001       0.36666700000000002        6.4068918810655032E-002
        1579   2.3666670000000001       0.36666700000000002        6.8715442347319883E-002
        1580   2.3999999999999999       0.36666700000000002        7.3185203383267686E-002
        1581   2.4333330000000002       0.36666700000000002        7.7384087271856625E-002
        1582   2.4666670000000002       0.36666700000000002        8.1929173736680502E-002
        1583   2.5000000000000000       0.36666700000000002        8.6241988256051727E-002
        1584   2.5333329999999998       0.36666700000000002        9.0218812577680413E-002
        1585   2.5666669999999998       0.36666700000000002        9.4313035416483074E-002
        1586   2.6000000000000001       0.36666700000000002        9.8072746711916375E-002
        1587   2.6333329999999999       0.36666700000000002       0.10173638965283653     
        1588   2.6666669999999999       0.36666700000000002       0.10524369778774731     
        1589   2.7000000000000002       0.36666700000000002       0.10882396354506076     
        1590   2.7333330000000000       0.36666700000000002       0.11207663331254236     
        1591   2.7666670000000000       0.36666700000000002       0.11519560139870402     
        1592   2.7999999999999998       0.36666700000000002       0.11841666338047707     
        1593   2.8333330000000001       0.36666700000000002       0.12130793751141772     
        1594   2.8666670000000001       0.36666700000000002       0.12417351426805184     
        1595   2.8999999999999999       0.36666700000000002       0.12665598604236381     
        1596   2.9333330000000002       0.36666700000000002       0.12943853965356442     
        1597   2.9666670000000002       0.36666700000000002       0.13172512746077897     
        1598   3.0000000000000000       0.36666700000000002       0.13433833767983330     
        1599   3.0333329999999998       0.36666700000000002       0.13643504050214419     
        1600   3.0666669999999998       0.36666700000000002       0.13845841969360703     
        1601   3.1000000000000001       0.36666700000000002       0.14069615271604519     
        1602   3.1333329999999999       0.36666700000000002       0.14259848574149078     
        1603   3.1666669999999999       0.36666700000000002       0.14443156657661860     
        1604   3.2000000000000002       0.36666700000000002       0.14614925878217128     
        1605   3.2333330000000000       0.36666700000000002       0.14797669174043723     
        1606   3.2666670000000000       0.36666700000000002       0.14953086735289101     
        1607   3.2999999999999998       0.36666700000000002       0.15112623615944393     
        1608   3.3333330000000001       0.36666700000000002       0.15246750250356111     
        1609   3.3666670000000001       0.36666700000000002       0.15368223503542233     
        1610   3.3999999999999999       0.36666700000000002       0.15516044624189879     
        1611   3.4333330000000002       0.36666700000000002       0.15651262180536363     
        1612   3.4666670000000002       0.36666700000000002       0.15743123886464033     
        1613   3.5000000000000000       0.36666700000000002       0.15870529937035469     
        1614   3.5333329999999998       0.36666700000000002       0.15970988708172798     
        1615   3.5666669999999998       0.36666700000000002       0.16068638227460069     
        1616   3.6000000000000001       0.36666700000000002       0.16163092952900657     
        1617   3.6333329999999999       0.36666700000000002       0.16255898891517767     
        1618   3.6666669999999999       0.36666700000000002       0.16322376818875309     
        1619   3.7000000000000002       0.36666700000000002       0.16420803899571573     
        1620   3.7333330000000000       0.36666700000000002       0.16493024669436532     
        1621   3.7666670000000000       0.36666700000000002       0.16566759303167450     
        1622   3.7999999999999998       0.36666700000000002       0.16614560370820497     
        1623   3.8333330000000001       0.36666700000000002       0.16690733934549587     
        1624   3.8666670000000001       0.36666700000000002       0.16756776575986146     
        1625   3.8999999999999999       0.36666700000000002       0.16807475643478079     
        1626   3.9333330000000002       0.36666700000000002       0.16859122000174753     
        1627   3.9666670000000002       0.36666700000000002       0.16921708815447037     
        1628   4.0000000000000000       0.36666700000000002       0.16944751039309483     
        1629   4.0333329999999998       0.36666700000000002       0.17004569136192432     
        1630   4.0666669999999998       0.36666700000000002       0.17041075343194245     
        1631   4.0999999999999996       0.36666700000000002       0.17093009871727100     
        1632   4.1333330000000004       0.36666700000000002       0.17123467010427676     
        1633   4.1666670000000003       0.36666700000000002       0.17155753937727047     
        1634   4.2000000000000002       0.36666700000000002       0.17189449728509340     
        1635   4.2333330000000000       0.36666700000000002       0.17218553946269782     
        1636   4.2666670000000000       0.36666700000000002       0.17247431651241429     
        1637   4.2999999999999998       0.36666700000000002       0.17275347174922423     
        1638   4.3333329999999997       0.36666700000000002       0.17302414597558421     
        1639   4.3666669999999996       0.36666700000000002       0.17326369225868221     
        1640   4.4000000000000004       0.36666700000000002       0.17346457387534295     
        1641   4.4333330000000002       0.36666700000000002       0.17372908742074911     
        1642   4.4666670000000002       0.36666700000000002       0.17380406215727318     
        1643   4.5000000000000000       0.36666700000000002       0.17404154474161113     
        1644   4.5333329999999998       0.36666700000000002       0.17426789190166386     
        1645   4.5666669999999998       0.36666700000000002       0.17432172245403640     
        1646   4.5999999999999996       0.36666700000000002       0.17447807239341900     
        1647   4.6333330000000004       0.36666700000000002       0.17465301783978587     
        1648   4.6666670000000003       0.36666700000000002       0.17478337010725936     
        1649   4.7000000000000002       0.36666700000000002       0.17494877717528831     
        1650   4.7333330000000000       0.36666700000000002       0.17498704549876981     
        1651   4.7666670000000000       0.36666700000000002       0.17498842161784622     
        1652   4.7999999999999998       0.36666700000000002       0.17526301222843252     
        1653   4.8333329999999997       0.36666700000000002       0.17511083945958372     
        1654   4.8666669999999996       0.36666700000000002       0.17535465768587713     
        1655   4.9000000000000004       0.36666700000000002       0.17521153812043894     
        1656   4.9333330000000002       0.36666700000000002       0.17545836208939389     
        1657   4.9666670000000002       0.36666700000000002       0.17527282441931935     
        1658   5.0000000000000000       0.36666700000000002       0.17545501151131307     
        1659   0.0000000000000000       0.40000000000000002       0.40000000000000002     
        1660   3.3333000000000002E-002  0.40000000000000002       0.38410407836855709     
        1661   6.6667000000000004E-002  0.40000000000000002       0.36829473284445230     
        1662  0.10000000000000001       0.40000000000000002       0.35264765915890739     
        1663  0.13333300000000001       0.40000000000000002       0.33739332913189352     
        1664  0.16666700000000001       0.40000000000000002       0.32240566219689420     
        1665  0.20000000000000001       0.40000000000000002       0.30808464390245949     
        1666  0.23333300000000001       0.40000000000000002       0.29409025739452083     
        1667  0.26666699999999999       0.40000000000000002       0.28086882946976843     
        1668  0.29999999999999999       0.40000000000000002       0.26799172004102723     
        1669  0.33333299999999999       0.40000000000000002       0.25577079455911578     
        1670  0.36666700000000002       0.40000000000000002       0.24383539993159398     
        1671  0.40000000000000002       0.40000000000000002       0.23222475082167096     
        1672  0.43333300000000002       0.40000000000000002       0.22108227415876266     
        1673  0.46666700000000000       0.40000000000000002       0.20976417964543348     
        1674  0.50000000000000000       0.40000000000000002       0.19855437695035497     
        1675  0.53333299999999995       0.40000000000000002       0.18721575146380973     
        1676  0.56666700000000003       0.40000000000000002       0.17559416996073912     
        1677  0.59999999999999998       0.40000000000000002       0.16356996189226589     
        1678  0.63333300000000003       0.40000000000000002       0.15093068651849534     
        1679  0.66666700000000001       0.40000000000000002       0.13752710128402443     
        1680  0.69999999999999996       0.40000000000000002       0.12375041393086418     
        1681  0.73333300000000001       0.40000000000000002       0.10862313532457954     
        1682  0.76666699999999999       0.40000000000000002        9.3068428985475488E-002
        1683  0.80000000000000004       0.40000000000000002        7.6885484028496279E-002
        1684  0.83333299999999999       0.40000000000000002        5.9709853284769562E-002
        1685  0.86666699999999997       0.40000000000000002        4.2456294840067903E-002
        1686  0.90000000000000002       0.40000000000000002        2.6887002775987913E-002
        1687  0.93333299999999997       0.40000000000000002        1.2550466794270765E-002
        1688  0.96666700000000005       0.40000000000000002        3.3434024267747818E-003
        1689   1.0000000000000000       0.40000000000000002        0.0000000000000000     
        1690   1.5000000000000000       0.40000000000000002        0.0000000000000000     
        1691   1.5333330000000001       0.40000000000000002       -1.7459869949401519E-003
        1692   1.5666670000000000       0.40000000000000002       -4.1136280139007515E-003
        1693   1.6000000000000001       0.40000000000000002       -5.8383205422453564E-003
        1694   1.6333329999999999       0.40000000000000002       -6.7406789752410250E-003
        1695   1.6666669999999999       0.40000000000000002       -6.6894299407655794E-003
        1696   1.7000000000000000       0.40000000000000002       -5.8645737836780518E-003
        1697   1.7333330000000000       0.40000000000000002       -3.9023848321924305E-003
        1698   1.7666670000000000       0.40000000000000002       -1.5117318927245209E-003
        1699   1.8000000000000000       0.40000000000000002        1.5561683210223189E-003
        1700   1.8333330000000001       0.40000000000000002        4.8413383615282237E-003
        1701   1.8666670000000001       0.40000000000000002        9.2626272428442003E-003
        1702   1.8999999999999999       0.40000000000000002        1.3199078934038913E-002
        1703   1.9333330000000000       0.40000000000000002        1.8319243410978511E-002
        1704   1.9666669999999999       0.40000000000000002        2.3030797057581914E-002
        1705   2.0000000000000000       0.40000000000000002        2.8185389319772922E-002
        1706   2.0333329999999998       0.40000000000000002        3.3726091728079569E-002
        1707   2.0666669999999998       0.40000000000000002        3.8815955688142015E-002
        1708   2.1000000000000001       0.40000000000000002        4.4600306645843468E-002
        1709   2.1333329999999999       0.40000000000000002        5.0088381573573260E-002
        1710   2.1666669999999999       0.40000000000000002        5.5674044594322784E-002
        1711   2.2000000000000002       0.40000000000000002        6.0991895773561018E-002
        1712   2.2333330000000000       0.40000000000000002        6.6763765090953192E-002
        1713   2.2666670000000000       0.40000000000000002        7.1867281449181628E-002
        1714   2.2999999999999998       0.40000000000000002        7.7561696449651690E-002
        1715   2.3333330000000001       0.40000000000000002        8.2474950770523373E-002
        1716   2.3666670000000001       0.40000000000000002        8.7807955872684099E-002
        1717   2.3999999999999999       0.40000000000000002        9.2998892175743239E-002
        1718   2.4333330000000002       0.40000000000000002        9.7782902162209764E-002
        1719   2.4666670000000002       0.40000000000000002       0.10261997771360795     
        1720   2.5000000000000000       0.40000000000000002       0.10709126197834787     
        1721   2.5333329999999998       0.40000000000000002       0.11186160791067548     
        1722   2.5666669999999998       0.40000000000000002       0.11622707508401350     
        1723   2.6000000000000001       0.40000000000000002       0.12024079035797759     
        1724   2.6333329999999999       0.40000000000000002       0.12460921580959312     
        1725   2.6666669999999999       0.40000000000000002       0.12839025847857471     
        1726   2.7000000000000002       0.40000000000000002       0.13204383717113749     
        1727   2.7333330000000000       0.40000000000000002       0.13603856947180273     
        1728   2.7666670000000000       0.40000000000000002       0.13933764768572601     
        1729   2.7999999999999998       0.40000000000000002       0.14285847199518642     
        1730   2.8333330000000001       0.40000000000000002       0.14586821836858693     
        1731   2.8666670000000001       0.40000000000000002       0.14923163004282411     
        1732   2.8999999999999999       0.40000000000000002       0.15221164019956779     
        1733   2.9333330000000002       0.40000000000000002       0.15487076109639888     
        1734   2.9666670000000002       0.40000000000000002       0.15781557623204326     
        1735   3.0000000000000000       0.40000000000000002       0.16023426173391020     
        1736   3.0333329999999998       0.40000000000000002       0.16283242388759067     
        1737   3.0666669999999998       0.40000000000000002       0.16528981885261579     
        1738   3.1000000000000001       0.40000000000000002       0.16753543343939820     
        1739   3.1333329999999999       0.40000000000000002       0.16950522000818727     
        1740   3.1666669999999999       0.40000000000000002       0.17183648046652353     
        1741   3.2000000000000002       0.40000000000000002       0.17363099774938903     
        1742   3.2333330000000000       0.40000000000000002       0.17539957793973446     
        1743   3.2666670000000000       0.40000000000000002       0.17738979372099906     
        1744   3.2999999999999998       0.40000000000000002       0.17898559545913084     
        1745   3.3333330000000001       0.40000000000000002       0.18053609615272048     
        1746   3.3666670000000001       0.40000000000000002       0.18218459845296042     
        1747   3.3999999999999999       0.40000000000000002       0.18365274004615653     
        1748   3.4333330000000002       0.40000000000000002       0.18484978358660073     
        1749   3.4666670000000002       0.40000000000000002       0.18633387168251078     
        1750   3.5000000000000000       0.40000000000000002       0.18747056961329273     
        1751   3.5333329999999998       0.40000000000000002       0.18846677548131446     
        1752   3.5666669999999998       0.40000000000000002       0.18973979222199230     
        1753   3.6000000000000001       0.40000000000000002       0.19073851450645127     
        1754   3.6333329999999999       0.40000000000000002       0.19184557439897229     
        1755   3.6666669999999999       0.40000000000000002       0.19273681267557069     
        1756   3.7000000000000002       0.40000000000000002       0.19366981402969385     
        1757   3.7333330000000000       0.40000000000000002       0.19429405506132827     
        1758   3.7666670000000000       0.40000000000000002       0.19521568093187666     
        1759   3.7999999999999998       0.40000000000000002       0.19609365416166985     
        1760   3.8333330000000001       0.40000000000000002       0.19666048270032682     
        1761   3.8666670000000001       0.40000000000000002       0.19721810264163245     
        1762   3.8999999999999999       0.40000000000000002       0.19806187378729176     
        1763   3.9333330000000002       0.40000000000000002       0.19861559152238464     
        1764   3.9666670000000002       0.40000000000000002       0.19902593821961381     
        1765   4.0000000000000000       0.40000000000000002       0.19971643349061324     
        1766   4.0333329999999998       0.40000000000000002       0.20005158359081063     
        1767   4.0666669999999998       0.40000000000000002       0.20070077440453707     
        1768   4.0999999999999996       0.40000000000000002       0.20115560027237014     
        1769   4.1333330000000004       0.40000000000000002       0.20148886939934063     
        1770   4.1666670000000003       0.40000000000000002       0.20179772966041487     
        1771   4.2000000000000002       0.40000000000000002       0.20219554106911544     
        1772   4.2333330000000000       0.40000000000000002       0.20264366923101002     
        1773   4.2666670000000000       0.40000000000000002       0.20285543771020437     
        1774   4.2999999999999998       0.40000000000000002       0.20303572499404446     
        1775   4.3333329999999997       0.40000000000000002       0.20349655375694009     
        1776   4.3666669999999996       0.40000000000000002       0.20387826184172964     
        1777   4.4000000000000004       0.40000000000000002       0.20389287017725316     
        1778   4.4333330000000002       0.40000000000000002       0.20429136553586438     
        1779   4.4666670000000002       0.40000000000000002       0.20450917826622433     
        1780   4.5000000000000000       0.40000000000000002       0.20449423863761065     
        1781   4.5333329999999998       0.40000000000000002       0.20483317031607656     
        1782   4.5666669999999998       0.40000000000000002       0.20506930526761188     
        1783   4.5999999999999996       0.40000000000000002       0.20522448987027939     
        1784   4.6333330000000004       0.40000000000000002       0.20535776757182506     
        1785   4.6666670000000003       0.40000000000000002       0.20531318389189965     
        1786   4.7000000000000002       0.40000000000000002       0.20557393957722361     
        1787   4.7333330000000000       0.40000000000000002       0.20572620338150308     
        1788   4.7666670000000000       0.40000000000000002       0.20593171928105011     
        1789   4.7999999999999998       0.40000000000000002       0.20584570232636162     
        1790   4.8333329999999997       0.40000000000000002       0.20598908211130570     
        1791   4.8666669999999996       0.40000000000000002       0.20596618262759953     
        1792   4.9000000000000004       0.40000000000000002       0.20606505944196354     
        1793   4.9333330000000002       0.40000000000000002       0.20606435962254496     
        1794   4.9666670000000002       0.40000000000000002       0.20620257690228411     
        1795   5.0000000000000000       0.40000000000000002       0.20603402086799058     
        1796   0.0000000000000000       0.43333300000000002       0.43333300000000002     
        1797   3.3333000000000002E-002  0.43333300000000002       0.41805681410834361     
        1798   6.6667000000000004E-002  0.43333300000000002       0.40282266688299584     
        1799  0.10000000000000001       0.43333300000000002       0.38775925838708925     
        1800  0.13333300000000001       0.43333300000000002       0.37287826662432622     
        1801  0.16666700000000001       0.43333300000000002       0.35834742756425902     
        1802  0.20000000000000001       0.43333300000000002       0.34409306809259604     
        1803  0.23333300000000001       0.43333300000000002       0.33032005711158258     
        1804  0.26666699999999999       0.43333300000000002       0.31685001863240070     
        1805  0.29999999999999999       0.43333300000000002       0.30398084369797068     
        1806  0.33333299999999999       0.43333300000000002       0.29124238503055289     
        1807  0.36666700000000002       0.43333300000000002       0.27904136602443230     
        1808  0.40000000000000002       0.43333300000000002       0.26709623934995375     
        1809  0.43333300000000002       0.43333300000000002       0.25503294252822040     
        1810  0.46666700000000000       0.43333300000000002       0.24330531276051479     
        1811  0.50000000000000000       0.43333300000000002       0.23114393235987296     
        1812  0.53333299999999995       0.43333300000000002       0.21918299122354046     
        1813  0.56666700000000003       0.43333300000000002       0.20652257247414652     
        1814  0.59999999999999998       0.43333300000000002       0.19330632686682289     
        1815  0.63333300000000003       0.43333300000000002       0.17972401107887565     
        1816  0.66666700000000001       0.43333300000000002       0.16526939104671298     
        1817  0.69999999999999996       0.43333300000000002       0.14977054750399718     
        1818  0.73333300000000001       0.43333300000000002       0.13325736299063795     
        1819  0.76666699999999999       0.43333300000000002       0.11564251760514142     
        1820  0.80000000000000004       0.43333300000000002        9.6960804013247817E-002
        1821  0.83333299999999999       0.43333300000000002        7.7355370357656938E-002
        1822  0.86666699999999997       0.43333300000000002        5.7232337575873121E-002
        1823  0.90000000000000002       0.43333300000000002        3.6936940984016037E-002
        1824  0.93333299999999997       0.43333300000000002        1.9800332233753961E-002
        1825  0.96666700000000005       0.43333300000000002        5.8542787669552659E-003
        1826   1.0000000000000000       0.43333300000000002        0.0000000000000000     
        1827   1.5000000000000000       0.43333300000000002        0.0000000000000000     
        1828   1.5333330000000001       0.43333300000000002       -1.7278287349196289E-003
        1829   1.5666670000000000       0.43333300000000002       -3.1501035732229223E-003
        1830   1.6000000000000001       0.43333300000000002       -3.7305393082797482E-003
        1831   1.6333329999999999       0.43333300000000002       -2.5675965355517771E-003
        1832   1.6666669999999999       0.43333300000000002       -1.3950488762064798E-003
        1833   1.7000000000000000       0.43333300000000002        1.4472603966006489E-003
        1834   1.7333330000000000       0.43333300000000002        4.2127094063591141E-003
        1835   1.7666670000000000       0.43333300000000002        8.3388927815367560E-003
        1836   1.8000000000000000       0.43333300000000002        1.2072260349262775E-002
        1837   1.8333330000000001       0.43333300000000002        1.7156311369701999E-002
        1838   1.8666670000000001       0.43333300000000002        2.1858184051583487E-002
        1839   1.8999999999999999       0.43333300000000002        2.7117126807315983E-002
        1840   1.9333330000000000       0.43333300000000002        3.2686349472263988E-002
        1841   1.9666669999999999       0.43333300000000002        3.8810395268046985E-002
        1842   2.0000000000000000       0.43333300000000002        4.4383904452933054E-002
        1843   2.0333329999999998       0.43333300000000002        5.0199880324899360E-002
        1844   2.0666669999999998       0.43333300000000002        5.6617677949625189E-002
        1845   2.1000000000000001       0.43333300000000002        6.2390897476458013E-002
        1846   2.1333329999999999       0.43333300000000002        6.8784754125808575E-002
        1847   2.1666669999999999       0.43333300000000002        7.4993065692643884E-002
        1848   2.2000000000000002       0.43333300000000002        8.1221702278116883E-002
        1849   2.2333330000000000       0.43333300000000002        8.6910521640745045E-002
        1850   2.2666670000000000       0.43333300000000002        9.3048543707606374E-002
        1851   2.2999999999999998       0.43333300000000002        9.8834666775700630E-002
        1852   2.3333330000000001       0.43333300000000002       0.10462936217362413     
        1853   2.3666670000000001       0.43333300000000002       0.11010144993659510     
        1854   2.3999999999999999       0.43333300000000002       0.11571236780243369     
        1855   2.4333330000000002       0.43333300000000002       0.12111407371159527     
        1856   2.4666670000000002       0.43333300000000002       0.12609066684363338     
        1857   2.5000000000000000       0.43333300000000002       0.13145165655224816     
        1858   2.5333329999999998       0.43333300000000002       0.13625678598067922     
        1859   2.5666669999999998       0.43333300000000002       0.14078971123316716     
        1860   2.6000000000000001       0.43333300000000002       0.14568149175177339     
        1861   2.6333329999999999       0.43333300000000002       0.14985573717848583     
        1862   2.6666669999999999       0.43333300000000002       0.15430988544377983     
        1863   2.7000000000000002       0.43333300000000002       0.15839124552843203     
        1864   2.7333330000000000       0.43333300000000002       0.16240671601078405     
        1865   2.7666670000000000       0.43333300000000002       0.16621794701327602     
        1866   2.7999999999999998       0.43333300000000002       0.16989135877354253     
        1867   2.8333330000000001       0.43333300000000002       0.17336565764115894     
        1868   2.8666670000000001       0.43333300000000002       0.17670073802677447     
        1869   2.8999999999999999       0.43333300000000002       0.18010298377180670     
        1870   2.9333330000000002       0.43333300000000002       0.18319799491978084     
        1871   2.9666670000000002       0.43333300000000002       0.18600621339010903     
        1872   3.0000000000000000       0.43333300000000002       0.18906771195158717     
        1873   3.0333329999999998       0.43333300000000002       0.19168310923249407     
        1874   3.0666669999999998       0.43333300000000002       0.19424351492094863     
        1875   3.1000000000000001       0.43333300000000002       0.19654900980616197     
        1876   3.1333329999999999       0.43333300000000002       0.19906104393144583     
        1877   3.1666669999999999       0.43333300000000002       0.20127195330269054     
        1878   3.2000000000000002       0.43333300000000002       0.20336599287577031     
        1879   3.2333330000000000       0.43333300000000002       0.20554714540799890     
        1880   3.2666670000000000       0.43333300000000002       0.20746866564449956     
        1881   3.2999999999999998       0.43333300000000002       0.20907856250130941     
        1882   3.3333330000000001       0.43333300000000002       0.21103457601237013     
        1883   3.3666670000000001       0.43333300000000002       0.21266117576139212     
        1884   3.3999999999999999       0.43333300000000002       0.21421029812089698     
        1885   3.4333330000000002       0.43333300000000002       0.21574998255843397     
        1886   3.4666670000000002       0.43333300000000002       0.21700261211193556     
        1887   3.5000000000000000       0.43333300000000002       0.21849697141069205     
        1888   3.5333329999999998       0.43333300000000002       0.21976147481177266     
        1889   3.5666669999999998       0.43333300000000002       0.22082492793570285     
        1890   3.6000000000000001       0.43333300000000002       0.22217724599466662     
        1891   3.6333329999999999       0.43333300000000002       0.22309432875731156     
        1892   3.6666669999999999       0.43333300000000002       0.22427932965765740     
        1893   3.7000000000000002       0.43333300000000002       0.22517755707419435     
        1894   3.7333330000000000       0.43333300000000002       0.22612273022134574     
        1895   3.7666670000000000       0.43333300000000002       0.22687320813682885     
        1896   3.7999999999999998       0.43333300000000002       0.22772746659688020     
        1897   3.8333330000000001       0.43333300000000002       0.22848109100924713     
        1898   3.8666670000000001       0.43333300000000002       0.22932022866792309     
        1899   3.8999999999999999       0.43333300000000002       0.23003968158679830     
        1900   3.9333330000000002       0.43333300000000002       0.23049570628167071     
        1901   3.9666670000000002       0.43333300000000002       0.23127837148448968     
        1902   4.0000000000000000       0.43333300000000002       0.23170051943773542     
        1903   4.0333329999999998       0.43333300000000002       0.23245921596168134     
        1904   4.0666669999999998       0.43333300000000002       0.23287240087622299     
        1905   4.0999999999999996       0.43333300000000002       0.23320349488161793     
        1906   4.1333330000000004       0.43333300000000002       0.23379723943658742     
        1907   4.1666670000000003       0.43333300000000002       0.23430634893762209     
        1908   4.2000000000000002       0.43333300000000002       0.23448736820408050     
        1909   4.2333330000000000       0.43333300000000002       0.23501658453876981     
        1910   4.2666670000000000       0.43333300000000002       0.23529007175910105     
        1911   4.2999999999999998       0.43333300000000002       0.23573098150799499     
        1912   4.3333329999999997       0.43333300000000002       0.23606655434110957     
        1913   4.3666669999999996       0.43333300000000002       0.23620480761357321     
        1914   4.4000000000000004       0.43333300000000002       0.23662533371994154     
        1915   4.4333330000000002       0.43333300000000002       0.23672168036110655     
        1916   4.4666670000000002       0.43333300000000002       0.23711681129880385     
        1917   4.5000000000000000       0.43333300000000002       0.23727649067464943     
        1918   4.5333329999999998       0.43333300000000002       0.23751261438166663     
        1919   4.5666669999999998       0.43333300000000002       0.23758178715903877     
        1920   4.5999999999999996       0.43333300000000002       0.23798522895513818     
        1921   4.6333330000000004       0.43333300000000002       0.23792297750842156     
        1922   4.6666670000000003       0.43333300000000002       0.23821482345861786     
        1923   4.7000000000000002       0.43333300000000002       0.23831452687448038     
        1924   4.7333330000000000       0.43333300000000002       0.23841830589939178     
        1925   4.7666670000000000       0.43333300000000002       0.23850359552291953     
        1926   4.7999999999999998       0.43333300000000002       0.23854687073185707     
        1927   4.8333329999999997       0.43333300000000002       0.23869505722765702     
        1928   4.8666669999999996       0.43333300000000002       0.23880229590787413     
        1929   4.9000000000000004       0.43333300000000002       0.23900353021212328     
        1930   4.9333330000000002       0.43333300000000002       0.23887650677395672     
        1931   4.9666670000000002       0.43333300000000002       0.23877389134245072     
        1932   5.0000000000000000       0.43333300000000002       0.23894533821417782     
        1933   0.0000000000000000       0.46666700000000000       0.46666700000000000     
        1934   3.3333000000000002E-002  0.46666700000000000       0.45204800037365683     
        1935   6.6667000000000004E-002  0.46666700000000000       0.43747038031378255     
        1936  0.10000000000000001       0.46666700000000000       0.42298904223803302     
        1937  0.13333300000000001       0.46666700000000000       0.40863292728636602     
        1938  0.16666700000000001       0.46666700000000000       0.39446447309267357     
        1939  0.20000000000000001       0.46666700000000000       0.38060640170028209     
        1940  0.23333300000000001       0.46666700000000000       0.36705384443031430     
        1941  0.26666699999999999       0.46666700000000000       0.35376736412990994     
        1942  0.29999999999999999       0.46666700000000000       0.34069869621724885     
        1943  0.33333299999999999       0.46666700000000000       0.32805656228701302     
        1944  0.36666700000000002       0.46666700000000000       0.31552370476843966     
        1945  0.40000000000000002       0.46666700000000000       0.30315675909336154     
        1946  0.43333300000000002       0.46666700000000000       0.29088868413781604     
        1947  0.46666700000000000       0.46666700000000000       0.27844373932692534     
        1948  0.50000000000000000       0.46666700000000000       0.26592983977394397     
        1949  0.53333299999999995       0.46666700000000000       0.25308010678477205     
        1950  0.56666700000000003       0.46666700000000000       0.23989178557266450     
        1951  0.59999999999999998       0.46666700000000000       0.22600122042698562     
        1952  0.63333300000000003       0.46666700000000000       0.21141283652547746     
        1953  0.66666700000000001       0.46666700000000000       0.19581427992794123     
        1954  0.69999999999999996       0.46666700000000000       0.17905663338307096     
        1955  0.73333300000000001       0.46666700000000000       0.16144230468185541     
        1956  0.76666699999999999       0.46666700000000000       0.14206403241571550     
        1957  0.80000000000000004       0.46666700000000000       0.12118398280266676     
        1958  0.83333299999999999       0.46666700000000000        9.9443747386586470E-002
        1959  0.86666699999999997       0.46666700000000000        7.6268051307493631E-002
        1960  0.90000000000000002       0.46666700000000000        5.2527176492655446E-002
        1961  0.93333299999999997       0.46666700000000000        2.9566795988194006E-002
        1962  0.96666700000000005       0.46666700000000000        1.0840924576113981E-002
        1963   1.0000000000000000       0.46666700000000000        0.0000000000000000     
        1964   1.5000000000000000       0.46666700000000000        0.0000000000000000     
        1965   1.5333330000000001       0.46666700000000000       -9.9842933243827797E-004
        1966   1.5666670000000000       0.46666700000000000       -4.0711243484921014E-004
        1967   1.6000000000000001       0.46666700000000000        1.7509008512598318E-003
        1968   1.6333329999999999       0.46666700000000000        4.4165011996778053E-003
        1969   1.6666669999999999       0.46666700000000000        8.1467818896497103E-003
        1970   1.7000000000000000       0.46666700000000000        1.1856104334220546E-002
        1971   1.7333330000000000       0.46666700000000000        1.7048285370925648E-002
        1972   1.7666670000000000       0.46666700000000000        2.1618118065902581E-002
        1973   1.8000000000000000       0.46666700000000000        2.7264300310592710E-002
        1974   1.8333330000000001       0.46666700000000000        3.2834163712485702E-002
        1975   1.8666670000000001       0.46666700000000000        3.9009127225780003E-002
        1976   1.8999999999999999       0.46666700000000000        4.5136525923518397E-002
        1977   1.9333330000000000       0.46666700000000000        5.1430568498208339E-002
        1978   1.9666669999999999       0.46666700000000000        5.7930276449575602E-002
        1979   2.0000000000000000       0.46666700000000000        6.4456642741154285E-002
        1980   2.0333329999999998       0.46666700000000000        7.1432261920782100E-002
        1981   2.0666669999999998       0.46666700000000000        7.7689833213861054E-002
        1982   2.1000000000000001       0.46666700000000000        8.4699649305697344E-002
        1983   2.1333329999999999       0.46666700000000000        9.1424618981040262E-002
        1984   2.1666669999999999       0.46666700000000000        9.7967746065846725E-002
        1985   2.2000000000000002       0.46666700000000000       0.10439858368552313     
        1986   2.2333330000000000       0.46666700000000000       0.11131623675223563     
        1987   2.2666670000000000       0.46666700000000000       0.11747009379330219     
        1988   2.2999999999999998       0.46666700000000000       0.12344963319876849     
        1989   2.3333330000000001       0.46666700000000000       0.12988528943700614     
        1990   2.3666670000000001       0.46666700000000000       0.13605206630018060     
        1991   2.3999999999999999       0.46666700000000000       0.14178158498636953     
        1992   2.4333330000000002       0.46666700000000000       0.14747644256127926     
        1993   2.4666670000000002       0.46666700000000000       0.15323425482898212     
        1994   2.5000000000000000       0.46666700000000000       0.15835731518267951     
        1995   2.5333329999999998       0.46666700000000000       0.16385867611615018     
        1996   2.5666669999999998       0.46666700000000000       0.16881918928806774     
        1997   2.6000000000000001       0.46666700000000000       0.17371806841831014     
        1998   2.6333329999999999       0.46666700000000000       0.17850984242968132     
        1999   2.6666669999999999       0.46666700000000000       0.18285805317765516     
        2000   2.7000000000000002       0.46666700000000000       0.18748590051912623     
        2001   2.7333330000000000       0.46666700000000000       0.19159719858854926     
        2002   2.7666670000000000       0.46666700000000000       0.19582835854743286     
        2003   2.7999999999999998       0.46666700000000000       0.19966166081423609     
        2004   2.8333330000000001       0.46666700000000000       0.20351462273444509     
        2005   2.8666670000000001       0.46666700000000000       0.20697952807692044     
        2006   2.8999999999999999       0.46666700000000000       0.21032844727165087     
        2007   2.9333330000000002       0.46666700000000000       0.21381996612693549     
        2008   2.9666670000000002       0.46666700000000000       0.21710761773306822     
        2009   3.0000000000000000       0.46666700000000000       0.21991058885508333     
        2010   3.0333329999999998       0.46666700000000000       0.22290998737473169     
        2011   3.0666669999999998       0.46666700000000000       0.22574694419314659     
        2012   3.1000000000000001       0.46666700000000000       0.22837736861466024     
        2013   3.1333329999999999       0.46666700000000000       0.23078374626053030     
        2014   3.1666669999999999       0.46666700000000000       0.23304939409286249     
        2015   3.2000000000000002       0.46666700000000000       0.23557737894443592     
        2016   3.2333330000000000       0.46666700000000000       0.23776754427575866     
        2017   3.2666670000000000       0.46666700000000000       0.23966580222340853     
        2018   3.2999999999999998       0.46666700000000000       0.24168600407724988     
        2019   3.3333330000000001       0.46666700000000000       0.24363205043998629     
        2020   3.3666670000000001       0.46666700000000000       0.24532886955274902     
        2021   3.3999999999999999       0.46666700000000000       0.24688565169579565     
        2022   3.4333330000000002       0.46666700000000000       0.24867310716889862     
        2023   3.4666670000000002       0.46666700000000000       0.25019449858892129     
        2024   3.5000000000000000       0.46666700000000000       0.25147608620053208     
        2025   3.5333329999999998       0.46666700000000000       0.25296249789763653     
        2026   3.5666669999999998       0.46666700000000000       0.25434150544680667     
        2027   3.6000000000000001       0.46666700000000000       0.25540540916074228     
        2028   3.6333329999999999       0.46666700000000000       0.25677019878823543     
        2029   3.6666669999999999       0.46666700000000000       0.25777932577844248     
        2030   3.7000000000000002       0.46666700000000000       0.25865557910066445     
        2031   3.7333330000000000       0.46666700000000000       0.25980519059944218     
        2032   3.7666670000000000       0.46666700000000000       0.26074273396424874     
        2033   3.7999999999999998       0.46666700000000000       0.26145898196462225     
        2034   3.8333330000000001       0.46666700000000000       0.26251605129345840     
        2035   3.8666670000000001       0.46666700000000000       0.26317780000311330     
        2036   3.8999999999999999       0.46666700000000000       0.26392711280257114     
        2037   3.9333330000000002       0.46666700000000000       0.26466396859492891     
        2038   3.9666670000000002       0.46666700000000000       0.26519605566254828     
        2039   4.0000000000000000       0.46666700000000000       0.26595055864153466     
        2040   4.0333329999999998       0.46666700000000000       0.26651136797644642     
        2041   4.0666669999999998       0.46666700000000000       0.26707084241594675     
        2042   4.0999999999999996       0.46666700000000000       0.26757573836189164     
        2043   4.1333330000000004       0.46666700000000000       0.26812684810133730     
        2044   4.1666670000000003       0.46666700000000000       0.26843270724169904     
        2045   4.2000000000000002       0.46666700000000000       0.26900534336624360     
        2046   4.2333330000000000       0.46666700000000000       0.26926019841381521     
        2047   4.2666670000000000       0.46666700000000000       0.26979551117310246     
        2048   4.2999999999999998       0.46666700000000000       0.27012606507471004     
        2049   4.3333329999999997       0.46666700000000000       0.27044327872768759     
        2050   4.3666669999999996       0.46666700000000000       0.27080736869882988     
        2051   4.4000000000000004       0.46666700000000000       0.27096034081741105     
        2052   4.4333330000000002       0.46666700000000000       0.27140641683987565     
        2053   4.4666670000000002       0.46666700000000000       0.27156292310061070     
        2054   4.5000000000000000       0.46666700000000000       0.27187709232244750     
        2055   4.5333329999999998       0.46666700000000000       0.27195965993881221     
        2056   4.5666669999999998       0.46666700000000000       0.27230466087545757     
        2057   4.5999999999999996       0.46666700000000000       0.27248360507028097     
        2058   4.6333330000000004       0.46666700000000000       0.27267521639774561     
        2059   4.6666670000000003       0.46666700000000000       0.27288735098795242     
        2060   4.7000000000000002       0.46666700000000000       0.27295470302019237     
        2061   4.7333330000000000       0.46666700000000000       0.27303148972816454     
        2062   4.7666670000000000       0.46666700000000000       0.27303661203416180     
        2063   4.7999999999999998       0.46666700000000000       0.27335153154068859     
        2064   4.8333329999999997       0.46666700000000000       0.27334157668224340     
        2065   4.8666669999999996       0.46666700000000000       0.27344316631933135     
        2066   4.9000000000000004       0.46666700000000000       0.27353606725347152     
        2067   4.9333330000000002       0.46666700000000000       0.27356194279773649     
        2068   4.9666670000000002       0.46666700000000000       0.27360043391625083     
        2069   5.0000000000000000       0.46666700000000000       0.27346460600865169     
        2070   0.0000000000000000       0.50000000000000000       0.50000000000000000     
        2071   3.3333000000000002E-002  0.50000000000000000       0.48607581292509111     
        2072   6.6667000000000004E-002  0.50000000000000000       0.47218302544735191     
        2073  0.10000000000000001       0.50000000000000000       0.45831855104867691     
        2074  0.13333300000000001       0.50000000000000000       0.44458039699201940     
        2075  0.16666700000000001       0.50000000000000000       0.43098870113776250     
        2076  0.20000000000000001       0.50000000000000000       0.41751415325833341     
        2077  0.23333300000000001       0.50000000000000000       0.40422751162834791     
        2078  0.26666699999999999       0.50000000000000000       0.39123371326020084     
        2079  0.29999999999999999       0.50000000000000000       0.37842584370015436     
        2080  0.33333299999999999       0.50000000000000000       0.36574713511447610     
        2081  0.36666700000000002       0.50000000000000000       0.35313886756149021     
        2082  0.40000000000000002       0.50000000000000000       0.34054424817068846     
        2083  0.43333300000000002       0.50000000000000000       0.32812677939759233     
        2084  0.46666700000000000       0.50000000000000000       0.31546786571374819     
        2085  0.50000000000000000       0.50000000000000000       0.30263654695887221     
        2086  0.53333299999999995       0.50000000000000000       0.28929169662601378     
        2087  0.56666700000000003       0.50000000000000000       0.27542948091775654     
        2088  0.59999999999999998       0.50000000000000000       0.26117824739847023     
        2089  0.63333300000000003       0.50000000000000000       0.24569198222145364     
        2090  0.66666700000000001       0.50000000000000000       0.22950282631560470     
        2091  0.69999999999999996       0.50000000000000000       0.21209114946357763     
        2092  0.73333300000000001       0.50000000000000000       0.19299580627629254     
        2093  0.76666699999999999       0.50000000000000000       0.17268851242255057     
        2094  0.80000000000000004       0.50000000000000000       0.15070431186714492     
        2095  0.83333299999999999       0.50000000000000000       0.12650677814942779     
        2096  0.86666699999999997       0.50000000000000000       0.10131485571033581     
        2097  0.90000000000000002       0.50000000000000000        7.5083029135665405E-002
        2098  0.93333299999999997       0.50000000000000000        4.8036887336391110E-002
        2099  0.96666700000000005       0.50000000000000000        2.0689775570979459E-002
        2100   1.0000000000000000       0.50000000000000000        0.0000000000000000     
        2101   1.0333330000000001       0.50000000000000000        0.0000000000000000     
        2102   1.0666670000000000       0.50000000000000000        0.0000000000000000     
        2103   1.1000000000000001       0.50000000000000000        0.0000000000000000     
        2104   1.1333329999999999       0.50000000000000000        0.0000000000000000     
        2105   1.1666669999999999       0.50000000000000000        0.0000000000000000     
        2106   1.2000000000000000       0.50000000000000000        0.0000000000000000     
        2107   1.2333330000000000       0.50000000000000000        0.0000000000000000     
        2108   1.2666670000000000       0.50000000000000000        0.0000000000000000     
        2109   1.3000000000000000       0.50000000000000000        0.0000000000000000     
        2110   1.3333330000000001       0.50000000000000000        0.0000000000000000     
        2111   1.3666670000000001       0.50000000000000000        0.0000000000000000     
        2112   1.3999999999999999       0.50000000000000000        0.0000000000000000     
        2113   1.4333330000000000       0.50000000000000000        0.0000000000000000     
        2114   1.4666669999999999       0.50000000000000000        0.0000000000000000     
        2115   1.5000000000000000       0.50000000000000000        0.0000000000000000     
        2116   1.5333330000000001       0.50000000000000000        1.8403000292093648E-003
        2117   1.5666670000000000       0.50000000000000000        6.6631358378831142E-003
        2118   1.6000000000000001       0.50000000000000000        1.1706004084110253E-002
        2119   1.6333329999999999       0.50000000000000000        1.6808129242459936E-002
        2120   1.6666669999999999       0.50000000000000000        2.2435798763365947E-002
        2121   1.7000000000000000       0.50000000000000000        2.8007742693577233E-002
        2122   1.7333330000000000       0.50000000000000000        3.4046967265488989E-002
        2123   1.7666670000000000       0.50000000000000000        4.0751671186118839E-002
        2124   1.8000000000000000       0.50000000000000000        4.6803138061100785E-002
        2125   1.8333330000000001       0.50000000000000000        5.3654520665990170E-002
        2126   1.8666670000000001       0.50000000000000000        6.0217100415647054E-002
        2127   1.8999999999999999       0.50000000000000000        6.7804362102926063E-002
        2128   1.9333330000000000       0.50000000000000000        7.4602693935354236E-002
        2129   1.9666669999999999       0.50000000000000000        8.1497597952675235E-002
        2130   2.0000000000000000       0.50000000000000000        8.9255129762695312E-002
        2131   2.0333329999999998       0.50000000000000000        9.6259225913490926E-002
        2132   2.0666669999999998       0.50000000000000000       0.10362213325527039     
        2133   2.1000000000000001       0.50000000000000000       0.11072595172690571     
        2134   2.1333329999999999       0.50000000000000000       0.11757446752022284     
        2135   2.1666669999999999       0.50000000000000000       0.12497970547723443     
        2136   2.2000000000000002       0.50000000000000000       0.13217309482376724     
        2137   2.2333330000000000       0.50000000000000000       0.13896654385465043     
        2138   2.2666670000000000       0.50000000000000000       0.14571136800694784     
        2139   2.2999999999999998       0.50000000000000000       0.15233501329832744     
        2140   2.3333330000000001       0.50000000000000000       0.15885688296344316     
        2141   2.3666670000000001       0.50000000000000000       0.16525846239031031     
        2142   2.3999999999999999       0.50000000000000000       0.17116655287920821     
        2143   2.4333330000000002       0.50000000000000000       0.17754218641599709     
        2144   2.4666670000000002       0.50000000000000000       0.18311439301885998     
        2145   2.5000000000000000       0.50000000000000000       0.18899500326592628     
        2146   2.5333329999999998       0.50000000000000000       0.19450301249338031     
        2147   2.5666669999999998       0.50000000000000000       0.19987335660687025     
        2148   2.6000000000000001       0.50000000000000000       0.20474096184226068     
        2149   2.6333329999999999       0.50000000000000000       0.20997693233205122     
        2150   2.6666669999999999       0.50000000000000000       0.21482624421769153     
        2151   2.7000000000000002       0.50000000000000000       0.21936307541008590     
        2152   2.7333330000000000       0.50000000000000000       0.22377465516262030     
        2153   2.7666670000000000       0.50000000000000000       0.22801804783847934     
        2154   2.7999999999999998       0.50000000000000000       0.23198215083413767     
        2155   2.8333330000000001       0.50000000000000000       0.23616481107061452     
        2156   2.8666670000000001       0.50000000000000000       0.23986816327795757     
        2157   2.8999999999999999       0.50000000000000000       0.24367411031446920     
        2158   2.9333330000000002       0.50000000000000000       0.24704835342979847     
        2159   2.9666670000000002       0.50000000000000000       0.25027501341096486     
        2160   3.0000000000000000       0.50000000000000000       0.25367441471701607     
        2161   3.0333329999999998       0.50000000000000000       0.25659943863090323     
        2162   3.0666669999999998       0.50000000000000000       0.25935153081877810     
        2163   3.1000000000000001       0.50000000000000000       0.26230135309986563     
        2164   3.1333329999999999       0.50000000000000000       0.26486931806357217     
        2165   3.1666669999999999       0.50000000000000000       0.26748667175126051     
        2166   3.2000000000000002       0.50000000000000000       0.26992661781595734     
        2167   3.2333330000000000       0.50000000000000000       0.27207058156019032     
        2168   3.2666670000000000       0.50000000000000000       0.27422147531961460     
        2169   3.2999999999999998       0.50000000000000000       0.27646031005697058     
        2170   3.3333330000000001       0.50000000000000000       0.27821813313432597     
        2171   3.3666670000000001       0.50000000000000000       0.28020181403787003     
        2172   3.3999999999999999       0.50000000000000000       0.28205707088948168     
        2173   3.4333330000000002       0.50000000000000000       0.28355633400877900     
        2174   3.4666670000000002       0.50000000000000000       0.28529975901776500     
        2175   3.5000000000000000       0.50000000000000000       0.28691505366454956     
        2176   3.5333329999999998       0.50000000000000000       0.28825333962674493     
        2177   3.5666669999999998       0.50000000000000000       0.28948731184274518     
        2178   3.6000000000000001       0.50000000000000000       0.29094565051855870     
        2179   3.6333329999999999       0.50000000000000000       0.29210015450210491     
        2180   3.6666669999999999       0.50000000000000000       0.29335118270314736     
        2181   3.7000000000000002       0.50000000000000000       0.29443025436071396     
        2182   3.7333330000000000       0.50000000000000000       0.29530375244044882     
        2183   3.7666670000000000       0.50000000000000000       0.29641829353415189     
        2184   3.7999999999999998       0.50000000000000000       0.29738411913304119     
        2185   3.8333330000000001       0.50000000000000000       0.29820786801979443     
        2186   3.8666670000000001       0.50000000000000000       0.29914092781245993     
        2187   3.8999999999999999       0.50000000000000000       0.29971997962894548     
        2188   3.9333330000000002       0.50000000000000000       0.30059017509513525     
        2189   3.9666670000000002       0.50000000000000000       0.30137959576843154     
        2190   4.0000000000000000       0.50000000000000000       0.30193624965473165     
        2191   4.0333329999999998       0.50000000000000000       0.30243506916386836     
        2192   4.0666669999999998       0.50000000000000000       0.30317392651298164     
        2193   4.0999999999999996       0.50000000000000000       0.30373132900486804     
        2194   4.1333330000000004       0.50000000000000000       0.30424373550133449     
        2195   4.1666670000000003       0.50000000000000000       0.30474157388101958     
        2196   4.2000000000000002       0.50000000000000000       0.30506268931436986     
        2197   4.2333330000000000       0.50000000000000000       0.30566270563219322     
        2198   4.2666670000000000       0.50000000000000000       0.30601855035281195     
        2199   4.2999999999999998       0.50000000000000000       0.30635706843304705     
        2200   4.3333329999999997       0.50000000000000000       0.30660948143809158     
        2201   4.3666669999999996       0.50000000000000000       0.30712691423068650     
        2202   4.4000000000000004       0.50000000000000000       0.30742172545984359     
        2203   4.4333330000000002       0.50000000000000000       0.30758832073806180     
        2204   4.4666670000000002       0.50000000000000000       0.30797146503873835     
        2205   4.5000000000000000       0.50000000000000000       0.30820699283982694     
        2206   4.5333329999999998       0.50000000000000000       0.30855182915996426     
        2207   4.5666669999999998       0.50000000000000000       0.30868748448234301     
        2208   4.5999999999999996       0.50000000000000000       0.30878830246436079     
        2209   4.6333330000000004       0.50000000000000000       0.30918952403084193     
        2210   4.6666670000000003       0.50000000000000000       0.30921196436838355     
        2211   4.7000000000000002       0.50000000000000000       0.30938259485420250     
        2212   4.7333330000000000       0.50000000000000000       0.30951208122706242     
        2213   4.7666670000000000       0.50000000000000000       0.30965245100034222     
        2214   4.7999999999999998       0.50000000000000000       0.30967603245073011     
        2215   4.8333329999999997       0.50000000000000000       0.30995842214376379     
        2216   4.8666669999999996       0.50000000000000000       0.30988350205867643     
        2217   4.9000000000000004       0.50000000000000000       0.30994329488821559     
        2218   4.9333330000000002       0.50000000000000000       0.31002401075100999     
        2219   4.9666670000000002       0.50000000000000000       0.31008289436074277     
        2220   5.0000000000000000       0.50000000000000000       0.31009732777878751     
        2221   0.0000000000000000       0.53333299999999995       0.53333299999999995     
        2222   3.3333000000000002E-002  0.53333299999999995       0.52014226989597745     
        2223   6.6667000000000004E-002  0.53333299999999995       0.50695540444691212     
        2224  0.10000000000000001       0.53333299999999995       0.49381423614269271     
        2225  0.13333300000000001       0.53333299999999995       0.48071830352087747     
        2226  0.16666700000000001       0.53333299999999995       0.46768210706463381     
        2227  0.20000000000000001       0.53333299999999995       0.45475943054691387     
        2228  0.23333300000000001       0.53333299999999995       0.44199364806310315     
        2229  0.26666699999999999       0.53333299999999995       0.42931664601178104     
        2230  0.29999999999999999       0.53333299999999995       0.41676603176755850     
        2231  0.33333299999999999       0.53333299999999995       0.40421011904466031     
        2232  0.36666700000000002       0.53333299999999995       0.39183158893974612     
        2233  0.40000000000000002       0.53333299999999995       0.37935504356616134     
        2234  0.43333300000000002       0.53333299999999995       0.36669940421433334     
        2235  0.46666700000000000       0.53333299999999995       0.35402932849404517     
        2236  0.50000000000000000       0.53333299999999995       0.34103528697682445     
        2237  0.53333299999999995       0.53333299999999995       0.32751917653525398     
        2238  0.56666700000000003       0.53333299999999995       0.31346789075320519     
        2239  0.59999999999999998       0.53333299999999995       0.29869939460476252     
        2240  0.63333300000000003       0.53333299999999995       0.28302134363933412     
        2241  0.66666700000000001       0.53333299999999995       0.26632628203762820     
        2242  0.69999999999999996       0.53333299999999995       0.24818477678201462     
        2243  0.73333300000000001       0.53333299999999995       0.22885910650078545     
        2244  0.76666699999999999       0.53333299999999995       0.20777990808468633     
        2245  0.80000000000000004       0.53333299999999995       0.18463837177440331     
        2246  0.83333299999999999       0.53333299999999995       0.16020646478895642     
        2247  0.86666699999999997       0.53333299999999995       0.13340272487318838     
        2248  0.90000000000000002       0.53333299999999995       0.10548990678473801     
        2249  0.93333299999999997       0.53333299999999995        7.6659053946774872E-002
        2250  0.96666700000000005       0.53333299999999995        4.9615567440732276E-002
        2251   1.0000000000000000       0.53333299999999995        2.5676940846818170E-002
        2252   1.0333330000000001       0.53333299999999995        1.6755572867220608E-002
        2253   1.0666670000000000       0.53333299999999995        1.0521059501485177E-002
        2254   1.1000000000000001       0.53333299999999995        9.4954446724567244E-003
        2255   1.1333329999999999       0.53333299999999995        7.9614851891899076E-003
        2256   1.1666669999999999       0.53333299999999995        6.1624253267162253E-003
        2257   1.2000000000000000       0.53333299999999995        6.8756667076097918E-003
        2258   1.2333330000000000       0.53333299999999995        7.5937926893403160E-003
        2259   1.2666670000000000       0.53333299999999995        6.0981861853298012E-003
        2260   1.3000000000000000       0.53333299999999995        7.5407853312484431E-003
        2261   1.3333330000000001       0.53333299999999995        6.0297150691969639E-003
        2262   1.3666670000000001       0.53333299999999995        6.9999338329131871E-003
        2263   1.3999999999999999       0.53333299999999995        7.7432671241637599E-003
        2264   1.4333330000000000       0.53333299999999995        7.7363535303710670E-003
        2265   1.4666669999999999       0.53333299999999995        8.9050651229238900E-003
        2266   1.5000000000000000       0.53333299999999995        1.0898195642617695E-002
        2267   1.5333330000000001       0.53333299999999995        1.5875731781798300E-002
        2268   1.5666670000000000       0.53333299999999995        2.2051499139073782E-002
        2269   1.6000000000000001       0.53333299999999995        2.9084033656822928E-002
        2270   1.6333329999999999       0.53333299999999995        3.5572447643769864E-002
        2271   1.6666669999999999       0.53333299999999995        4.2159406941708187E-002
        2272   1.7000000000000000       0.53333299999999995        5.0081555737545726E-002
        2273   1.7333330000000000       0.53333299999999995        5.7305275515762796E-002
        2274   1.7666670000000000       0.53333299999999995        6.4401995725910863E-002
        2275   1.8000000000000000       0.53333299999999995        7.2129319488298163E-002
        2276   1.8333330000000001       0.53333299999999995        7.9263593017842637E-002
        2277   1.8666670000000001       0.53333299999999995        8.7422894287338709E-002
        2278   1.8999999999999999       0.53333299999999995        9.4671369154017249E-002
        2279   1.9333330000000000       0.53333299999999995       0.10266986255705915     
        2280   1.9666669999999999       0.53333299999999995       0.11063971864187179     
        2281   2.0000000000000000       0.53333299999999995       0.11793744167269735     
        2282   2.0333329999999998       0.53333299999999995       0.12604528863931561     
        2283   2.0666669999999998       0.53333299999999995       0.13354209407938236     
        2284   2.1000000000000001       0.53333299999999995       0.14134649325872467     
        2285   2.1333329999999999       0.53333299999999995       0.14877181080236107     
        2286   2.1666669999999999       0.53333299999999995       0.15627463847297179     
        2287   2.2000000000000002       0.53333299999999995       0.16366664561938840     
        2288   2.2333330000000000       0.53333299999999995       0.17051792238672339     
        2289   2.2666670000000000       0.53333299999999995       0.17784868040684207     
        2290   2.2999999999999998       0.53333299999999995       0.18501552858082090     
        2291   2.3333330000000001       0.53333299999999995       0.19152783521969310     
        2292   2.3666670000000001       0.53333299999999995       0.19786502508618220     
        2293   2.3999999999999999       0.53333299999999995       0.20461915456948762     
        2294   2.4333330000000002       0.53333299999999995       0.21062347199432427     
        2295   2.4666670000000002       0.53333299999999995       0.21699989255965516     
        2296   2.5000000000000000       0.53333299999999995       0.22263496564277899     
        2297   2.5333329999999998       0.53333299999999995       0.22835864208659945     
        2298   2.5666669999999998       0.53333299999999995       0.23394927525460585     
        2299   2.6000000000000001       0.53333299999999995       0.23931826544784493     
        2300   2.6333329999999999       0.53333299999999995       0.24422038940544702     
        2301   2.6666669999999999       0.53333299999999995       0.24945881231579520     
        2302   2.7000000000000002       0.53333299999999995       0.25412790975425503     
        2303   2.7333330000000000       0.53333299999999995       0.25882492326433332     
        2304   2.7666670000000000       0.53333299999999995       0.26313628046176224     
        2305   2.7999999999999998       0.53333299999999995       0.26753483866220867     
        2306   2.8333330000000001       0.53333299999999995       0.27140610258331838     
        2307   2.8666670000000001       0.53333299999999995       0.27555558292741167     
        2308   2.8999999999999999       0.53333299999999995       0.27908183023017286     
        2309   2.9333330000000002       0.53333299999999995       0.28283334078200018     
        2310   2.9666670000000002       0.53333299999999995       0.28641724493001020     
        2311   3.0000000000000000       0.53333299999999995       0.28946081328663131     
        2312   3.0333329999999998       0.53333299999999995       0.29275282607830183     
        2313   3.0666669999999998       0.53333299999999995       0.29575825357153579     
        2314   3.1000000000000001       0.53333299999999995       0.29845515800148337     
        2315   3.1333329999999999       0.53333299999999995       0.30144948544451905     
        2316   3.1666669999999999       0.53333299999999995       0.30389125497569347     
        2317   3.2000000000000002       0.53333299999999995       0.30635008212710796     
        2318   3.2333330000000000       0.53333299999999995       0.30882329685873788     
        2319   3.2666670000000000       0.53333299999999995       0.31110377520884192     
        2320   3.2999999999999998       0.53333299999999995       0.31308311278443707     
        2321   3.3333330000000001       0.53333299999999995       0.31528284878994406     
        2322   3.3666670000000001       0.53333299999999995       0.31720660740430656     
        2323   3.3999999999999999       0.53333299999999995       0.31890909977302351     
        2324   3.4333330000000002       0.53333299999999995       0.32081895910510666     
        2325   3.4666670000000002       0.53333299999999995       0.32247977751407614     
        2326   3.5000000000000000       0.53333299999999995       0.32391950972168404     
        2327   3.5333329999999998       0.53333299999999995       0.32556770343122743     
        2328   3.5666669999999998       0.53333299999999995       0.32694410232870819     
        2329   3.6000000000000001       0.53333299999999995       0.32835493067231614     
        2330   3.6333329999999999       0.53333299999999995       0.32952500384345662     
        2331   3.6666669999999999       0.53333299999999995       0.33065173806482467     
        2332   3.7000000000000002       0.53333299999999995       0.33194606946363658     
        2333   3.7333330000000000       0.53333299999999995       0.33301228644301961     
        2334   3.7666670000000000       0.53333299999999995       0.33406854268024450     
        2335   3.7999999999999998       0.53333299999999995       0.33495817625351337     
        2336   3.8333330000000001       0.53333299999999995       0.33590664578250468     
        2337   3.8666670000000001       0.53333299999999995       0.33665791840182180     
        2338   3.8999999999999999       0.53333299999999995       0.33761040922947944     
        2339   3.9333330000000002       0.53333299999999995       0.33837972530180549     
        2340   3.9666670000000002       0.53333299999999995       0.33898024553351647     
        2341   4.0000000000000000       0.53333299999999995       0.33975056075733606     
        2342   4.0333329999999998       0.53333299999999995       0.34046977203347251     
        2343   4.0666669999999998       0.53333299999999995       0.34093028255482982     
        2344   4.0999999999999996       0.53333299999999995       0.34166754829523965     
        2345   4.1333330000000004       0.53333299999999995       0.34213748759657414     
        2346   4.1666670000000003       0.53333299999999995       0.34267058414770146     
        2347   4.2000000000000002       0.53333299999999995       0.34315660761514577     
        2348   4.2333330000000000       0.53333299999999995       0.34346422433476331     
        2349   4.2666670000000000       0.53333299999999995       0.34398765867060016     
        2350   4.2999999999999998       0.53333299999999995       0.34439902874870559     
        2351   4.3333329999999997       0.53333299999999995       0.34480481409269526     
        2352   4.3666669999999996       0.53333299999999995       0.34510826440187936     
        2353   4.4000000000000004       0.53333299999999995       0.34543148824336883     
        2354   4.4333330000000002       0.53333299999999995       0.34583502703390834     
        2355   4.4666670000000002       0.53333299999999995       0.34595947889310807     
        2356   4.5000000000000000       0.53333299999999995       0.34640858726534862     
        2357   4.5333329999999998       0.53333299999999995       0.34648855904580622     
        2358   4.5666669999999998       0.53333299999999995       0.34680623795385573     
        2359   4.5999999999999996       0.53333299999999995       0.34705726894375549     
        2360   4.6333330000000004       0.53333299999999995       0.34721357704103911     
        2361   4.6666670000000003       0.53333299999999995       0.34737427417126104     
        2362   4.7000000000000002       0.53333299999999995       0.34754440300197958     
        2363   4.7333330000000000       0.53333299999999995       0.34767287454556300     
        2364   4.7666670000000000       0.53333299999999995       0.34778426848195004     
        2365   4.7999999999999998       0.53333299999999995       0.34799233326806334     
        2366   4.8333329999999997       0.53333299999999995       0.34805698398120105     
        2367   4.8666669999999996       0.53333299999999995       0.34814664630948799     
        2368   4.9000000000000004       0.53333299999999995       0.34803176491538584     
        2369   4.9333330000000002       0.53333299999999995       0.34819144226763271     
        2370   4.9666670000000002       0.53333299999999995       0.34829274665857418     
        2371   5.0000000000000000       0.53333299999999995       0.34842379134923956     
        2372   0.0000000000000000       0.56666700000000003       0.56666700000000003     
        2373   3.3333000000000002E-002  0.56666700000000003       0.55424304244640399     
        2374   6.6667000000000004E-002  0.56666700000000003       0.54182116715586159     
        2375  0.10000000000000001       0.56666700000000003       0.52941071889346081     
        2376  0.13333300000000001       0.56666700000000003       0.51700376350108035     
        2377  0.16666700000000001       0.56666700000000003       0.50466297996255072     
        2378  0.20000000000000001       0.56666700000000003       0.49236245305948351     
        2379  0.23333300000000001       0.56666700000000003       0.48011882946750672     
        2380  0.26666699999999999       0.56666700000000003       0.46791394460075708     
        2381  0.29999999999999999       0.56666700000000003       0.45573419137343890     
        2382  0.33333299999999999       0.56666700000000003       0.44361879905031643     
        2383  0.36666700000000002       0.56666700000000003       0.43142548796533420     
        2384  0.40000000000000002       0.56666700000000003       0.41918074566686730     
        2385  0.43333300000000002       0.56666700000000003       0.40676906970819499     
        2386  0.46666700000000000       0.56666700000000003       0.39412137334876957     
        2387  0.50000000000000000       0.56666700000000003       0.38103513744269191     
        2388  0.53333299999999995       0.56666700000000003       0.36762819088114912     
        2389  0.56666700000000003       0.56666700000000003       0.35362432796597326     
        2390  0.59999999999999998       0.56666700000000003       0.33866967154004068     
        2391  0.63333300000000003       0.56666700000000003       0.32296025742061735     
        2392  0.66666700000000001       0.56666700000000003       0.30605576649795013     
        2393  0.69999999999999996       0.56666700000000003       0.28804053716316613     
        2394  0.73333300000000001       0.56666700000000003       0.26831708069528848     
        2395  0.76666699999999999       0.56666700000000003       0.24706089349241822     
        2396  0.80000000000000004       0.56666700000000003       0.22409516303387408     
        2397  0.83333299999999999       0.56666700000000003       0.19899771361935042     
        2398  0.86666699999999997       0.56666700000000003       0.17285834844596151     
        2399  0.90000000000000002       0.56666700000000003       0.14454282351026676     
        2400  0.93333299999999997       0.56666700000000003       0.11528168085350404     
        2401  0.96666700000000005       0.56666700000000003        8.8888160724561627E-002
        2402   1.0000000000000000       0.56666700000000003        6.7129437394016195E-002
        2403   1.0333330000000001       0.56666700000000003        5.0309611391288839E-002
        2404   1.0666670000000000       0.56666700000000003        4.0884598652168085E-002
        2405   1.1000000000000001       0.56666700000000003        3.4876681209923835E-002
        2406   1.1333329999999999       0.56666700000000003        3.0421270607632209E-002
        2407   1.1666669999999999       0.56666700000000003        2.9957308110521230E-002
        2408   1.2000000000000000       0.56666700000000003        2.8178341664248877E-002
        2409   1.2333330000000000       0.56666700000000003        2.6844412229979027E-002
        2410   1.2666670000000000       0.56666700000000003        2.7409754611936652E-002
        2411   1.3000000000000000       0.56666700000000003        2.7064451577957147E-002
        2412   1.3333330000000001       0.56666700000000003        2.7186935432519481E-002
        2413   1.3666670000000001       0.56666700000000003        2.7737287288070733E-002
        2414   1.3999999999999999       0.56666700000000003        2.7746597798924952E-002
        2415   1.4333330000000000       0.56666700000000003        2.8902898550456399E-002
        2416   1.4666669999999999       0.56666700000000003        3.1591533243824930E-002
        2417   1.5000000000000000       0.56666700000000003        3.3858366585012387E-002
        2418   1.5333330000000001       0.56666700000000003        4.0856531423659588E-002
        2419   1.5666670000000000       0.56666700000000003        4.6798822153035463E-002
        2420   1.6000000000000001       0.56666700000000003        5.4371072506090488E-002
        2421   1.6333329999999999       0.56666700000000003        6.2318121208614463E-002
        2422   1.6666669999999999       0.56666700000000003        7.0392154814386848E-002
        2423   1.7000000000000000       0.56666700000000003        7.8649095115127479E-002
        2424   1.7333330000000000       0.56666700000000003        8.6156883728671793E-002
        2425   1.7666670000000000       0.56666700000000003        9.4748580265188287E-002
        2426   1.8000000000000000       0.56666700000000003       0.10313235498750006     
        2427   1.8333330000000001       0.56666700000000003       0.11158821777153301     
        2428   1.8666670000000001       0.56666700000000003       0.11927511319163957     
        2429   1.8999999999999999       0.56666700000000003       0.12800104483969976     
        2430   1.9333330000000000       0.56666700000000003       0.13597136537126431     
        2431   1.9666669999999999       0.56666700000000003       0.14383369152611952     
        2432   2.0000000000000000       0.56666700000000003       0.15235562176832670     
        2433   2.0333329999999998       0.56666700000000003       0.16038541561506325     
        2434   2.0666669999999998       0.56666700000000003       0.16854215193002015     
        2435   2.1000000000000001       0.56666700000000003       0.17605984845098555     
        2436   2.1333329999999999       0.56666700000000003       0.18426137645228599     
        2437   2.1666669999999999       0.56666700000000003       0.19190159071738211     
        2438   2.2000000000000002       0.56666700000000003       0.19912079388982612     
        2439   2.2333330000000000       0.56666700000000003       0.20690400702804676     
        2440   2.2666670000000000       0.56666700000000003       0.21400516455862650     
        2441   2.2999999999999998       0.56666700000000003       0.22086188367489185     
        2442   2.3333330000000001       0.56666700000000003       0.22805306369924538     
        2443   2.3666670000000001       0.56666700000000003       0.23480473103730165     
        2444   2.3999999999999999       0.56666700000000003       0.24113443451348415     
        2445   2.4333330000000002       0.56666700000000003       0.24783231621177007     
        2446   2.4666670000000002       0.56666700000000003       0.25381860623006158     
        2447   2.5000000000000000       0.56666700000000003       0.25993022275706673     
        2448   2.5333329999999998       0.56666700000000003       0.26546456693088638     
        2449   2.5666669999999998       0.56666700000000003       0.27129000373622791     
        2450   2.6000000000000001       0.56666700000000003       0.27684324189089965     
        2451   2.6333329999999999       0.56666700000000003       0.28198889644086506     
        2452   2.6666669999999999       0.56666700000000003       0.28701190999192056     
        2453   2.7000000000000002       0.56666700000000003       0.29208129425022222     
        2454   2.7333330000000000       0.56666700000000003       0.29650683340451928     
        2455   2.7666670000000000       0.56666700000000003       0.30124087985241393     
        2456   2.7999999999999998       0.56666700000000003       0.30533742387385332     
        2457   2.8333330000000001       0.56666700000000003       0.30973970419903601     
        2458   2.8666670000000001       0.56666700000000003       0.31351769310426936     
        2459   2.8999999999999999       0.56666700000000003       0.31749941093710043     
        2460   2.9333330000000002       0.56666700000000003       0.32115779454335891     
        2461   2.9666670000000002       0.56666700000000003       0.32465656725795827     
        2462   3.0000000000000000       0.56666700000000003       0.32805406322065495     
        2463   3.0333329999999998       0.56666700000000003       0.33106988591887576     
        2464   3.0666669999999998       0.56666700000000003       0.33431741869167064     
        2465   3.1000000000000001       0.56666700000000003       0.33721293646402761     
        2466   3.1333329999999999       0.56666700000000003       0.34001055909587491     
        2467   3.1666669999999999       0.56666700000000003       0.34273645032279881     
        2468   3.2000000000000002       0.56666700000000003       0.34518454750073052     
        2469   3.2333330000000000       0.56666700000000003       0.34747831888044733     
        2470   3.2666670000000000       0.56666700000000003       0.34996788931316297     
        2471   3.2999999999999998       0.56666700000000003       0.35214270232878137     
        2472   3.3333330000000001       0.56666700000000003       0.35425623138280032     
        2473   3.3666670000000001       0.56666700000000003       0.35606051999337673     
        2474   3.3999999999999999       0.56666700000000003       0.35811569446623415     
        2475   3.4333330000000002       0.56666700000000003       0.35990676268319743     
        2476   3.4666670000000002       0.56666700000000003       0.36145564900741339     
        2477   3.5000000000000000       0.56666700000000003       0.36319684928590806     
        2478   3.5333329999999998       0.56666700000000003       0.36469544086277200     
        2479   3.5666669999999998       0.56666700000000003       0.36617965923405477     
        2480   3.6000000000000001       0.56666700000000003       0.36752174535332222     
        2481   3.6333329999999999       0.56666700000000003       0.36879103075038178     
        2482   3.6666669999999999       0.56666700000000003       0.37015912973953979     
        2483   3.7000000000000002       0.56666700000000003       0.37116946709971776     
        2484   3.7333330000000000       0.56666700000000003       0.37247145069375531     
        2485   3.7666670000000000       0.56666700000000003       0.37334638823277810     
        2486   3.7999999999999998       0.56666700000000003       0.37448713742476308     
        2487   3.8333330000000001       0.56666700000000003       0.37524560109998950     
        2488   3.8666670000000001       0.56666700000000003       0.37625514521012876     
        2489   3.8999999999999999       0.56666700000000003       0.37709406259382761     
        2490   3.9333330000000002       0.56666700000000003       0.37775768661405740     
        2491   3.9666670000000002       0.56666700000000003       0.37865717806341354     
        2492   4.0000000000000000       0.56666700000000003       0.37929179041336597     
        2493   4.0333329999999998       0.56666700000000003       0.37987676137380777     
        2494   4.0666669999999998       0.56666700000000003       0.38062648873893007     
        2495   4.0999999999999996       0.56666700000000003       0.38124279828611440     
        2496   4.1333330000000004       0.56666700000000003       0.38163459601252736     
        2497   4.1666670000000003       0.56666700000000003       0.38229115521993678     
        2498   4.2000000000000002       0.56666700000000003       0.38278717283272051     
        2499   4.2333330000000000       0.56666700000000003       0.38322814804850280     
        2500   4.2666670000000000       0.56666700000000003       0.38369721982844585     
        2501   4.2999999999999998       0.56666700000000003       0.38407055119019579     
        2502   4.3333329999999997       0.56666700000000003       0.38444423750715279     
        2503   4.3666669999999996       0.56666700000000003       0.38470344136594459     
        2504   4.4000000000000004       0.56666700000000003       0.38523352304085706     
        2505   4.4333330000000002       0.56666700000000003       0.38543413220375350     
        2506   4.4666670000000002       0.56666700000000003       0.38576385038995059     
        2507   4.5000000000000000       0.56666700000000003       0.38604838940217784     
        2508   4.5333329999999998       0.56666700000000003       0.38632065481064981     
        2509   4.5666669999999998       0.56666700000000003       0.38658857284569270     
        2510   4.5999999999999996       0.56666700000000003       0.38674119549356317     
        2511   4.6333330000000004       0.56666700000000003       0.38684327964614096     
        2512   4.6666670000000003       0.56666700000000003       0.38711740117539228     
        2513   4.7000000000000002       0.56666700000000003       0.38733601917864174     
        2514   4.7333330000000000       0.56666700000000003       0.38743694288894537     
        2515   4.7666670000000000       0.56666700000000003       0.38765857210699117     
        2516   4.7999999999999998       0.56666700000000003       0.38776205626621529     
        2517   4.8333329999999997       0.56666700000000003       0.38772944631624351     
        2518   4.8666669999999996       0.56666700000000003       0.38792215243940648     
        2519   4.9000000000000004       0.56666700000000003       0.38794994641988978     
        2520   4.9333330000000002       0.56666700000000003       0.38799462505347310     
        2521   4.9666670000000002       0.56666700000000003       0.38804960117000559     
        2522   5.0000000000000000       0.56666700000000003       0.38806379969699761     
        2523   0.0000000000000000       0.59999999999999998       0.59999999999999998     
        2524   3.3333000000000002E-002  0.59999999999999998       0.58837813181857124     
        2525   6.6667000000000004E-002  0.59999999999999998       0.57675254210431048     
        2526  0.10000000000000001       0.59999999999999998       0.56511214664430343     
        2527  0.13333300000000001       0.59999999999999998       0.55348817998855637     
        2528  0.16666700000000001       0.59999999999999998       0.54184258212229652     
        2529  0.20000000000000001       0.59999999999999998       0.53024704339984752     
        2530  0.23333300000000001       0.59999999999999998       0.51863822590088327     
        2531  0.26666699999999999       0.59999999999999998       0.50700699481403178     
        2532  0.29999999999999999       0.59999999999999998       0.49536733192383353     
        2533  0.33333299999999999       0.59999999999999998       0.48368264001774480     
        2534  0.36666700000000002       0.59999999999999998       0.47187975855713521     
        2535  0.40000000000000002       0.59999999999999998       0.46004396393831148     
        2536  0.43333300000000002       0.59999999999999998       0.44800061292093107     
        2537  0.46666700000000000       0.59999999999999998       0.43551672342460718     
        2538  0.50000000000000000       0.59999999999999998       0.42283341476455949     
        2539  0.53333299999999995       0.59999999999999998       0.40953278013560823     
        2540  0.56666700000000003       0.59999999999999998       0.39557651559924040     
        2541  0.59999999999999998       0.59999999999999998       0.38098384263598734     
        2542  0.63333300000000003       0.59999999999999998       0.36553157171980771     
        2543  0.66666700000000001       0.59999999999999998       0.34878533350506680     
        2544  0.69999999999999996       0.59999999999999998       0.33078698779459587     
        2545  0.73333300000000001       0.59999999999999998       0.31163062067211139     
        2546  0.76666699999999999       0.59999999999999998       0.29048127269952351     
        2547  0.80000000000000004       0.59999999999999998       0.26805827416356431     
        2548  0.83333299999999999       0.59999999999999998       0.24385812024349177     
        2549  0.86666699999999997       0.59999999999999998       0.21783497269920774     
        2550  0.90000000000000002       0.59999999999999998       0.19107231013127285     
        2551  0.93333299999999997       0.59999999999999998       0.16392609129952973     
        2552  0.96666700000000005       0.59999999999999998       0.13755834100414255     
        2553   1.0000000000000000       0.59999999999999998       0.11494625874424895     
        2554   1.0333330000000001       0.59999999999999998        9.7513913790251941E-002
        2555   1.0666670000000000       0.59999999999999998        8.3187200622137261E-002
        2556   1.1000000000000001       0.59999999999999998        7.5640846570602341E-002
        2557   1.1333329999999999       0.59999999999999998        6.9600353204839718E-002
        2558   1.1666669999999999       0.59999999999999998        6.4721002047271173E-002
        2559   1.2000000000000000       0.59999999999999998        6.2915260386893088E-002
        2560   1.2333330000000000       0.59999999999999998        6.1970931961331042E-002
        2561   1.2666670000000000       0.59999999999999998        6.0321747074848539E-002
        2562   1.3000000000000000       0.59999999999999998        5.8943012510027218E-002
        2563   1.3333330000000001       0.59999999999999998        6.0320251850833291E-002
        2564   1.3666670000000001       0.59999999999999998        5.9544017027707792E-002
        2565   1.3999999999999999       0.59999999999999998        6.1370279503696987E-002
        2566   1.4333330000000000       0.59999999999999998        6.1733641332776451E-002
        2567   1.4666669999999999       0.59999999999999998        6.5515592229797998E-002
        2568   1.5000000000000000       0.59999999999999998        6.9137732543941163E-002
        2569   1.5333330000000001       0.59999999999999998        7.4661480693839863E-002
        2570   1.5666670000000000       0.59999999999999998        8.2156003954650086E-002
        2571   1.6000000000000001       0.59999999999999998        8.8592309180645742E-002
        2572   1.6333329999999999       0.59999999999999998        9.7448366695596311E-002
        2573   1.6666669999999999       0.59999999999999998       0.10638540056416813     
        2574   1.7000000000000000       0.59999999999999998       0.11413369836819456     
        2575   1.7333330000000000       0.59999999999999998       0.12323285620154562     
        2576   1.7666670000000000       0.59999999999999998       0.13188671482677236     
        2577   1.8000000000000000       0.59999999999999998       0.14035268701534612     
        2578   1.8333330000000001       0.59999999999999998       0.14873088137345805     
        2579   1.8666670000000001       0.59999999999999998       0.15786499544328886     
        2580   1.8999999999999999       0.59999999999999998       0.16583176313290726     
        2581   1.9333330000000000       0.59999999999999998       0.17482792890563764     
        2582   1.9666669999999999       0.59999999999999998       0.18333851350548147     
        2583   2.0000000000000000       0.59999999999999998       0.19147095549056276     
        2584   2.0333329999999998       0.59999999999999998       0.19946970681049558     
        2585   2.0666669999999998       0.59999999999999998       0.20814237439762975     
        2586   2.1000000000000001       0.59999999999999998       0.21619504266192657     
        2587   2.1333329999999999       0.59999999999999998       0.22400236343744218     
        2588   2.1666669999999999       0.59999999999999998       0.23153891325268205     
        2589   2.2000000000000002       0.59999999999999998       0.23957042172093121     
        2590   2.2333330000000000       0.59999999999999998       0.24666928849261954     
        2591   2.2666670000000000       0.59999999999999998       0.25434940969044617     
        2592   2.2999999999999998       0.59999999999999998       0.26145228037519930     
        2593   2.3333330000000001       0.59999999999999998       0.26809055754871430     
        2594   2.3666670000000001       0.59999999999999998       0.27516975862399234     
        2595   2.3999999999999999       0.59999999999999998       0.28193509781057174     
        2596   2.4333330000000002       0.59999999999999998       0.28801484929816279     
        2597   2.4666670000000002       0.59999999999999998       0.29436814882510193     
        2598   2.5000000000000000       0.59999999999999998       0.30048336481102017     
        2599   2.5333329999999998       0.59999999999999998       0.30644274467454707     
        2600   2.5666669999999998       0.59999999999999998       0.31192867306680383     
        2601   2.6000000000000001       0.59999999999999998       0.31723802665156170     
        2602   2.6333329999999999       0.59999999999999998       0.32276004576636891     
        2603   2.6666669999999999       0.59999999999999998       0.32779450690662443     
        2604   2.7000000000000002       0.59999999999999998       0.33250642190283786     
        2605   2.7333330000000000       0.59999999999999998       0.33744770429043108     
        2606   2.7666670000000000       0.59999999999999998       0.34172430429037592     
        2607   2.7999999999999998       0.59999999999999998       0.34623643125067005     
        2608   2.8333330000000001       0.59999999999999998       0.35036009327575995     
        2609   2.8666670000000001       0.59999999999999998       0.35452721839028489     
        2610   2.8999999999999999       0.59999999999999998       0.35821979125386338     
        2611   2.9333330000000002       0.59999999999999998       0.36197684882738940     
        2612   2.9666670000000002       0.59999999999999998       0.36529346698251325     
        2613   3.0000000000000000       0.59999999999999998       0.36889653267983169     
        2614   3.0333329999999998       0.59999999999999998       0.37208751533142670     
        2615   3.0666669999999998       0.59999999999999998       0.37502849662207854     
        2616   3.1000000000000001       0.59999999999999998       0.37817674932696660     
        2617   3.1333329999999999       0.59999999999999998       0.38073565907114409     
        2618   3.1666669999999999       0.59999999999999998       0.38356174351317956     
        2619   3.2000000000000002       0.59999999999999998       0.38619130438986604     
        2620   3.2333330000000000       0.59999999999999998       0.38857909384224165     
        2621   3.2666670000000000       0.59999999999999998       0.39077587921783991     
        2622   3.2999999999999998       0.59999999999999998       0.39317316274761299     
        2623   3.3333330000000001       0.59999999999999998       0.39512623869377522     
        2624   3.3666670000000001       0.59999999999999998       0.39715626229271384     
        2625   3.3999999999999999       0.59999999999999998       0.39911504591955077     
        2626   3.4333330000000002       0.59999999999999998       0.40076334581756135     
        2627   3.4666670000000002       0.59999999999999998       0.40263973501328876     
        2628   3.5000000000000000       0.59999999999999998       0.40419098231280076     
        2629   3.5333329999999998       0.59999999999999998       0.40561177842529866     
        2630   3.5666669999999998       0.59999999999999998       0.40728466240915745     
        2631   3.6000000000000001       0.59999999999999998       0.40850013505940952     
        2632   3.6333329999999999       0.59999999999999998       0.40994237086938318     
        2633   3.6666669999999999       0.59999999999999998       0.41115212412278168     
        2634   3.7000000000000002       0.59999999999999998       0.41233840422696005     
        2635   3.7333330000000000       0.59999999999999998       0.41346653091275465     
        2636   3.7666670000000000       0.59999999999999998       0.41455970386993241     
        2637   3.7999999999999998       0.59999999999999998       0.41549036002210982     
        2638   3.8333330000000001       0.59999999999999998       0.41650302553910057     
        2639   3.8666670000000001       0.59999999999999998       0.41736052352056030     
        2640   3.8999999999999999       0.59999999999999998       0.41809959603743185     
        2641   3.9333330000000002       0.59999999999999998       0.41902804537359034     
        2642   3.9666670000000002       0.59999999999999998       0.41965644071136071     
        2643   4.0000000000000000       0.59999999999999998       0.42046214265479054     
        2644   4.0333329999999998       0.59999999999999998       0.42121266924835216     
        2645   4.0666669999999998       0.59999999999999998       0.42174885471080686     
        2646   4.0999999999999996       0.59999999999999998       0.42234713359160303     
        2647   4.1333330000000004       0.59999999999999998       0.42293177490842615     
        2648   4.1666670000000003       0.59999999999999998       0.42336497494222147     
        2649   4.2000000000000002       0.59999999999999998       0.42400878426686484     
        2650   4.2333330000000000       0.59999999999999998       0.42447723242729318     
        2651   4.2666670000000000       0.59999999999999998       0.42478210866652688     
        2652   4.2999999999999998       0.59999999999999998       0.42526252478343152     
        2653   4.3333329999999997       0.59999999999999998       0.42571421079202687     
        2654   4.3666669999999996       0.59999999999999998       0.42604267246715077     
        2655   4.4000000000000004       0.59999999999999998       0.42636915830170424     
        2656   4.4333330000000002       0.59999999999999998       0.42666674494169421     
        2657   4.4666670000000002       0.59999999999999998       0.42709506701823602     
        2658   4.5000000000000000       0.59999999999999998       0.42721380963172828     
        2659   4.5333329999999998       0.59999999999999998       0.42763199962240689     
        2660   4.5666669999999998       0.59999999999999998       0.42773631597112327     
        2661   4.5999999999999996       0.59999999999999998       0.42796279035927148     
        2662   4.6333330000000004       0.59999999999999998       0.42828000878079275     
        2663   4.6666670000000003       0.59999999999999998       0.42839709540555360     
        2664   4.7000000000000002       0.59999999999999998       0.42848649746222534     
        2665   4.7333330000000000       0.59999999999999998       0.42879450795018720     
        2666   4.7666670000000000       0.59999999999999998       0.42887076780100419     
        2667   4.7999999999999998       0.59999999999999998       0.42890430842801230     
        2668   4.8333329999999997       0.59999999999999998       0.42913874496440862     
        2669   4.8666669999999996       0.59999999999999998       0.42909606180405574     
        2670   4.9000000000000004       0.59999999999999998       0.42930165900978329     
        2671   4.9333330000000002       0.59999999999999998       0.42925483683731303     
        2672   4.9666670000000002       0.59999999999999998       0.42931382199791873     
        2673   5.0000000000000000       0.59999999999999998       0.42921656921685652     
        2674   0.0000000000000000       0.63333300000000003       0.63333300000000003     
        2675   3.3333000000000002E-002  0.63333300000000003       0.62254414301092831     
        2676   6.6667000000000004E-002  0.63333300000000003       0.61174821905270982     
        2677  0.10000000000000001       0.63333300000000003       0.60093986777659825     
        2678  0.13333300000000001       0.63333300000000003       0.59009892906677941     
        2679  0.16666700000000001       0.63333300000000003       0.57926188095067421     
        2680  0.20000000000000001       0.63333300000000003       0.56837958291750423     
        2681  0.23333300000000001       0.63333300000000003       0.55747270486852107     
        2682  0.26666699999999999       0.63333300000000003       0.54652233129127958     
        2683  0.29999999999999999       0.63333300000000003       0.53553451354183956     
        2684  0.33333299999999999       0.63333300000000003       0.52443027876001835     
        2685  0.36666700000000002       0.63333300000000003       0.51324228990857568     
        2686  0.40000000000000002       0.63333300000000003       0.50186083067361076     
        2687  0.43333300000000002       0.63333300000000003       0.49021177629703416     
        2688  0.46666700000000000       0.63333300000000003       0.47829121075812431     
        2689  0.50000000000000000       0.63333300000000003       0.46588837797331811     
        2690  0.53333299999999995       0.63333300000000003       0.45311570448498101     
        2691  0.56666700000000003       0.63333300000000003       0.43965432409787464     
        2692  0.59999999999999998       0.63333300000000003       0.42537861920416670     
        2693  0.63333300000000003       0.63333300000000003       0.41026896682954095     
        2694  0.66666700000000001       0.63333300000000003       0.39418095111000390     
        2695  0.69999999999999996       0.63333300000000003       0.37683220089945263     
        2696  0.73333300000000001       0.63333300000000003       0.35815862397064119     
        2697  0.76666699999999999       0.63333300000000003       0.33806131757701696     
        2698  0.80000000000000004       0.63333300000000003       0.31653846065100205     
        2699  0.83333299999999999       0.63333300000000003       0.29334425732805286     
        2700  0.86666699999999997       0.63333300000000003       0.26879745198071053     
        2701  0.90000000000000002       0.63333300000000003       0.24312971130692052     
        2702  0.93333299999999997       0.63333300000000003       0.21802963285071189     
        2703  0.96666700000000005       0.63333300000000003       0.19392921710433852     
        2704   1.0000000000000000       0.63333300000000003       0.17073509145299406     
        2705   1.0333330000000001       0.63333300000000003       0.15300498167210672     
        2706   1.0666670000000000       0.63333300000000003       0.13814878942291361     
        2707   1.1000000000000001       0.63333300000000003       0.12698716837669194     
        2708   1.1333329999999999       0.63333300000000003       0.11902592876751758     
        2709   1.1666669999999999       0.63333300000000003       0.11413587598146790     
        2710   1.2000000000000000       0.63333300000000003       0.10952392254925213     
        2711   1.2333330000000000       0.63333300000000003       0.10608065467561316     
        2712   1.2666670000000000       0.63333300000000003       0.10510120104595920     
        2713   1.3000000000000000       0.63333300000000003       0.10388099965468747     
        2714   1.3333330000000001       0.63333300000000003       0.10341135435975139     
        2715   1.3666670000000001       0.63333300000000003       0.10429047128210500     
        2716   1.3999999999999999       0.63333300000000003       0.10424537567027066     
        2717   1.4333330000000000       0.63333300000000003       0.10677954844230654     
        2718   1.4666669999999999       0.63333300000000003       0.10945362173566700     
        2719   1.5000000000000000       0.63333300000000003       0.11377893405487857     
        2720   1.5333330000000001       0.63333300000000003       0.11918050581109932     
        2721   1.5666670000000000       0.63333300000000003       0.12528205312673057     
        2722   1.6000000000000001       0.63333300000000003       0.13281039191186725     
        2723   1.6333329999999999       0.63333300000000003       0.14103629458446013     
        2724   1.6666669999999999       0.63333300000000003       0.14894842299236055     
        2725   1.7000000000000000       0.63333300000000003       0.15837682785761625     
        2726   1.7333330000000000       0.63333300000000003       0.16670653211466624     
        2727   1.7666670000000000       0.63333300000000003       0.17490904267104865     
        2728   1.8000000000000000       0.63333300000000003       0.18420266883560668     
        2729   1.8333330000000001       0.63333300000000003       0.19339595733401380     
        2730   1.8666670000000001       0.63333300000000003       0.20159387730928474     
        2731   1.8999999999999999       0.63333300000000003       0.21026099195034284     
        2732   1.9333330000000000       0.63333300000000003       0.21873935868996680     
        2733   1.9666669999999999       0.63333300000000003       0.22766074862578115     
        2734   2.0000000000000000       0.63333300000000003       0.23586691062396234     
        2735   2.0333329999999998       0.63333300000000003       0.24446734735560902     
        2736   2.0666669999999998       0.63333300000000003       0.25232682856213950     
        2737   2.1000000000000001       0.63333300000000003       0.26043441872825845     
        2738   2.1333329999999999       0.63333300000000003       0.26850224865843669     
        2739   2.1666669999999999       0.63333300000000003       0.27644052086209453     
        2740   2.2000000000000002       0.63333300000000003       0.28374261712857352     
        2741   2.2333330000000000       0.63333300000000003       0.29125558155080000     
        2742   2.2666670000000000       0.63333300000000003       0.29853472436428896     
        2743   2.2999999999999998       0.63333300000000003       0.30568639353994154     
        2744   2.3333330000000001       0.63333300000000003       0.31260785470457408     
        2745   2.3666670000000001       0.63333300000000003       0.31940982125251532     
        2746   2.3999999999999999       0.63333300000000003       0.32573763125747024     
        2747   2.4333330000000002       0.63333300000000003       0.33241928247384650     
        2748   2.4666670000000002       0.63333300000000003       0.33841403189637864     
        2749   2.5000000000000000       0.63333300000000003       0.34435762727075758     
        2750   2.5333329999999998       0.63333300000000003       0.34995578970201668     
        2751   2.5666669999999998       0.63333300000000003       0.35576308117596689     
        2752   2.6000000000000001       0.63333300000000003       0.36131713589714592     
        2753   2.6333329999999999       0.63333300000000003       0.36637790476683824     
        2754   2.6666669999999999       0.63333300000000003       0.37121794750886222     
        2755   2.7000000000000002       0.63333300000000003       0.37629779383039602     
        2756   2.7333330000000000       0.63333300000000003       0.38080593942791829     
        2757   2.7666670000000000       0.63333300000000003       0.38538829852300743     
        2758   2.7999999999999998       0.63333300000000003       0.38959626787038593     
        2759   2.8333330000000001       0.63333300000000003       0.39378322926024173     
        2760   2.8666670000000001       0.63333300000000003       0.39759939584919229     
        2761   2.8999999999999999       0.63333300000000003       0.40158879022642152     
        2762   2.9333330000000002       0.63333300000000003       0.40514235638840779     
        2763   2.9666670000000002       0.63333300000000003       0.40861081515965869     
        2764   3.0000000000000000       0.63333300000000003       0.41196850630336274     
        2765   3.0333329999999998       0.63333300000000003       0.41513006357001925     
        2766   3.0666669999999998       0.63333300000000003       0.41831858173086228     
        2767   3.1000000000000001       0.63333300000000003       0.42109619284341421     
        2768   3.1333329999999999       0.63333300000000003       0.42387406631206964     
        2769   3.1666669999999999       0.63333300000000003       0.42655076433946115     
        2770   3.2000000000000002       0.63333300000000003       0.42905908767366535     
        2771   3.2333330000000000       0.63333300000000003       0.43145429263320101     
        2772   3.2666670000000000       0.63333300000000003       0.43388101632512688     
        2773   3.2999999999999998       0.63333300000000003       0.43587689170067023     
        2774   3.3333330000000001       0.63333300000000003       0.43804626223612408     
        2775   3.3666670000000001       0.63333300000000003       0.44009644740806736     
        2776   3.3999999999999999       0.63333300000000003       0.44190287522998062     
        2777   3.4333330000000002       0.63333300000000003       0.44370932279676273     
        2778   3.4666670000000002       0.63333300000000003       0.44529252496195665     
        2779   3.5000000000000000       0.63333300000000003       0.44701252387947782     
        2780   3.5333329999999998       0.63333300000000003       0.44850664197417245     
        2781   3.5666669999999998       0.63333300000000003       0.44994941984020020     
        2782   3.6000000000000001       0.63333300000000003       0.45143169039766445     
        2783   3.6333329999999999       0.63333300000000003       0.45266492760742233     
        2784   3.6666669999999999       0.63333300000000003       0.45378557458001012     
        2785   3.7000000000000002       0.63333300000000003       0.45513505649886837     
        2786   3.7333330000000000       0.63333300000000003       0.45608358349172490     
        2787   3.7666670000000000       0.63333300000000003       0.45722607035898161     
        2788   3.7999999999999998       0.63333300000000003       0.45822200627158266     
        2789   3.8333330000000001       0.63333300000000003       0.45918472573675273     
        2790   3.8666670000000001       0.63333300000000003       0.46010600828923409     
        2791   3.8999999999999999       0.63333300000000003       0.46092756265684826     
        2792   3.9333330000000002       0.63333300000000003       0.46159757236649424     
        2793   3.9666670000000002       0.63333300000000003       0.46246328842595968     
        2794   4.0000000000000000       0.63333300000000003       0.46316561498507336     
        2795   4.0333329999999998       0.63333300000000003       0.46374345444800957     
        2796   4.0666669999999998       0.63333300000000003       0.46450744277354239     
        2797   4.0999999999999996       0.63333300000000003       0.46493705041391326     
        2798   4.1333330000000004       0.63333300000000003       0.46557871847073412     
        2799   4.1666670000000003       0.63333300000000003       0.46614903389761991     
        2800   4.2000000000000002       0.63333300000000003       0.46660909156395369     
        2801   4.2333330000000000       0.63333300000000003       0.46707180416076244     
        2802   4.2666670000000000       0.63333300000000003       0.46758799455143168     
        2803   4.2999999999999998       0.63333300000000003       0.46789940123516904     
        2804   4.3333329999999997       0.63333300000000003       0.46829246295528493     
        2805   4.3666669999999996       0.63333300000000003       0.46877343029587598     
        2806   4.4000000000000004       0.63333300000000003       0.46895408596144000     
        2807   4.4333330000000002       0.63333300000000003       0.46939103663401127     
        2808   4.4666670000000002       0.63333300000000003       0.46966554919927817     
        2809   4.5000000000000000       0.63333300000000003       0.46993419218425780     
        2810   4.5333329999999998       0.63333300000000003       0.47018211287246686     
        2811   4.5666669999999998       0.63333300000000003       0.47038584027618363     
        2812   4.5999999999999996       0.63333300000000003       0.47069558452501903     
        2813   4.6333330000000004       0.63333300000000003       0.47083559570102890     
        2814   4.6666670000000003       0.63333300000000003       0.47108026136111220     
        2815   4.7000000000000002       0.63333300000000003       0.47124878105575008     
        2816   4.7333330000000000       0.63333300000000003       0.47129746498737318     
        2817   4.7666670000000000       0.63333300000000003       0.47149427894691315     
        2818   4.7999999999999998       0.63333300000000003       0.47166727479901233     
        2819   4.8333329999999997       0.63333300000000003       0.47173473714121478     
        2820   4.8666669999999996       0.63333300000000003       0.47183859609223244     
        2821   4.9000000000000004       0.63333300000000003       0.47181328701676356     
        2822   4.9333330000000002       0.63333300000000003       0.47198699072401423     
        2823   4.9666670000000002       0.63333300000000003       0.47187612616062580     
        2824   5.0000000000000000       0.63333300000000003       0.47198681182541652     
        2825   0.0000000000000000       0.66666700000000001       0.66666700000000001     
        2826   3.3333000000000002E-002  0.66666700000000001       0.65674751145295673     
        2827   6.6667000000000004E-002  0.66666700000000001       0.64681289164341904     
        2828  0.10000000000000001       0.66666700000000001       0.63685721516326232     
        2829  0.13333300000000001       0.66666700000000001       0.62687348701774548     
        2830  0.16666700000000001       0.66666700000000001       0.61684252126129713     
        2831  0.20000000000000001       0.66666700000000001       0.60679117486527978     
        2832  0.23333300000000001       0.66666700000000001       0.59664503886088527     
        2833  0.26666699999999999       0.66666700000000001       0.58647901322241003     
        2834  0.29999999999999999       0.66666700000000001       0.57617370728745620     
        2835  0.33333299999999999       0.66666700000000001       0.56581671129730171     
        2836  0.36666700000000002       0.66666700000000001       0.55524944265882592     
        2837  0.40000000000000002       0.66666700000000001       0.54445997026336601     
        2838  0.43333300000000002       0.66666700000000001       0.53349576676520405     
        2839  0.46666700000000000       0.66666700000000001       0.52215975178389507     
        2840  0.50000000000000000       0.66666700000000001       0.51041005852389287     
        2841  0.53333299999999995       0.66666700000000001       0.49815135618756545     
        2842  0.56666700000000003       0.66666700000000001       0.48533961932407516     
        2843  0.59999999999999998       0.66666700000000001       0.47182062206109510     
        2844  0.63333300000000003       0.66666700000000001       0.45735283285126838     
        2845  0.66666700000000001       0.66666700000000001       0.44192546515342407     
        2846  0.69999999999999996       0.66666700000000001       0.42559860017378665     
        2847  0.73333300000000001       0.66666700000000001       0.40777665034099436     
        2848  0.76666699999999999       0.66666700000000001       0.38894009215597564     
        2849  0.80000000000000004       0.66666700000000001       0.36860356479169015     
        2850  0.83333299999999999       0.66666700000000001       0.34696254732415449     
        2851  0.86666699999999997       0.66666700000000001       0.32441587322862303     
        2852  0.90000000000000002       0.66666700000000001       0.30102529582309234     
        2853  0.93333299999999997       0.66666700000000001       0.27766138719219130     
        2854  0.96666700000000005       0.66666700000000001       0.25468414157892033     
        2855   1.0000000000000000       0.66666700000000001       0.23388290546463875     
        2856   1.0333330000000001       0.66666700000000001       0.21504457811652364     
        2857   1.0666670000000000       0.66666700000000001       0.20068643150692178     
        2858   1.1000000000000001       0.66666700000000001       0.18751073602181781     
        2859   1.1333329999999999       0.66666700000000001       0.17910929827254043     
        2860   1.1666669999999999       0.66666700000000001       0.17110801114611529     
        2861   1.2000000000000000       0.66666700000000001       0.16651136188026872     
        2862   1.2333330000000000       0.66666700000000001       0.16274289138931122     
        2863   1.2666670000000000       0.66666700000000001       0.15940021720004877     
        2864   1.3000000000000000       0.66666700000000001       0.15875550777864450     
        2865   1.3333330000000001       0.66666700000000001       0.15775584476540919     
        2866   1.3666670000000001       0.66666700000000001       0.15706274863127223     
        2867   1.3999999999999999       0.66666700000000001       0.15868794325127578     
        2868   1.4333330000000000       0.66666700000000001       0.16040187769324640     
        2869   1.4666669999999999       0.66666700000000001       0.16242575267664619     
        2870   1.5000000000000000       0.66666700000000001       0.16747541565764382     
        2871   1.5333330000000001       0.66666700000000001       0.17142323323987629     
        2872   1.5666670000000000       0.66666700000000001       0.17811281706833398     
        2873   1.6000000000000001       0.66666700000000001       0.18518880072947932     
        2874   1.6333329999999999       0.66666700000000001       0.19204987294279011     
        2875   1.6666669999999999       0.66666700000000001       0.20060303565970561     
        2876   1.7000000000000000       0.66666700000000001       0.20874101065628037     
        2877   1.7333330000000000       0.66666700000000001       0.21751082736599942     
        2878   1.7666670000000000       0.66666700000000001       0.22590747280817766     
        2879   1.8000000000000000       0.66666700000000001       0.23459468786684315     
        2880   1.8333330000000001       0.66666700000000001       0.24319657002229875     
        2881   1.8666670000000001       0.66666700000000001       0.25181912948733837     
        2882   1.8999999999999999       0.66666700000000001       0.26058080026880004     
        2883   1.9333330000000000       0.66666700000000001       0.26860421920485805     
        2884   1.9666669999999999       0.66666700000000001       0.27709316489091240     
        2885   2.0000000000000000       0.66666700000000001       0.28578870868987122     
        2886   2.0333329999999998       0.66666700000000001       0.29348307804806517     
        2887   2.0666669999999998       0.66666700000000001       0.30181328964309490     
        2888   2.1000000000000001       0.66666700000000001       0.31003383687146213     
        2889   2.1333329999999999       0.66666700000000001       0.31752983659128375     
        2890   2.1666669999999999       0.66666700000000001       0.32483013782613684     
        2891   2.2000000000000002       0.66666700000000001       0.33254640498779364     
        2892   2.2333330000000000       0.66666700000000001       0.34006375387186960     
        2893   2.2666670000000000       0.66666700000000001       0.34673412087944500     
        2894   2.2999999999999998       0.66666700000000001       0.35390089379277045     
        2895   2.3333330000000001       0.66666700000000001       0.36086267576610709     
        2896   2.3666670000000001       0.66666700000000001       0.36707376063812136     
        2897   2.3999999999999999       0.66666700000000001       0.37373400915023397     
        2898   2.4333330000000002       0.66666700000000001       0.37971726457116295     
        2899   2.4666670000000002       0.66666700000000001       0.38573573119819149     
        2900   2.5000000000000000       0.66666700000000001       0.39170659088277560     
        2901   2.5333329999999998       0.66666700000000001       0.39728965245990028     
        2902   2.5666669999999998       0.66666700000000001       0.40277188752910281     
        2903   2.6000000000000001       0.66666700000000001       0.40779169453772918     
        2904   2.6333329999999999       0.66666700000000001       0.41300144272783562     
        2905   2.6666669999999999       0.66666700000000001       0.41799492920092945     
        2906   2.7000000000000002       0.66666700000000001       0.42241036098737567     
        2907   2.7333330000000000       0.66666700000000001       0.42708095347029862     
        2908   2.7666670000000000       0.66666700000000001       0.43149604215570836     
        2909   2.7999999999999998       0.66666700000000001       0.43579920798628202     
        2910   2.8333330000000001       0.66666700000000001       0.43955754625443522     
        2911   2.8666670000000001       0.66666700000000001       0.44356730334071709     
        2912   2.8999999999999999       0.66666700000000001       0.44725382537766672     
        2913   2.9333330000000002       0.66666700000000001       0.45060227083562948     
        2914   2.9666670000000002       0.66666700000000001       0.45416630488701898     
        2915   3.0000000000000000       0.66666700000000001       0.45734704368040252     
        2916   3.0333329999999998       0.66666700000000001       0.46052399944698880     
        2917   3.0666669999999998       0.66666700000000001       0.46335685413636807     
        2918   3.1000000000000001       0.66666700000000001       0.46631692140364855     
        2919   3.1333329999999999       0.66666700000000001       0.46902149177809205     
        2920   3.1666669999999999       0.66666700000000001       0.47159407468583048     
        2921   3.2000000000000002       0.66666700000000001       0.47390623041976093     
        2922   3.2333330000000000       0.66666700000000001       0.47640567137760376     
        2923   3.2666670000000000       0.66666700000000001       0.47860667478470387     
        2924   3.2999999999999998       0.66666700000000001       0.48074387344499842     
        2925   3.3333330000000001       0.66666700000000001       0.48280456871569877     
        2926   3.3666670000000001       0.66666700000000001       0.48468344698364335     
        2927   3.3999999999999999       0.66666700000000001       0.48637697711319766     
        2928   3.4333330000000002       0.66666700000000001       0.48824349257139887     
        2929   3.4666670000000002       0.66666700000000001       0.48996978870034125     
        2930   3.5000000000000000       0.66666700000000001       0.49139937145608825     
        2931   3.5333329999999998       0.66666700000000001       0.49301393804785226     
        2932   3.5666669999999998       0.66666700000000001       0.49439846872472332     
        2933   3.6000000000000001       0.66666700000000001       0.49563863136659758     
        2934   3.6333329999999999       0.66666700000000001       0.49702369954367354     
        2935   3.6666669999999999       0.66666700000000001       0.49819468709645620     
        2936   3.7000000000000002       0.66666700000000001       0.49932497037323559     
        2937   3.7333330000000000       0.66666700000000001       0.50046943567687541     
        2938   3.7666670000000000       0.66666700000000001       0.50149462931272559     
        2939   3.7999999999999998       0.66666700000000001       0.50242907037094997     
        2940   3.8333330000000001       0.66666700000000001       0.50333735472662633     
        2941   3.8666670000000001       0.66666700000000001       0.50414200546248966     
        2942   3.8999999999999999       0.66666700000000001       0.50507291173902580     
        2943   3.9333330000000002       0.66666700000000001       0.50583393346729322     
        2944   3.9666670000000002       0.66666700000000001       0.50658000732176833     
        2945   4.0000000000000000       0.66666700000000001       0.50715117566252887     
        2946   4.0333329999999998       0.66666700000000001       0.50791205245947824     
        2947   4.0666669999999998       0.66666700000000001       0.50850737186419126     
        2948   4.0999999999999996       0.66666700000000001       0.50911669764851475     
        2949   4.1333330000000004       0.66666700000000001       0.50963988850712572     
        2950   4.1666670000000003       0.66666700000000001       0.51014817704606974     
        2951   4.2000000000000002       0.66666700000000001       0.51055464588163424     
        2952   4.2333330000000000       0.66666700000000001       0.51114767519231485     
        2953   4.2666670000000000       0.66666700000000001       0.51147764489580494     
        2954   4.2999999999999998       0.66666700000000001       0.51197672016442886     
        2955   4.3333329999999997       0.66666700000000001       0.51231571502304207     
        2956   4.3666669999999996       0.66666700000000001       0.51267281261538911     
        2957   4.4000000000000004       0.66666700000000001       0.51301174354122203     
        2958   4.4333330000000002       0.66666700000000001       0.51334587000252374     
        2959   4.4666670000000002       0.66666700000000001       0.51354841618029257     
        2960   4.5000000000000000       0.66666700000000001       0.51394185669189907     
        2961   4.5333329999999998       0.66666700000000001       0.51407542575888454     
        2962   4.5666669999999998       0.66666700000000001       0.51441018425689111     
        2963   4.5999999999999996       0.66666700000000001       0.51465085696081259     
        2964   4.6333330000000004       0.66666700000000001       0.51477815461116427     
        2965   4.6666670000000003       0.66666700000000001       0.51490556947957367     
        2966   4.7000000000000002       0.66666700000000001       0.51517696785166689     
        2967   4.7333330000000000       0.66666700000000001       0.51533605509680391     
        2968   4.7666670000000000       0.66666700000000001       0.51540205751280366     
        2969   4.7999999999999998       0.66666700000000001       0.51557561810532171     
        2970   4.8333329999999997       0.66666700000000001       0.51556928103218735     
        2971   4.8666669999999996       0.66666700000000001       0.51574734962860591     
        2972   4.9000000000000004       0.66666700000000001       0.51579670358036833     
        2973   4.9333330000000002       0.66666700000000001       0.51583895652713019     
        2974   4.9666670000000002       0.66666700000000001       0.51588493426242354     
        2975   5.0000000000000000       0.66666700000000001       0.51581290695067705     
        2976   0.0000000000000000       0.69999999999999996       0.69999999999999996     
        2977   3.3333000000000002E-002  0.69999999999999996       0.69097751860742807     
        2978   6.6667000000000004E-002  0.69999999999999996       0.68194011201619642     
        2979  0.10000000000000001       0.69999999999999996       0.67287039915100166     
        2980  0.13333300000000001       0.69999999999999996       0.66377168356727823     
        2981  0.16666700000000001       0.69999999999999996       0.65462498922694201     
        2982  0.20000000000000001       0.69999999999999996       0.64541583423497950     
        2983  0.23333300000000001       0.69999999999999996       0.63613795234459336     
        2984  0.26666699999999999       0.69999999999999996       0.62675888526363643     
        2985  0.29999999999999999       0.69999999999999996       0.61730614504662962     
        2986  0.33333299999999999       0.69999999999999996       0.60767087457892921     
        2987  0.36666700000000002       0.69999999999999996       0.59791562569675039     
        2988  0.40000000000000002       0.69999999999999996       0.58790948007452060     
        2989  0.43333300000000002       0.69999999999999996       0.57763863151107686     
        2990  0.46666700000000000       0.69999999999999996       0.56707417403883564     
        2991  0.50000000000000000       0.69999999999999996       0.55611607938842977     
        2992  0.53333299999999995       0.69999999999999996       0.54464471401192438     
        2993  0.56666700000000003       0.69999999999999996       0.53257839415005737     
        2994  0.59999999999999998       0.69999999999999996       0.51981856584015573     
        2995  0.63333300000000003       0.69999999999999996       0.50638085856061810     
        2996  0.66666700000000001       0.69999999999999996       0.49204913100551023     
        2997  0.69999999999999996       0.69999999999999996       0.47668815989556163     
        2998  0.73333300000000001       0.69999999999999996       0.46030368546171263     
        2999  0.76666699999999999       0.69999999999999996       0.44269793715631051     
        3000  0.80000000000000004       0.69999999999999996       0.42401607808392033     
        3001  0.83333299999999999       0.69999999999999996       0.40435151513234885     
        3002  0.86666699999999997       0.69999999999999996       0.38355292617714881     
        3003  0.90000000000000002       0.69999999999999996       0.36263197758293247     
        3004  0.93333299999999997       0.69999999999999996       0.34097238307928851     
        3005  0.96666700000000005       0.69999999999999996       0.32047524434707603     
        3006   1.0000000000000000       0.69999999999999996       0.30097206896200979     
        3007   1.0333330000000001       0.69999999999999996       0.28387677932419875     
        3008   1.0666670000000000       0.69999999999999996       0.26821329897766016     
        3009   1.1000000000000001       0.69999999999999996       0.25627688879797772     
        3010   1.1333329999999999       0.69999999999999996       0.24545848276137511     
        3011   1.1666669999999999       0.69999999999999996       0.23809910646581689     
        3012   1.2000000000000000       0.69999999999999996       0.23113815002430030     
        3013   1.2333330000000000       0.69999999999999996       0.22715128660951742     
        3014   1.2666670000000000       0.69999999999999996       0.22412492862658301     
        3015   1.3000000000000000       0.69999999999999996       0.22199980843088804     
        3016   1.3333330000000001       0.69999999999999996       0.21993899526598984     
        3017   1.3666670000000001       0.69999999999999996       0.22028999755897391     
        3018   1.3999999999999999       0.69999999999999996       0.22088450091696474     
        3019   1.4333330000000000       0.69999999999999996       0.22170187535629574     
        3020   1.4666669999999999       0.69999999999999996       0.22489060737121813     
        3021   1.5000000000000000       0.69999999999999996       0.22844001201927799     
        3022   1.5333330000000001       0.69999999999999996       0.23295140639211237     
        3023   1.5666670000000000       0.69999999999999996       0.23784310568255948     
        3024   1.6000000000000001       0.69999999999999996       0.24470611708181361     
        3025   1.6333329999999999       0.69999999999999996       0.25200707199152833     
        3026   1.6666669999999999       0.69999999999999996       0.25895087688773927     
        3027   1.7000000000000000       0.69999999999999996       0.26694018971447731     
        3028   1.7333330000000000       0.69999999999999996       0.27445118050089379     
        3029   1.7666670000000000       0.69999999999999996       0.28317799180033559     
        3030   1.8000000000000000       0.69999999999999996       0.29139966266634848     
        3031   1.8333330000000001       0.69999999999999996       0.29907041259615924     
        3032   1.8666670000000001       0.69999999999999996       0.30771349379405577     
        3033   1.8999999999999999       0.69999999999999996       0.31629035282071899     
        3034   1.9333330000000000       0.69999999999999996       0.32426668868234243     
        3035   1.9666669999999999       0.69999999999999996       0.33234177482750676     
        3036   2.0000000000000000       0.69999999999999996       0.34002817982424632     
        3037   2.0333329999999998       0.69999999999999996       0.34825406710587797     
        3038   2.0666669999999998       0.69999999999999996       0.35600425394713681     
        3039   2.1000000000000001       0.69999999999999996       0.36333150292099076     
        3040   2.1333329999999999       0.69999999999999996       0.37108413257687450     
        3041   2.1666669999999999       0.69999999999999996       0.37835028851877717     
        3042   2.2000000000000002       0.69999999999999996       0.38554617065810892     
        3043   2.2333330000000000       0.69999999999999996       0.39230987303107973     
        3044   2.2666670000000000       0.69999999999999996       0.39944759721308881     
        3045   2.2999999999999998       0.69999999999999996       0.40593568783680439     
        3046   2.3333330000000001       0.69999999999999996       0.41221371143354579     
        3047   2.3666670000000001       0.69999999999999996       0.41882917292253224     
        3048   2.3999999999999999       0.69999999999999996       0.42460666927245089     
        3049   2.4333330000000002       0.69999999999999996       0.43072712833311266     
        3050   2.4666670000000002       0.69999999999999996       0.43669784183291599     
        3051   2.5000000000000000       0.69999999999999996       0.44194776109462069     
        3052   2.5333329999999998       0.69999999999999996       0.44761346256421158     
        3053   2.5666669999999998       0.69999999999999996       0.45261413334474959     
        3054   2.6000000000000001       0.69999999999999996       0.45773117108135331     
        3055   2.6333329999999999       0.69999999999999996       0.46249011355716324     
        3056   2.6666669999999999       0.69999999999999996       0.46707360361139361     
        3057   2.7000000000000002       0.69999999999999996       0.47161883553539907     
        3058   2.7333330000000000       0.69999999999999996       0.47604360304132320     
        3059   2.7666670000000000       0.69999999999999996       0.48008101187157087     
        3060   2.7999999999999998       0.69999999999999996       0.48408862549106835     
        3061   2.8333330000000001       0.69999999999999996       0.48808354679275251     
        3062   2.8666670000000001       0.69999999999999996       0.49167225452397895     
        3063   2.8999999999999999       0.69999999999999996       0.49505344670027135     
        3064   2.9333330000000002       0.69999999999999996       0.49862840826935678     
        3065   2.9666670000000002       0.69999999999999996       0.50178764518729135     
        3066   3.0000000000000000       0.69999999999999996       0.50473601969530280     
        3067   3.0333329999999998       0.69999999999999996       0.50787423338500093     
        3068   3.0666669999999998       0.69999999999999996       0.51079863481115129     
        3069   3.1000000000000001       0.69999999999999996       0.51334601904078758     
        3070   3.1333329999999999       0.69999999999999996       0.51609869958919818     
        3071   3.1666669999999999       0.69999999999999996       0.51839259695382034     
        3072   3.2000000000000002       0.69999999999999996       0.52089088652654270     
        3073   3.2333330000000000       0.69999999999999996       0.52306776183633563     
        3074   3.2666670000000000       0.69999999999999996       0.52509129135321919     
        3075   3.2999999999999998       0.69999999999999996       0.52731482590263279     
        3076   3.3333330000000001       0.69999999999999996       0.52910340964563674     
        3077   3.3666670000000001       0.69999999999999996       0.53104911499781859     
        3078   3.3999999999999999       0.69999999999999996       0.53276209814582942     
        3079   3.4333330000000002       0.69999999999999996       0.53445154553990815     
        3080   3.4666670000000002       0.69999999999999996       0.53595269114336341     
        3081   3.5000000000000000       0.69999999999999996       0.53759013430733982     
        3082   3.5333329999999998       0.69999999999999996       0.53896534067779867     
        3083   3.5666669999999998       0.69999999999999996       0.54021067487636021     
        3084   3.6000000000000001       0.69999999999999996       0.54160874586370145     
        3085   3.6333329999999999       0.69999999999999996       0.54278124005347916     
        3086   3.6666669999999999       0.69999999999999996       0.54402165324416196     
        3087   3.7000000000000002       0.69999999999999996       0.54511766999100641     
        3088   3.7333330000000000       0.69999999999999996       0.54610055872856578     
        3089   3.7666670000000000       0.69999999999999996       0.54698835568359938     
        3090   3.7999999999999998       0.69999999999999996       0.54799999154004819     
        3091   3.8333330000000001       0.69999999999999996       0.54891821333359314     
        3092   3.8666670000000001       0.69999999999999996       0.54979904840569804     
        3093   3.8999999999999999       0.69999999999999996       0.55047827847758835     
        3094   3.9333330000000002       0.69999999999999996       0.55135461908066963     
        3095   3.9666670000000002       0.69999999999999996       0.55194573328487440     
        3096   4.0000000000000000       0.69999999999999996       0.55263746562789196     
        3097   4.0333329999999998       0.69999999999999996       0.55328474719855691     
        3098   4.0666669999999998       0.69999999999999996       0.55376105321315050     
        3099   4.0999999999999996       0.69999999999999996       0.55440827246671576     
        3100   4.1333330000000004       0.69999999999999996       0.55495077328906706     
        3101   4.1666670000000003       0.69999999999999996       0.55547655219305514     
        3102   4.2000000000000002       0.69999999999999996       0.55593991080288829     
        3103   4.2333330000000000       0.69999999999999996       0.55629481594966390     
        3104   4.2666670000000000       0.69999999999999996       0.55680759563139770     
        3105   4.2999999999999998       0.69999999999999996       0.55720510770804232     
        3106   4.3333329999999997       0.69999999999999996       0.55751641930363549     
        3107   4.3666669999999996       0.69999999999999996       0.55779909307084141     
        3108   4.4000000000000004       0.69999999999999996       0.55824152009971917     
        3109   4.4333330000000002       0.69999999999999996       0.55842585019737256     
        3110   4.4666670000000002       0.69999999999999996       0.55880992634168869     
        3111   4.5000000000000000       0.69999999999999996       0.55899086641558871     
        3112   4.5333329999999998       0.69999999999999996       0.55932673027818336     
        3113   4.5666669999999998       0.69999999999999996       0.55949017549198599     
        3114   4.5999999999999996       0.69999999999999996       0.55969719540800833     
        3115   4.6333330000000004       0.69999999999999996       0.55988015572834071     
        3116   4.6666670000000003       0.69999999999999996       0.56012883284463144     
        3117   4.7000000000000002       0.69999999999999996       0.56018737378734906     
        3118   4.7333330000000000       0.69999999999999996       0.56041754060383353     
        3119   4.7666670000000000       0.69999999999999996       0.56053333147362872     
        3120   4.7999999999999998       0.69999999999999996       0.56062821119377504     
        3121   4.8333329999999997       0.69999999999999996       0.56074549907130711     
        3122   4.8666669999999996       0.69999999999999996       0.56074567032362288     
        3123   4.9000000000000004       0.69999999999999996       0.56090965398343340     
        3124   4.9333330000000002       0.69999999999999996       0.56084517484877860     
        3125   4.9666670000000002       0.69999999999999996       0.56095129040226333     
        3126   5.0000000000000000       0.69999999999999996       0.56101321951514938     
        3127   0.0000000000000000       0.73333300000000001       0.73333300000000001     
        3128   3.3333000000000002E-002  0.73333300000000001       0.72523540887493654     
        3129   6.6667000000000004E-002  0.73333300000000001       0.71712348094437506     
        3130  0.10000000000000001       0.73333300000000001       0.70898166141913321     
        3131  0.13333300000000001       0.73333300000000001       0.70079991943404396     
        3132  0.16666700000000001       0.73333300000000001       0.69255991288160712     
        3133  0.20000000000000001       0.73333300000000001       0.68425705888772537     
        3134  0.23333300000000001       0.73333300000000001       0.67587588536218124     
        3135  0.26666699999999999       0.73333300000000001       0.66740936758647251     
        3136  0.29999999999999999       0.73333300000000001       0.65879911748532782     
        3137  0.33333299999999999       0.73333300000000001       0.65006511464540495     
        3138  0.36666700000000002       0.73333300000000001       0.64114847403381892     
        3139  0.40000000000000002       0.73333300000000001       0.63202683641427648     
        3140  0.43333300000000002       0.73333300000000001       0.62263549342407132     
        3141  0.46666700000000000       0.73333300000000001       0.61291824576957687     
        3142  0.50000000000000000       0.73333300000000001       0.60281739751887187     
        3143  0.53333299999999995       0.73333300000000001       0.59227313617861010     
        3144  0.56666700000000003       0.73333300000000001       0.58120822074139578     
        3145  0.59999999999999998       0.73333300000000001       0.56953296890075178     
        3146  0.63333300000000003       0.73333300000000001       0.55717587668907376     
        3147  0.66666700000000001       0.73333300000000001       0.54399160024384896     
        3148  0.69999999999999996       0.73333300000000001       0.52990055711430939     
        3149  0.73333300000000001       0.73333300000000001       0.51503882753655017     
        3150  0.76666699999999999       0.73333300000000001       0.49913991287326676     
        3151  0.80000000000000004       0.73333300000000001       0.48213704783771094     
        3152  0.83333299999999999       0.73333300000000001       0.46450234438992349     
        3153  0.86666699999999997       0.73333300000000001       0.44614380852014734     
        3154  0.90000000000000002       0.73333300000000001       0.42704155911864877     
        3155  0.93333299999999997       0.73333300000000001       0.40825982932426719     
        3156  0.96666700000000005       0.73333300000000001       0.38940908935242330     
        3157   1.0000000000000000       0.73333300000000001       0.37222021384477333     
        3158   1.0333330000000001       0.73333300000000001       0.35561728905924156     
        3159   1.0666670000000000       0.73333300000000001       0.34167537041581819     
        3160   1.1000000000000001       0.73333300000000001       0.32912214399221829     
        3161   1.1333329999999999       0.73333300000000001       0.31924418193211174     
        3162   1.1666669999999999       0.73333300000000001       0.31028821486403385     
        3163   1.2000000000000000       0.73333300000000001       0.30414146658120089     
        3164   1.2333330000000000       0.73333300000000001       0.29915815296906273     
        3165   1.2666670000000000       0.73333300000000001       0.29497695653541844     
        3166   1.3000000000000000       0.73333300000000001       0.29240515267103584     
        3167   1.3333330000000001       0.73333300000000001       0.29104849239675751     
        3168   1.3666670000000001       0.73333300000000001       0.29023457936770364     
        3169   1.3999999999999999       0.73333300000000001       0.28997910433782809     
        3170   1.4333330000000000       0.73333300000000001       0.29180905129831064     
        3171   1.4666669999999999       0.73333300000000001       0.29383639057443672     
        3172   1.5000000000000000       0.73333300000000001       0.29683284687829919     
        3173   1.5333330000000001       0.73333300000000001       0.30075756844580848     
        3174   1.5666670000000000       0.73333300000000001       0.30609690469345580     
        3175   1.6000000000000001       0.73333300000000001       0.31136757465081055     
        3176   1.6333329999999999       0.73333300000000001       0.31722913869127844     
        3177   1.6666669999999999       0.73333300000000001       0.32449105143750251     
        3178   1.7000000000000000       0.73333300000000001       0.33135933890257546     
        3179   1.7333330000000000       0.73333300000000001       0.33887962349706857     
        3180   1.7666670000000000       0.73333300000000001       0.34612097933704433     
        3181   1.8000000000000000       0.73333300000000001       0.35382200784179213     
        3182   1.8333330000000001       0.73333300000000001       0.36167526844397307     
        3183   1.8666670000000001       0.73333300000000001       0.36918916525016748     
        3184   1.8999999999999999       0.73333300000000001       0.37705412393473264     
        3185   1.9333330000000000       0.73333300000000001       0.38491796201293144     
        3186   1.9666669999999999       0.73333300000000001       0.39213976330650313     
        3187   2.0000000000000000       0.73333300000000001       0.40007948322468712     
        3188   2.0333329999999998       0.73333300000000001       0.40729428578763360     
        3189   2.0666669999999998       0.73333300000000001       0.41434178095254065     
        3190   2.1000000000000001       0.73333300000000001       0.42189771610876403     
        3191   2.1333329999999999       0.73333300000000001       0.42856670280832138     
        3192   2.1666669999999999       0.73333300000000001       0.43588351402403819     
        3193   2.2000000000000002       0.73333300000000001       0.44221053860215948     
        3194   2.2333330000000000       0.73333300000000001       0.44913235680424030     
        3195   2.2666670000000000       0.73333300000000001       0.45520390974185737     
        3196   2.2999999999999998       0.73333300000000001       0.46166913860325598     
        3197   2.3333330000000001       0.73333300000000001       0.46770056589155834     
        3198   2.3666670000000001       0.73333300000000001       0.47358711808996051     
        3199   2.3999999999999999       0.73333300000000001       0.47932428278443046     
        3200   2.4333330000000002       0.73333300000000001       0.48491101998892561     
        3201   2.4666670000000002       0.73333300000000001       0.49034346714903260     
        3202   2.5000000000000000       0.73333300000000001       0.49557477492982493     
        3203   2.5333329999999998       0.73333300000000001       0.50044518295849716     
        3204   2.5666669999999998       0.73333300000000001       0.50548511506956384     
        3205   2.6000000000000001       0.73333300000000001       0.51018663357340466     
        3206   2.6333329999999999       0.73333300000000001       0.51468753612830886     
        3207   2.6666669999999999       0.73333300000000001       0.51906364497255419     
        3208   2.7000000000000002       0.73333300000000001       0.52329801327158820     
        3209   2.7333330000000000       0.73333300000000001       0.52733552444727538     
        3210   2.7666670000000000       0.73333300000000001       0.53130536399246819     
        3211   2.7999999999999998       0.73333300000000001       0.53494256190758627     
        3212   2.8333330000000001       0.73333300000000001       0.53843082808769771     
        3213   2.8666670000000001       0.73333300000000001       0.54205895881291732     
        3214   2.8999999999999999       0.73333300000000001       0.54534111732904322     
        3215   2.9333330000000002       0.73333300000000001       0.54837746300587897     
        3216   2.9666670000000002       0.73333300000000001       0.55153853202235836     
        3217   3.0000000000000000       0.73333300000000001       0.55442051640077605     
        3218   3.0333329999999998       0.73333300000000001       0.55725020664293434     
        3219   3.0666669999999998       0.73333300000000001       0.55980189056158558     
        3220   3.1000000000000001       0.73333300000000001       0.56248400005935628     
        3221   3.1333329999999999       0.73333300000000001       0.56476636927868962     
        3222   3.1666669999999999       0.73333300000000001       0.56720024745153808     
        3223   3.2000000000000002       0.73333300000000001       0.56928075533933920     
        3224   3.2333330000000000       0.73333300000000001       0.57148055547623045     
        3225   3.2666670000000000       0.73333300000000001       0.57345618010467936     
        3226   3.2999999999999998       0.73333300000000001       0.57534098490689545     
        3227   3.3333330000000001       0.73333300000000001       0.57724691529296190     
        3228   3.3666670000000001       0.73333300000000001       0.57888395134600779     
        3229   3.3999999999999999       0.73333300000000001       0.58059894299355141     
        3230   3.4333330000000002       0.73333300000000001       0.58204668924435732     
        3231   3.4666670000000002       0.73333300000000001       0.58366656246759552     
        3232   3.5000000000000000       0.73333300000000001       0.58496223590369179     
        3233   3.5333329999999998       0.73333300000000001       0.58640741358568171     
        3234   3.5666669999999998       0.73333300000000001       0.58765354637282363     
        3235   3.6000000000000001       0.73333300000000001       0.58889221182158591     
        3236   3.6333329999999999       0.73333300000000001       0.58999687312162408     
        3237   3.6666669999999999       0.73333300000000001       0.59105187556195937     
        3238   3.7000000000000002       0.73333300000000001       0.59209103042365752     
        3239   3.7333330000000000       0.73333300000000001       0.59308197038963206     
        3240   3.7666670000000000       0.73333300000000001       0.59400948312620572     
        3241   3.7999999999999998       0.73333300000000001       0.59488698232597237     
        3242   3.8333330000000001       0.73333300000000001       0.59574632459978916     
        3243   3.8666670000000001       0.73333300000000001       0.59645759835830847     
        3244   3.8999999999999999       0.73333300000000001       0.59727086279972341     
        3245   3.9333330000000002       0.73333300000000001       0.59794552345801755     
        3246   3.9666670000000002       0.73333300000000001       0.59858276741037530     
        3247   4.0000000000000000       0.73333300000000001       0.59930679323179148     
        3248   4.0333329999999998       0.73333300000000001       0.59979559736989096     
        3249   4.0666669999999998       0.73333300000000001       0.60036343919453472     
        3250   4.0999999999999996       0.73333300000000001       0.60093477555412034     
        3251   4.1333330000000004       0.73333300000000001       0.60140096315637126     
        3252   4.1666670000000003       0.73333300000000001       0.60180657967423501     
        3253   4.2000000000000002       0.73333300000000001       0.60234956203299150     
        3254   4.2333330000000000       0.73333300000000001       0.60275505422777631     
        3255   4.2666670000000000       0.73333300000000001       0.60315724382293290     
        3256   4.2999999999999998       0.73333300000000001       0.60343898918592742     
        3257   4.3333329999999997       0.73333300000000001       0.60383261492202633     
        3258   4.3666669999999996       0.73333300000000001       0.60420678791636528     
        3259   4.4000000000000004       0.73333300000000001       0.60444681548107415     
        3260   4.4333330000000002       0.73333300000000001       0.60473485433910923     
        3261   4.4666670000000002       0.73333300000000001       0.60498613690700564     
        3262   4.5000000000000000       0.73333300000000001       0.60530267335494470     
        3263   4.5333329999999998       0.73333300000000001       0.60545684164585922     
        3264   4.5666669999999998       0.73333300000000001       0.60574956516478617     
        3265   4.5999999999999996       0.73333300000000001       0.60583885865603138     
        3266   4.6333330000000004       0.73333300000000001       0.60613137812720197     
        3267   4.6666670000000003       0.73333300000000001       0.60623998947570557     
        3268   4.7000000000000002       0.73333300000000001       0.60641798059191143     
        3269   4.7333330000000000       0.73333300000000001       0.60649024560464437     
        3270   4.7666670000000000       0.73333300000000001       0.60670587738901727     
        3271   4.7999999999999998       0.73333300000000001       0.60671367722253600     
        3272   4.8333329999999997       0.73333300000000001       0.60689197525760252     
        3273   4.8666669999999996       0.73333300000000001       0.60695736544828593     
        3274   4.9000000000000004       0.73333300000000001       0.60693862082816963     
        3275   4.9333330000000002       0.73333300000000001       0.60705416863350536     
        3276   4.9666670000000002       0.73333300000000001       0.60709086065956841     
        3277   5.0000000000000000       0.73333300000000001       0.60702326941206708     
        3278   0.0000000000000000       0.76666699999999999       0.76666699999999999     
        3279   3.3333000000000002E-002  0.76666699999999999       0.75952171662210555     
        3280   6.6667000000000004E-002  0.76666699999999999       0.75235992794184114     
        3281  0.10000000000000001       0.76666699999999999       0.74517270685248160     
        3282  0.13333300000000001       0.76666699999999999       0.73793677880121100     
        3283  0.16666700000000001       0.76666699999999999       0.73065339321641298     
        3284  0.20000000000000001       0.76666699999999999       0.72329424100394701     
        3285  0.23333300000000001       0.76666699999999999       0.71586739191656779     
        3286  0.26666699999999999       0.76666699999999999       0.70832283906652260     
        3287  0.29999999999999999       0.76666699999999999       0.70066810906630994     
        3288  0.33333299999999999       0.76666699999999999       0.69288701800701846     
        3289  0.36666700000000002       0.76666699999999999       0.68489389145825375     
        3290  0.40000000000000002       0.76666699999999999       0.67674282362957028     
        3291  0.43333300000000002       0.76666699999999999       0.66828241228703411     
        3292  0.46666700000000000       0.76666699999999999       0.65957266209256160     
        3293  0.50000000000000000       0.76666699999999999       0.65051490506288223     
        3294  0.53333299999999995       0.76666699999999999       0.64097655242178520     
        3295  0.56666700000000003       0.76666699999999999       0.63104435372723222     
        3296  0.59999999999999998       0.76666699999999999       0.62056609886533498     
        3297  0.63333300000000003       0.76666699999999999       0.60940698188826070     
        3298  0.66666700000000001       0.76666699999999999       0.59763468139726883     
        3299  0.69999999999999996       0.76666699999999999       0.58509178915061266     
        3300  0.73333300000000001       0.76666699999999999       0.57169838533248263     
        3301  0.76666699999999999       0.76666699999999999       0.55764504370386891     
        3302  0.80000000000000004       0.76666699999999999       0.54274453068864636     
        3303  0.83333299999999999       0.76666699999999999       0.52709004096141132     
        3304  0.86666699999999997       0.76666699999999999       0.51081699591365470     
        3305  0.90000000000000002       0.76666699999999999       0.49440779401497209     
        3306  0.93333299999999997       0.76666699999999999       0.47760887079391678     
        3307  0.96666700000000005       0.76666699999999999       0.46151976214900964     
        3308   1.0000000000000000       0.76666699999999999       0.44575358458074443     
        3309   1.0333330000000001       0.76666699999999999       0.43135051757448634     
        3310   1.0666670000000000       0.76666699999999999       0.41833972510556638     
        3311   1.1000000000000001       0.76666699999999999       0.40660179131822316     
        3312   1.1333329999999999       0.76666699999999999       0.39646159422300187     
        3313   1.1666669999999999       0.76666699999999999       0.38877819724482465     
        3314   1.2000000000000000       0.76666699999999999       0.38174715279833377     
        3315   1.2333330000000000       0.76666699999999999       0.37645531937398263     
        3316   1.2666670000000000       0.76666699999999999       0.37258319657000577     
        3317   1.3000000000000000       0.76666699999999999       0.36910867206759651     
        3318   1.3333330000000001       0.76666699999999999       0.36762019601745916     
        3319   1.3666670000000001       0.76666699999999999       0.36695542796307695     
        3320   1.3999999999999999       0.76666699999999999       0.36675585770647945     
        3321   1.4333330000000000       0.76666699999999999       0.36771733815709562     
        3322   1.4666669999999999       0.76666699999999999       0.36908555337643917     
        3323   1.5000000000000000       0.76666699999999999       0.37167169470239858     
        3324   1.5333330000000001       0.76666699999999999       0.37534999883603082     
        3325   1.5666670000000000       0.76666699999999999       0.37907487970232534     
        3326   1.6000000000000001       0.76666699999999999       0.38428772598842315     
        3327   1.6333329999999999       0.76666699999999999       0.38989224280184481     
        3328   1.6666669999999999       0.76666699999999999       0.39571212284045182     
        3329   1.7000000000000000       0.76666699999999999       0.40145181952849684     
        3330   1.7333330000000000       0.76666699999999999       0.40855556095539752     
        3331   1.7666670000000000       0.76666699999999999       0.41533273565232032     
        3332   1.8000000000000000       0.76666699999999999       0.42175416015901657     
        3333   1.8333330000000001       0.76666699999999999       0.42907651384066015     
        3334   1.8666670000000001       0.76666699999999999       0.43633735513561017     
        3335   1.8999999999999999       0.76666699999999999       0.44287451815962059     
        3336   1.9333330000000000       0.76666699999999999       0.45019870351391050     
        3337   1.9666669999999999       0.76666699999999999       0.45739432476737429     
        3338   2.0000000000000000       0.76666699999999999       0.46383488382218324     
        3339   2.0333329999999998       0.76666699999999999       0.47083360039935679     
        3340   2.0666669999999998       0.76666699999999999       0.47770707272217272     
        3341   2.1000000000000001       0.76666699999999999       0.48402430725968015     
        3342   2.1333329999999999       0.76666699999999999       0.49055604605287950     
        3343   2.1666669999999999       0.76666699999999999       0.49689567107132526     
        3344   2.2000000000000002       0.76666699999999999       0.50308326753782606     
        3345   2.2333330000000000       0.76666699999999999       0.50912693632031081     
        3346   2.2666670000000000       0.76666699999999999       0.51504794225910389     
        3347   2.2999999999999998       0.76666699999999999       0.52055564481782235     
        3348   2.3333330000000001       0.76666699999999999       0.52643219473615532     
        3349   2.3666670000000001       0.76666699999999999       0.53156992366052158     
        3350   2.3999999999999999       0.76666699999999999       0.53709047455664860     
        3351   2.4333330000000002       0.76666699999999999       0.54209105122906653     
        3352   2.4666670000000002       0.76666699999999999       0.54697489839638036     
        3353   2.5000000000000000       0.76666699999999999       0.55176999976796659     
        3354   2.5333329999999998       0.76666699999999999       0.55654309829128046     
        3355   2.5666669999999998       0.76666699999999999       0.56078552965918838     
        3356   2.6000000000000001       0.76666699999999999       0.56526127646171553     
        3357   2.6333329999999999       0.76666699999999999       0.56935499107597243     
        3358   2.6666669999999999       0.76666699999999999       0.57346987296382623     
        3359   2.7000000000000002       0.76666699999999999       0.57735075085754173     
        3360   2.7333330000000000       0.76666699999999999       0.58086849802836660     
        3361   2.7666670000000000       0.76666699999999999       0.58458700312274137     
        3362   2.7999999999999998       0.76666699999999999       0.58797754126396551     
        3363   2.8333330000000001       0.76666699999999999       0.59125940913574970     
        3364   2.8666670000000001       0.76666699999999999       0.59439477074609515     
        3365   2.8999999999999999       0.76666699999999999       0.59741603757805251     
        3366   2.9333330000000002       0.76666699999999999       0.60041707133760658     
        3367   2.9666670000000002       0.76666699999999999       0.60304890260393140     
        3368   3.0000000000000000       0.76666699999999999       0.60585163817857268     
        3369   3.0333329999999998       0.76666699999999999       0.60831898011927488     
        3370   3.0666669999999998       0.76666699999999999       0.61085628699201922     
        3371   3.1000000000000001       0.76666699999999999       0.61308790221325671     
        3372   3.1333329999999999       0.76666699999999999       0.61536347122055102     
        3373   3.1666669999999999       0.76666699999999999       0.61737937045365709     
        3374   3.2000000000000002       0.76666699999999999       0.61954074930324332     
        3375   3.2333330000000000       0.76666699999999999       0.62134414408256811     
        3376   3.2666670000000000       0.76666699999999999       0.62331912121352051     
        3377   3.2999999999999998       0.76666699999999999       0.62498998748674106     
        3378   3.3333330000000001       0.76666699999999999       0.62657612951345287     
        3379   3.3666670000000001       0.76666699999999999       0.62822627411939502     
        3380   3.3999999999999999       0.76666699999999999       0.62979688652491417     
        3381   3.4333330000000002       0.76666699999999999       0.63120218419301544     
        3382   3.4666670000000002       0.76666699999999999       0.63255685519628502     
        3383   3.5000000000000000       0.76666699999999999       0.63385917291397031     
        3384   3.5333329999999998       0.76666699999999999       0.63508779341526078     
        3385   3.5666669999999998       0.76666699999999999       0.63629968660102720     
        3386   3.6000000000000001       0.76666699999999999       0.63732096086279610     
        3387   3.6333329999999999       0.76666699999999999       0.63844660993145153     
        3388   3.6666669999999999       0.76666699999999999       0.63944839179764923     
        3389   3.7000000000000002       0.76666699999999999       0.64028310103395736     
        3390   3.7333330000000000       0.76666699999999999       0.64126218579071859     
        3391   3.7666670000000000       0.76666699999999999       0.64218194455892896     
        3392   3.7999999999999998       0.76666699999999999       0.64290074467337710     
        3393   3.8333330000000001       0.76666699999999999       0.64364723906006571     
        3394   3.8666670000000001       0.76666699999999999       0.64445939894602577     
        3395   3.8999999999999999       0.76666699999999999       0.64508597681080104     
        3396   3.9333330000000002       0.76666699999999999       0.64565637692463573     
        3397   3.9666670000000002       0.76666699999999999       0.64635043340341725     
        3398   4.0000000000000000       0.76666699999999999       0.64690750930458063     
        3399   4.0333329999999998       0.76666699999999999       0.64744469321292342     
        3400   4.0666669999999998       0.76666699999999999       0.64796919396670782     
        3401   4.0999999999999996       0.76666699999999999       0.64842570321037862     
        3402   4.1333330000000004       0.76666699999999999       0.64892385159520227     
        3403   4.1666670000000003       0.76666699999999999       0.64933726569279093     
        3404   4.2000000000000002       0.76666699999999999       0.64973703139385930     
        3405   4.2333330000000000       0.76666699999999999       0.65019035377738266     
        3406   4.2666670000000000       0.76666699999999999       0.65045850924608228     
        3407   4.2999999999999998       0.76666699999999999       0.65086647865877423     
        3408   4.3333329999999997       0.76666699999999999       0.65114168163584940     
        3409   4.3666669999999996       0.76666699999999999       0.65139530930902789     
        3410   4.4000000000000004       0.76666699999999999       0.65173908933135605     
        3411   4.4333330000000002       0.76666699999999999       0.65202190109140923     
        3412   4.4666670000000002       0.76666699999999999       0.65222142905992186     
        3413   4.5000000000000000       0.76666699999999999       0.65241214688538640     
        3414   4.5333329999999998       0.76666699999999999       0.65271261681905701     
        3415   4.5666669999999998       0.76666699999999999       0.65284292858090542     
        3416   4.5999999999999996       0.76666699999999999       0.65303262916751648     
        3417   4.6333330000000004       0.76666699999999999       0.65319287090650602     
        3418   4.6666670000000003       0.76666699999999999       0.65338306519148992     
        3419   4.7000000000000002       0.76666699999999999       0.65352311186830880     
        3420   4.7333330000000000       0.76666699999999999       0.65366015790448206     
        3421   4.7666670000000000       0.76666699999999999       0.65370570822457985     
        3422   4.7999999999999998       0.76666699999999999       0.65386324405684693     
        3423   4.8333329999999997       0.76666699999999999       0.65393107026645203     
        3424   4.8666669999999996       0.76666699999999999       0.65401301646674537     
        3425   4.9000000000000004       0.76666699999999999       0.65406084571639256     
        3426   4.9333330000000002       0.76666699999999999       0.65409929589409521     
        3427   4.9666670000000002       0.76666699999999999       0.65411008774698531     
        3428   5.0000000000000000       0.76666699999999999       0.65412243360631595     
        3429   0.0000000000000000       0.80000000000000004       0.80000000000000004     
        3430   3.3333000000000002E-002  0.80000000000000004       0.79382985962183839     
        3431   6.6667000000000004E-002  0.80000000000000004       0.78764551913108527     
        3432  0.10000000000000001       0.80000000000000004       0.78143222319791639     
        3433  0.13333300000000001       0.80000000000000004       0.77518276476364789     
        3434  0.16666700000000001       0.80000000000000004       0.76887647169265405     
        3435  0.20000000000000001       0.80000000000000004       0.76250335525222424     
        3436  0.23333300000000001       0.80000000000000004       0.75604975928955642     
        3437  0.26666699999999999       0.80000000000000004       0.74950913361126037     
        3438  0.29999999999999999       0.80000000000000004       0.74285965726055136     
        3439  0.33333299999999999       0.80000000000000004       0.73605376459272565     
        3440  0.36666700000000002       0.80000000000000004       0.72911128977638640     
        3441  0.40000000000000002       0.80000000000000004       0.72194856702347254     
        3442  0.43333300000000002       0.80000000000000004       0.71459241226329162     
        3443  0.46666700000000000       0.80000000000000004       0.70693287225848189     
        3444  0.50000000000000000       0.80000000000000004       0.69895447574453817     
        3445  0.53333299999999995       0.80000000000000004       0.69065859791938333     
        3446  0.56666700000000003       0.80000000000000004       0.68192264479547215     
        3447  0.59999999999999998       0.80000000000000004       0.67272535147758261     
        3448  0.63333300000000003       0.80000000000000004       0.66296573292620142     
        3449  0.66666700000000001       0.80000000000000004       0.65262370265871539     
        3450  0.69999999999999996       0.80000000000000004       0.64173956778566099     
        3451  0.73333300000000001       0.80000000000000004       0.63015081638110471     
        3452  0.76666699999999999       0.80000000000000004       0.61784038631527849     
        3453  0.80000000000000004       0.80000000000000004       0.60501797353034648     
        3454  0.83333299999999999       0.80000000000000004       0.59159333653452228     
        3455  0.86666699999999997       0.80000000000000004       0.57775778132630495     
        3456  0.90000000000000002       0.80000000000000004       0.56343933656948153     
        3457  0.93333299999999997       0.80000000000000004       0.54933276594780001     
        3458  0.96666700000000005       0.80000000000000004       0.53514659685224408     
        3459   1.0000000000000000       0.80000000000000004       0.52178261642691370     
        3460   1.0333330000000001       0.80000000000000004       0.50930389996423753     
        3461   1.0666670000000000       0.80000000000000004       0.49734851744611130     
        3462   1.1000000000000001       0.80000000000000004       0.48714694205912046     
        3463   1.1333329999999999       0.80000000000000004       0.47804364586412257     
        3464   1.1666669999999999       0.80000000000000004       0.47023221635409157     
        3465   1.2000000000000000       0.80000000000000004       0.46411471514050179     
        3466   1.2333330000000000       0.80000000000000004       0.45840421679374282     
        3467   1.2666670000000000       0.80000000000000004       0.45467560742656571     
        3468   1.3000000000000000       0.80000000000000004       0.45195526196627944     
        3469   1.3333330000000001       0.80000000000000004       0.44953801248300385     
        3470   1.3666670000000001       0.80000000000000004       0.44847403141469699     
        3471   1.3999999999999999       0.80000000000000004       0.44841940006417835     
        3472   1.4333330000000000       0.80000000000000004       0.44850432375883537     
        3473   1.4666669999999999       0.80000000000000004       0.45029736842918516     
        3474   1.5000000000000000       0.80000000000000004       0.45177895476771157     
        3475   1.5333330000000001       0.80000000000000004       0.45493434256697091     
        3476   1.5666670000000000       0.80000000000000004       0.45864494177302140     
        3477   1.6000000000000001       0.80000000000000004       0.46275213576168589     
        3478   1.6333329999999999       0.80000000000000004       0.46712292332573818     
        3479   1.6666669999999999       0.80000000000000004       0.47183472735804355     
        3480   1.7000000000000000       0.80000000000000004       0.47755996962529323     
        3481   1.7333330000000000       0.80000000000000004       0.48307160855152648     
        3482   1.7666670000000000       0.80000000000000004       0.48919405682752071     
        3483   1.8000000000000000       0.80000000000000004       0.49549875334679944     
        3484   1.8333330000000001       0.80000000000000004       0.50137809201672423     
        3485   1.8666670000000001       0.80000000000000004       0.50734362138774380     
        3486   1.8999999999999999       0.80000000000000004       0.51396061966364515     
        3487   1.9333330000000000       0.80000000000000004       0.51996288747486474     
        3488   1.9666669999999999       0.80000000000000004       0.52622235020371733     
        3489   2.0000000000000000       0.80000000000000004       0.53247132313955425     
        3490   2.0333329999999998       0.80000000000000004       0.53841178979863080     
        3491   2.0666669999999998       0.80000000000000004       0.54416134087882850     
        3492   2.1000000000000001       0.80000000000000004       0.55025400295370730     
        3493   2.1333329999999999       0.80000000000000004       0.55621613204083409     
        3494   2.1666669999999999       0.80000000000000004       0.56153215827348235     
        3495   2.2000000000000002       0.80000000000000004       0.56734128564123887     
        3496   2.2333330000000000       0.80000000000000004       0.57248117165877088     
        3497   2.2666670000000000       0.80000000000000004       0.57784949530890306     
        3498   2.2999999999999998       0.80000000000000004       0.58303366266336287     
        3499   2.3333330000000001       0.80000000000000004       0.58781606401352038     
        3500   2.3666670000000001       0.80000000000000004       0.59286745372209204     
        3501   2.3999999999999999       0.80000000000000004       0.59758038564046634     
        3502   2.4333330000000002       0.80000000000000004       0.60198125032436067     
        3503   2.4666670000000002       0.80000000000000004       0.60624561920085740     
        3504   2.5000000000000000       0.80000000000000004       0.61078941604992343     
        3505   2.5333329999999998       0.80000000000000004       0.61473722849988743     
        3506   2.5666669999999998       0.80000000000000004       0.61888411201731286     
        3507   2.6000000000000001       0.80000000000000004       0.62256582185027520     
        3508   2.6333329999999999       0.80000000000000004       0.62646537889852816     
        3509   2.6666669999999999       0.80000000000000004       0.62984528058373013     
        3510   2.7000000000000002       0.80000000000000004       0.63342381510984003     
        3511   2.7333330000000000       0.80000000000000004       0.63679449901602003     
        3512   2.7666670000000000       0.80000000000000004       0.63978145631459571     
        3513   2.7999999999999998       0.80000000000000004       0.64295340934753276     
        3514   2.8333330000000001       0.80000000000000004       0.64598277663022408     
        3515   2.8666670000000001       0.80000000000000004       0.64860709791931981     
        3516   2.8999999999999999       0.80000000000000004       0.65145502949934220     
        3517   2.9333330000000002       0.80000000000000004       0.65391740340104554     
        3518   2.9666670000000002       0.80000000000000004       0.65651374780181038     
        3519   3.0000000000000000       0.80000000000000004       0.65889378961367873     
        3520   3.0333329999999998       0.80000000000000004       0.66109396666864029     
        3521   3.0666669999999998       0.80000000000000004       0.66319926922610395     
        3522   3.1000000000000001       0.80000000000000004       0.66534293250154908     
        3523   3.1333329999999999       0.80000000000000004       0.66737958033452527     
        3524   3.1666669999999999       0.80000000000000004       0.66924234930401372     
        3525   3.2000000000000002       0.80000000000000004       0.67105218695419344     
        3526   3.2333330000000000       0.80000000000000004       0.67278447537998942     
        3527   3.2666670000000000       0.80000000000000004       0.67434087542903265     
        3528   3.2999999999999998       0.80000000000000004       0.67598385912472703     
        3529   3.3333330000000001       0.80000000000000004       0.67748232871316760     
        3530   3.3666670000000001       0.80000000000000004       0.67885024961262197     
        3531   3.3999999999999999       0.80000000000000004       0.68015553928029115     
        3532   3.4333330000000002       0.80000000000000004       0.68154576252425625     
        3533   3.4666670000000002       0.80000000000000004       0.68266277069600345     
        3534   3.5000000000000000       0.80000000000000004       0.68392719184241291     
        3535   3.5333329999999998       0.80000000000000004       0.68490908111852900     
        3536   3.5666669999999998       0.80000000000000004       0.68602932704811237     
        3537   3.6000000000000001       0.80000000000000004       0.68706799534021812     
        3538   3.6333329999999999       0.80000000000000004       0.68790518666219913     
        3539   3.6666669999999999       0.80000000000000004       0.68886485179656565     
        3540   3.7000000000000002       0.80000000000000004       0.68969270707879848     
        3541   3.7333330000000000       0.80000000000000004       0.69050688948499162     
        3542   3.7666670000000000       0.80000000000000004       0.69121780211610562     
        3543   3.7999999999999998       0.80000000000000004       0.69202331522510496     
        3544   3.8333330000000001       0.80000000000000004       0.69262458648091696     
        3545   3.8666670000000001       0.80000000000000004       0.69328598770492811     
        3546   3.8999999999999999       0.80000000000000004       0.69390801198802055     
        3547   3.9333330000000002       0.80000000000000004       0.69449643632930891     
        3548   3.9666670000000002       0.80000000000000004       0.69501894989513036     
        3549   4.0000000000000000       0.80000000000000004       0.69546950791403739     
        3550   4.0333329999999998       0.80000000000000004       0.69601922131639982     
        3551   4.0666669999999998       0.80000000000000004       0.69652778121602499     
        3552   4.0999999999999996       0.80000000000000004       0.69693173200358305     
        3553   4.1333330000000004       0.80000000000000004       0.69728268762916090     
        3554   4.1666670000000003       0.80000000000000004       0.69774564974769171     
        3555   4.2000000000000002       0.80000000000000004       0.69810438992563228     
        3556   4.2333330000000000       0.80000000000000004       0.69839149479493234     
        3557   4.2666670000000000       0.80000000000000004       0.69877521640951912     
        3558   4.2999999999999998       0.80000000000000004       0.69900021513828425     
        3559   4.3333329999999997       0.80000000000000004       0.69932904455377642     
        3560   4.3666669999999996       0.80000000000000004       0.69962912616522221     
        3561   4.4000000000000004       0.80000000000000004       0.69980709180918277     
        3562   4.4333330000000002       0.80000000000000004       0.70008489580751099     
        3563   4.4666670000000002       0.80000000000000004       0.70030493599598309     
        3564   4.5000000000000000       0.80000000000000004       0.70052580015924970     
        3565   4.5333329999999998       0.80000000000000004       0.70069252816472960     
        3566   4.5666669999999998       0.80000000000000004       0.70085338035877043     
        3567   4.5999999999999996       0.80000000000000004       0.70106211720971934     
        3568   4.6333330000000004       0.80000000000000004       0.70119347989386938     
        3569   4.6666670000000003       0.80000000000000004       0.70126844343548700     
        3570   4.7000000000000002       0.80000000000000004       0.70144841920841516     
        3571   4.7333330000000000       0.80000000000000004       0.70159107043777258     
        3572   4.7666670000000000       0.80000000000000004       0.70167755265726783     
        3573   4.7999999999999998       0.80000000000000004       0.70176820194335721     
        3574   4.8333329999999997       0.80000000000000004       0.70178366411806437     
        3575   4.8666669999999996       0.80000000000000004       0.70190981415045772     
        3576   4.9000000000000004       0.80000000000000004       0.70197918403590631     
        3577   4.9333330000000002       0.80000000000000004       0.70197648534497170     
        3578   4.9666670000000002       0.80000000000000004       0.70195015566365171     
        3579   5.0000000000000000       0.80000000000000004       0.70203073551553907     
        3580   0.0000000000000000       0.83333299999999999       0.83333299999999999     
        3581   3.3333000000000002E-002  0.83333299999999999       0.82815856623241069     
        3582   6.6667000000000004E-002  0.83333299999999999       0.82297110006661989     
        3583  0.10000000000000001       0.83333299999999999       0.81776007403395057     
        3584  0.13333300000000001       0.83333299999999999       0.81250953205721577     
        3585  0.16666700000000001       0.83333299999999999       0.80721479647272665     
        3586  0.20000000000000001       0.83333299999999999       0.80185751735588140     
        3587  0.23333300000000001       0.83333299999999999       0.79643484096629691     
        3588  0.26666699999999999       0.83333299999999999       0.79091678570849255     
        3589  0.29999999999999999       0.83333299999999999       0.78529575674596885     
        3590  0.33333299999999999       0.83333299999999999       0.77956815646740418     
        3591  0.36666700000000002       0.83333299999999999       0.77367310970365066     
        3592  0.40000000000000002       0.83333299999999999       0.76763605636356991     
        3593  0.43333300000000002       0.83333299999999999       0.76137060161128600     
        3594  0.46666700000000000       0.83333299999999999       0.75488771630003038     
        3595  0.50000000000000000       0.83333299999999999       0.74813402650769156     
        3596  0.53333299999999995       0.83333299999999999       0.74107195184569186     
        3597  0.56666700000000003       0.83333299999999999       0.73365682921242059     
        3598  0.59999999999999998       0.83333299999999999       0.72581715086829690     
        3599  0.63333300000000003       0.83333299999999999       0.71758725308597837     
        3600  0.66666700000000001       0.83333299999999999       0.70888303799472263     
        3601  0.69999999999999996       0.83333299999999999       0.69962030967010602     
        3602  0.73333300000000001       0.83333299999999999       0.68988176568726378     
        3603  0.76666699999999999       0.83333299999999999       0.67959939377230272     
        3604  0.80000000000000004       0.83333299999999999       0.66882708185527218     
        3605  0.83333299999999999       0.83333299999999999       0.65759954673423449     
        3606  0.86666699999999997       0.83333299999999999       0.64601577380195918     
        3607  0.90000000000000002       0.83333299999999999       0.63424405579390519     
        3608  0.93333299999999997       0.83333299999999999       0.62231142621276658     
        3609  0.96666700000000005       0.83333299999999999       0.61074718748707268     
        3610   1.0000000000000000       0.83333299999999999       0.59945259296745568     
        3611   1.0333330000000001       0.83333299999999999       0.58863086780020746     
        3612   1.0666670000000000       0.83333299999999999       0.57891770646471885     
        3613   1.1000000000000001       0.83333299999999999       0.56971085953800427     
        3614   1.1333329999999999       0.83333299999999999       0.56209022265159381     
        3615   1.1666669999999999       0.83333299999999999       0.55503410002198617     
        3616   1.2000000000000000       0.83333299999999999       0.54905325624099688     
        3617   1.2333330000000000       0.83333299999999999       0.54459998111928265     
        3618   1.2666670000000000       0.83333299999999999       0.54061370703318290     
        3619   1.3000000000000000       0.83333299999999999       0.53780285660980298     
        3620   1.3333330000000001       0.83333299999999999       0.53590255596035186     
        3621   1.3666670000000001       0.83333299999999999       0.53428129744155894     
        3622   1.3999999999999999       0.83333299999999999       0.53416036015653157     
        3623   1.4333330000000000       0.83333299999999999       0.53451783169249401     
        3624   1.4666669999999999       0.83333299999999999       0.53529615793660268     
        3625   1.5000000000000000       0.83333299999999999       0.53715789178789553     
        3626   1.5333330000000001       0.83333299999999999       0.53914177931949625     
        3627   1.5666670000000000       0.83333299999999999       0.54202399689546432     
        3628   1.6000000000000001       0.83333299999999999       0.54526812647483813     
        3629   1.6333329999999999       0.83333299999999999       0.54902596082695343     
        3630   1.6666669999999999       0.83333299999999999       0.55347974243663489     
        3631   1.7000000000000000       0.83333299999999999       0.55780658792984050     
        3632   1.7333330000000000       0.83333299999999999       0.56248372694383764     
        3633   1.7666670000000000       0.83333299999999999       0.56739828615617605     
        3634   1.8000000000000000       0.83333299999999999       0.57261385931784869     
        3635   1.8333330000000001       0.83333299999999999       0.57789966192331044     
        3636   1.8666670000000001       0.83333299999999999       0.58323064247169520     
        3637   1.8999999999999999       0.83333299999999999       0.58834018436000124     
        3638   1.9333330000000000       0.83333299999999999       0.59396913508650162     
        3639   1.9666669999999999       0.83333299999999999       0.59889934557297453     
        3640   2.0000000000000000       0.83333299999999999       0.60440682429696146     
        3641   2.0333329999999998       0.83333299999999999       0.60970413000392176     
        3642   2.0666669999999998       0.83333299999999999       0.61478252928089006     
        3643   2.1000000000000001       0.83333299999999999       0.61986140989335214     
        3644   2.1333329999999999       0.83333299999999999       0.62462522973335233     
        3645   2.1666669999999999       0.83333299999999999       0.62973405208394062     
        3646   2.2000000000000002       0.83333299999999999       0.63422891432707185     
        3647   2.2333330000000000       0.83333299999999999       0.63895649284297784     
        3648   2.2666670000000000       0.83333299999999999       0.64357368552841510     
        3649   2.2999999999999998       0.83333299999999999       0.64809698158023377     
        3650   2.3333330000000001       0.83333299999999999       0.65233977903909512     
        3651   2.3666670000000001       0.83333299999999999       0.65652861483424185     
        3652   2.3999999999999999       0.83333299999999999       0.66040538508541891     
        3653   2.4333330000000002       0.83333299999999999       0.66432872517561381     
        3654   2.4666670000000002       0.83333299999999999       0.66821252608106285     
        3655   2.5000000000000000       0.83333299999999999       0.67184423018258022     
        3656   2.5333329999999998       0.83333299999999999       0.67551581091377466     
        3657   2.5666669999999998       0.83333299999999999       0.67879554588480429     
        3658   2.6000000000000001       0.83333299999999999       0.68226063033068651     
        3659   2.6333329999999999       0.83333299999999999       0.68535897705177617     
        3660   2.6666669999999999       0.83333299999999999       0.68846886182895117     
        3661   2.7000000000000002       0.83333299999999999       0.69147407760233615     
        3662   2.7333330000000000       0.83333299999999999       0.69425448137943169     
        3663   2.7666670000000000       0.83333299999999999       0.69702163737021683     
        3664   2.7999999999999998       0.83333299999999999       0.69968737196230379     
        3665   2.8333330000000001       0.83333299999999999       0.70216235732289145     
        3666   2.8666670000000001       0.83333299999999999       0.70463748717403618     
        3667   2.8999999999999999       0.83333299999999999       0.70687217461479690     
        3668   2.9333330000000002       0.83333299999999999       0.70921317116683158     
        3669   2.9666670000000002       0.83333299999999999       0.71134887847663542     
        3670   3.0000000000000000       0.83333299999999999       0.71327715366414346     
        3671   3.0333329999999998       0.83333299999999999       0.71530434341393778     
        3672   3.0666669999999998       0.83333299999999999       0.71723792243793405     
        3673   3.1000000000000001       0.83333299999999999       0.71896785129293606     
        3674   3.1333329999999999       0.83333299999999999       0.72061239111879760     
        3675   3.1666669999999999       0.83333299999999999       0.72233679996905709     
        3676   3.2000000000000002       0.83333299999999999       0.72384862920662452     
        3677   3.2333330000000000       0.83333299999999999       0.72534929469046294     
        3678   3.2666670000000000       0.83333299999999999       0.72677859768058173     
        3679   3.2999999999999998       0.83333299999999999       0.72805245213032654     
        3680   3.3333330000000001       0.83333299999999999       0.72940731740442533     
        3681   3.3666670000000001       0.83333299999999999       0.73059805182360904     
        3682   3.3999999999999999       0.83333299999999999       0.73181150457826816     
        3683   3.4333330000000002       0.83333299999999999       0.73284062014225182     
        3684   3.4666670000000002       0.83333299999999999       0.73395175873762775     
        3685   3.5000000000000000       0.83333299999999999       0.73493118897258125     
        3686   3.5333329999999998       0.83333299999999999       0.73587600084663007     
        3687   3.5666669999999998       0.83333299999999999       0.73678463514806369     
        3688   3.6000000000000001       0.83333299999999999       0.73763753200311932     
        3689   3.6333329999999999       0.83333299999999999       0.73846376945221071     
        3690   3.6666669999999999       0.83333299999999999       0.73917587576302068     
        3691   3.7000000000000002       0.83333299999999999       0.73998333267749938     
        3692   3.7333330000000000       0.83333299999999999       0.74059852770923962     
        3693   3.7666670000000000       0.83333299999999999       0.74131330193464828     
        3694   3.7999999999999998       0.83333299999999999       0.74191991307854943     
        3695   3.8333330000000001       0.83333299999999999       0.74251662234089277     
        3696   3.8666670000000001       0.83333299999999999       0.74300754368681299     
        3697   3.8999999999999999       0.83333299999999999       0.74358807027794060     
        3698   3.9333330000000002       0.83333299999999999       0.74407217290477345     
        3699   3.9666670000000002       0.83333299999999999       0.74456793445470104     
        3700   4.0000000000000000       0.83333299999999999       0.74499790352907336     
        3701   4.0333329999999998       0.83333299999999999       0.74542523598636090     
        3702   4.0666669999999998       0.83333299999999999       0.74583374050493456     
        3703   4.0999999999999996       0.83333299999999999       0.74614961282034609     
        3704   4.1333330000000004       0.83333299999999999       0.74655778059502298     
        3705   4.1666670000000003       0.83333299999999999       0.74688527837612650     
        3706   4.2000000000000002       0.83333299999999999       0.74718681776239115     
        3707   4.2333330000000000       0.83333299999999999       0.74750137856914933     
        3708   4.2666670000000000       0.83333299999999999       0.74774997837332402     
        3709   4.2999999999999998       0.83333299999999999       0.74802231910840722     
        3710   4.3333329999999997       0.83333299999999999       0.74828406562453575     
        3711   4.3666669999999996       0.83333299999999999       0.74847531711416893     
        3712   4.4000000000000004       0.83333299999999999       0.74875034183154499     
        3713   4.4333330000000002       0.83333299999999999       0.74893257056362483     
        3714   4.4666670000000002       0.83333299999999999       0.74911097991053399     
        3715   4.5000000000000000       0.83333299999999999       0.74928411957837393     
        3716   4.5333329999999998       0.83333299999999999       0.74941513897033252     
        3717   4.5666669999999998       0.83333299999999999       0.74963950772653143     
        3718   4.5999999999999996       0.83333299999999999       0.74975215741593226     
        3719   4.6333330000000004       0.83333299999999999       0.74985119202482164     
        3720   4.6666670000000003       0.83333299999999999       0.74999085675895882     
        3721   4.7000000000000002       0.83333299999999999       0.75011488260828896     
        3722   4.7333330000000000       0.83333299999999999       0.75017255662751181     
        3723   4.7666670000000000       0.83333299999999999       0.75032614851439150     
        3724   4.7999999999999998       0.83333299999999999       0.75033983944378457     
        3725   4.8333329999999997       0.83333299999999999       0.75045415635975332     
        3726   4.8666669999999996       0.83333299999999999       0.75045182427165935     
        3727   4.9000000000000004       0.83333299999999999       0.75053813280994308     
        3728   4.9333330000000002       0.83333299999999999       0.75056989094488380     
        3729   4.9666670000000002       0.83333299999999999       0.75060555231149007     
        3730   5.0000000000000000       0.83333299999999999       0.75056113021616122     
        3731   0.0000000000000000       0.86666699999999997       0.86666699999999997     
        3732   3.3333000000000002E-002  0.86666699999999997       0.86250578945567580     
        3733   6.6667000000000004E-002  0.86666699999999997       0.85833440493725899     
        3734  0.10000000000000001       0.86666699999999997       0.85414062155455295     
        3735  0.13333300000000001       0.86666699999999997       0.84991812877102813     
        3736  0.16666700000000001       0.86666699999999997       0.84565127521078509     
        3737  0.20000000000000001       0.86666699999999997       0.84133859808875977     
        3738  0.23333300000000001       0.86666699999999997       0.83696047716737676     
        3739  0.26666699999999999       0.86666699999999997       0.83250883256980246     
        3740  0.29999999999999999       0.86666699999999997       0.82797521366779947     
        3741  0.33333299999999999       0.86666699999999997       0.82333227822946897     
        3742  0.36666700000000002       0.86666699999999997       0.81857051068309628     
        3743  0.40000000000000002       0.86666699999999997       0.81366497026937012     
        3744  0.43333300000000002       0.86666699999999997       0.80859526905134360     
        3745  0.46666700000000000       0.86666699999999997       0.80333605041703382     
        3746  0.50000000000000000       0.86666699999999997       0.79786168361675780     
        3747  0.53333299999999995       0.86666699999999997       0.79211802016000998     
        3748  0.56666700000000003       0.86666699999999997       0.78608073356552444     
        3749  0.59999999999999998       0.86666699999999997       0.77976553762603029     
        3750  0.63333300000000003       0.86666699999999997       0.77307991881691673     
        3751  0.66666700000000001       0.86666699999999997       0.76599146943940843     
        3752  0.69999999999999996       0.86666699999999997       0.75855187080271014     
        3753  0.73333300000000001       0.86666699999999997       0.75070871236706971     
        3754  0.76666699999999999       0.86666699999999997       0.74244670180175620     
        3755  0.80000000000000004       0.86666699999999997       0.73380195398763559     
        3756  0.83333299999999999       0.86666699999999997       0.72478268845519622     
        3757  0.86666699999999997       0.86666699999999997       0.71547267103195367     
        3758  0.90000000000000002       0.86666699999999997       0.70611617584149144     
        3759  0.93333299999999997       0.86666699999999997       0.69670113545316137     
        3760  0.96666700000000005       0.86666699999999997       0.68735912301218793     
        3761   1.0000000000000000       0.86666699999999997       0.67818817291760669     
        3762   1.0333330000000001       0.86666699999999997       0.66966421923165020     
        3763   1.0666670000000000       0.86666699999999997       0.66157909562092554     
        3764   1.1000000000000001       0.86666699999999997       0.65427166162496742     
        3765   1.1333329999999999       0.86666699999999997       0.64754412227648817     
        3766   1.1666669999999999       0.86666699999999997       0.64193119383597375     
        3767   1.2000000000000000       0.86666699999999997       0.63703526544249922     
        3768   1.2333330000000000       0.86666699999999997       0.63273937630363430     
        3769   1.2666670000000000       0.86666699999999997       0.62969086679382991     
        3770   1.3000000000000000       0.86666699999999997       0.62681760309751433     
        3771   1.3333330000000001       0.86666699999999997       0.62524585233579599     
        3772   1.3666670000000001       0.86666699999999997       0.62405678856331037     
        3773   1.3999999999999999       0.86666699999999997       0.62359701323616301     
        3774   1.4333330000000000       0.86666699999999997       0.62354384870733304     
        3775   1.4666669999999999       0.86666699999999997       0.62424166889895027     
        3776   1.5000000000000000       0.86666699999999997       0.62525137961492339     
        3777   1.5333330000000001       0.86666699999999997       0.62733641479814461     
        3778   1.5666670000000000       0.86666699999999997       0.62927767250108069     
        3779   1.6000000000000001       0.86666699999999997       0.63161627582145197     
        3780   1.6333329999999999       0.86666699999999997       0.63499722035814865     
        3781   1.6666669999999999       0.86666699999999997       0.63797855020787420     
        3782   1.7000000000000000       0.86666699999999997       0.64173139733048701     
        3783   1.7333330000000000       0.86666699999999997       0.64560541869186716     
        3784   1.7666670000000000       0.86666699999999997       0.64973086616888709     
        3785   1.8000000000000000       0.86666699999999997       0.65351789074118960     
        3786   1.8333330000000001       0.86666699999999997       0.65801212103829265     
        3787   1.8666670000000001       0.86666699999999997       0.66223936030786623     
        3788   1.8999999999999999       0.86666699999999997       0.66677213623919762     
        3789   1.9333330000000000       0.86666699999999997       0.67089164566815995     
        3790   1.9666669999999999       0.86666699999999997       0.67528851719616267     
        3791   2.0000000000000000       0.86666699999999997       0.67964775431116875     
        3792   2.0333329999999998       0.86666699999999997       0.68375750803500857     
        3793   2.0666669999999998       0.86666699999999997       0.68822754550998866     
        3794   2.1000000000000001       0.86666699999999997       0.69217657337658733     
        3795   2.1333329999999999       0.86666699999999997       0.69630789729471954     
        3796   2.1666669999999999       0.86666699999999997       0.70029925147408989     
        3797   2.2000000000000002       0.86666699999999997       0.70425901204211083     
        3798   2.2333330000000000       0.86666699999999997       0.70797385245771305     
        3799   2.2666670000000000       0.86666699999999997       0.71173865796414226     
        3800   2.2999999999999998       0.86666699999999997       0.71536558254157534     
        3801   2.3333330000000001       0.86666699999999997       0.71905610796593733     
        3802   2.3666670000000001       0.86666699999999997       0.72231206476314425     
        3803   2.3999999999999999       0.86666699999999997       0.72561553598870965     
        3804   2.4333330000000002       0.86666699999999997       0.72899821622653849     
        3805   2.4666670000000002       0.86666699999999997       0.73200027426507208     
        3806   2.5000000000000000       0.86666699999999997       0.73504697453411849     
        3807   2.5333329999999998       0.86666699999999997       0.73788452500922030     
        3808   2.5666669999999998       0.86666699999999997       0.74083692310365190     
        3809   2.6000000000000001       0.86666699999999997       0.74344410382816639     
        3810   2.6333329999999999       0.86666699999999997       0.74616660413624791     
        3811   2.6666669999999999       0.86666699999999997       0.74872751132172466     
        3812   2.7000000000000002       0.86666699999999997       0.75104888682614435     
        3813   2.7333330000000000       0.86666699999999997       0.75347870362849756     
        3814   2.7666670000000000       0.86666699999999997       0.75575646165684240     
        3815   2.7999999999999998       0.86666699999999997       0.75779707011886244     
        3816   2.8333330000000001       0.86666699999999997       0.75994023650786402     
        3817   2.8666670000000001       0.86666699999999997       0.76198533371194466     
        3818   2.8999999999999999       0.86666699999999997       0.76388148927502320     
        3819   2.9333330000000002       0.86666699999999997       0.76572607663238101     
        3820   2.9666670000000002       0.86666699999999997       0.76741633930644959     
        3821   3.0000000000000000       0.86666699999999997       0.76912345486873801     
        3822   3.0333329999999998       0.86666699999999997       0.77074419473857225     
        3823   3.0666669999999998       0.86666699999999997       0.77222163443182557     
        3824   3.1000000000000001       0.86666699999999997       0.77376556342432345     
        3825   3.1333329999999999       0.86666699999999997       0.77517250707571572     
        3826   3.1666669999999999       0.86666699999999997       0.77648532319385877     
        3827   3.2000000000000002       0.86666699999999997       0.77769200825620666     
        3828   3.2333330000000000       0.86666699999999997       0.77896712564904569     
        3829   3.2666670000000000       0.86666699999999997       0.78015903967077316     
        3830   3.2999999999999998       0.86666699999999997       0.78129119886611609     
        3831   3.3333330000000001       0.86666699999999997       0.78227441186601399     
        3832   3.3666670000000001       0.86666699999999997       0.78335665353489892     
        3833   3.3999999999999999       0.86666699999999997       0.78423998717356047     
        3834   3.4333330000000002       0.86666699999999997       0.78520478443814734     
        3835   3.4666670000000002       0.86666699999999997       0.78606481617879520     
        3836   3.5000000000000000       0.86666699999999997       0.78682718962392706     
        3837   3.5333329999999998       0.86666699999999997       0.78767083644648550     
        3838   3.5666669999999998       0.86666699999999997       0.78839880855467825     
        3839   3.6000000000000001       0.86666699999999997       0.78904755575614627     
        3840   3.6333329999999999       0.86666699999999997       0.78977282942545735     
        3841   3.6666669999999999       0.86666699999999997       0.79041042418783725     
        3842   3.7000000000000002       0.86666699999999997       0.79096889193382702     
        3843   3.7333330000000000       0.86666699999999997       0.79157973525855874     
        3844   3.7666670000000000       0.86666699999999997       0.79211501377565108     
        3845   3.7999999999999998       0.86666699999999997       0.79257129981638208     
        3846   3.8333330000000001       0.86666699999999997       0.79309827638499786     
        3847   3.8666670000000001       0.86666699999999997       0.79357795808565035     
        3848   3.8999999999999999       0.86666699999999997       0.79395503040295856     
        3849   3.9333330000000002       0.86666699999999997       0.79442706081655157     
        3850   3.9666670000000002       0.86666699999999997       0.79476029025816541     
        3851   4.0000000000000000       0.86666699999999997       0.79518105014960982     
        3852   4.0333329999999998       0.86666699999999997       0.79551718538278160     
        3853   4.0666669999999998       0.86666699999999997       0.79579425804596260     
        3854   4.0999999999999996       0.86666699999999997       0.79614762978527553     
        3855   4.1333330000000004       0.86666699999999997       0.79644393033468508     
        3856   4.1666670000000003       0.86666699999999997       0.79669475285336211     
        3857   4.2000000000000002       0.86666699999999997       0.79691554629299299     
        3858   4.2333330000000000       0.86666699999999997       0.79719596259000414     
        3859   4.2666670000000000       0.86666699999999997       0.79744569343432448     
        3860   4.2999999999999998       0.86666699999999997       0.79766013789244616     
        3861   4.3333329999999997       0.86666699999999997       0.79783808175854987     
        3862   4.3666669999999996       0.86666699999999997       0.79806069683864167     
        3863   4.4000000000000004       0.86666699999999997       0.79819628618412408     
        3864   4.4333330000000002       0.86666699999999997       0.79839531518003026     
        3865   4.4666670000000002       0.86666699999999997       0.79853036898772711     
        3866   4.5000000000000000       0.86666699999999997       0.79868965516749124     
        3867   4.5333329999999998       0.86666699999999997       0.79884635542309723     
        3868   4.5666669999999998       0.86666699999999997       0.79893732540271956     
        3869   4.5999999999999996       0.86666699999999997       0.79905293561113566     
        3870   4.6333330000000004       0.86666699999999997       0.79917140271122289     
        3871   4.6666670000000003       0.86666699999999997       0.79930176181244927     
        3872   4.7000000000000002       0.86666699999999997       0.79934964121481933     
        3873   4.7333330000000000       0.86666699999999997       0.79944200936339882     
        3874   4.7666670000000000       0.86666699999999997       0.79950614448600321     
        3875   4.7999999999999998       0.86666699999999997       0.79959016024336582     
        3876   4.8333329999999997       0.86666699999999997       0.79963070029737326     
        3877   4.8666669999999996       0.86666699999999997       0.79968066257390691     
        3878   4.9000000000000004       0.86666699999999997       0.79973222408658284     
        3879   4.9333330000000002       0.86666699999999997       0.79973906099326830     
        3880   4.9666670000000002       0.86666699999999997       0.79972761542293080     
        3881   5.0000000000000000       0.86666699999999997       0.79977403396931512     
        3882   0.0000000000000000       0.90000000000000002       0.90000000000000002     
        3883   3.3333000000000002E-002  0.90000000000000002       0.89686664982668785     
        3884   6.6667000000000004E-002  0.90000000000000002       0.89372436975229597     
        3885  0.10000000000000001       0.90000000000000002       0.89056668756721880     
        3886  0.13333300000000001       0.90000000000000002       0.88738326298403125     
        3887  0.16666700000000001       0.90000000000000002       0.88417048812906296     
        3888  0.20000000000000001       0.90000000000000002       0.88091521603908374     
        3889  0.23333300000000001       0.90000000000000002       0.87761007224125909     
        3890  0.26666699999999999       0.90000000000000002       0.87425356345237737     
        3891  0.29999999999999999       0.90000000000000002       0.87082463835025803     
        3892  0.33333299999999999       0.90000000000000002       0.86730962670524980     
        3893  0.36666700000000002       0.90000000000000002       0.86371278539708973     
        3894  0.40000000000000002       0.90000000000000002       0.85998910468129830     
        3895  0.43333300000000002       0.90000000000000002       0.85615430834918571     
        3896  0.46666700000000000       0.90000000000000002       0.85216580048761237     
        3897  0.50000000000000000       0.90000000000000002       0.84800855157283173     
        3898  0.53333299999999995       0.90000000000000002       0.84366475304391575     
        3899  0.56666700000000003       0.90000000000000002       0.83909920431533080     
        3900  0.59999999999999998       0.90000000000000002       0.83430006262128509     
        3901  0.63333300000000003       0.90000000000000002       0.82922499067771571     
        3902  0.66666700000000001       0.90000000000000002       0.82389239272394488     
        3903  0.69999999999999996       0.90000000000000002       0.81826425224685739     
        3904  0.73333300000000001       0.90000000000000002       0.81231726805303217     
        3905  0.76666699999999999       0.90000000000000002       0.80612676609160672     
        3906  0.80000000000000004       0.90000000000000002       0.79960589132501958     
        3907  0.83333299999999999       0.90000000000000002       0.79286060205748188     
        3908  0.86666699999999997       0.90000000000000002       0.78593272381952184     
        3909  0.90000000000000002       0.90000000000000002       0.77890480710289101     
        3910  0.93333299999999997       0.90000000000000002       0.77181191195603083     
        3911  0.96666700000000005       0.90000000000000002       0.76475966607818746     
        3912   1.0000000000000000       0.90000000000000002       0.75803910943493380     
        3913   1.0333330000000001       0.90000000000000002       0.75149173526356394     
        3914   1.0666670000000000       0.90000000000000002       0.74529204841881969     
        3915   1.1000000000000001       0.90000000000000002       0.73980308969704489     
        3916   1.1333329999999999       0.90000000000000002       0.73475553550877526     
        3917   1.1666669999999999       0.90000000000000002       0.73015303723145031     
        3918   1.2000000000000000       0.90000000000000002       0.72644841499882906     
        3919   1.2333330000000000       0.90000000000000002       0.72322930287698883     
        3920   1.2666670000000000       0.90000000000000002       0.72048352355778145     
        3921   1.3000000000000000       0.90000000000000002       0.71848202945017614     
        3922   1.3333330000000001       0.90000000000000002       0.71684284862132375     
        3923   1.3666670000000001       0.90000000000000002       0.71610200759869780     
        3924   1.3999999999999999       0.90000000000000002       0.71537804873313005     
        3925   1.4333330000000000       0.90000000000000002       0.71555449359572232     
        3926   1.4666669999999999       0.90000000000000002       0.71570293173036692     
        3927   1.5000000000000000       0.90000000000000002       0.71670953272091809     
        3928   1.5333330000000001       0.90000000000000002       0.71789999018373496     
        3929   1.5666670000000000       0.90000000000000002       0.71947325783253879     
        3930   1.6000000000000001       0.90000000000000002       0.72135324619974117     
        3931   1.6333329999999999       0.90000000000000002       0.72356467330079333     
        3932   1.6666669999999999       0.90000000000000002       0.72605116397417480     
        3933   1.7000000000000000       0.90000000000000002       0.72873701090234266     
        3934   1.7333330000000000       0.90000000000000002       0.73162032231692176     
        3935   1.7666670000000000       0.90000000000000002       0.73446228815680814     
        3936   1.8000000000000000       0.90000000000000002       0.73774511306930823     
        3937   1.8333330000000001       0.90000000000000002       0.74089796085889714     
        3938   1.8666670000000001       0.90000000000000002       0.74422395402318953     
        3939   1.8999999999999999       0.90000000000000002       0.74747613211208663     
        3940   1.9333330000000000       0.90000000000000002       0.75075294793562264     
        3941   1.9666669999999999       0.90000000000000002       0.75423797537728821     
        3942   2.0000000000000000       0.90000000000000002       0.75731449736086442     
        3943   2.0333329999999998       0.90000000000000002       0.76073172608126294     
        3944   2.0666669999999998       0.90000000000000002       0.76377966559218224     
        3945   2.1000000000000001       0.90000000000000002       0.76704248818461906     
        3946   2.1333329999999999       0.90000000000000002       0.77026937425926090     
        3947   2.1666669999999999       0.90000000000000002       0.77312565108759357     
        3948   2.2000000000000002       0.90000000000000002       0.77622814652246963     
        3949   2.2333330000000000       0.90000000000000002       0.77924833125423643     
        3950   2.2666670000000000       0.90000000000000002       0.78197916452798233     
        3951   2.2999999999999998       0.90000000000000002       0.78478170110243750     
        3952   2.3333330000000001       0.90000000000000002       0.78740960744197264     
        3953   2.3666670000000001       0.90000000000000002       0.79011828946071161     
        3954   2.3999999999999999       0.90000000000000002       0.79267325157474611     
        3955   2.4333330000000002       0.90000000000000002       0.79513244713403708     
        3956   2.4666670000000002       0.90000000000000002       0.79755261333077465     
        3957   2.5000000000000000       0.90000000000000002       0.79975923153662187     
        3958   2.5333329999999998       0.90000000000000002       0.80209800834764389     
        3959   2.5666669999999998       0.90000000000000002       0.80417063847959813     
        3960   2.6000000000000001       0.90000000000000002       0.80634573601240433     
        3961   2.6333329999999999       0.90000000000000002       0.80826541583513478     
        3962   2.6666669999999999       0.90000000000000002       0.81027651620924845     
        3963   2.7000000000000002       0.90000000000000002       0.81217865604620521     
        3964   2.7333330000000000       0.90000000000000002       0.81388121899118615     
        3965   2.7666670000000000       0.90000000000000002       0.81568386577938867     
        3966   2.7999999999999998       0.90000000000000002       0.81731897693025535     
        3967   2.8333330000000001       0.90000000000000002       0.81891254095785182     
        3968   2.8666670000000001       0.90000000000000002       0.82039020469763557     
        3969   2.8999999999999999       0.90000000000000002       0.82194027526019608     
        3970   2.9333330000000002       0.90000000000000002       0.82325601417361138     
        3971   2.9666670000000002       0.90000000000000002       0.82463166716383396     
        3972   3.0000000000000000       0.90000000000000002       0.82597254981659640     
        3973   3.0333329999999998       0.90000000000000002       0.82712092377050073     
        3974   3.0666669999999998       0.90000000000000002       0.82834352549807877     
        3975   3.1000000000000001       0.90000000000000002       0.82944801375707045     
        3976   3.1333329999999999       0.90000000000000002       0.83052568586789222     
        3977   3.1666669999999999       0.90000000000000002       0.83157944590413968     
        3978   3.2000000000000002       0.90000000000000002       0.83255533849640706     
        3979   3.2333330000000000       0.90000000000000002       0.83346158042821827     
        3980   3.2666670000000000       0.90000000000000002       0.83437414984425418     
        3981   3.2999999999999998       0.90000000000000002       0.83518547248252384     
        3982   3.3333330000000001       0.90000000000000002       0.83603470937789215     
        3983   3.3666670000000001       0.90000000000000002       0.83679895432742812     
        3984   3.3999999999999999       0.90000000000000002       0.83753777980530997     
        3985   3.4333330000000002       0.90000000000000002       0.83824074656127845     
        3986   3.4666670000000002       0.90000000000000002       0.83886081310619587     
        3987   3.5000000000000000       0.90000000000000002       0.83953808872425306     
        3988   3.5333329999999998       0.90000000000000002       0.84011672588690289     
        3989   3.5666669999999998       0.90000000000000002       0.84064577867123869     
        3990   3.6000000000000001       0.90000000000000002       0.84123039813215783     
        3991   3.6333329999999999       0.90000000000000002       0.84170254728631522     
        3992   3.6666669999999999       0.90000000000000002       0.84222546262464615     
        3993   3.7000000000000002       0.90000000000000002       0.84271113781790996     
        3994   3.7333330000000000       0.90000000000000002       0.84312157552279632     
        3995   3.7666670000000000       0.90000000000000002       0.84349889918060683     
        3996   3.7999999999999998       0.90000000000000002       0.84392687766067898     
        3997   3.8333330000000001       0.90000000000000002       0.84429909199922515     
        3998   3.8666670000000001       0.90000000000000002       0.84462773043368822     
        3999   3.8999999999999999       0.90000000000000002       0.84497275609228217     
        4000   3.9333330000000002       0.90000000000000002       0.84528854616546978     
        4001   3.9666670000000002       0.90000000000000002       0.84559379633127874     
        4002   4.0000000000000000       0.90000000000000002       0.84588745842101554     
        4003   4.0333329999999998       0.90000000000000002       0.84612501623196168     
        4004   4.0666669999999998       0.90000000000000002       0.84638502882357336     
        4005   4.0999999999999996       0.90000000000000002       0.84662863519166542     
        4006   4.1333330000000004       0.90000000000000002       0.84681964954480360     
        4007   4.1666670000000003       0.90000000000000002       0.84705045931201306     
        4008   4.2000000000000002       0.90000000000000002       0.84726693116066343     
        4009   4.2333330000000000       0.90000000000000002       0.84742798873471192     
        4010   4.2666670000000000       0.90000000000000002       0.84760609930213682     
        4011   4.2999999999999998       0.90000000000000002       0.84781401382771915     
        4012   4.3333329999999997       0.90000000000000002       0.84793726514319911     
        4013   4.3666669999999996       0.90000000000000002       0.84806173895580639     
        4014   4.4000000000000004       0.90000000000000002       0.84823355424556923     
        4015   4.4333330000000002       0.90000000000000002       0.84833818007858297     
        4016   4.4666670000000002       0.90000000000000002       0.84848167666224172     
        4017   4.5000000000000000       0.90000000000000002       0.84858019863541789     
        4018   4.5333329999999998       0.90000000000000002       0.84866315461749586     
        4019   4.5666669999999998       0.90000000000000002       0.84877877557751702     
        4020   4.5999999999999996       0.90000000000000002       0.84889666487377746     
        4021   4.6333330000000004       0.90000000000000002       0.84895371087969718     
        4022   4.6666670000000003       0.90000000000000002       0.84900963736257562     
        4023   4.7000000000000002       0.90000000000000002       0.84909923350111149     
        4024   4.7333330000000000       0.90000000000000002       0.84918942738713332     
        4025   4.7666670000000000       0.90000000000000002       0.84922172332324619     
        4026   4.7999999999999998       0.90000000000000002       0.84926254647580590     
        4027   4.8333329999999997       0.90000000000000002       0.84928214766315457     
        4028   4.8666669999999996       0.90000000000000002       0.84935253162109181     
        4029   4.9000000000000004       0.90000000000000002       0.84936622945968598     
        4030   4.9333330000000002       0.90000000000000002       0.84938869354467028     
        4031   4.9666670000000002       0.90000000000000002       0.84940764302323757     
        4032   5.0000000000000000       0.90000000000000002       0.84938681417149475     
        4033   0.0000000000000000       0.93333299999999997       0.93333299999999997     
        4034   3.3333000000000002E-002  0.93333299999999997       0.93123794102335233     
        4035   6.6667000000000004E-002  0.93333299999999997       0.92913716403223634     
        4036  0.10000000000000001       0.93333299999999997       0.92702472385276680     
        4037  0.13333300000000001       0.93333299999999997       0.92489660708023314     
        4038  0.16666700000000001       0.93333299999999997       0.92274558635483594     
        4039  0.20000000000000001       0.93333299999999997       0.92056727352188994     
        4040  0.23333300000000001       0.93333299999999997       0.91835713366732186     
        4041  0.26666699999999999       0.93333299999999997       0.91610623263686108     
        4042  0.29999999999999999       0.93333299999999997       0.91380530414587446     
        4043  0.33333299999999999       0.93333299999999997       0.91145487166332717     
        4044  0.36666700000000002       0.93333299999999997       0.90903305461865447     
        4045  0.40000000000000002       0.93333299999999997       0.90654403247955007     
        4046  0.43333300000000002       0.93333299999999997       0.90395840692645335     
        4047  0.46666700000000000       0.93333299999999997       0.90128462851685121     
        4048  0.50000000000000000       0.93333299999999997       0.89849812259406869     
        4049  0.53333299999999995       0.93333299999999997       0.89556752082842828     
        4050  0.56666700000000003       0.93333299999999997       0.89251302426559742     
        4051  0.59999999999999998       0.93333299999999997       0.88927442613390895     
        4052  0.63333300000000003       0.93333299999999997       0.88588368479865776     
        4053  0.66666700000000001       0.93333299999999997       0.88231472510930264     
        4054  0.69999999999999996       0.93333299999999997       0.87852411934388108     
        4055  0.73333300000000001       0.93333299999999997       0.87457255573129700     
        4056  0.76666699999999999       0.93333299999999997       0.87041385562437457     
        4057  0.80000000000000004       0.93333299999999997       0.86604671641180075     
        4058  0.83333299999999999       0.93333299999999997       0.86156822918770948     
        4059  0.86666699999999997       0.93333299999999997       0.85697069281684402     
        4060  0.90000000000000002       0.93333299999999997       0.85225852606165542     
        4061  0.93333299999999997       0.93333299999999997       0.84754922189364845     
        4062  0.96666700000000005       0.93333299999999997       0.84288630039871670     
        4063   1.0000000000000000       0.93333299999999997       0.83832580511059940     
        4064   1.0333330000000001       0.93333299999999997       0.83399859824966605     
        4065   1.0666670000000000       0.93333299999999997       0.82988743256112651     
        4066   1.1000000000000001       0.93333299999999997       0.82607598220417411     
        4067   1.1333329999999999       0.93333299999999997       0.82270942567149286     
        4068   1.1666669999999999       0.93333299999999997       0.81966555404357744     
        4069   1.2000000000000000       0.93333299999999997       0.81693093999387667     
        4070   1.2333330000000000       0.93333299999999997       0.81476643664499715     
        4071   1.2666670000000000       0.93333299999999997       0.81294864906674946     
        4072   1.3000000000000000       0.93333299999999997       0.81147982588680745     
        4073   1.3333330000000001       0.93333299999999997       0.81048709688373488     
        4074   1.3666670000000001       0.93333299999999997       0.80965098603408048     
        4075   1.3999999999999999       0.93333299999999997       0.80938307457904968     
        4076   1.4333330000000000       0.93333299999999997       0.80918614687822632     
        4077   1.4666669999999999       0.93333299999999997       0.80954259261129380     
        4078   1.5000000000000000       0.93333299999999997       0.80995743064540360     
        4079   1.5333330000000001       0.93333299999999997       0.81069193349563784     
        4080   1.5666670000000000       0.93333299999999997       0.81183523174935213     
        4081   1.6000000000000001       0.93333299999999997       0.81308859252259769     
        4082   1.6333329999999999       0.93333299999999997       0.81445400232829490     
        4083   1.6666669999999999       0.93333299999999997       0.81622415353537126     
        4084   1.7000000000000000       0.93333299999999997       0.81795586906729600     
        4085   1.7333330000000000       0.93333299999999997       0.81972433854837456     
        4086   1.7666670000000000       0.93333299999999997       0.82186015367301568     
        4087   1.8000000000000000       0.93333299999999997       0.82394069224396893     
        4088   1.8333330000000001       0.93333299999999997       0.82596461829348300     
        4089   1.8666670000000001       0.93333299999999997       0.82834144764474571     
        4090   1.8999999999999999       0.93333299999999997       0.83038948665393852     
        4091   1.9333330000000000       0.93333299999999997       0.83274802501451073     
        4092   1.9666669999999999       0.93333299999999997       0.83492969161432173     
        4093   2.0000000000000000       0.93333299999999997       0.83722682069724796     
        4094   2.0333329999999998       0.93333299999999997       0.83932895996597401     
        4095   2.0666669999999998       0.93333299999999997       0.84154236048621722     
        4096   2.1000000000000001       0.93333299999999997       0.84369435354254163     
        4097   2.1333329999999999       0.93333299999999997       0.84573607522740424     
        4098   2.1666669999999999       0.93333299999999997       0.84789809621816858     
        4099   2.2000000000000002       0.93333299999999997       0.84985892646271854     
        4100   2.2333330000000000       0.93333299999999997       0.85183536703236151     
        4101   2.2666670000000000       0.93333299999999997       0.85384315296716229     
        4102   2.2999999999999998       0.93333299999999997       0.85560895318573060     
        4103   2.3333330000000001       0.93333299999999997       0.85752571083625651     
        4104   2.3666670000000001       0.93333299999999997       0.85922135518783327     
        4105   2.3999999999999999       0.93333299999999997       0.86104814246244921     
        4106   2.4333330000000002       0.93333299999999997       0.86261716006651579     
        4107   2.4666670000000002       0.93333299999999997       0.86429213777663816     
        4108   2.5000000000000000       0.93333299999999997       0.86589050082501218     
        4109   2.5333329999999998       0.93333299999999997       0.86732799356421431     
        4110   2.5666669999999998       0.93333299999999997       0.86885195987178454     
        4111   2.6000000000000001       0.93333299999999997       0.87020458440568371     
        4112   2.6333329999999999       0.93333299999999997       0.87163009645122780     
        4113   2.6666669999999999       0.93333299999999997       0.87291423239757504     
        4114   2.7000000000000002       0.93333299999999997       0.87414419617129346     
        4115   2.7333330000000000       0.93333299999999997       0.87541565688778622     
        4116   2.7666670000000000       0.93333299999999997       0.87654563695378518     
        4117   2.7999999999999998       0.93333299999999997       0.87770418525828597     
        4118   2.8333330000000001       0.93333299999999997       0.87872764044536134     
        4119   2.8666670000000001       0.93333299999999997       0.87981162015947401     
        4120   2.8999999999999999       0.93333299999999997       0.88076212582594704     
        4121   2.9333330000000002       0.93333299999999997       0.88175281245516079     
        4122   2.9666670000000002       0.93333299999999997       0.88262660577665253     
        4123   3.0000000000000000       0.93333299999999997       0.88349928461947680     
        4124   3.0333329999999998       0.93333299999999997       0.88436709370138722     
        4125   3.0666669999999998       0.93333299999999997       0.88513824459289436     
        4126   3.1000000000000001       0.93333299999999997       0.88586407813877310     
        4127   3.1333329999999999       0.93333299999999997       0.88664596497888692     
        4128   3.1666669999999999       0.93333299999999997       0.88729777160806722     
        4129   3.2000000000000002       0.93333299999999997       0.88799052033155634     
        4130   3.2333330000000000       0.93333299999999997       0.88864273229987667     
        4131   3.2666670000000000       0.93333299999999997       0.88920164947474367     
        4132   3.2999999999999998       0.93333299999999997       0.88981364965542509     
        4133   3.3333330000000001       0.93333299999999997       0.89033583117601134     
        4134   3.3666670000000001       0.93333299999999997       0.89085021521860241     
        4135   3.3999999999999999       0.93333299999999997       0.89138424707911190     
        4136   3.4333330000000002       0.93333299999999997       0.89181762838898593     
        4137   3.4666670000000002       0.93333299999999997       0.89229350540180752     
        4138   3.5000000000000000       0.93333299999999997       0.89268801591861946     
        4139   3.5333329999999998       0.93333299999999997       0.89311465078880425     
        4140   3.5666669999999998       0.93333299999999997       0.89349301793941382     
        4141   3.6000000000000001       0.93333299999999997       0.89384803031929994     
        4142   3.6333329999999999       0.93333299999999997       0.89421503260423230     
        4143   3.6666669999999999       0.93333299999999997       0.89454381225726909     
        4144   3.7000000000000002       0.93333299999999997       0.89483531146990325     
        4145   3.7333330000000000       0.93333299999999997       0.89515065698697249     
        4146   3.7666670000000000       0.93333299999999997       0.89542733604740388     
        4147   3.7999999999999998       0.93333299999999997       0.89569271918468840     
        4148   3.8333330000000001       0.93333299999999997       0.89591782349791849     
        4149   3.8666670000000001       0.93333299999999997       0.89617312118640058     
        4150   3.8999999999999999       0.93333299999999997       0.89641986674773022     
        4151   3.9333330000000002       0.93333299999999997       0.89660160603356587     
        4152   3.9666670000000002       0.93333299999999997       0.89682965356045830     
        4153   4.0000000000000000       0.93333299999999997       0.89700232871687702     
        4154   4.0333329999999998       0.93333299999999997       0.89719368531762955     
        4155   4.0666669999999998       0.93333299999999997       0.89737076974053209     
        4156   4.0999999999999996       0.93333299999999997       0.89750408539793247     
        4157   4.1333330000000004       0.93333299999999997       0.89767965041425724     
        4158   4.1666670000000003       0.93333299999999997       0.89780959132211380     
        4159   4.2000000000000002       0.93333299999999997       0.89793135763592902     
        4160   4.2333330000000000       0.93333299999999997       0.89807998537963851     
        4161   4.2666670000000000       0.93333299999999997       0.89819082809006912     
        4162   4.2999999999999998       0.93333299999999997       0.89830436126921931     
        4163   4.3333329999999997       0.93333299999999997       0.89841077343531728     
        4164   4.3666669999999996       0.93333299999999997       0.89851238696731461     
        4165   4.4000000000000004       0.93333299999999997       0.89858498322591962     
        4166   4.4333330000000002       0.93333299999999997       0.89868207420615243     
        4167   4.4666670000000002       0.93333299999999997       0.89877315460918028     
        4168   4.5000000000000000       0.93333299999999997       0.89885090691538250     
        4169   4.5333329999999998       0.93333299999999997       0.89893060731739471     
        4170   4.5666669999999998       0.93333299999999997       0.89897846853531060     
        4171   4.5999999999999996       0.93333299999999997       0.89904069763804328     
        4172   4.6333330000000004       0.93333299999999997       0.89909505664893796     
        4173   4.6666670000000003       0.93333299999999997       0.89915885758362857     
        4174   4.7000000000000002       0.93333299999999997       0.89920295252125637     
        4175   4.7333330000000000       0.93333299999999997       0.89923054160438887     
        4176   4.7666670000000000       0.93333299999999997       0.89928149584433426     
        4177   4.7999999999999998       0.93333299999999997       0.89930779639640090     
        4178   4.8333329999999997       0.93333299999999997       0.89935012873355702     
        4179   4.8666669999999996       0.93333299999999997       0.89936269412887448     
        4180   4.9000000000000004       0.93333299999999997       0.89935958386662285     
        4181   4.9333330000000002       0.93333299999999997       0.89938999305107847     
        4182   4.9666670000000002       0.93333299999999997       0.89940762285450160     
        4183   5.0000000000000000       0.93333299999999997       0.89942136528580541     
        4184   0.0000000000000000       0.96666700000000005       0.96666700000000005     
        4185   3.3333000000000002E-002  0.96666700000000005       0.96561760156414966     
        4186   6.6667000000000004E-002  0.96666700000000005       0.96456538713476936     
        4187  0.10000000000000001       0.96666700000000005       0.96350748708108258     
        4188  0.13333300000000001       0.96666700000000005       0.96244114072974707     
        4189  0.16666700000000001       0.96666700000000005       0.96136305671709654     
        4190  0.20000000000000001       0.96666700000000005       0.96027209203876374     
        4191  0.23333300000000001       0.96666700000000005       0.95916373454725268     
        4192  0.26666699999999999       0.96666700000000005       0.95803388785091848     
        4193  0.29999999999999999       0.96666700000000005       0.95688240983417161     
        4194  0.33333299999999999       0.96666700000000005       0.95570023138813076     
        4195  0.36666700000000002       0.96666700000000005       0.95448749359951124     
        4196  0.40000000000000002       0.96666700000000005       0.95323527547388942     
        4197  0.43333300000000002       0.96666700000000005       0.95194107517011162     
        4198  0.46666700000000000       0.96666700000000005       0.95059629003766510     
        4199  0.50000000000000000       0.96666700000000005       0.94919163441690069     
        4200  0.53333299999999995       0.96666700000000005       0.94772782274439926     
        4201  0.56666700000000003       0.96666700000000005       0.94618688551796692     
        4202  0.59999999999999998       0.96666700000000005       0.94456907797953926     
        4203  0.63333300000000003       0.96666700000000005       0.94286435223689080     
        4204  0.66666700000000001       0.96666700000000005       0.94106451900164878     
        4205  0.69999999999999996       0.96666700000000005       0.93917962756706319     
        4206  0.73333300000000001       0.96666700000000005       0.93719232990241919     
        4207  0.76666699999999999       0.96666700000000005       0.93510168426766160     
        4208  0.80000000000000004       0.96666700000000005       0.93293425723226631     
        4209  0.83333299999999999       0.96666700000000005       0.93068834846810644     
        4210  0.86666699999999997       0.96666700000000005       0.92838492410173423     
        4211  0.90000000000000002       0.96666700000000005       0.92602100416835742     
        4212  0.93333299999999997       0.96666700000000005       0.92368129631135398     
        4213  0.96666700000000005       0.96666700000000005       0.92136773266643568     
        4214   1.0000000000000000       0.96666700000000005       0.91908235198067456     
        4215   1.0333330000000001       0.96666700000000005       0.91688163380447629     
        4216   1.0666670000000000       0.96666700000000005       0.91486583481448769     
        4217   1.1000000000000001       0.96666700000000005       0.91293191926458728     
        4218   1.1333329999999999       0.96666700000000005       0.91118095703664626     
        4219   1.1666669999999999       0.96666700000000005       0.90968283302950304     
        4220   1.2000000000000000       0.96666700000000005       0.90834870522873690     
        4221   1.2333330000000000       0.96666700000000005       0.90718671724781430     
        4222   1.2666670000000000       0.96666700000000005       0.90621086720671118     
        4223   1.3000000000000000       0.96666700000000005       0.90554436484198009     
        4224   1.3333330000000001       0.96666700000000005       0.90492759851972127     
        4225   1.3666670000000001       0.96666700000000005       0.90460824384142302     
        4226   1.3999999999999999       0.96666700000000005       0.90433561758422154     
        4227   1.4333330000000000       0.96666700000000005       0.90434939369168388     
        4228   1.4666669999999999       0.96666700000000005       0.90438612888299075     
        4229   1.5000000000000000       0.96666700000000005       0.90469795381766027     
        4230   1.5333330000000001       0.96666700000000005       0.90504358564947962     
        4231   1.5666670000000000       0.96666700000000005       0.90551973101073291     
        4232   1.6000000000000001       0.96666700000000005       0.90621112234858170     
        4233   1.6333329999999999       0.96666700000000005       0.90691052401271410     
        4234   1.6666669999999999       0.96666700000000005       0.90771877750083652     
        4235   1.7000000000000000       0.96666700000000005       0.90854590448898709     
        4236   1.7333330000000000       0.96666700000000005       0.90957336157632196     
        4237   1.7666670000000000       0.96666700000000005       0.91054784210434903     
        4238   1.8000000000000000       0.96666700000000005       0.91153662976321526     
        4239   1.8333330000000001       0.96666700000000005       0.91267639970958381     
        4240   1.8666670000000001       0.96666700000000005       0.91376489974265762     
        4241   1.8999999999999999       0.96666700000000005       0.91489496730706110     
        4242   1.9333330000000000       0.96666700000000005       0.91601981452879089     
        4243   1.9666669999999999       0.96666700000000005       0.91713407959661652     
        4244   2.0000000000000000       0.96666700000000005       0.91820894864647817     
        4245   2.0333329999999998       0.96666700000000005       0.91935037000379849     
        4246   2.0666669999999998       0.96666700000000005       0.92049644350985804     
        4247   2.1000000000000001       0.96666700000000005       0.92150306173416974     
        4248   2.1333329999999999       0.96666700000000005       0.92261754694334441     
        4249   2.1666669999999999       0.96666700000000005       0.92361526109306336     
        4250   2.2000000000000002       0.96666700000000005       0.92468993003655031     
        4251   2.2333330000000000       0.96666700000000005       0.92564431265742397     
        4252   2.2666670000000000       0.96666700000000005       0.92661961779198332     
        4253   2.2999999999999998       0.96666700000000005       0.92757809870387575     
        4254   2.3333330000000001       0.96666700000000005       0.92848883713611574     
        4255   2.3666670000000001       0.96666700000000005       0.92939924132547225     
        4256   2.3999999999999999       0.96666700000000005       0.93026443680355297     
        4257   2.4333330000000002       0.96666700000000005       0.93112105196858330     
        4258   2.4666670000000002       0.96666700000000005       0.93191935957592975     
        4259   2.5000000000000000       0.96666700000000005       0.93270915620045780     
        4260   2.5333329999999998       0.96666700000000005       0.93348707618593818     
        4261   2.5666669999999998       0.96666700000000005       0.93419682808381110     
        4262   2.6000000000000001       0.96666700000000005       0.93494028921224870     
        4263   2.6333329999999999       0.96666700000000005       0.93559681802446004     
        4264   2.6666669999999999       0.96666700000000005       0.93627711690912419     
        4265   2.7000000000000002       0.96666700000000005       0.93692908725507495     
        4266   2.7333330000000000       0.96666700000000005       0.93750968781247179     
        4267   2.7666670000000000       0.96666700000000005       0.93811138183950227     
        4268   2.7999999999999998       0.96666700000000005       0.93869133502437152     
        4269   2.8333330000000001       0.96666700000000005       0.93924146364130312     
        4270   2.8666670000000001       0.96666700000000005       0.93973589125120938     
        4271   2.8999999999999999       0.96666700000000005       0.94025871710641062     
        4272   2.9333330000000002       0.96666700000000005       0.94071471579788002     
        4273   2.9666670000000002       0.96666700000000005       0.94119422451656354     
        4274   3.0000000000000000       0.96666700000000005       0.94162440204641862     
        4275   3.0333329999999998       0.96666700000000005       0.94202983484131564     
        4276   3.0666669999999998       0.96666700000000005       0.94244630809398822     
        4277   3.1000000000000001       0.96666700000000005       0.94282853109094789     
        4278   3.1333329999999999       0.96666700000000005       0.94319169127300684     
        4279   3.1666669999999999       0.96666700000000005       0.94354894760603869     
        4280   3.2000000000000002       0.96666700000000005       0.94388462120178673     
        4281   3.2333330000000000       0.96666700000000005       0.94419112500448155     
        4282   3.2666670000000000       0.96666700000000005       0.94450926426260984     
        4283   3.2999999999999998       0.96666700000000005       0.94479304031545852     
        4284   3.3333330000000001       0.96666700000000005       0.94507596411944939     
        4285   3.3666670000000001       0.96666700000000005       0.94533289341791205     
        4286   3.3999999999999999       0.96666700000000005       0.94557601201382935     
        4287   3.4333330000000002       0.96666700000000005       0.94582951608412980     
        4288   3.4666670000000002       0.96666700000000005       0.94604242306971165     
        4289   3.5000000000000000       0.96666700000000005       0.94626468701099409     
        4290   3.5333329999999998       0.96666700000000005       0.94645597126212788     
        4291   3.5666669999999998       0.96666700000000005       0.94666828325748864     
        4292   3.6000000000000001       0.96666700000000005       0.94684696334938379     
        4293   3.6333329999999999       0.96666700000000005       0.94701974516881993     
        4294   3.6666669999999999       0.96666700000000005       0.94717597437660028     
        4295   3.7000000000000002       0.96666700000000005       0.94734869077708472     
        4296   3.7333330000000000       0.96666700000000005       0.94748520902181677     
        4297   3.7666670000000000       0.96666700000000005       0.94764325190678722     
        4298   3.7999999999999998       0.96666700000000005       0.94775904023856217     
        4299   3.8333330000000001       0.96666700000000005       0.94789602823627250     
        4300   3.8666670000000001       0.96666700000000005       0.94801523514147756     
        4301   3.8999999999999999       0.96666700000000005       0.94812260919541669     
        4302   3.9333330000000002       0.96666700000000005       0.94824341187486794     
        4303   3.9666670000000002       0.96666700000000005       0.94834155131298203     
        4304   4.0000000000000000       0.96666700000000005       0.94843066813583810     
        4305   4.0333329999999998       0.96666700000000005       0.94851476708504212     
        4306   4.0666669999999998       0.96666700000000005       0.94861423017866553     
        4307   4.0999999999999996       0.96666700000000005       0.94869278344262964     
        4308   4.1333330000000004       0.96666700000000005       0.94876217768551163     
        4309   4.1666670000000003       0.96666700000000005       0.94883948552341491     
        4310   4.2000000000000002       0.96666700000000005       0.94891506766825118     
        4311   4.2333330000000000       0.96666700000000005       0.94897423463869979     
        4312   4.2666670000000000       0.96666700000000005       0.94902896054401331     
        4313   4.2999999999999998       0.96666700000000005       0.94907685760423277     
        4314   4.3333329999999997       0.96666700000000005       0.94914126873795490     
        4315   4.3666669999999996       0.96666700000000005       0.94919092068241029     
        4316   4.4000000000000004       0.96666700000000005       0.94924353316263654     
        4317   4.4333330000000002       0.96666700000000005       0.94927936182935324     
        4318   4.4666670000000002       0.96666700000000005       0.94932394000567089     
        4319   4.5000000000000000       0.96666700000000005       0.94936435513482154     
        4320   4.5333329999999998       0.96666700000000005       0.94939285832915232     
        4321   4.5666669999999998       0.96666700000000005       0.94943659002849201     
        4322   4.5999999999999996       0.96666700000000005       0.94945394828131757     
        4323   4.6333330000000004       0.96666700000000005       0.94949710657563946     
        4324   4.6666670000000003       0.96666700000000005       0.94951761973986559     
        4325   4.7000000000000002       0.96666700000000005       0.94953214971894384     
        4326   4.7333330000000000       0.96666700000000005       0.94956466674507611     
        4327   4.7666670000000000       0.96666700000000005       0.94957326013054688     
        4328   4.7999999999999998       0.96666700000000005       0.94960241250470134     
        4329   4.8333329999999997       0.96666700000000005       0.94960536073333057     
        4330   4.8666669999999996       0.96666700000000005       0.94962348277037678     
        4331   4.9000000000000004       0.96666700000000005       0.94963134797497284     
        4332   4.9333330000000002       0.96666700000000005       0.94963789510055230     
        4333   4.9666670000000002       0.96666700000000005       0.94964502994578837     
        4334   5.0000000000000000       0.96666700000000005       0.94963954822141128     
        4335   0.0000000000000000        1.0000000000000000        1.0000000000000000     
        4336   3.3333000000000002E-002   1.0000000000000000        1.0000000000000000     
        4337   6.6667000000000004E-002   1.0000000000000000        1.0000000000000000     
        4338  0.10000000000000001        1.0000000000000000        1.0000000000000000     
        4339  0.13333300000000001        1.0000000000000000        1.0000000000000000     
        4340  0.16666700000000001        1.0000000000000000        1.0000000000000000     
        4341  0.20000000000000001        1.0000000000000000        1.0000000000000000     
        4342  0.23333300000000001        1.0000000000000000        1.0000000000000000     
        4343  0.26666699999999999        1.0000000000000000        1.0000000000000000     
        4344  0.29999999999999999        1.0000000000000000        1.0000000000000000     
        4345  0.33333299999999999        1.0000000000000000        1.0000000000000000     
        4346  0.36666700000000002        1.0000000000000000        1.0000000000000000     
        4347  0.40000000000000002        1.0000000000000000        1.0000000000000000     
        4348  0.43333300000000002        1.0000000000000000        1.0000000000000000     
        4349  0.46666700000000000        1.0000000000000000        1.0000000000000000     
        4350  0.50000000000000000        1.0000000000000000        1.0000000000000000     
        4351  0.53333299999999995        1.0000000000000000        1.0000000000000000     
        4352  0.56666700000000003        1.0000000000000000        1.0000000000000000     
        4353  0.59999999999999998        1.0000000000000000        1.0000000000000000     
        4354  0.63333300000000003        1.0000000000000000        1.0000000000000000     
        4355  0.66666700000000001        1.0000000000000000        1.0000000000000000     
        4356  0.69999999999999996        1.0000000000000000        1.0000000000000000     
        4357  0.73333300000000001        1.0000000000000000        1.0000000000000000     
        4358  0.76666699999999999        1.0000000000000000        1.0000000000000000     
        4359  0.80000000000000004        1.0000000000000000        1.0000000000000000     
        4360  0.83333299999999999        1.0000000000000000        1.0000000000000000     
        4361  0.86666699999999997        1.0000000000000000        1.0000000000000000     
        4362  0.90000000000000002        1.0000000000000000        1.0000000000000000     
        4363  0.93333299999999997        1.0000000000000000        1.0000000000000000     
        4364  0.96666700000000005        1.0000000000000000        1.0000000000000000     
        4365   1.0000000000000000        1.0000000000000000        1.0000000000000000     
        4366   1.0333330000000001        1.0000000000000000        1.0000000000000000     
        4367   1.0666670000000000        1.0000000000000000        1.0000000000000000     
        4368   1.1000000000000001        1.0000000000000000        1.0000000000000000     
        4369   1.1333329999999999        1.0000000000000000        1.0000000000000000     
        4370   1.1666669999999999        1.0000000000000000        1.0000000000000000     
        4371   1.2000000000000000        1.0000000000000000        1.0000000000000000     
        4372   1.2333330000000000        1.0000000000000000        1.0000000000000000     
        4373   1.2666670000000000        1.0000000000000000        1.0000000000000000     
        4374   1.3000000000000000        1.0000000000000000        1.0000000000000000     
        4375   1.3333330000000001        1.0000000000000000        1.0000000000000000     
        4376   1.3666670000000001        1.0000000000000000        1.0000000000000000     
        4377   1.3999999999999999        1.0000000000000000        1.0000000000000000     
        4378   1.4333330000000000        1.0000000000000000        1.0000000000000000     
        4379   1.4666669999999999        1.0000000000000000        1.0000000000000000     
        4380   1.5000000000000000        1.0000000000000000        1.0000000000000000     
        4381   1.5333330000000001        1.0000000000000000        1.0000000000000000     
        4382   1.5666670000000000        1.0000000000000000        1.0000000000000000     
        4383   1.6000000000000001        1.0000000000000000        1.0000000000000000     
        4384   1.6333329999999999        1.0000000000000000        1.0000000000000000     
        4385   1.6666669999999999        1.0000000000000000        1.0000000000000000     
        4386   1.7000000000000000        1.0000000000000000        1.0000000000000000     
        4387   1.7333330000000000        1.0000000000000000        1.0000000000000000     
        4388   1.7666670000000000        1.0000000000000000        1.0000000000000000     
        4389   1.8000000000000000        1.0000000000000000        1.0000000000000000     
        4390   1.8333330000000001        1.0000000000000000        1.0000000000000000     
        4391   1.8666670000000001        1.0000000000000000        1.0000000000000000     
        4392   1.8999999999999999        1.0000000000000000        1.0000000000000000     
        4393   1.9333330000000000        1.0000000000000000        1.0000000000000000     
        4394   1.9666669999999999        1.0000000000000000        1.0000000000000000     
        4395   2.0000000000000000        1.0000000000000000        1.0000000000000000     
        4396   2.0333329999999998        1.0000000000000000        1.0000000000000000     
        4397   2.0666669999999998        1.0000000000000000        1.0000000000000000     
        4398   2.1000000000000001        1.0000000000000000        1.0000000000000000     
        4399   2.1333329999999999        1.0000000000000000        1.0000000000000000     
        4400   2.1666669999999999        1.0000000000000000        1.0000000000000000     
        4401   2.2000000000000002        1.0000000000000000        1.0000000000000000     
        4402   2.2333330000000000        1.0000000000000000        1.0000000000000000     
        4403   2.2666670000000000        1.0000000000000000        1.0000000000000000     
        4404   2.2999999999999998        1.0000000000000000        1.0000000000000000     
        4405   2.3333330000000001        1.0000000000000000        1.0000000000000000     
        4406   2.3666670000000001        1.0000000000000000        1.0000000000000000     
        4407   2.3999999999999999        1.0000000000000000        1.0000000000000000     
        4408   2.4333330000000002        1.0000000000000000        1.0000000000000000     
        4409   2.4666670000000002        1.0000000000000000        1.0000000000000000     
        4410   2.5000000000000000        1.0000000000000000        1.0000000000000000     
        4411   2.5333329999999998        1.0000000000000000        1.0000000000000000     
        4412   2.5666669999999998        1.0000000000000000        1.0000000000000000     
        4413   2.6000000000000001        1.0000000000000000        1.0000000000000000     
        4414   2.6333329999999999        1.0000000000000000        1.0000000000000000     
        4415   2.6666669999999999        1.0000000000000000        1.0000000000000000     
        4416   2.7000000000000002        1.0000000000000000        1.0000000000000000     
        4417   2.7333330000000000        1.0000000000000000        1.0000000000000000     
        4418   2.7666670000000000        1.0000000000000000        1.0000000000000000     
        4419   2.7999999999999998        1.0000000000000000        1.0000000000000000     
        4420   2.8333330000000001        1.0000000000000000        1.0000000000000000     
        4421   2.8666670000000001        1.0000000000000000        1.0000000000000000     
        4422   2.8999999999999999        1.0000000000000000        1.0000000000000000     
        4423   2.9333330000000002        1.0000000000000000        1.0000000000000000     
        4424   2.9666670000000002        1.0000000000000000        1.0000000000000000     
        4425   3.0000000000000000        1.0000000000000000        1.0000000000000000     
        4426   3.0333329999999998        1.0000000000000000        1.0000000000000000     
        4427   3.0666669999999998        1.0000000000000000        1.0000000000000000     
        4428   3.1000000000000001        1.0000000000000000        1.0000000000000000     
        4429   3.1333329999999999        1.0000000000000000        1.0000000000000000     
        4430   3.1666669999999999        1.0000000000000000        1.0000000000000000     
        4431   3.2000000000000002        1.0000000000000000        1.0000000000000000     
        4432   3.2333330000000000        1.0000000000000000        1.0000000000000000     
        4433   3.2666670000000000        1.0000000000000000        1.0000000000000000     
        4434   3.2999999999999998        1.0000000000000000        1.0000000000000000     
        4435   3.3333330000000001        1.0000000000000000        1.0000000000000000     
        4436   3.3666670000000001        1.0000000000000000        1.0000000000000000     
        4437   3.3999999999999999        1.0000000000000000        1.0000000000000000     
        4438   3.4333330000000002        1.0000000000000000        1.0000000000000000     
        4439   3.4666670000000002        1.0000000000000000        1.0000000000000000     
        4440   3.5000000000000000        1.0000000000000000        1.0000000000000000     
        4441   3.5333329999999998        1.0000000000000000        1.0000000000000000     
        4442   3.5666669999999998        1.0000000000000000        1.0000000000000000     
        4443   3.6000000000000001        1.0000000000000000        1.0000000000000000     
        4444   3.6333329999999999        1.0000000000000000        1.0000000000000000     
        4445   3.6666669999999999        1.0000000000000000        1.0000000000000000     
        4446   3.7000000000000002        1.0000000000000000        1.0000000000000000     
        4447   3.7333330000000000        1.0000000000000000        1.0000000000000000     
        4448   3.7666670000000000        1.0000000000000000        1.0000000000000000     
        4449   3.7999999999999998        1.0000000000000000        1.0000000000000000     
        4450   3.8333330000000001        1.0000000000000000        1.0000000000000000     
        4451   3.8666670000000001        1.0000000000000000        1.0000000000000000     
        4452   3.8999999999999999        1.0000000000000000        1.0000000000000000     
        4453   3.9333330000000002        1.0000000000000000        1.0000000000000000     
        4454   3.9666670000000002        1.0000000000000000        1.0000000000000000     
        4455   4.0000000000000000        1.0000000000000000        1.0000000000000000     
        4456   4.0333329999999998        1.0000000000000000        1.0000000000000000     
        4457   4.0666669999999998        1.0000000000000000        1.0000000000000000     
        4458   4.0999999999999996        1.0000000000000000        1.0000000000000000     
        4459   4.1333330000000004        1.0000000000000000        1.0000000000000000     
        4460   4.1666670000000003        1.0000000000000000        1.0000000000000000     
        4461   4.2000000000000002        1.0000000000000000        1.0000000000000000     
        4462   4.2333330000000000        1.0000000000000000        1.0000000000000000     
        4463   4.2666670000000000        1.0000000000000000        1.0000000000000000     
        4464   4.2999999999999998        1.0000000000000000        1.0000000000000000     
        4465   4.3333329999999997        1.0000000000000000        1.0000000000000000     
        4466   4.3666669999999996        1.0000000000000000        1.0000000000000000     
        4467   4.4000000000000004        1.0000000000000000        1.0000000000000000     
        4468   4.4333330000000002        1.0000000000000000        1.0000000000000000     
        4469   4.4666670000000002        1.0000000000000000        1.0000000000000000     
        4470   4.5000000000000000        1.0000000000000000        1.0000000000000000     
        4471   4.5333329999999998        1.0000000000000000        1.0000000000000000     
        4472   4.5666669999999998        1.0000000000000000        1.0000000000000000     
        4473   4.5999999999999996        1.0000000000000000        1.0000000000000000     
        4474   4.6333330000000004        1.0000000000000000        1.0000000000000000     
        4475   4.6666670000000003        1.0000000000000000        1.0000000000000000     
        4476   4.7000000000000002        1.0000000000000000        1.0000000000000000     
        4477   4.7333330000000000        1.0000000000000000        1.0000000000000000     
        4478   4.7666670000000000        1.0000000000000000        1.0000000000000000     
        4479   4.7999999999999998        1.0000000000000000        1.0000000000000000     
        4480   4.8333329999999997        1.0000000000000000        1.0000000000000000     
        4481   4.8666669999999996        1.0000000000000000        1.0000000000000000     
        4482   4.9000000000000004        1.0000000000000000        1.0000000000000000     
        4483   4.9333330000000002        1.0000000000000000        1.0000000000000000     
        4484   4.9666670000000002        1.0000000000000000        1.0000000000000000     
        4485   5.0000000000000000        1.0000000000000000        1.0000000000000000     
