           1   0.0000000000000000        0.0000000000000000       -14.363363347637195     
           2   3.3333000000000002E-002   0.0000000000000000       -28.726726695274390     
           3   6.6667000000000004E-002   0.0000000000000000       -19.607667428641854     
           4  0.10000000000000001        0.0000000000000000       -14.983951584358373     
           5  0.13333300000000001        0.0000000000000000       -10.402159212456198     
           6  0.16666700000000001        0.0000000000000000       -9.2776430006764201     
           7  0.20000000000000001        0.0000000000000000       -6.7158537251547061     
           8  0.23333300000000001        0.0000000000000000       -6.2348916553339979     
           9  0.26666699999999999        0.0000000000000000       -5.3156640081744069     
          10  0.29999999999999999        0.0000000000000000       -4.6300930737071848     
          11  0.33333299999999999        0.0000000000000000       -3.7005886687386758     
          12  0.36666700000000002        0.0000000000000000       -3.8478174645059022     
          13  0.40000000000000002        0.0000000000000000       -3.0356490701971777     
          14  0.43333300000000002        0.0000000000000000       -3.1712013708093094     
          15  0.46666700000000000        0.0000000000000000       -2.5154740316204789     
          16  0.50000000000000000        0.0000000000000000       -2.6175766741128181     
          17  0.53333299999999995        0.0000000000000000       -2.0499092197589914     
          18  0.56666700000000003        0.0000000000000000       -2.1116036780370648     
          19  0.59999999999999998        0.0000000000000000       -1.5412968669972320     
          20  0.63333300000000003        0.0000000000000000       -1.4584861348434541     
          21  0.66666700000000001        0.0000000000000000       -1.2333185096217782     
          22  0.69999999999999996        0.0000000000000000       -1.0464922683727433     
          23  0.73333300000000001        0.0000000000000000      -0.73773524024697701     
          24  0.76666699999999999        0.0000000000000000      -0.39554443661382810     
          25  0.80000000000000004        0.0000000000000000      -0.27432074436611015     
          26  0.83333299999999999        0.0000000000000000       -7.4666457451242840E-002
          27  0.86666699999999997        0.0000000000000000        5.1112674484084450E-002
          28  0.90000000000000002        0.0000000000000000       0.14964581337019828     
          29  0.93333299999999997        0.0000000000000000       0.13046398470387452     
          30  0.96666700000000005        0.0000000000000000        7.4120613527213830E-002
          31   1.0000000000000000        0.0000000000000000        3.7060306763606957E-002
          32   1.0333330000000001        0.0000000000000000        1.4824122705442765E-002
          33   1.0666670000000000        0.0000000000000000        7.4119279360172910E-003
          34   1.1000000000000001        0.0000000000000000        4.3599745364080568E-003
          35   1.1333329999999999        0.0000000000000000        2.8507599341582937E-003
          36   1.1666669999999999        0.0000000000000000        2.0032208428803293E-003
          37   1.2000000000000000        0.0000000000000000        1.4823873660807516E-003
          38   1.2333330000000000        0.0000000000000000        1.1403002895982090E-003
          39   1.2666670000000000        0.0000000000000000        1.2732111642092432E-004
          40   1.3000000000000000        0.0000000000000000        1.6551711521898871E-004
          41   1.3333330000000001        0.0000000000000000        2.2367118247690508E-004
          42   1.3666670000000001        0.0000000000000000        3.1830381942020522E-004
          43   1.3999999999999999        0.0000000000000000        4.8681635057540052E-004
          44   1.4333330000000000        0.0000000000000000        8.2758458298531554E-004
          45   1.4666669999999999        0.0000000000000000        1.6551989594624902E-003
          46   1.5000000000000000        0.0000000000000000        4.1379973986562435E-003
          47   1.5333330000000001        0.0000000000000000        8.2759947973125129E-003
          48   1.5666670000000000        0.0000000000000000        8.9546236855891206E-002
          49   1.6000000000000001        0.0000000000000000       0.28821246859716154     
          50   1.6333329999999999        0.0000000000000000       0.42500348863237658     
          51   1.6666669999999999        0.0000000000000000       0.65304192712891129     
          52   1.7000000000000000        0.0000000000000000       0.88272651756863951     
          53   1.7333330000000000        0.0000000000000000       0.94671397711863792     
          54   1.7666670000000000        0.0000000000000000        1.1387005303248325     
          55   1.8000000000000000        0.0000000000000000        1.2408535116270802     
          56   1.8333330000000001        0.0000000000000000        1.2668085897138881     
          57   1.8666670000000001        0.0000000000000000        1.2497974383355048     
          58   1.8999999999999999        0.0000000000000000        1.3267585498858272     
          59   1.9333330000000000        0.0000000000000000        1.2726212670239998     
          60   1.9666669999999999        0.0000000000000000        1.1683659067889356     
          61   2.0000000000000000        0.0000000000000000        1.0842244525990594     
          62   2.0333329999999998        0.0000000000000000        1.0193042676682231     
          63   2.0666669999999998        0.0000000000000000       0.96636226046163232     
          64   2.1000000000000001        0.0000000000000000       0.80114703595759673     
          65   2.1333329999999999        0.0000000000000000       0.71650063716117951     
          66   2.1666669999999999        0.0000000000000000       0.56950518140047235     
          67   2.2000000000000002        0.0000000000000000       0.46685798106478904     
          68   2.2333330000000000        0.0000000000000000       0.31388784774599399     
          69   2.2666670000000000        0.0000000000000000       0.20312360080837108     
          70   2.2999999999999998        0.0000000000000000        6.7214307805080351E-002
          71   2.3333330000000001        0.0000000000000000       -5.7222186598871072E-002
          72   2.3666670000000001        0.0000000000000000      -0.18739059195888727     
          73   2.3999999999999999        0.0000000000000000      -0.33669844893091255     
          74   2.4333330000000002        0.0000000000000000      -0.37883433599608696     
          75   2.4666670000000002        0.0000000000000000      -0.59599358758325149     
          76   2.5000000000000000        0.0000000000000000      -0.63281363404159541     
          77   2.5333329999999998        0.0000000000000000      -0.78313675496665136     
          78   2.5666669999999998        0.0000000000000000      -0.93969639253891057     
          79   2.6000000000000001        0.0000000000000000      -0.90188555164358752     
          80   2.6333329999999999        0.0000000000000000       -1.1538209495308465     
          81   2.6666669999999999        0.0000000000000000       -1.2548074248073573     
          82   2.7000000000000002        0.0000000000000000       -1.1782937644750495     
          83   2.7333330000000000        0.0000000000000000       -1.4305471138720929     
          84   2.7666670000000000        0.0000000000000000       -1.4509671639221988     
          85   2.7999999999999998        0.0000000000000000       -1.4909194864200843     
          86   2.8333330000000001        0.0000000000000000       -1.5607380560259994     
          87   2.8666670000000001        0.0000000000000000       -1.8162556246517982     
          88   2.8999999999999999        0.0000000000000000       -1.7007309180341792     
          89   2.9333330000000002        0.0000000000000000       -1.9160585812934712     
          90   2.9666670000000002        0.0000000000000000       -1.8454700461135025     
          91   3.0000000000000000        0.0000000000000000       -1.8982327647615120     
          92   3.0333329999999998        0.0000000000000000       -1.9646407089819735     
          93   3.0666669999999998        0.0000000000000000       -2.2583476542740915     
          94   3.1000000000000001        0.0000000000000000       -2.1399873101154490     
          95   3.1333329999999999        0.0000000000000000       -1.9828505478081442     
          96   3.1666669999999999        0.0000000000000000       -2.3008246528696175     
          97   3.2000000000000002        0.0000000000000000       -2.1763541840972600     
          98   3.2333330000000000        0.0000000000000000       -2.4488206958085539     
          99   3.2666670000000000        0.0000000000000000       -2.2439820817796079     
         100   3.2999999999999998        0.0000000000000000       -2.3685797023739812     
         101   3.3333330000000001        0.0000000000000000       -2.3562910364896226     
         102   3.3666670000000001        0.0000000000000000       -2.6345365668939897     
         103   3.3999999999999999        0.0000000000000000       -2.4022717766983162     
         104   3.4333330000000002        0.0000000000000000       -2.6101591050230550     
         105   3.4666670000000002        0.0000000000000000       -2.3934643665313065     
         106   3.5000000000000000        0.0000000000000000       -2.7695522171365941     
         107   3.5333329999999998        0.0000000000000000       -2.5578990502246679     
         108   3.5666669999999998        0.0000000000000000       -2.6500609979260266     
         109   3.6000000000000001        0.0000000000000000       -2.3921633065812435     
         110   3.6333329999999999        0.0000000000000000       -2.6411082003404425     
         111   3.6666669999999999        0.0000000000000000       -2.8309903262289193     
         112   3.7000000000000002        0.0000000000000000       -2.8203783861143785     
         113   3.7333330000000000        0.0000000000000000       -2.5293500673025404     
         114   3.7666670000000000        0.0000000000000000       -2.8525555386877981     
         115   3.7999999999999998        0.0000000000000000       -2.7121644521822854     
         116   3.8333330000000001        0.0000000000000000       -2.7811500168853498     
         117   3.8666670000000001        0.0000000000000000       -2.8761963044478285     
         118   3.8999999999999999        0.0000000000000000       -2.6109022372486654     
         119   3.9333330000000002        0.0000000000000000       -2.9929681447248564     
         120   3.9666670000000002        0.0000000000000000       -2.7232430027676773     
         121   4.0000000000000000        0.0000000000000000       -2.8548746372979035     
         122   4.0333329999999998        0.0000000000000000       -2.7364163082619077     
         123   4.0666669999999998        0.0000000000000000       -2.9678732017873100     
         124   4.0999999999999996        0.0000000000000000       -2.8374343024371114     
         125   4.1333330000000004        0.0000000000000000       -2.9699879592900120     
         126   4.1666670000000003        0.0000000000000000       -2.6363199832656612     
         127   4.2000000000000002        0.0000000000000000       -2.9508153553924625     
         128   4.2333330000000000        0.0000000000000000       -3.0285269229511638     
         129   4.2666670000000000        0.0000000000000000       -2.7120418149801662     
         130   4.2999999999999998        0.0000000000000000       -3.0096289228259199     
         131   4.3333329999999997        0.0000000000000000       -2.9221331980546337     
         132   4.3666669999999996        0.0000000000000000       -2.8993488856567611     
         133   4.4000000000000004        0.0000000000000000       -2.9475514527667790     
         134   4.4333330000000002        0.0000000000000000       -3.0288510766738770     
         135   4.4666670000000002        0.0000000000000000       -2.7092198250390638     
         136   4.5000000000000000        0.0000000000000000       -3.0862801599282714     
         137   4.5333329999999998        0.0000000000000000       -2.7329325443334520     
         138   4.5666669999999998        0.0000000000000000       -3.0775811978704013     
         139   4.5999999999999996        0.0000000000000000       -2.9990457708116964     
         140   4.6333330000000004        0.0000000000000000       -2.9968472519566198     
         141   4.6666670000000003        0.0000000000000000       -2.7116860994893841     
         142   4.7000000000000002        0.0000000000000000       -3.0070322980157398     
         143   4.7333330000000000        0.0000000000000000       -2.9952291706370460     
         144   4.7666670000000000        0.0000000000000000       -2.8758148404333874     
         145   4.7999999999999998        0.0000000000000000       -3.1489910000486008     
         146   4.8333329999999997        0.0000000000000000       -2.7382325857868368     
         147   4.8666669999999996        0.0000000000000000       -2.9775115344424727     
         148   4.9000000000000004        0.0000000000000000       -3.1801005183644597     
         149   4.9333330000000002        0.0000000000000000       -3.0445155286728012     
         150   4.9666670000000002        0.0000000000000000       -3.2413304275713757     
         151   5.0000000000000000        0.0000000000000000       -1.6206652137856961     
         152   0.0000000000000000        3.3333000000000002E-002   0.0000000000000000     
         153   3.3333000000000002E-002   3.3333000000000002E-002  -11.647103582497181     
         154   6.6667000000000004E-002   3.3333000000000002E-002  -12.817216499505278     
         155  0.10000000000000001        3.3333000000000002E-002  -11.495728491036903     
         156  0.13333300000000001        3.3333000000000002E-002  -9.5635684153261380     
         157  0.16666700000000001        3.3333000000000002E-002  -8.2311397211957029     
         158  0.20000000000000001        3.3333000000000002E-002  -6.8548670094615209     
         159  0.23333300000000001        3.3333000000000002E-002  -6.0198385039701154     
         160  0.26666699999999999        3.3333000000000002E-002  -5.2721388883219866     
         161  0.29999999999999999        3.3333000000000002E-002  -4.6309105241175246     
         162  0.33333299999999999        3.3333000000000002E-002  -4.0442746865733872     
         163  0.36666700000000002        3.3333000000000002E-002  -3.7356354545912804     
         164  0.40000000000000002        3.3333000000000002E-002  -3.3146694285413330     
         165  0.43333300000000002        3.3333000000000002E-002  -3.0878691935523079     
         166  0.46666700000000000        3.3333000000000002E-002  -2.7509112001456573     
         167  0.50000000000000000        3.3333000000000002E-002  -2.5577554627883021     
         168  0.53333299999999995        3.3333000000000002E-002  -2.2600531399281079     
         169  0.56666700000000003        3.3333000000000002E-002  -2.0711047783125567     
         170  0.59999999999999998        3.3333000000000002E-002  -1.7738368503895190     
         171  0.63333300000000003        3.3333000000000002E-002  -1.5739722216783205     
         172  0.66666700000000001        3.3333000000000002E-002  -1.3651769628376040     
         173  0.69999999999999996        3.3333000000000002E-002  -1.1561668306559278     
         174  0.73333300000000001        3.3333000000000002E-002 -0.91580212251790027     
         175  0.76666699999999999        3.3333000000000002E-002 -0.67664730496200720     
         176  0.80000000000000004        3.3333000000000002E-002 -0.50073151062895671     
         177  0.83333299999999999        3.3333000000000002E-002 -0.33235302062180178     
         178  0.86666699999999997        3.3333000000000002E-002 -0.19526366471855172     
         179  0.90000000000000002        3.3333000000000002E-002  -8.6604543926885338E-002
         180  0.93333299999999997        3.3333000000000002E-002  -2.1135271371415642E-002
         181  0.96666700000000005        3.3333000000000002E-002   2.6245404873430068E-002
         182   1.0000000000000000        3.3333000000000002E-002   7.4120613527214038E-002
         183   1.5000000000000000        3.3333000000000002E-002   8.2759947973125268E-003
         184   1.5333330000000001        3.3333000000000002E-002   8.8929478789364622E-002
         185   1.5666670000000000        3.3333000000000002E-002  0.16504869033992434     
         186   1.6000000000000001        3.3333000000000002E-002  0.26888639018629390     
         187   1.6333329999999999        3.3333000000000002E-002  0.37055595557540777     
         188   1.6666669999999999        3.3333000000000002E-002  0.49528292431660847     
         189   1.7000000000000000        3.3333000000000002E-002  0.61536298659491762     
         190   1.7333330000000000        3.3333000000000002E-002  0.69343473560840485     
         191   1.7666670000000000        3.3333000000000002E-002  0.78402597529959839     
         192   1.8000000000000000        3.3333000000000002E-002  0.84248110605073179     
         193   1.8333330000000001        3.3333000000000002E-002  0.86386122750536143     
         194   1.8666670000000001        3.3333000000000002E-002  0.86325784393487093     
         195   1.8999999999999999        3.3333000000000002E-002  0.86767150152360051     
         196   1.9333330000000000        3.3333000000000002E-002  0.82885983951071962     
         197   1.9666669999999999        3.3333000000000002E-002  0.76211579149982733     
         198   2.0000000000000000        3.3333000000000002E-002  0.69243682542397089     
         199   2.0333329999999998        3.3333000000000002E-002  0.62438199915776971     
         200   2.0666669999999998        3.3333000000000002E-002  0.55076036983266807     
         201   2.1000000000000001        3.3333000000000002E-002  0.44701647423719737     
         202   2.1333329999999999        3.3333000000000002E-002  0.35220327458745676     
         203   2.1666669999999999        3.3333000000000002E-002  0.24385297573169740     
         204   2.2000000000000002        3.3333000000000002E-002  0.14031576317501449     
         205   2.2333330000000000        3.3333000000000002E-002   2.6542378989744549E-002
         206   2.2666670000000000        3.3333000000000002E-002  -8.0243659989856803E-002
         207   2.2999999999999998        3.3333000000000002E-002 -0.19126840678560375     
         208   2.3333330000000001        3.3333000000000002E-002 -0.30061842944699163     
         209   2.3666670000000001        3.3333000000000002E-002 -0.41075208060869572     
         210   2.3999999999999999        3.3333000000000002E-002 -0.52034807978409681     
         211   2.4333330000000002        3.3333000000000002E-002 -0.60963824843013170     
         212   2.4666670000000002        3.3333000000000002E-002 -0.73034634085550632     
         213   2.5000000000000000        3.3333000000000002E-002 -0.81672077258617193     
         214   2.5333329999999998        3.3333000000000002E-002 -0.92248410117867541     
         215   2.5666669999999998        3.3333000000000002E-002  -1.0245274014212489     
         216   2.6000000000000001        3.3333000000000002E-002  -1.0888160763766785     
         217   2.6333329999999999        3.3333000000000002E-002  -1.2095687892314433     
         218   2.6666669999999999        3.3333000000000002E-002  -1.2939643962586020     
         219   2.7000000000000002        3.3333000000000002E-002  -1.3377344383227880     
         220   2.7333330000000000        3.3333000000000002E-002  -1.4450744122793295     
         221   2.7666670000000000        3.3333000000000002E-002  -1.5070123739423817     
         222   2.7999999999999998        3.3333000000000002E-002  -1.5657202836892472     
         223   2.8333330000000001        3.3333000000000002E-002  -1.6402179536230741     
         224   2.8666670000000001        3.3333000000000002E-002  -1.7475742609551388     
         225   2.8999999999999999        3.3333000000000002E-002  -1.7781582279262595     
         226   2.9333330000000002        3.3333000000000002E-002  -1.8593479496927070     
         227   2.9666670000000002        3.3333000000000002E-002  -1.8841186490628952     
         228   3.0000000000000000        3.3333000000000002E-002  -1.9315612941328901     
         229   3.0333329999999998        3.3333000000000002E-002  -1.9991661411070776     
         230   3.0666669999999998        3.3333000000000002E-002  -2.1044340814958868     
         231   3.1000000000000001        3.3333000000000002E-002  -2.1060221774658689     
         232   3.1333329999999999        3.3333000000000002E-002  -2.0959547158903074     
         233   3.1666669999999999        3.3333000000000002E-002  -2.1898551290295956     
         234   3.2000000000000002        3.3333000000000002E-002  -2.2110950009192667     
         235   3.2333330000000000        3.3333000000000002E-002  -2.2916399808194807     
         236   3.2666670000000000        3.3333000000000002E-002  -2.2772169013197785     
         237   3.2999999999999998        3.3333000000000002E-002  -2.3219933329417364     
         238   3.3333330000000001        3.3333000000000002E-002  -2.3596371140192218     
         239   3.3666670000000001        3.3333000000000002E-002  -2.4443275731964156     
         240   3.3999999999999999        3.3333000000000002E-002  -2.4242615660563418     
         241   3.4333330000000002        3.3333000000000002E-002  -2.4739854205283613     
         242   3.4666670000000002        3.3333000000000002E-002  -2.4591056308326005     
         243   3.5000000000000000        3.3333000000000002E-002  -2.5517014422285551     
         244   3.5333329999999998        3.3333000000000002E-002  -2.5261090199457752     
         245   3.5666669999999998        3.3333000000000002E-002  -2.5339648716336041     
         246   3.6000000000000001        3.3333000000000002E-002  -2.4919626357851823     
         247   3.6333329999999999        3.3333000000000002E-002  -2.5719274862803707     
         248   3.6666669999999999        3.3333000000000002E-002  -2.6513720948373662     
         249   3.7000000000000002        3.3333000000000002E-002  -2.6594178560724067     
         250   3.7333330000000000        3.3333000000000002E-002  -2.6058871349777304     
         251   3.7666670000000000        3.3333000000000002E-002  -2.6769499396386425     
         252   3.7999999999999998        3.3333000000000002E-002  -2.6684465980539347     
         253   3.8333330000000001        3.3333000000000002E-002  -2.6926865647776088     
         254   3.8666670000000001        3.3333000000000002E-002  -2.7156458812704032     
         255   3.8999999999999999        3.3333000000000002E-002  -2.6750587353184452     
         256   3.9333330000000002        3.3333000000000002E-002  -2.7558653691755759     
         257   3.9666670000000002        3.3333000000000002E-002  -2.7143683001193430     
         258   4.0000000000000000        3.3333000000000002E-002  -2.7369875113921838     
         259   4.0333329999999998        3.3333000000000002E-002  -2.7290593805766759     
         260   4.0666669999999998        3.3333000000000002E-002  -2.7867071500812033     
         261   4.0999999999999996        3.3333000000000002E-002  -2.7734841751580643     
         262   4.1333330000000004        3.3333000000000002E-002  -2.7885601596827279     
         263   4.1666670000000003        3.3333000000000002E-002  -2.7251401211302957     
         264   4.2000000000000002        3.3333000000000002E-002  -2.7998320532076177     
         265   4.2333330000000000        3.3333000000000002E-002  -2.8271092443596539     
         266   4.2666670000000000        3.3333000000000002E-002  -2.7688505249870214     
         267   4.2999999999999998        3.3333000000000002E-002  -2.8315111853868422     
         268   4.3333329999999997        3.3333000000000002E-002  -2.8262381477117926     
         269   4.3666669999999996        3.3333000000000002E-002  -2.8235310011992469     
         270   4.4000000000000004        3.3333000000000002E-002  -2.8383403159877574     
         271   4.4333330000000002        3.3333000000000002E-002  -2.8467287536503729     
         272   4.4666670000000002        3.3333000000000002E-002  -2.7826024212103628     
         273   4.5000000000000000        3.3333000000000002E-002  -2.8510306684300821     
         274   4.5333329999999998        3.3333000000000002E-002  -2.7979628512078434     
         275   4.5666669999999998        3.3333000000000002E-002  -2.8748592974055280     
         276   4.5999999999999996        3.3333000000000002E-002  -2.8707036249418940     
         277   4.6333330000000004        3.3333000000000002E-002  -2.8510738194899394     
         278   4.6666670000000003        3.3333000000000002E-002  -2.7868258318468917     
         279   4.7000000000000002        3.3333000000000002E-002  -2.8511223592485826     
         280   4.7333330000000000        3.3333000000000002E-002  -2.8628715704548395     
         281   4.7666670000000000        3.3333000000000002E-002  -2.8479821242926162     
         282   4.7999999999999998        3.3333000000000002E-002  -2.8953087222660749     
         283   4.8333329999999997        3.3333000000000002E-002  -2.8154523909439328     
         284   4.8666669999999996        3.3333000000000002E-002  -2.8733698073482450     
         285   4.9000000000000004        3.3333000000000002E-002  -2.9331829413461001     
         286   4.9333330000000002        3.3333000000000002E-002  -2.8951963783489183     
         287   4.9666670000000002        3.3333000000000002E-002  -2.8372688835929254     
         288   5.0000000000000000        3.3333000000000002E-002  -2.4875580433186069     
         289   0.0000000000000000        6.6667000000000004E-002   0.0000000000000000     
         290   3.3333000000000002E-002   6.6667000000000004E-002  -5.3049116322829448     
         291   6.6667000000000004E-002   6.6667000000000004E-002  -7.8675036039530939     
         292  0.10000000000000001        6.6667000000000004E-002  -8.3321383987741235     
         293  0.13333300000000001        6.6667000000000004E-002  -7.8398609152140155     
         294  0.16666700000000001        6.6667000000000004E-002  -7.1430804574972475     
         295  0.20000000000000001        6.6667000000000004E-002  -6.3419835517049510     
         296  0.23333300000000001        6.6667000000000004E-002  -5.6812316976268882     
         297  0.26666699999999999        6.6667000000000004E-002  -5.0808973897810006     
         298  0.29999999999999999        6.6667000000000004E-002  -4.5553734987873167     
         299  0.33333299999999999        6.6667000000000004E-002  -4.0853277257833902     
         300  0.36666700000000002        6.6667000000000004E-002  -3.7265107357896801     
         301  0.40000000000000002        6.6667000000000004E-002  -3.3842261675254726     
         302  0.43333300000000002        6.6667000000000004E-002  -3.1086730169011085     
         303  0.46666700000000000        6.6667000000000004E-002  -2.8320221115136959     
         304  0.50000000000000000        6.6667000000000004E-002  -2.5980927276089951     
         305  0.53333299999999995        6.6667000000000004E-002  -2.3534904926669227     
         306  0.56666700000000003        6.6667000000000004E-002  -2.1353347082368055     
         307  0.59999999999999998        6.6667000000000004E-002  -1.9026261832511759     
         308  0.63333300000000003        6.6667000000000004E-002  -1.6952025608129326     
         309  0.66666700000000001        6.6667000000000004E-002  -1.4946825285825018     
         310  0.69999999999999996        6.6667000000000004E-002  -1.2952604739400591     
         311  0.73333300000000001        6.6667000000000004E-002  -1.0911589513820632     
         312  0.76666699999999999        6.6667000000000004E-002 -0.89319294348459821     
         313  0.80000000000000004        6.6667000000000004E-002 -0.71922567840623530     
         314  0.83333299999999999        6.6667000000000004E-002 -0.55867415527959918     
         315  0.86666699999999997        6.6667000000000004E-002 -0.41322518280464177     
         316  0.90000000000000002        6.6667000000000004E-002 -0.27975160038187219     
         317  0.93333299999999997        6.6667000000000004E-002 -0.15464571361776144     
         318  0.96666700000000005        6.6667000000000004E-002  -2.2126626405113436E-002
         319   1.0000000000000000        6.6667000000000004E-002  0.13547399040679128     
         320   1.5000000000000000        6.6667000000000004E-002  0.11556403452325219     
         321   1.5333330000000001        6.6667000000000004E-002  0.17412388047710914     
         322   1.5666670000000000        6.6667000000000004E-002  0.21275041350265331     
         323   1.6000000000000001        6.6667000000000004E-002  0.25154929671101944     
         324   1.6333329999999999        6.6667000000000004E-002  0.29233798647808229     
         325   1.6666669999999999        6.6667000000000004E-002  0.34113634544488264     
         326   1.7000000000000000        6.6667000000000004E-002  0.38936759046198560     
         327   1.7333330000000000        6.6667000000000004E-002  0.42635035387588921     
         328   1.7666670000000000        6.6667000000000004E-002  0.46062220138615489     
         329   1.8000000000000000        6.6667000000000004E-002  0.48056324350603269     
         330   1.8333330000000001        6.6667000000000004E-002  0.48280768852978523     
         331   1.8666670000000001        6.6667000000000004E-002  0.47159841801019292     
         332   1.8999999999999999        6.6667000000000004E-002  0.45202665842412276     
         333   1.9333330000000000        6.6667000000000004E-002  0.41364816334558974     
         334   1.9666669999999999        6.6667000000000004E-002  0.36005486692497252     
         335   2.0000000000000000        6.6667000000000004E-002  0.29971475353996890     
         336   2.0333329999999998        6.6667000000000004E-002  0.23604542582528232     
         337   2.0666669999999998        6.6667000000000004E-002  0.16592350420113092     
         338   2.1000000000000001        6.6667000000000004E-002   8.5326975930661034E-002
         339   2.1333329999999999        6.6667000000000004E-002   2.1869045022971786E-003
         340   2.1666669999999999        6.6667000000000004E-002  -8.6005512124696565E-002
         341   2.2000000000000002        6.6667000000000004E-002 -0.17522314965417618     
         342   2.2333330000000000        6.6667000000000004E-002 -0.26743931976974561     
         343   2.2666670000000000        6.6667000000000004E-002 -0.35896790137543594     
         344   2.2999999999999998        6.6667000000000004E-002 -0.45130405299524184     
         345   2.3333330000000001        6.6667000000000004E-002 -0.54328096046721086     
         346   2.3666670000000001        6.6667000000000004E-002 -0.63476098442081963     
         347   2.3999999999999999        6.6667000000000004E-002 -0.72453920850644116     
         348   2.4333330000000002        6.6667000000000004E-002 -0.80961730839834090     
         349   2.4666670000000002        6.6667000000000004E-002 -0.89943143685513116     
         350   2.5000000000000000        6.6667000000000004E-002 -0.98190545149076325     
         351   2.5333329999999998        6.6667000000000004E-002  -1.0663831350327004     
         352   2.5666669999999998        6.6667000000000004E-002  -1.1478341872967486     
         353   2.6000000000000001        6.6667000000000004E-002  -1.2205815630424952     
         354   2.6333329999999999        6.6667000000000004E-002  -1.3027163727084774     
         355   2.6666669999999999        6.6667000000000004E-002  -1.3744499926837594     
         356   2.7000000000000002        6.6667000000000004E-002  -1.4350034459581649     
         357   2.7333330000000000        6.6667000000000004E-002  -1.5061153038098600     
         358   2.7666670000000000        6.6667000000000004E-002  -1.5672100458888636     
         359   2.7999999999999998        6.6667000000000004E-002  -1.6256169096140514     
         360   2.8333330000000001        6.6667000000000004E-002  -1.6888883484769150     
         361   2.8666670000000001        6.6667000000000004E-002  -1.7565149289359587     
         362   2.8999999999999999        6.6667000000000004E-002  -1.8061006435763567     
         363   2.9333330000000002        6.6667000000000004E-002  -1.8600491694962773     
         364   2.9666670000000002        6.6667000000000004E-002  -1.9009447683157603     
         365   3.0000000000000000        6.6667000000000004E-002  -1.9457384619259073     
         366   3.0333329999999998        6.6667000000000004E-002  -1.9985380869004234     
         367   3.0666669999999998        6.6667000000000004E-002  -2.0550370341127540     
         368   3.1000000000000001        6.6667000000000004E-002  -2.0835375064671577     
         369   3.1333329999999999        6.6667000000000004E-002  -2.1065608473716990     
         370   3.1666669999999999        6.6667000000000004E-002  -2.1527518771548939     
         371   3.2000000000000002        6.6667000000000004E-002  -2.1879700558296413     
         372   3.2333330000000000        6.6667000000000004E-002  -2.2299771159703008     
         373   3.2666670000000000        6.6667000000000004E-002  -2.2514569263700950     
         374   3.2999999999999998        6.6667000000000004E-002  -2.2834698357201608     
         375   3.3333330000000001        6.6667000000000004E-002  -2.3182266845239985     
         376   3.3666670000000001        6.6667000000000004E-002  -2.3594437473829255     
         377   3.3999999999999999        6.6667000000000004E-002  -2.3767809952396250     
         378   3.4333330000000002        6.6667000000000004E-002  -2.4029221978026434     
         379   3.4666670000000002        6.6667000000000004E-002  -2.4187979960014641     
         380   3.5000000000000000        6.6667000000000004E-002  -2.4527255878711283     
         381   3.5333329999999998        6.6667000000000004E-002  -2.4602389028033387     
         382   3.5666669999999998        6.6667000000000004E-002  -2.4675782310868137     
         383   3.6000000000000001        6.6667000000000004E-002  -2.4704371788967618     
         384   3.6333329999999999        6.6667000000000004E-002  -2.5056813827422633     
         385   3.6666669999999999        6.6667000000000004E-002  -2.5440363873297569     
         386   3.7000000000000002        6.6667000000000004E-002  -2.5595868859040398     
         387   3.7333330000000000        6.6667000000000004E-002  -2.5583044672830653     
         388   3.7666670000000000        6.6667000000000004E-002  -2.5816419559004258     
         389   3.7999999999999998        6.6667000000000004E-002  -2.5919205258337357     
         390   3.8333330000000001        6.6667000000000004E-002  -2.6064127443916378     
         391   3.8666670000000001        6.6667000000000004E-002  -2.6184853717194154     
         392   3.8999999999999999        6.6667000000000004E-002  -2.6187626722379322     
         393   3.9333330000000002        6.6667000000000004E-002  -2.6415073623958367     
         394   3.9666670000000002        6.6667000000000004E-002  -2.6407702991179907     
         395   4.0000000000000000        6.6667000000000004E-002  -2.6499433906510075     
         396   4.0333329999999998        6.6667000000000004E-002  -2.6571361840356320     
         397   4.0666669999999998        6.6667000000000004E-002  -2.6769061111109109     
         398   4.0999999999999996        6.6667000000000004E-002  -2.6812560655404689     
         399   4.1333330000000004        6.6667000000000004E-002  -2.6851085203281988     
         400   4.1666670000000003        6.6667000000000004E-002  -2.6759614710588320     
         401   4.2000000000000002        6.6667000000000004E-002  -2.6976608465574130     
         402   4.2333330000000000        6.6667000000000004E-002  -2.7109255915777881     
         403   4.2666670000000000        6.6667000000000004E-002  -2.7048032393004271     
         404   4.2999999999999998        6.6667000000000004E-002  -2.7220554952575027     
         405   4.3333329999999997        6.6667000000000004E-002  -2.7274287617899664     
         406   4.3666669999999996        6.6667000000000004E-002  -2.7303971442070010     
         407   4.4000000000000004        6.6667000000000004E-002  -2.7358972601253018     
         408   4.4333330000000002        6.6667000000000004E-002  -2.7366469046192701     
         409   4.4666670000000002        6.6667000000000004E-002  -2.7236416670477390     
         410   4.5000000000000000        6.6667000000000004E-002  -2.7374451958484332     
         411   4.5333329999999998        6.6667000000000004E-002  -2.7334366613786862     
         412   4.5666669999999998        6.6667000000000004E-002  -2.7541116924064619     
         413   4.5999999999999996        6.6667000000000004E-002  -2.7572167406671628     
         414   4.6333330000000004        6.6667000000000004E-002  -2.7489362145715601     
         415   4.6666670000000003        6.6667000000000004E-002  -2.7334586423299636     
         416   4.7000000000000002        6.6667000000000004E-002  -2.7486211626933459     
         417   4.7333330000000000        6.6667000000000004E-002  -2.7571904718471449     
         418   4.7666670000000000        6.6667000000000004E-002  -2.7588196079017959     
         419   4.7999999999999998        6.6667000000000004E-002  -2.7683887137389416     
         420   4.8333329999999997        6.6667000000000004E-002  -2.7541493560075785     
         421   4.8666669999999996        6.6667000000000004E-002  -2.7694680382497965     
         422   4.9000000000000004        6.6667000000000004E-002  -2.7841209480256284     
         423   4.9333330000000002        6.6667000000000004E-002  -2.7650097746417304     
         424   4.9666670000000002        6.6667000000000004E-002  -2.7202002939881633     
         425   5.0000000000000000        6.6667000000000004E-002  -2.6364374821584695     
         426   0.0000000000000000       0.10000000000000001        0.0000000000000000     
         427   3.3333000000000002E-002  0.10000000000000001       -2.8620529394666856     
         428   6.6667000000000004E-002  0.10000000000000001       -4.9286077794616805     
         429  0.10000000000000001       0.10000000000000001       -5.9224489899069734     
         430  0.13333300000000001       0.10000000000000001       -6.1337659448260871     
         431  0.16666700000000001       0.10000000000000001       -5.9705455162801035     
         432  0.20000000000000001       0.10000000000000001       -5.6104159639942486     
         433  0.23333300000000001       0.10000000000000001       -5.1836482894836040     
         434  0.26666699999999999       0.10000000000000001       -4.7586948778803286     
         435  0.29999999999999999       0.10000000000000001       -4.3585841070591176     
         436  0.33333299999999999       0.10000000000000001       -3.9906787863305837     
         437  0.36666700000000002       0.10000000000000001       -3.6642238411454278     
         438  0.40000000000000002       0.10000000000000001       -3.3721862211617499     
         439  0.43333300000000002       0.10000000000000001       -3.1066147257134196     
         440  0.46666700000000000       0.10000000000000001       -2.8600849755654147     
         441  0.50000000000000000       0.10000000000000001       -2.6319676405094414     
         442  0.53333299999999995       0.10000000000000001       -2.4128860538734296     
         443  0.56666700000000003       0.10000000000000001       -2.2027386724381470     
         444  0.59999999999999998       0.10000000000000001       -1.9973038304258441     
         445  0.63333300000000003       0.10000000000000001       -1.8041211261377705     
         446  0.66666700000000001       0.10000000000000001       -1.6167308420984225     
         447  0.69999999999999996       0.10000000000000001       -1.4355259115285885     
         448  0.73333300000000001       0.10000000000000001       -1.2563149145926542     
         449  0.76666699999999999       0.10000000000000001       -1.0844111961877381     
         450  0.80000000000000004       0.10000000000000001      -0.92346187760242748     
         451  0.83333299999999999       0.10000000000000001      -0.76973752507570303     
         452  0.86666699999999997       0.10000000000000001      -0.61920064329137703     
         453  0.90000000000000002       0.10000000000000001      -0.46459999377690775     
         454  0.93333299999999997       0.10000000000000001      -0.29556428692382691     
         455  0.96666700000000005       0.10000000000000001       -9.5589393244238846E-002
         456   1.0000000000000000       0.10000000000000001       0.15933165353418394     
         457   1.5000000000000000       0.10000000000000001       0.25778818660405750     
         458   1.5333330000000001       0.10000000000000001       0.27927642280323423     
         459   1.5666670000000000       0.10000000000000001       0.26037228512977761     
         460   1.6000000000000001       0.10000000000000001       0.23191231782942578     
         461   1.6333329999999999       0.10000000000000001       0.20568037082013210     
         462   1.6666669999999999       0.10000000000000001       0.18662939758359612     
         463   1.7000000000000000       0.10000000000000001       0.17301623999819796     
         464   1.7333330000000000       0.10000000000000001       0.16112606145897668     
         465   1.7666670000000000       0.10000000000000001       0.15018080082099214     
         466   1.8000000000000000       0.10000000000000001       0.13574186221496817     
         467   1.8333330000000001       0.10000000000000001       0.11516630585380970     
         468   1.8666670000000001       0.10000000000000001        8.8535065583375927E-002
         469   1.8999999999999999       0.10000000000000001        5.6092820257129042E-002
         470   1.9333330000000000       0.10000000000000001        1.4824208968288071E-002
         471   1.9666669999999999       0.10000000000000001       -3.3853625530233855E-002
         472   2.0000000000000000       0.10000000000000001       -8.7390826123140378E-002
         473   2.0333329999999998       0.10000000000000001      -0.14473499977241353     
         474   2.0666669999999998       0.10000000000000001      -0.20602002057385294     
         475   2.1000000000000001       0.10000000000000001      -0.27231120018861460     
         476   2.1333329999999999       0.10000000000000001      -0.34156786133379785     
         477   2.1666669999999999       0.10000000000000001      -0.41324911438875567     
         478   2.2000000000000002       0.10000000000000001      -0.48642584768933500     
         479   2.2333330000000000       0.10000000000000001      -0.56136514427940332     
         480   2.2666670000000000       0.10000000000000001      -0.63620356432187608     
         481   2.2999999999999998       0.10000000000000001      -0.71129399611283572     
         482   2.3333330000000001       0.10000000000000001      -0.78634210574613372     
         483   2.3666670000000001       0.10000000000000001      -0.86069490539311388     
         484   2.3999999999999999       0.10000000000000001      -0.93385449935612952     
         485   2.4333330000000002       0.10000000000000001       -1.0053838111463185     
         486   2.4666670000000002       0.10000000000000001       -1.0770314386328450     
         487   2.5000000000000000       0.10000000000000001       -1.1462621341842976     
         488   2.5333329999999998       0.10000000000000001       -1.2146583233709789     
         489   2.5666669999999998       0.10000000000000001       -1.2809919426528134     
         490   2.6000000000000001       0.10000000000000001       -1.3445644647023238     
         491   2.6333329999999999       0.10000000000000001       -1.4081257059093684     
         492   2.6666669999999999       0.10000000000000001       -1.4676520978601191     
         493   2.7000000000000002       0.10000000000000001       -1.5231746885112394     
         494   2.7333330000000000       0.10000000000000001       -1.5792023201528558     
         495   2.7666670000000000       0.10000000000000001       -1.6319520195618709     
         496   2.7999999999999998       0.10000000000000001       -1.6832891189645949     
         497   2.8333330000000001       0.10000000000000001       -1.7347500513126739     
         498   2.8666670000000001       0.10000000000000001       -1.7863407261855868     
         499   2.8999999999999999       0.10000000000000001       -1.8317813827266183     
         500   2.9333330000000002       0.10000000000000001       -1.8755513243997506     
         501   2.9666670000000002       0.10000000000000001       -1.9150837162226177     
         502   3.0000000000000000       0.10000000000000001       -1.9546857913284406     
         503   3.0333329999999998       0.10000000000000001       -1.9958362614536478     
         504   3.0666669999999998       0.10000000000000001       -2.0362298604248017     
         505   3.1000000000000001       0.10000000000000001       -2.0672852078928363     
         506   3.1333329999999999       0.10000000000000001       -2.0957424944560956     
         507   3.1666669999999999       0.10000000000000001       -2.1285240472267799     
         508   3.2000000000000002       0.10000000000000001       -2.1597573312747627     
         509   3.2333330000000000       0.10000000000000001       -2.1909713790668097     
         510   3.2666670000000000       0.10000000000000001       -2.2167137742751057     
         511   3.2999999999999998       0.10000000000000001       -2.2436354377116570     
         512   3.3333330000000001       0.10000000000000001       -2.2720123804592447     
         513   3.3666670000000001       0.10000000000000001       -2.3004938208435530     
         514   3.3999999999999999       0.10000000000000001       -2.3219623299380836     
         515   3.4333330000000002       0.10000000000000001       -2.3430395042813483     
         516   3.4666670000000002       0.10000000000000001       -2.3613545131161255     
         517   3.5000000000000000       0.10000000000000001       -2.3818574140747812     
         518   3.5333329999999998       0.10000000000000001       -2.3948335437973243     
         519   3.5666669999999998       0.10000000000000001       -2.4059012469459078     
         520   3.6000000000000001       0.10000000000000001       -2.4175629382709807     
         521   3.6333329999999999       0.10000000000000001       -2.4386151624238246     
         522   3.6666669999999999       0.10000000000000001       -2.4611831149368606     
         523   3.7000000000000002       0.10000000000000001       -2.4768638649391330     
         524   3.7333330000000000       0.10000000000000001       -2.4867389020731303     
         525   3.7666670000000000       0.10000000000000001       -2.5005465902447632     
         526   3.7999999999999998       0.10000000000000001       -2.5120532311958921     
         527   3.8333330000000001       0.10000000000000001       -2.5233353202348470     
         528   3.8666670000000001       0.10000000000000001       -2.5333107968201536     
         529   3.8999999999999999       0.10000000000000001       -2.5404563225548458     
         530   3.9333330000000002       0.10000000000000001       -2.5516293724621861     
         531   3.9666670000000002       0.10000000000000001       -2.5578166898018697     
         532   4.0000000000000000       0.10000000000000001       -2.5652317401591636     
         533   4.0333329999999998       0.10000000000000001       -2.5731855573034612     
         534   4.0666669999999998       0.10000000000000001       -2.5835735153807966     
         535   4.0999999999999996       0.10000000000000001       -2.5898423544665690     
         536   4.1333330000000004       0.10000000000000001       -2.5941081158641088     
         537   4.1666670000000003       0.10000000000000001       -2.5962177466606775     
         538   4.2000000000000002       0.10000000000000001       -2.6057773006371878     
         539   4.2333330000000000       0.10000000000000001       -2.6139216338550466     
         540   4.2666670000000000       0.10000000000000001       -2.6176053096184870     
         541   4.2999999999999998       0.10000000000000001       -2.6256402266286529     
         542   4.3333329999999997       0.10000000000000001       -2.6311574757611713     
         543   4.3666669999999996       0.10000000000000001       -2.6350245901998486     
         544   4.4000000000000004       0.10000000000000001       -2.6384552622018305     
         545   4.4333330000000002       0.10000000000000001       -2.6396118468248257     
         546   4.4666670000000002       0.10000000000000001       -2.6378638009489963     
         547   4.5000000000000000       0.10000000000000001       -2.6421292503098548     
         548   4.5333329999999998       0.10000000000000001       -2.6447297174738860     
         549   4.5666669999999998       0.10000000000000001       -2.6520976383821915     
         550   4.5999999999999996       0.10000000000000001       -2.6548764342297342     
         551   4.6333330000000004       0.10000000000000001       -2.6527707160279972     
         552   4.6666670000000003       0.10000000000000001       -2.6494550925399083     
         553   4.7000000000000002       0.10000000000000001       -2.6540344863149579     
         554   4.7333330000000000       0.10000000000000001       -2.6587547462746728     
         555   4.7666670000000000       0.10000000000000001       -2.6617264343655327     
         556   4.7999999999999998       0.10000000000000001       -2.6649755270637145     
         557   4.8333329999999997       0.10000000000000001       -2.6633948772786007     
         558   4.8666669999999996       0.10000000000000001       -2.6673863564270706     
         559   4.9000000000000004       0.10000000000000001       -2.6691660518884168     
         560   4.9333330000000002       0.10000000000000001       -2.6580096986108188     
         561   4.9666670000000002       0.10000000000000001       -2.6363037898797606     
         562   5.0000000000000000       0.10000000000000001       -2.6140873055227236     
         563   0.0000000000000000       0.13333300000000001        0.0000000000000000     
         564   3.3333000000000002E-002  0.13333300000000001       -1.6925657931827569     
         565   6.6667000000000004E-002  0.13333300000000001       -3.1992390155926920     
         566  0.10000000000000001       0.13333300000000001       -4.2030853175316949     
         567  0.13333300000000001       0.13333300000000001       -4.7089192585706918     
         568  0.16666700000000001       0.13333300000000001       -4.8672255783719889     
         569  0.20000000000000001       0.13333300000000001       -4.7900788511046999     
         570  0.23333300000000001       0.13333300000000001       -4.5975583960388917     
         571  0.26666699999999999       0.13333300000000001       -4.3509390605197664     
         572  0.29999999999999999       0.13333300000000001       -4.0699668635906505     
         573  0.33333299999999999       0.13333300000000001       -3.8005570897090286     
         574  0.36666700000000002       0.13333300000000001       -3.5420678821767098     
         575  0.40000000000000002       0.13333300000000001       -3.2924436650773323     
         576  0.43333300000000002       0.13333300000000001       -3.0642563316803679     
         577  0.46666700000000000       0.13333300000000001       -2.8488362186896339     
         578  0.50000000000000000       0.13333300000000001       -2.6405932779185468     
         579  0.53333299999999995       0.13333300000000001       -2.4420939637271788     
         580  0.56666700000000003       0.13333300000000001       -2.2542689964112426     
         581  0.59999999999999998       0.13333300000000001       -2.0697079198530752     
         582  0.63333300000000003       0.13333300000000001       -1.8949860878089830     
         583  0.66666700000000001       0.13333300000000001       -1.7276124612862294     
         584  0.69999999999999996       0.13333300000000001       -1.5664416189326356     
         585  0.73333300000000001       0.13333300000000001       -1.4112874838681582     
         586  0.76666699999999999       0.13333300000000001       -1.2624852680118615     
         587  0.80000000000000004       0.13333300000000001       -1.1192266859581443     
         588  0.83333299999999999       0.13333300000000001      -0.97740000984369890     
         589  0.86666699999999997       0.13333300000000001      -0.82929344830474994     
         590  0.90000000000000002       0.13333300000000001      -0.66409354564804512     
         591  0.93333299999999997       0.13333300000000001      -0.46741560498544449     
         592  0.96666700000000005       0.13333300000000001      -0.22394646320679781     
         593   1.0000000000000000       0.13333300000000001        7.3289699082088475E-002
         594   1.5000000000000000       0.13333300000000001       0.52011911369993047     
         595   1.5333330000000001       0.13333300000000001       0.42525558667894320     
         596   1.5666670000000000       0.13333300000000001       0.31777627996335672     
         597   1.6000000000000001       0.13333300000000001       0.21014904018951194     
         598   1.6333329999999999       0.13333300000000001       0.11129978517832299     
         599   1.6666669999999999       0.13333300000000001        2.5873028658660327E-002
         600   1.7000000000000000       0.13333300000000001       -4.6018141356953354E-002
         601   1.7333330000000000       0.13333300000000001      -0.10634473777234639     
         602   1.7666670000000000       0.13333300000000001      -0.15759978073327729     
         603   1.8000000000000000       0.13333300000000001      -0.20320946781434049     
         604   1.8333330000000001       0.13333300000000001      -0.24606980667173967     
         605   1.8666670000000001       0.13333300000000001      -0.28781285368205456     
         606   1.8999999999999999       0.13333300000000001      -0.33011976552705030     
         607   1.9333330000000000       0.13333300000000001      -0.37405404161069344     
         608   1.9666669999999999       0.13333300000000001      -0.42062689721718349     
         609   2.0000000000000000       0.13333300000000001      -0.46907754580910860     
         610   2.0333329999999998       0.13333300000000001      -0.51875603894407807     
         611   2.0666669999999998       0.13333300000000001      -0.57070626269025815     
         612   2.1000000000000001       0.13333300000000001      -0.62446973631181835     
         613   2.1333329999999999       0.13333300000000001      -0.67984436312812113     
         614   2.1666669999999999       0.13333300000000001      -0.73701302779871214     
         615   2.2000000000000002       0.13333300000000001      -0.79479614750995065     
         616   2.2333330000000000       0.13333300000000001      -0.85349755807696881     
         617   2.2666670000000000       0.13333300000000001      -0.91216190455150625     
         618   2.2999999999999998       0.13333300000000001      -0.97094689014683866     
         619   2.3333330000000001       0.13333300000000001       -1.0296894660389002     
         620   2.3666670000000001       0.13333300000000001       -1.0877361471808611     
         621   2.3999999999999999       0.13333300000000001       -1.1451813780554720     
         622   2.4333330000000002       0.13333300000000001       -1.2017835682862321     
         623   2.4666670000000002       0.13333300000000001       -1.2577726965148186     
         624   2.5000000000000000       0.13333300000000001       -1.3125321847318998     
         625   2.5333329999999998       0.13333300000000001       -1.3664344787826690     
         626   2.5666669999999998       0.13333300000000001       -1.4189873892246361     
         627   2.6000000000000001       0.13333300000000001       -1.4698106764018217     
         628   2.6333329999999999       0.13333300000000001       -1.5196806660824516     
         629   2.6666669999999999       0.13333300000000001       -1.5675823129872779     
         630   2.7000000000000002       0.13333300000000001       -1.6130960146343531     
         631   2.7333330000000000       0.13333300000000001       -1.6575624746009077     
         632   2.7666670000000000       0.13333300000000001       -1.7008715990011158     
         633   2.7999999999999998       0.13333300000000001       -1.7425616788703691     
         634   2.8333330000000001       0.13333300000000001       -1.7840928343925959     
         635   2.8666670000000001       0.13333300000000001       -1.8241227839600849     
         636   2.8999999999999999       0.13333300000000001       -1.8620778730638545     
         637   2.9333330000000002       0.13333300000000001       -1.8978002814148263     
         638   2.9666670000000002       0.13333300000000001       -1.9315370757429244     
         639   3.0000000000000000       0.13333300000000001       -1.9646686834991114     
         640   3.0333329999999998       0.13333300000000001       -1.9971392048937131     
         641   3.0666669999999998       0.13333300000000001       -2.0284172942963328     
         642   3.1000000000000001       0.13333300000000001       -2.0562822716724800     
         643   3.1333329999999999       0.13333300000000001       -2.0820615999325591     
         644   3.1666669999999999       0.13333300000000001       -2.1085929276153696     
         645   3.2000000000000002       0.13333300000000001       -2.1343668872536865     
         646   3.2333330000000000       0.13333300000000001       -2.1592992557534103     
         647   3.2666670000000000       0.13333300000000001       -2.1823932427570609     
         648   3.2999999999999998       0.13333300000000001       -2.2052639387544266     
         649   3.3333330000000001       0.13333300000000001       -2.2280663248814760     
         650   3.3666670000000001       0.13333300000000001       -2.2499208410847911     
         651   3.3999999999999999       0.13333300000000001       -2.2695404548766360     
         652   3.4333330000000002       0.13333300000000001       -2.2873209101250085     
         653   3.4666670000000002       0.13333300000000001       -2.3039562003642642     
         654   3.5000000000000000       0.13333300000000001       -2.3194926221034944     
         655   3.5333329999999998       0.13333300000000001       -2.3326775349730733     
         656   3.5666669999999998       0.13333300000000001       -2.3443283192775395     
         657   3.6000000000000001       0.13333300000000001       -2.3567720623753012     
         658   3.6333329999999999       0.13333300000000001       -2.3716819090183070     
         659   3.6666669999999999       0.13333300000000001       -2.3875771287857579     
         660   3.7000000000000002       0.13333300000000001       -2.4009717854712749     
         661   3.7333330000000000       0.13333300000000001       -2.4119210087293701     
         662   3.7666670000000000       0.13333300000000001       -2.4230840329966754     
         663   3.7999999999999998       0.13333300000000001       -2.4332748014402275     
         664   3.8333330000000001       0.13333300000000001       -2.4429577484702527     
         665   3.8666670000000001       0.13333300000000001       -2.4515207057865140     
         666   3.8999999999999999       0.13333300000000001       -2.4593087205806179     
         667   3.9333330000000002       0.13333300000000001       -2.4673282807341295     
         668   3.9666670000000002       0.13333300000000001       -2.4741443161760004     
         669   4.0000000000000000       0.13333300000000001       -2.4809410336175368     
         670   4.0333329999999998       0.13333300000000001       -2.4877970008705326     
         671   4.0666669999999998       0.13333300000000001       -2.4949254432034742     
         672   4.0999999999999996       0.13333300000000001       -2.5008412024353022     
         673   4.1333330000000004       0.13333300000000001       -2.5056052304173737     
         674   4.1666670000000003       0.13333300000000001       -2.5098764622691512     
         675   4.2000000000000002       0.13333300000000001       -2.5159829548521260     
         676   4.2333330000000000       0.13333300000000001       -2.5218969351730602     
         677   4.2666670000000000       0.13333300000000001       -2.5268067209988891     
         678   4.2999999999999998       0.13333300000000001       -2.5322086072658552     
         679   4.3333329999999997       0.13333300000000001       -2.5368908581991438     
         680   4.3666669999999996       0.13333300000000001       -2.5406051804480665     
         681   4.4000000000000004       0.13333300000000001       -2.5435047230373273     
         682   4.4333330000000002       0.13333300000000001       -2.5453415013923584     
         683   4.4666670000000002       0.13333300000000001       -2.5463530518756565     
         684   4.5000000000000000       0.13333300000000001       -2.5488508895219493     
         685   4.5333329999999998       0.13333300000000001       -2.5515573389398378     
         686   4.5666669999999998       0.13333300000000001       -2.5552307204851079     
         687   4.5999999999999996       0.13333300000000001       -2.5573932480348684     
         688   4.6333330000000004       0.13333300000000001       -2.5576904575724333     
         689   4.6666670000000003       0.13333300000000001       -2.5576041492327035     
         690   4.7000000000000002       0.13333300000000001       -2.5597447686844155     
         691   4.7333330000000000       0.13333300000000001       -2.5624225528803128     
         692   4.7666670000000000       0.13333300000000001       -2.5647427937390193     
         693   4.7999999999999998       0.13333300000000001       -2.5665609917908485     
         694   4.8333329999999997       0.13333300000000001       -2.5669746669861886     
         695   4.8666669999999996       0.13333300000000001       -2.5678105354645235     
         696   4.9000000000000004       0.13333300000000001       -2.5667008238841316     
         697   4.9333330000000002       0.13333300000000001       -2.5605725541240050     
         698   4.9666670000000002       0.13333300000000001       -2.5506780886554394     
         699   5.0000000000000000       0.13333300000000001       -2.5438669267852525     
         700   0.0000000000000000       0.16666700000000001        0.0000000000000000     
         701   3.3333000000000002E-002  0.16666700000000001       -1.0765995892895364     
         702   6.6667000000000004E-002  0.16666700000000001       -2.1610796220615729     
         703  0.10000000000000001       0.16666700000000001       -3.0044212939332224     
         704  0.13333300000000001       0.16666700000000001       -3.5816348173137391     
         705  0.16666700000000001       0.16666700000000001       -3.8994178296649764     
         706  0.20000000000000001       0.16666700000000001       -4.0071695362595472     
         707  0.23333300000000001       0.16666700000000001       -3.9899705363638476     
         708  0.26666699999999999       0.16666700000000001       -3.8806057064436810     
         709  0.29999999999999999       0.16666700000000001       -3.7287719796549434     
         710  0.33333299999999999       0.16666700000000001       -3.5447117743615006     
         711  0.36666700000000002       0.16666700000000001       -3.3531010753955530     
         712  0.40000000000000002       0.16666700000000001       -3.1667153670566019     
         713  0.43333300000000002       0.16666700000000001       -2.9767814115748878     
         714  0.46666700000000000       0.16666700000000001       -2.7950609777388715     
         715  0.50000000000000000       0.16666700000000001       -2.6174428516542636     
         716  0.53333299999999995       0.16666700000000001       -2.4474634310942638     
         717  0.56666700000000003       0.16666700000000001       -2.2802460365044532     
         718  0.59999999999999998       0.16666700000000001       -2.1209650459053053     
         719  0.63333300000000003       0.16666700000000001       -1.9673439367138832     
         720  0.66666700000000001       0.16666700000000001       -1.8234202908996326     
         721  0.69999999999999996       0.16666700000000001       -1.6853066130486747     
         722  0.73333300000000001       0.16666700000000001       -1.5559791370532168     
         723  0.76666699999999999       0.16666700000000001       -1.4324411911179578     
         724  0.80000000000000004       0.16666700000000001       -1.3129888603092836     
         725  0.83333299999999999       0.16666700000000001       -1.1916227511675952     
         726  0.86666699999999997       0.16666700000000001       -1.0573056550043411     
         727  0.90000000000000002       0.16666700000000001      -0.89532402776965780     
         728  0.93333299999999997       0.16666700000000001      -0.68634952830824669     
         729  0.96666700000000005       0.16666700000000001      -0.40609313960848231     
         730   1.0000000000000000       0.16666700000000001       -1.1299739172477010E-002
         731   1.5000000000000000       0.16666700000000001       0.79687722835016062     
         732   1.5333330000000001       0.16666700000000001       0.58455473923002976     
         733   1.5666670000000000       0.16666700000000001       0.37660313591034572     
         734   1.6000000000000001       0.16666700000000001       0.18009051612179414     
         735   1.6333329999999999       0.16666700000000001        3.5123717463737838E-003
         736   1.6666669999999999       0.16666700000000001      -0.14896697365046421     
         737   1.7000000000000000       0.16666700000000001      -0.27728432317744978     
         738   1.7333330000000000       0.16666700000000001      -0.38356960027605141     
         739   1.7666670000000000       0.16666700000000001      -0.47152584307747231     
         740   1.8000000000000000       0.16666700000000001      -0.54500157704602559     
         741   1.8333330000000001       0.16666700000000001      -0.60754718174218569     
         742   1.8666670000000001       0.16666700000000001      -0.66261709787000056     
         743   1.8999999999999999       0.16666700000000001      -0.71201215435985321     
         744   1.9333330000000000       0.16666700000000001      -0.75859041697735097     
         745   1.9666669999999999       0.16666700000000001      -0.80261498531665487     
         746   2.0000000000000000       0.16666700000000001      -0.84523100812910901     
         747   2.0333329999999998       0.16666700000000001      -0.88790443837040323     
         748   2.0666669999999998       0.16666700000000001      -0.92945339779079750     
         749   2.1000000000000001       0.16666700000000001      -0.97177944731275345     
         750   2.1333329999999999       0.16666700000000001       -1.0143309932258413     
         751   2.1666669999999999       0.16666700000000001       -1.0566928514180833     
         752   2.2000000000000002       0.16666700000000001       -1.1001591805818123     
         753   2.2333330000000000       0.16666700000000001       -1.1431503117117534     
         754   2.2666670000000000       0.16666700000000001       -1.1863037164501902     
         755   2.2999999999999998       0.16666700000000001       -1.2296800893316557     
         756   2.3333330000000001       0.16666700000000001       -1.2724782847241134     
         757   2.3666670000000001       0.16666700000000001       -1.3149888710434243     
         758   2.3999999999999999       0.16666700000000001       -1.3573127907972509     
         759   2.4333330000000002       0.16666700000000001       -1.3989787732808685     
         760   2.4666670000000002       0.16666700000000001       -1.4403057069590688     
         761   2.5000000000000000       0.16666700000000001       -1.4808634470026041     
         762   2.5333329999999998       0.16666700000000001       -1.5208557183116000     
         763   2.5666669999999998       0.16666700000000001       -1.5599129886555532     
         764   2.6000000000000001       0.16666700000000001       -1.5980066583418693     
         765   2.6333329999999999       0.16666700000000001       -1.6353988839264748     
         766   2.6666669999999999       0.16666700000000001       -1.6713212210225268     
         767   2.7000000000000002       0.16666700000000001       -1.7062679442134523     
         768   2.7333330000000000       0.16666700000000001       -1.7402489347035848     
         769   2.7666670000000000       0.16666700000000001       -1.7730912290262886     
         770   2.7999999999999998       0.16666700000000001       -1.8054788062897758     
         771   2.8333330000000001       0.16666700000000001       -1.8368034401388018     
         772   2.8666670000000001       0.16666700000000001       -1.8676915408237491     
         773   2.8999999999999999       0.16666700000000001       -1.8968843835828999     
         774   2.9333330000000002       0.16666700000000001       -1.9247809227327666     
         775   2.9666670000000002       0.16666700000000001       -1.9513788358957032     
         776   3.0000000000000000       0.16666700000000001       -1.9775776722870295     
         777   3.0333329999999998       0.16666700000000001       -2.0028631629434601     
         778   3.0666669999999998       0.16666700000000001       -2.0267545228882837     
         779   3.1000000000000001       0.16666700000000001       -2.0494417673160243     
         780   3.1333329999999999       0.16666700000000001       -2.0709378671239467     
         781   3.1666669999999999       0.16666700000000001       -2.0916066402371642     
         782   3.2000000000000002       0.16666700000000001       -2.1123190102330693     
         783   3.2333330000000000       0.16666700000000001       -2.1319436153205520     
         784   3.2666670000000000       0.16666700000000001       -2.1506739734111098     
         785   3.2999999999999998       0.16666700000000001       -2.1693485836547253     
         786   3.3333330000000001       0.16666700000000001       -2.1871137139043357     
         787   3.3666670000000001       0.16666700000000001       -2.2045960613032003     
         788   3.3999999999999999       0.16666700000000001       -2.2203500276212504     
         789   3.4333330000000002       0.16666700000000001       -2.2353298231918100     
         790   3.4666670000000002       0.16666700000000001       -2.2488956727988243     
         791   3.5000000000000000       0.16666700000000001       -2.2616995321987265     
         792   3.5333329999999998       0.16666700000000001       -2.2730445022651340     
         793   3.5666669999999998       0.16666700000000001       -2.2838444004702358     
         794   3.6000000000000001       0.16666700000000001       -2.2945926109466876     
         795   3.6333329999999999       0.16666700000000001       -2.3062293187467646     
         796   3.6666669999999999       0.16666700000000001       -2.3179468101489826     
         797   3.7000000000000002       0.16666700000000001       -2.3287614455460850     
         798   3.7333330000000000       0.16666700000000001       -2.3385939202919523     
         799   3.7666670000000000       0.16666700000000001       -2.3477079987182501     
         800   3.7999999999999998       0.16666700000000001       -2.3564666190838888     
         801   3.8333330000000001       0.16666700000000001       -2.3644417677728580     
         802   3.8666670000000001       0.16666700000000001       -2.3718760875930691     
         803   3.8999999999999999       0.16666700000000001       -2.3787771611124815     
         804   3.9333330000000002       0.16666700000000001       -2.3853317469083510     
         805   3.9666670000000002       0.16666700000000001       -2.3913819770059117     
         806   4.0000000000000000       0.16666700000000001       -2.3971716607456424     
         807   4.0333329999999998       0.16666700000000001       -2.4029741405028200     
         808   4.0666669999999998       0.16666700000000001       -2.4086049976595572     
         809   4.0999999999999996       0.16666700000000001       -2.4135709350758070     
         810   4.1333330000000004       0.16666700000000001       -2.4181048973695733     
         811   4.1666670000000003       0.16666700000000001       -2.4224362650714184     
         812   4.2000000000000002       0.16666700000000001       -2.4270444445248645     
         813   4.2333330000000000       0.16666700000000001       -2.4317424246859956     
         814   4.2666670000000000       0.16666700000000001       -2.4360741093278988     
         815   4.2999999999999998       0.16666700000000001       -2.4402986872711261     
         816   4.3333329999999997       0.16666700000000001       -2.4441225347156177     
         817   4.3666669999999996       0.16666700000000001       -2.4472975269886121     
         818   4.4000000000000004       0.16666700000000001       -2.4499705795270659     
         819   4.4333330000000002       0.16666700000000001       -2.4520273518981592     
         820   4.4666670000000002       0.16666700000000001       -2.4537258744998622     
         821   4.5000000000000000       0.16666700000000001       -2.4556987115569622     
         822   4.5333329999999998       0.16666700000000001       -2.4578978111148784     
         823   4.5666669999999998       0.16666700000000001       -2.4601573669031187     
         824   4.5999999999999996       0.16666700000000001       -2.4619567493649610     
         825   4.6333330000000004       0.16666700000000001       -2.4629580668973077     
         826   4.6666670000000003       0.16666700000000001       -2.4637620165082206     
         827   4.7000000000000002       0.16666700000000001       -2.4651484218149027     
         828   4.7333330000000000       0.16666700000000001       -2.4668875219992135     
         829   4.7666670000000000       0.16666700000000001       -2.4684616810927764     
         830   4.7999999999999998       0.16666700000000001       -2.4696904590479640     
         831   4.8333329999999997       0.16666700000000001       -2.4702145893288945     
         832   4.8666669999999996       0.16666700000000001       -2.4702324116301089     
         833   4.9000000000000004       0.16666700000000001       -2.4689815418027150     
         834   4.9333330000000002       0.16666700000000001       -2.4656029842699163     
         835   4.9666670000000002       0.16666700000000001       -2.4611288366519237     
         836   5.0000000000000000       0.16666700000000001       -2.4586989629973246     
         837   0.0000000000000000       0.20000000000000001        0.0000000000000000     
         838   3.3333000000000002E-002  0.20000000000000001      -0.70875605436388600     
         839   6.6667000000000004E-002  0.20000000000000001       -1.4791989573335769     
         840  0.10000000000000001       0.20000000000000001       -2.1805808187533846     
         841  0.13333300000000001       0.20000000000000001       -2.7195103308978967     
         842  0.16666700000000001       0.20000000000000001       -3.0922918982317880     
         843  0.20000000000000001       0.20000000000000001       -3.3078492717354608     
         844  0.23333300000000001       0.20000000000000001       -3.4045228637810956     
         845  0.26666699999999999       0.20000000000000001       -3.4040393406568019     
         846  0.29999999999999999       0.20000000000000001       -3.3442854136842470     
         847  0.33333299999999999       0.20000000000000001       -3.2478529897150041     
         848  0.36666700000000002       0.20000000000000001       -3.1291915684961658     
         849  0.40000000000000002       0.20000000000000001       -2.9928935474589591     
         850  0.43333300000000002       0.20000000000000001       -2.8531606816344923     
         851  0.46666700000000000       0.20000000000000001       -2.7079067466949591     
         852  0.50000000000000000       0.20000000000000001       -2.5644184623890034     
         853  0.53333299999999995       0.20000000000000001       -2.4204141743558107     
         854  0.56666700000000003       0.20000000000000001       -2.2829236524318168     
         855  0.59999999999999998       0.20000000000000001       -2.1485803192602528     
         856  0.63333300000000003       0.20000000000000001       -2.0216803074004712     
         857  0.66666700000000001       0.20000000000000001       -1.9010553502076493     
         858  0.69999999999999996       0.20000000000000001       -1.7910966577578351     
         859  0.73333300000000001       0.20000000000000001       -1.6900228301398512     
         860  0.76666699999999999       0.20000000000000001       -1.5973657646210542     
         861  0.80000000000000004       0.20000000000000001       -1.5097601308896631     
         862  0.83333299999999999       0.20000000000000001       -1.4199243057923765     
         863  0.86666699999999997       0.20000000000000001       -1.3148882591234041     
         864  0.90000000000000002       0.20000000000000001       -1.1751508072917520     
         865  0.93333299999999997       0.20000000000000001      -0.97753539040033288     
         866  0.96666700000000005       0.20000000000000001      -0.70313974783509092     
         867   1.0000000000000000       0.20000000000000001      -0.36667618374909905     
         868   1.5000000000000000       0.20000000000000001        1.0506287570586976     
         869   1.5333330000000001       0.20000000000000001       0.74084976811406722     
         870   1.5666670000000000       0.20000000000000001       0.42503361477413781     
         871   1.6000000000000001       0.20000000000000001       0.13135528601576568     
         872   1.6333329999999999       0.20000000000000001      -0.12791746697613876     
         873   1.6666669999999999       0.20000000000000001      -0.34836048608383224     
         874   1.7000000000000000       0.20000000000000001      -0.53099802923895523     
         875   1.7333330000000000       0.20000000000000001      -0.67984264405112849     
         876   1.7666670000000000       0.20000000000000001      -0.80004150101148153     
         877   1.8000000000000000       0.20000000000000001      -0.89701407639251296     
         878   1.8333330000000001       0.20000000000000001      -0.97572293106360408     
         879   1.8666670000000001       0.20000000000000001       -1.0404936701171457     
         880   1.8999999999999999       0.20000000000000001       -1.0949400827467624     
         881   1.9333330000000000       0.20000000000000001       -1.1411721920634923     
         882   1.9666669999999999       0.20000000000000001       -1.1820120588855763     
         883   2.0000000000000000       0.20000000000000001       -1.2186402623438659     
         884   2.0333329999999998       0.20000000000000001       -1.2524112443638225     
         885   2.0666669999999998       0.20000000000000001       -1.2844455805545736     
         886   2.1000000000000001       0.20000000000000001       -1.3145013809316228     
         887   2.1333329999999999       0.20000000000000001       -1.3434244453410400     
         888   2.1666669999999999       0.20000000000000001       -1.3727703269886491     
         889   2.2000000000000002       0.20000000000000001       -1.4013460820356853     
         890   2.2333330000000000       0.20000000000000001       -1.4298391603537002     
         891   2.2666670000000000       0.20000000000000001       -1.4582402990010037     
         892   2.2999999999999998       0.20000000000000001       -1.4858934054973254     
         893   2.3333330000000001       0.20000000000000001       -1.5138194315960740     
         894   2.3666670000000001       0.20000000000000001       -1.5415056295324838     
         895   2.3999999999999999       0.20000000000000001       -1.5688054774546418     
         896   2.4333330000000002       0.20000000000000001       -1.5963195476671466     
         897   2.4666670000000002       0.20000000000000001       -1.6232981066126102     
         898   2.5000000000000000       0.20000000000000001       -1.6500803642634410     
         899   2.5333329999999998       0.20000000000000001       -1.6765692817997675     
         900   2.5666669999999998       0.20000000000000001       -1.7027393718669668     
         901   2.6000000000000001       0.20000000000000001       -1.7284346289903834     
         902   2.6333329999999999       0.20000000000000001       -1.7536095710431598     
         903   2.6666669999999999       0.20000000000000001       -1.7782326197076193     
         904   2.7000000000000002       0.20000000000000001       -1.8021260303796445     
         905   2.7333330000000000       0.20000000000000001       -1.8256381125417047     
         906   2.7666670000000000       0.20000000000000001       -1.8486783939204010     
         907   2.7999999999999998       0.20000000000000001       -1.8710481697997097     
         908   2.8333330000000001       0.20000000000000001       -1.8932397534607575     
         909   2.8666670000000001       0.20000000000000001       -1.9146811241800130     
         910   2.8999999999999999       0.20000000000000001       -1.9355682634266551     
         911   2.9333330000000002       0.20000000000000001       -1.9556627142151526     
         912   2.9666670000000002       0.20000000000000001       -1.9750985656841551     
         913   3.0000000000000000       0.20000000000000001       -1.9937307518427079     
         914   3.0333329999999998       0.20000000000000001       -2.0121292817074754     
         915   3.0666669999999998       0.20000000000000001       -2.0297871129765035     
         916   3.1000000000000001       0.20000000000000001       -2.0463460201356463     
         917   3.1333329999999999       0.20000000000000001       -2.0623420942235651     
         918   3.1666669999999999       0.20000000000000001       -2.0779628923711315     
         919   3.2000000000000002       0.20000000000000001       -2.0930696215160145     
         920   3.2333330000000000       0.20000000000000001       -2.1079417780722753     
         921   3.2666670000000000       0.20000000000000001       -2.1222542937968512     
         922   3.2999999999999998       0.20000000000000001       -2.1359757242239374     
         923   3.3333330000000001       0.20000000000000001       -2.1496517061574933     
         924   3.3666670000000001       0.20000000000000001       -2.1625529777760923     
         925   3.3999999999999999       0.20000000000000001       -2.1747959570644158     
         926   3.4333330000000002       0.20000000000000001       -2.1861429723640264     
         927   3.4666670000000002       0.20000000000000001       -2.1968620817446940     
         928   3.5000000000000000       0.20000000000000001       -2.2068427517390554     
         929   3.5333329999999998       0.20000000000000001       -2.2161432880448357     
         930   3.5666669999999998       0.20000000000000001       -2.2247638138265806     
         931   3.6000000000000001       0.20000000000000001       -2.2332539760168859     
         932   3.6333329999999999       0.20000000000000001       -2.2421486414258633     
         933   3.6666669999999999       0.20000000000000001       -2.2509640326810509     
         934   3.7000000000000002       0.20000000000000001       -2.2593669550540039     
         935   3.7333330000000000       0.20000000000000001       -2.2671835252641768     
         936   3.7666670000000000       0.20000000000000001       -2.2745661600388836     
         937   3.7999999999999998       0.20000000000000001       -2.2813584022838720     
         938   3.8333330000000001       0.20000000000000001       -2.2878915561789208     
         939   3.8666670000000001       0.20000000000000001       -2.2939375652263694     
         940   3.8999999999999999       0.20000000000000001       -2.2995312864805859     
         941   3.9333330000000002       0.20000000000000001       -2.3048140662392269     
         942   3.9666670000000002       0.20000000000000001       -2.3098344873753258     
         943   4.0000000000000000       0.20000000000000001       -2.3146498527436807     
         944   4.0333329999999998       0.20000000000000001       -2.3191502441064467     
         945   4.0666669999999998       0.20000000000000001       -2.3236432552129838     
         946   4.0999999999999996       0.20000000000000001       -2.3277796677081479     
         947   4.1333330000000004       0.20000000000000001       -2.3315783321408596     
         948   4.1666670000000003       0.20000000000000001       -2.3351937500017188     
         949   4.2000000000000002       0.20000000000000001       -2.3388973313557622     
         950   4.2333330000000000       0.20000000000000001       -2.3426009660782769     
         951   4.2666670000000000       0.20000000000000001       -2.3461318049126372     
         952   4.2999999999999998       0.20000000000000001       -2.3495179634697854     
         953   4.3333329999999997       0.20000000000000001       -2.3524923692006343     
         954   4.3666669999999996       0.20000000000000001       -2.3551795370238300     
         955   4.4000000000000004       0.20000000000000001       -2.3574751093619351     
         956   4.4333330000000002       0.20000000000000001       -2.3593889257263783     
         957   4.4666670000000002       0.20000000000000001       -2.3610325390672080     
         958   4.5000000000000000       0.20000000000000001       -2.3627459413595582     
         959   4.5333329999999998       0.20000000000000001       -2.3644290910026928     
         960   4.5666669999999998       0.20000000000000001       -2.3660779426694352     
         961   4.5999999999999996       0.20000000000000001       -2.3674867203950161     
         962   4.6333330000000004       0.20000000000000001       -2.3685676002535634     
         963   4.6666670000000003       0.20000000000000001       -2.3695190113819127     
         964   4.7000000000000002       0.20000000000000001       -2.3705824060066503     
         965   4.7333330000000000       0.20000000000000001       -2.3717439005148391     
         966   4.7666670000000000       0.20000000000000001       -2.3727953280451191     
         967   4.7999999999999998       0.20000000000000001       -2.3736248159575695     
         968   4.8333329999999997       0.20000000000000001       -2.3740203801861428     
         969   4.8666669999999996       0.20000000000000001       -2.3738910020089361     
         970   4.9000000000000004       0.20000000000000001       -2.3729754490268249     
         971   4.9333330000000002       0.20000000000000001       -2.3711858464382418     
         972   4.9666670000000002       0.20000000000000001       -2.3690653077289054     
         973   5.0000000000000000       0.20000000000000001       -2.3680924910759757     
         974   0.0000000000000000       0.23333300000000001        0.0000000000000000     
         975   3.3333000000000002E-002  0.23333300000000001      -0.48639434808798510     
         976   6.6667000000000004E-002  0.23333300000000001       -1.0391649710481501     
         977  0.10000000000000001       0.23333300000000001       -1.6007442882098502     
         978  0.13333300000000001       0.23333300000000001       -2.0785415901318278     
         979  0.16666700000000001       0.23333300000000001       -2.4437243573311100     
         980  0.20000000000000001       0.23333300000000001       -2.7037104941736638     
         981  0.23333300000000001       0.23333300000000001       -2.8631881704017261     
         982  0.26666699999999999       0.23333300000000001       -2.9425369842832052     
         983  0.29999999999999999       0.23333300000000001       -2.9607819702927740     
         984  0.33333299999999999       0.23333300000000001       -2.9335506161958320     
         985  0.36666700000000002       0.23333300000000001       -2.8729030315347792     
         986  0.40000000000000002       0.23333300000000001       -2.7911688825235852     
         987  0.43333300000000002       0.23333300000000001       -2.6939778444867106     
         988  0.46666700000000000       0.23333300000000001       -2.5891189713953011     
         989  0.50000000000000000       0.23333300000000001       -2.4804940160035058     
         990  0.53333299999999995       0.23333300000000001       -2.3709851714754864     
         991  0.56666700000000003       0.23333300000000001       -2.2586541859476958     
         992  0.59999999999999998       0.23333300000000001       -2.1541760224379480     
         993  0.63333300000000003       0.23333300000000001       -2.0525659724161547     
         994  0.66666700000000001       0.23333300000000001       -1.9617745316623869     
         995  0.69999999999999996       0.23333300000000001       -1.8808409531589745     
         996  0.73333300000000001       0.23333300000000001       -1.8138070169300147     
         997  0.76666699999999999       0.23333300000000001       -1.7583872118156514     
         998  0.80000000000000004       0.23333300000000001       -1.7138812301626187     
         999  0.83333299999999999       0.23333300000000001       -1.6688885670077127     
        1000  0.86666699999999997       0.23333300000000001       -1.6128448800998056     
        1001  0.90000000000000002       0.23333300000000001       -1.5160784743879454     
        1002  0.93333299999999997       0.23333300000000001       -1.3494462600247792     
        1003  0.96666700000000005       0.23333300000000001       -1.0631445764792939     
        1004   1.0000000000000000       0.23333300000000001      -0.57721095212296603     
        1005   1.5000000000000000       0.23333300000000001        1.3757747049499984     
        1006   1.5333330000000001       0.23333300000000001       0.90493725878368936     
        1007   1.5666670000000000       0.23333300000000001       0.45411824408318602     
        1008   1.6000000000000001       0.23333300000000001        4.9204581903377183E-002
        1009   1.6333329999999999       0.23333300000000001      -0.29801554842896927     
        1010   1.6666669999999999       0.23333300000000001      -0.58611326341509418     
        1011   1.7000000000000000       0.23333300000000001      -0.81926220154510487     
        1012   1.7333330000000000       0.23333300000000001       -1.0053280381276899     
        1013   1.7666670000000000       0.23333300000000001       -1.1518700304292324     
        1014   1.8000000000000000       0.23333300000000001       -1.2665440648330446     
        1015   1.8333330000000001       0.23333300000000001       -1.3563992565744483     
        1016   1.8666670000000001       0.23333300000000001       -1.4264838987881299     
        1017   1.8999999999999999       0.23333300000000001       -1.4813739547030871     
        1018   1.9333330000000000       0.23333300000000001       -1.5253342742414291     
        1019   1.9666669999999999       0.23333300000000001       -1.5607905456371753     
        1020   2.0000000000000000       0.23333300000000001       -1.5901031736895399     
        1021   2.0333329999999998       0.23333300000000001       -1.6138012237728301     
        1022   2.0666669999999998       0.23333300000000001       -1.6338528353909840     
        1023   2.1000000000000001       0.23333300000000001       -1.6525866148070329     
        1024   2.1333329999999999       0.23333300000000001       -1.6685053841516921     
        1025   2.1666669999999999       0.23333300000000001       -1.6839046004890035     
        1026   2.2000000000000002       0.23333300000000001       -1.6982191738826584     
        1027   2.2333330000000000       0.23333300000000001       -1.7121235082795343     
        1028   2.2666670000000000       0.23333300000000001       -1.7255558374948663     
        1029   2.2999999999999998       0.23333300000000001       -1.7393711434490566     
        1030   2.3333330000000001       0.23333300000000001       -1.7521334121770409     
        1031   2.3666670000000001       0.23333300000000001       -1.7648924631321887     
        1032   2.3999999999999999       0.23333300000000001       -1.7786953154237717     
        1033   2.4333330000000002       0.23333300000000001       -1.7918630543328675     
        1034   2.4666670000000002       0.23333300000000001       -1.8052928667043251     
        1035   2.5000000000000000       0.23333300000000001       -1.8187427925473658     
        1036   2.5333329999999998       0.23333300000000001       -1.8325074453074579     
        1037   2.5666669999999998       0.23333300000000001       -1.8459655859337656     
        1038   2.6000000000000001       0.23333300000000001       -1.8596491698621489     
        1039   2.6333329999999999       0.23333300000000001       -1.8730242354479738     
        1040   2.6666669999999999       0.23333300000000001       -1.8864940198941385     
        1041   2.7000000000000002       0.23333300000000001       -1.8997278136571178     
        1042   2.7333330000000000       0.23333300000000001       -1.9128214020359278     
        1043   2.7666670000000000       0.23333300000000001       -1.9260948017737003     
        1044   2.7999999999999998       0.23333300000000001       -1.9389582008141857     
        1045   2.8333330000000001       0.23333300000000001       -1.9518455065979756     
        1046   2.8666670000000001       0.23333300000000001       -1.9645050232225585     
        1047   2.8999999999999999       0.23333300000000001       -1.9770899306778957     
        1048   2.9333330000000002       0.23333300000000001       -1.9893464346694860     
        1049   2.9666670000000002       0.23333300000000001       -2.0013253164649361     
        1050   3.0000000000000000       0.23333300000000001       -2.0131032299880913     
        1051   3.0333329999999998       0.23333300000000001       -2.0244437634860724     
        1052   3.0666669999999998       0.23333300000000001       -2.0354581462416044     
        1053   3.1000000000000001       0.23333300000000001       -2.0463368189988200     
        1054   3.1333329999999999       0.23333300000000001       -2.0565603702144784     
        1055   3.1666669999999999       0.23333300000000001       -2.0669277902263925     
        1056   3.2000000000000002       0.23333300000000001       -2.0767963258953808     
        1057   3.2333330000000000       0.23333300000000001       -2.0864773939078396     
        1058   3.2666670000000000       0.23333300000000001       -2.0962149891756652     
        1059   3.2999999999999998       0.23333300000000001       -2.1056223104209097     
        1060   3.3333330000000001       0.23333300000000001       -2.1147465470450548     
        1061   3.3666670000000001       0.23333300000000001       -2.1234252176665644     
        1062   3.3999999999999999       0.23333300000000001       -2.1320590519884317     
        1063   3.4333330000000002       0.23333300000000001       -2.1399056949799604     
        1064   3.4666670000000002       0.23333300000000001       -2.1474243683675707     
        1065   3.5000000000000000       0.23333300000000001       -2.1544129620205421     
        1066   3.5333329999999998       0.23333300000000001       -2.1610272065383458     
        1067   3.5666669999999998       0.23333300000000001       -2.1673493301627156     
        1068   3.6000000000000001       0.23333300000000001       -2.1736660011962945     
        1069   3.6333329999999999       0.23333300000000001       -2.1798245133697098     
        1070   3.6666669999999999       0.23333300000000001       -2.1859794286517684     
        1071   3.7000000000000002       0.23333300000000001       -2.1918741209263835     
        1072   3.7333330000000000       0.23333300000000001       -2.1976504139374811     
        1073   3.7666670000000000       0.23333300000000001       -2.2031157417251683     
        1074   3.7999999999999998       0.23333300000000001       -2.2082211243608403     
        1075   3.8333330000000001       0.23333300000000001       -2.2129215687114421     
        1076   3.8666670000000001       0.23333300000000001       -2.2175478018104648     
        1077   3.8999999999999999       0.23333300000000001       -2.2216770909104220     
        1078   3.9333330000000002       0.23333300000000001       -2.2257524702992115     
        1079   3.9666670000000002       0.23333300000000001       -2.2294894282697175     
        1080   4.0000000000000000       0.23333300000000001       -2.2330402447768685     
        1081   4.0333329999999998       0.23333300000000001       -2.2365715748486013     
        1082   4.0666669999999998       0.23333300000000001       -2.2398013402865344     
        1083   4.0999999999999996       0.23333300000000001       -2.2429915704132353     
        1084   4.1333330000000004       0.23333300000000001       -2.2459307264145063     
        1085   4.1666670000000003       0.23333300000000001       -2.2488284163974361     
        1086   4.2000000000000002       0.23333300000000001       -2.2515875911352294     
        1087   4.2333330000000000       0.23333300000000001       -2.2543629198194663     
        1088   4.2666670000000000       0.23333300000000001       -2.2570220496356104     
        1089   4.2999999999999998       0.23333300000000001       -2.2595218534683128     
        1090   4.3333329999999997       0.23333300000000001       -2.2618887364406164     
        1091   4.3666669999999996       0.23333300000000001       -2.2639397947620639     
        1092   4.4000000000000004       0.23333300000000001       -2.2657564895562983     
        1093   4.4333330000000002       0.23333300000000001       -2.2673611912365446     
        1094   4.4666670000000002       0.23333300000000001       -2.2687682717963842     
        1095   4.5000000000000000       0.23333300000000001       -2.2700794485652880     
        1096   4.5333329999999998       0.23333300000000001       -2.2713294995327975     
        1097   4.5666669999999998       0.23333300000000001       -2.2725797068571660     
        1098   4.5999999999999996       0.23333300000000001       -2.2736264239605908     
        1099   4.6333330000000004       0.23333300000000001       -2.2745548890097798     
        1100   4.6666670000000003       0.23333300000000001       -2.2753441802253067     
        1101   4.7000000000000002       0.23333300000000001       -2.2761546945376385     
        1102   4.7333330000000000       0.23333300000000001       -2.2769146370431357     
        1103   4.7666670000000000       0.23333300000000001       -2.2776313273537969     
        1104   4.7999999999999998       0.23333300000000001       -2.2781332309615112     
        1105   4.8333329999999997       0.23333300000000001       -2.2783655919336518     
        1106   4.8666669999999996       0.23333300000000001       -2.2782437007743419     
        1107   4.9000000000000004       0.23333300000000001       -2.2776873671934292     
        1108   4.9333330000000002       0.23333300000000001       -2.2767150056805896     
        1109   4.9666670000000002       0.23333300000000001       -2.2756331058485082     
        1110   5.0000000000000000       0.23333300000000001       -2.2751502704734063     
        1111   0.0000000000000000       0.26666699999999999        0.0000000000000000     
        1112   3.3333000000000002E-002  0.26666699999999999      -0.35156180532625347     
        1113   6.6667000000000004E-002  0.26666699999999999      -0.76571251655114270     
        1114  0.10000000000000001       0.26666699999999999       -1.1901507309036796     
        1115  0.13333300000000001       0.26666699999999999       -1.5869653950554319     
        1116  0.16666700000000001       0.26666699999999999       -1.9313294135941479     
        1117  0.20000000000000001       0.26666699999999999       -2.1953349873538386     
        1118  0.23333300000000001       0.26666699999999999       -2.3887701636157814     
        1119  0.26666699999999999       0.26666699999999999       -2.5162742921156789     
        1120  0.29999999999999999       0.26666699999999999       -2.5850744997973774     
        1121  0.33333299999999999       0.26666699999999999       -2.6137770664171729     
        1122  0.36666700000000002       0.26666699999999999       -2.6023666129777077     
        1123  0.40000000000000002       0.26666699999999999       -2.5665420091358802     
        1124  0.43333300000000002       0.26666699999999999       -2.5153152999183330     
        1125  0.46666700000000000       0.26666699999999999       -2.4457312192286791     
        1126  0.50000000000000000       0.26666699999999999       -2.3740635809070807     
        1127  0.53333299999999995       0.26666699999999999       -2.2927464597590341     
        1128  0.56666700000000003       0.26666699999999999       -2.2128656415165784     
        1129  0.59999999999999998       0.26666699999999999       -2.1348695101668551     
        1130  0.63333300000000003       0.26666699999999999       -2.0642040174965133     
        1131  0.66666700000000001       0.26666699999999999       -2.0020302734310422     
        1132  0.69999999999999996       0.26666699999999999       -1.9544165864214997     
        1133  0.73333300000000001       0.26666699999999999       -1.9254604962120259     
        1134  0.76666699999999999       0.26666699999999999       -1.9163049899145923     
        1135  0.80000000000000004       0.26666699999999999       -1.9241428410801684     
        1136  0.83333299999999999       0.26666699999999999       -1.9429646873323574     
        1137  0.86666699999999997       0.26666699999999999       -1.9595464376563796     
        1138  0.90000000000000002       0.26666699999999999       -1.9410839765729264     
        1139  0.93333299999999997       0.26666699999999999       -1.8457540060966808     
        1140  0.96666700000000005       0.26666699999999999       -1.6274571192359737     
        1141   1.0000000000000000       0.26666699999999999       -1.2467857733372765     
        1142   1.5000000000000000       0.26666699999999999        1.7074810361551040     
        1143   1.5333330000000001       0.26666699999999999        1.0515675755882148     
        1144   1.5666670000000000       0.26666699999999999       0.43985828261108084     
        1145   1.6000000000000001       0.26666699999999999       -8.9728010347626813E-002
        1146   1.6333329999999999       0.26666699999999999      -0.52807552903061328     
        1147   1.6666669999999999       0.26666699999999999      -0.87990324617770954     
        1148   1.7000000000000000       0.26666699999999999       -1.1567753076060536     
        1149   1.7333330000000000       0.26666699999999999       -1.3714623188896604     
        1150   1.7666670000000000       0.26666699999999999       -1.5357304476054046     
        1151   1.8000000000000000       0.26666699999999999       -1.6604546692242286     
        1152   1.8333330000000001       0.26666699999999999       -1.7539315555542119     
        1153   1.8666670000000001       0.26666699999999999       -1.8239700247845214     
        1154   1.8999999999999999       0.26666699999999999       -1.8757366366396291     
        1155   1.9333330000000000       0.26666699999999999       -1.9126738083502595     
        1156   1.9666669999999999       0.26666699999999999       -1.9398599426305156     
        1157   2.0000000000000000       0.26666699999999999       -1.9581276200029012     
        1158   2.0333329999999998       0.26666699999999999       -1.9715372627555410     
        1159   2.0666669999999998       0.26666699999999999       -1.9798146409182178     
        1160   2.1000000000000001       0.26666699999999999       -1.9846216280117448     
        1161   2.1333329999999999       0.26666699999999999       -1.9876009995627597     
        1162   2.1666669999999999       0.26666699999999999       -1.9891864536564026     
        1163   2.2000000000000002       0.26666699999999999       -1.9888355622665663     
        1164   2.2333330000000000       0.26666699999999999       -1.9887236673535986     
        1165   2.2666670000000000       0.26666699999999999       -1.9873164351552692     
        1166   2.2999999999999998       0.26666699999999999       -1.9867604672347219     
        1167   2.3333330000000001       0.26666699999999999       -1.9855603909838262     
        1168   2.3666670000000001       0.26666699999999999       -1.9844624386143659     
        1169   2.3999999999999999       0.26666699999999999       -1.9841961903142291     
        1170   2.4333330000000002       0.26666699999999999       -1.9840956893369861     
        1171   2.4666670000000002       0.26666699999999999       -1.9844595382544443     
        1172   2.5000000000000000       0.26666699999999999       -1.9854439962064514     
        1173   2.5333329999999998       0.26666699999999999       -1.9861960125123459     
        1174   2.5666669999999998       0.26666699999999999       -1.9879690231537521     
        1175   2.6000000000000001       0.26666699999999999       -1.9895351208525274     
        1176   2.6333329999999999       0.26666699999999999       -1.9919658186473017     
        1177   2.6666669999999999       0.26666699999999999       -1.9943792569791021     
        1178   2.7000000000000002       0.26666699999999999       -1.9971640398069199     
        1179   2.7333330000000000       0.26666699999999999       -2.0004672197480176     
        1180   2.7666670000000000       0.26666699999999999       -2.0038520910817899     
        1181   2.7999999999999998       0.26666699999999999       -2.0075981028224774     
        1182   2.8333330000000001       0.26666699999999999       -2.0114984717107660     
        1183   2.8666670000000001       0.26666699999999999       -2.0157878054671579     
        1184   2.8999999999999999       0.26666699999999999       -2.0201336565393322     
        1185   2.9333330000000002       0.26666699999999999       -2.0246112161870928     
        1186   2.9666670000000002       0.26666699999999999       -2.0292600684930489     
        1187   3.0000000000000000       0.26666699999999999       -2.0339434083522261     
        1188   3.0333329999999998       0.26666699999999999       -2.0386531391767693     
        1189   3.0666669999999998       0.26666699999999999       -2.0434401100453305     
        1190   3.1000000000000001       0.26666699999999999       -2.0481168603672493     
        1191   3.1333329999999999       0.26666699999999999       -2.0529169056637411     
        1192   3.1666669999999999       0.26666699999999999       -2.0575851476299825     
        1193   3.2000000000000002       0.26666699999999999       -2.0624536708374239     
        1194   3.2333330000000000       0.26666699999999999       -2.0673653421793503     
        1195   3.2666670000000000       0.26666699999999999       -2.0721518035000157     
        1196   3.2999999999999998       0.26666699999999999       -2.0771619532756751     
        1197   3.3333330000000001       0.26666699999999999       -2.0818864695135129     
        1198   3.3666670000000001       0.26666699999999999       -2.0867234198265749     
        1199   3.3999999999999999       0.26666699999999999       -2.0912883440139738     
        1200   3.4333330000000002       0.26666699999999999       -2.0958275484822080     
        1201   3.4666670000000002       0.26666699999999999       -2.0999258231325086     
        1202   3.5000000000000000       0.26666699999999999       -2.1040530776179951     
        1203   3.5333329999999998       0.26666699999999999       -2.1077639164886395     
        1204   3.5666669999999998       0.26666699999999999       -2.1115826863665310     
        1205   3.6000000000000001       0.26666699999999999       -2.1152098203802558     
        1206   3.6333329999999999       0.26666699999999999       -2.1188991324230178     
        1207   3.6666669999999999       0.26666699999999999       -2.1226316894723998     
        1208   3.7000000000000002       0.26666699999999999       -2.1262930981875199     
        1209   3.7333330000000000       0.26666699999999999       -2.1297790380648016     
        1210   3.7666670000000000       0.26666699999999999       -2.1330975486380237     
        1211   3.7999999999999998       0.26666699999999999       -2.1364146019429637     
        1212   3.8333330000000001       0.26666699999999999       -2.1395426797261026     
        1213   3.8666670000000001       0.26666699999999999       -2.1423638714618738     
        1214   3.8999999999999999       0.26666699999999999       -2.1451817495264409     
        1215   3.9333330000000002       0.26666699999999999       -2.1477010382620754     
        1216   3.9666670000000002       0.26666699999999999       -2.1502027797261904     
        1217   4.0000000000000000       0.26666699999999999       -2.1526209789876409     
        1218   4.0333329999999998       0.26666699999999999       -2.1548614887756479     
        1219   4.0666669999999998       0.26666699999999999       -2.1570822091029171     
        1220   4.0999999999999996       0.26666699999999999       -2.1591066880988903     
        1221   4.1333330000000004       0.26666699999999999       -2.1611511125058174     
        1222   4.1666670000000003       0.26666699999999999       -2.1630692051927491     
        1223   4.2000000000000002       0.26666699999999999       -2.1650215318063704     
        1224   4.2333330000000000       0.26666699999999999       -2.1668435636003274     
        1225   4.2666670000000000       0.26666699999999999       -2.1686770202133618     
        1226   4.2999999999999998       0.26666699999999999       -2.1704402899589144     
        1227   4.3333329999999997       0.26666699999999999       -2.1719868695404445     
        1228   4.3666669999999996       0.26666699999999999       -2.1734823566998016     
        1229   4.4000000000000004       0.26666699999999999       -2.1747648898822765     
        1230   4.4333330000000002       0.26666699999999999       -2.1758605129973323     
        1231   4.4666670000000002       0.26666699999999999       -2.1769142450438617     
        1232   4.5000000000000000       0.26666699999999999       -2.1778047985043951     
        1233   4.5333329999999998       0.26666699999999999       -2.1786842433016886     
        1234   4.5666669999999998       0.26666699999999999       -2.1794780512322633     
        1235   4.5999999999999996       0.26666699999999999       -2.1802241460847518     
        1236   4.6333330000000004       0.26666699999999999       -2.1808336842897806     
        1237   4.6666670000000003       0.26666699999999999       -2.1814031392739044     
        1238   4.7000000000000002       0.26666699999999999       -2.1819039084634091     
        1239   4.7333330000000000       0.26666699999999999       -2.1823915369141162     
        1240   4.7666670000000000       0.26666699999999999       -2.1827891700099835     
        1241   4.7999999999999998       0.26666699999999999       -2.1830654274847370     
        1242   4.8333329999999997       0.26666699999999999       -2.1831377581981175     
        1243   4.8666669999999996       0.26666699999999999       -2.1830145337087949     
        1244   4.9000000000000004       0.26666699999999999       -2.1826443814481800     
        1245   4.9333330000000002       0.26666699999999999       -2.1820657873009299     
        1246   4.9666670000000002       0.26666699999999999       -2.1815106861196316     
        1247   5.0000000000000000       0.26666699999999999       -2.1812625915490522     
        1248   0.0000000000000000       0.29999999999999999        0.0000000000000000     
        1249   3.3333000000000002E-002  0.29999999999999999      -0.24937412148256202     
        1250   6.6667000000000004E-002  0.29999999999999999      -0.56464387668043858     
        1251  0.10000000000000001       0.29999999999999999      -0.89957389554311940     
        1252  0.13333300000000001       0.29999999999999999       -1.2298258087406717     
        1253  0.16666700000000001       0.29999999999999999       -1.5237042759533712     
        1254  0.20000000000000001       0.29999999999999999       -1.7775927878273816     
        1255  0.23333300000000001       0.29999999999999999       -1.9799306466448232     
        1256  0.26666699999999999       0.29999999999999999       -2.1307114995335157     
        1257  0.29999999999999999       0.29999999999999999       -2.2358686197222473     
        1258  0.33333299999999999       0.29999999999999999       -2.2995123723778281     
        1259  0.36666700000000002       0.29999999999999999       -2.3318117760493240     
        1260  0.40000000000000002       0.29999999999999999       -2.3343072851133742     
        1261  0.43333300000000002       0.29999999999999999       -2.3170553130596487     
        1262  0.46666700000000000       0.29999999999999999       -2.2863817482522926     
        1263  0.50000000000000000       0.29999999999999999       -2.2438096044374407     
        1264  0.53333299999999995       0.29999999999999999       -2.1951930919327460     
        1265  0.56666700000000003       0.29999999999999999       -2.1447360576902557     
        1266  0.59999999999999998       0.29999999999999999       -2.0950921713608617     
        1267  0.63333300000000003       0.29999999999999999       -2.0526068996386653     
        1268  0.66666700000000001       0.29999999999999999       -2.0231224589835053     
        1269  0.69999999999999996       0.29999999999999999       -2.0108865566389924     
        1270  0.73333300000000001       0.29999999999999999       -2.0241765583279787     
        1271  0.76666699999999999       0.29999999999999999       -2.0648567536432361     
        1272  0.80000000000000004       0.29999999999999999       -2.1411857290331811     
        1273  0.83333299999999999       0.29999999999999999       -2.2446697701839597     
        1274  0.86666699999999997       0.29999999999999999       -2.3598495471400400     
        1275  0.90000000000000002       0.29999999999999999       -2.4623746235007875     
        1276  0.93333299999999997       0.29999999999999999       -2.4870326537084901     
        1277  0.96666700000000005       0.29999999999999999       -2.3604850221575382     
        1278   1.0000000000000000       0.29999999999999999       -2.0042696142361880     
        1279   1.5000000000000000       0.29999999999999999        2.1177323309231735     
        1280   1.5333330000000001       0.29999999999999999        1.1576539302095470     
        1281   1.5666670000000000       0.29999999999999999       0.34461220293000383     
        1282   1.6000000000000001       0.29999999999999999      -0.32092964086782955     
        1283   1.6333329999999999       0.29999999999999999      -0.84646220084466550     
        1284   1.6666669999999999       0.29999999999999999       -1.2524592673974821     
        1285   1.7000000000000000       0.29999999999999999       -1.5598025536699300     
        1286   1.7333330000000000       0.29999999999999999       -1.7897480129877585     
        1287   1.7666670000000000       0.29999999999999999       -1.9600013853687732     
        1288   1.8000000000000000       0.29999999999999999       -2.0840382302486984     
        1289   1.8333330000000001       0.29999999999999999       -2.1729764044090940     
        1290   1.8666670000000001       0.29999999999999999       -2.2356658179165487     
        1291   1.8999999999999999       0.29999999999999999       -2.2768244256993380     
        1292   1.9333330000000000       0.29999999999999999       -2.3041299519108480     
        1293   1.9666669999999999       0.29999999999999999       -2.3180679141998852     
        1294   2.0000000000000000       0.29999999999999999       -2.3252827671798966     
        1295   2.0333329999999998       0.29999999999999999       -2.3233471413915789     
        1296   2.0666669999999998       0.29999999999999999       -2.3186752841001108     
        1297   2.1000000000000001       0.29999999999999999       -2.3102878075168314     
        1298   2.1333329999999999       0.29999999999999999       -2.2996670597984035     
        1299   2.1666669999999999       0.29999999999999999       -2.2851738173125469     
        1300   2.2000000000000002       0.29999999999999999       -2.2722940824884774     
        1301   2.2333330000000000       0.29999999999999999       -2.2562476348756375     
        1302   2.2666670000000000       0.29999999999999999       -2.2420825043011714     
        1303   2.2999999999999998       0.29999999999999999       -2.2264084061046034     
        1304   2.3333330000000001       0.29999999999999999       -2.2117704438456323     
        1305   2.3666670000000001       0.29999999999999999       -2.1975215759602005     
        1306   2.3999999999999999       0.29999999999999999       -2.1841442950432453     
        1307   2.4333330000000002       0.29999999999999999       -2.1702807730570304     
        1308   2.4666670000000002       0.29999999999999999       -2.1581923611044540     
        1309   2.5000000000000000       0.29999999999999999       -2.1466592290052078     
        1310   2.5333329999999998       0.29999999999999999       -2.1363146590062190     
        1311   2.5666669999999998       0.29999999999999999       -2.1256532626905651     
        1312   2.6000000000000001       0.29999999999999999       -2.1166483035087280     
        1313   2.6333329999999999       0.29999999999999999       -2.1076236504110466     
        1314   2.6666669999999999       0.29999999999999999       -2.0998926889933553     
        1315   2.7000000000000002       0.29999999999999999       -2.0929645570413755     
        1316   2.7333330000000000       0.29999999999999999       -2.0861924787774888     
        1317   2.7666670000000000       0.29999999999999999       -2.0805706216488042     
        1318   2.7999999999999998       0.29999999999999999       -2.0750975408139540     
        1319   2.8333330000000001       0.29999999999999999       -2.0706591806314028     
        1320   2.8666670000000001       0.29999999999999999       -2.0665790140499092     
        1321   2.8999999999999999       0.29999999999999999       -2.0629970658326293     
        1322   2.9333330000000002       0.29999999999999999       -2.0599223112377310     
        1323   2.9666670000000002       0.29999999999999999       -2.0574270606952614     
        1324   3.0000000000000000       0.29999999999999999       -2.0554114388472962     
        1325   3.0333329999999998       0.29999999999999999       -2.0534480624318201     
        1326   3.0666669999999998       0.29999999999999999       -2.0520386249249305     
        1327   3.1000000000000001       0.29999999999999999       -2.0508631824157697     
        1328   3.1333329999999999       0.29999999999999999       -2.0500247952018205     
        1329   3.1666669999999999       0.29999999999999999       -2.0493405965677978     
        1330   3.2000000000000002       0.29999999999999999       -2.0491253051885248     
        1331   3.2333330000000000       0.29999999999999999       -2.0492218818224597     
        1332   3.2666670000000000       0.29999999999999999       -2.0493289152533221     
        1333   3.2999999999999998       0.29999999999999999       -2.0498552599660509     
        1334   3.3333330000000001       0.29999999999999999       -2.0505372616520776     
        1335   3.3666670000000001       0.29999999999999999       -2.0512366772814223     
        1336   3.3999999999999999       0.29999999999999999       -2.0520941649149202     
        1337   3.4333330000000002       0.29999999999999999       -2.0529898436797267     
        1338   3.4666670000000002       0.29999999999999999       -2.0539552424219316     
        1339   3.5000000000000000       0.29999999999999999       -2.0548701764317556     
        1340   3.5333329999999998       0.29999999999999999       -2.0558744325092619     
        1341   3.5666669999999998       0.29999999999999999       -2.0568694182900775     
        1342   3.6000000000000001       0.29999999999999999       -2.0579109542496270     
        1343   3.6333329999999999       0.29999999999999999       -2.0591568420210948     
        1344   3.6666669999999999       0.29999999999999999       -2.0603505556125210     
        1345   3.7000000000000002       0.29999999999999999       -2.0617225704338629     
        1346   3.7333330000000000       0.29999999999999999       -2.0630778824515166     
        1347   3.7666670000000000       0.29999999999999999       -2.0644657317696744     
        1348   3.7999999999999998       0.29999999999999999       -2.0657909135294266     
        1349   3.8333330000000001       0.29999999999999999       -2.0670625882095588     
        1350   3.8666670000000001       0.29999999999999999       -2.0683633318097225     
        1351   3.8999999999999999       0.29999999999999999       -2.0695398744857281     
        1352   3.9333330000000002       0.29999999999999999       -2.0707157391628730     
        1353   3.9666670000000002       0.29999999999999999       -2.0718257146432046     
        1354   4.0000000000000000       0.29999999999999999       -2.0729414008770468     
        1355   4.0333329999999998       0.29999999999999999       -2.0740116445819452     
        1356   4.0666669999999998       0.29999999999999999       -2.0750087888769628     
        1357   4.0999999999999996       0.29999999999999999       -2.0760062476909145     
        1358   4.1333330000000004       0.29999999999999999       -2.0770224636643619     
        1359   4.1666670000000003       0.29999999999999999       -2.0780116460465172     
        1360   4.2000000000000002       0.29999999999999999       -2.0790396383099354     
        1361   4.2333330000000000       0.29999999999999999       -2.0800487081614540     
        1362   4.2666670000000000       0.29999999999999999       -2.0809871355749490     
        1363   4.2999999999999998       0.29999999999999999       -2.0818920727303123     
        1364   4.3333329999999997       0.29999999999999999       -2.0827931421638288     
        1365   4.3666669999999996       0.29999999999999999       -2.0835602591822826     
        1366   4.4000000000000004       0.29999999999999999       -2.0842828061944134     
        1367   4.4333330000000002       0.29999999999999999       -2.0849169897087578     
        1368   4.4666670000000002       0.29999999999999999       -2.0854343974361855     
        1369   4.5000000000000000       0.29999999999999999       -2.0859231204163073     
        1370   4.5333329999999998       0.29999999999999999       -2.0863691160617579     
        1371   4.5666669999999998       0.29999999999999999       -2.0867695824700565     
        1372   4.5999999999999996       0.29999999999999999       -2.0870996380236084     
        1373   4.6333330000000004       0.29999999999999999       -2.0874044410697730     
        1374   4.6666670000000003       0.29999999999999999       -2.0876550445626312     
        1375   4.7000000000000002       0.29999999999999999       -2.0878898520818145     
        1376   4.7333330000000000       0.29999999999999999       -2.0880883200471807     
        1377   4.7666670000000000       0.29999999999999999       -2.0882089860298416     
        1378   4.7999999999999998       0.29999999999999999       -2.0882510856048726     
        1379   4.8333329999999997       0.29999999999999999       -2.0882074253816021     
        1380   4.8666669999999996       0.29999999999999999       -2.0880329757583529     
        1381   4.9000000000000004       0.29999999999999999       -2.0877143510023077     
        1382   4.9333330000000002       0.29999999999999999       -2.0873028670267564     
        1383   4.9666670000000002       0.29999999999999999       -2.0869599687048774     
        1384   5.0000000000000000       0.29999999999999999       -2.0868021521942155     
        1385   0.0000000000000000       0.33333299999999999        0.0000000000000000     
        1386   3.3333000000000002E-002  0.33333299999999999      -0.19279789469251582     
        1387   6.6667000000000004E-002  0.33333299999999999      -0.42359604965926861     
        1388  0.10000000000000001       0.33333299999999999      -0.68316260527593509     
        1389  0.13333300000000001       0.33333299999999999      -0.94747988533810390     
        1390  0.16666700000000001       0.33333299999999999       -1.2071176885063570     
        1391  0.20000000000000001       0.33333299999999999       -1.4373627030850689     
        1392  0.23333300000000001       0.33333299999999999       -1.6318405211741491     
        1393  0.26666699999999999       0.33333299999999999       -1.7926402905912995     
        1394  0.29999999999999999       0.33333299999999999       -1.9158994181397475     
        1395  0.33333299999999999       0.33333299999999999       -2.0050189512765657     
        1396  0.36666700000000002       0.33333299999999999       -2.0642826560993535     
        1397  0.40000000000000002       0.33333299999999999       -2.0997700651335180     
        1398  0.43333300000000002       0.33333299999999999       -2.1139429412082973     
        1399  0.46666700000000000       0.33333299999999999       -2.1139380294287213     
        1400  0.50000000000000000       0.33333299999999999       -2.0987830788307433     
        1401  0.53333299999999995       0.33333299999999999       -2.0791036116507740     
        1402  0.56666700000000003       0.33333299999999999       -2.0571441220220641     
        1403  0.59999999999999998       0.33333299999999999       -2.0344265077272445     
        1404  0.63333300000000003       0.33333299999999999       -2.0206548097342805     
        1405  0.66666700000000001       0.33333299999999999       -2.0230827613950519     
        1406  0.69999999999999996       0.33333299999999999       -2.0474028365823869     
        1407  0.73333300000000001       0.33333299999999999       -2.1036886896715243     
        1408  0.76666699999999999       0.33333299999999999       -2.2067358662078651     
        1409  0.80000000000000004       0.33333299999999999       -2.3541987514523863     
        1410  0.83333299999999999       0.33333299999999999       -2.5670848922106471     
        1411  0.86666699999999997       0.33333299999999999       -2.8298600540182730     
        1412  0.90000000000000002       0.33333299999999999       -3.0913855019547967     
        1413  0.93333299999999997       0.33333299999999999       -3.3099003943238374     
        1414  0.96666700000000005       0.33333299999999999       -3.3430280282587650     
        1415   1.0000000000000000       0.33333299999999999       -3.1105379999801199     
        1416   1.5000000000000000       0.33333299999999999        2.3028829078639981     
        1417   1.5333330000000001       0.33333299999999999        1.1182020816128646     
        1418   1.5666670000000000       0.33333299999999999       0.10066432020456544     
        1419   1.6000000000000001       0.33333299999999999      -0.69512241480520798     
        1420   1.6333329999999999       0.33333299999999999       -1.2926405333737283     
        1421   1.6666669999999999       0.33333299999999999       -1.7289157990313095     
        1422   1.7000000000000000       0.33333299999999999       -2.0455529541188175     
        1423   1.7333330000000000       0.33333299999999999       -2.2710859754766406     
        1424   1.7666670000000000       0.33333299999999999       -2.4310022486424891     
        1425   1.8000000000000000       0.33333299999999999       -2.5409665094554144     
        1426   1.8333330000000001       0.33333299999999999       -2.6139125452452756     
        1427   1.8666670000000001       0.33333299999999999       -2.6609409041811367     
        1428   1.8999999999999999       0.33333299999999999       -2.6865468445404059     
        1429   1.9333330000000000       0.33333299999999999       -2.6962876216625524     
        1430   1.9666669999999999       0.33333299999999999       -2.6961128399893939     
        1431   2.0000000000000000       0.33333299999999999       -2.6863980466354382     
        1432   2.0333329999999998       0.33333299999999999       -2.6699385944741794     
        1433   2.0666669999999998       0.33333299999999999       -2.6494510886857823     
        1434   2.1000000000000001       0.33333299999999999       -2.6262052228959774     
        1435   2.1333329999999999       0.33333299999999999       -2.5992291307575908     
        1436   2.1666669999999999       0.33333299999999999       -2.5715880938960418     
        1437   2.2000000000000002       0.33333299999999999       -2.5433978514633884     
        1438   2.2333330000000000       0.33333299999999999       -2.5143804068430176     
        1439   2.2666670000000000       0.33333299999999999       -2.4839879556186961     
        1440   2.2999999999999998       0.33333299999999999       -2.4560745689670389     
        1441   2.3333330000000001       0.33333299999999999       -2.4281495572052521     
        1442   2.3666670000000001       0.33333299999999999       -2.4016328594030112     
        1443   2.3999999999999999       0.33333299999999999       -2.3741536073784868     
        1444   2.4333330000000002       0.33333299999999999       -2.3486285727136771     
        1445   2.4666670000000002       0.33333299999999999       -2.3242175707718684     
        1446   2.5000000000000000       0.33333299999999999       -2.3007610634346669     
        1447   2.5333329999999998       0.33333299999999999       -2.2786297434804847     
        1448   2.5666669999999998       0.33333299999999999       -2.2579654174595731     
        1449   2.6000000000000001       0.33333299999999999       -2.2370424709622689     
        1450   2.6333329999999999       0.33333299999999999       -2.2189275560724075     
        1451   2.6666669999999999       0.33333299999999999       -2.2004623922531903     
        1452   2.7000000000000002       0.33333299999999999       -2.1838477944662373     
        1453   2.7333330000000000       0.33333299999999999       -2.1686383131153963     
        1454   2.7666670000000000       0.33333299999999999       -2.1533648456738446     
        1455   2.7999999999999998       0.33333299999999999       -2.1399517368433894     
        1456   2.8333330000000001       0.33333299999999999       -2.1266557357039835     
        1457   2.8666670000000001       0.33333299999999999       -2.1151264427535357     
        1458   2.8999999999999999       0.33333299999999999       -2.1038858611062019     
        1459   2.9333330000000002       0.33333299999999999       -2.0938661414425770     
        1460   2.9666670000000002       0.33333299999999999       -2.0841698864058609     
        1461   3.0000000000000000       0.33333299999999999       -2.0755763962752658     
        1462   3.0333329999999998       0.33333299999999999       -2.0673954677365391     
        1463   3.0666669999999998       0.33333299999999999       -2.0598342191673900     
        1464   3.1000000000000001       0.33333299999999999       -2.0531062004328264     
        1465   3.1333329999999999       0.33333299999999999       -2.0466178856628794     
        1466   3.1666669999999999       0.33333299999999999       -2.0409913714625540     
        1467   3.2000000000000002       0.33333299999999999       -2.0356204747417586     
        1468   3.2333330000000000       0.33333299999999999       -2.0309699718961820     
        1469   3.2666670000000000       0.33333299999999999       -2.0267317866769332     
        1470   3.2999999999999998       0.33333299999999999       -2.0228017264521903     
        1471   3.3333330000000001       0.33333299999999999       -2.0193734105979551     
        1472   3.3666670000000001       0.33333299999999999       -2.0161703862125537     
        1473   3.3999999999999999       0.33333299999999999       -2.0133754146909402     
        1474   3.4333330000000002       0.33333299999999999       -2.0108627527112226     
        1475   3.4666670000000002       0.33333299999999999       -2.0084542836478421     
        1476   3.5000000000000000       0.33333299999999999       -2.0063739943686287     
        1477   3.5333329999999998       0.33333299999999999       -2.0044402147424840     
        1478   3.5666669999999998       0.33333299999999999       -2.0027171756893667     
        1479   3.6000000000000001       0.33333299999999999       -2.0012451955689543     
        1480   3.6333329999999999       0.33333299999999999       -1.9999200421141290     
        1481   3.6666669999999999       0.33333299999999999       -1.9988013841390315     
        1482   3.7000000000000002       0.33333299999999999       -1.9978252979633473     
        1483   3.7333330000000000       0.33333299999999999       -1.9970662282726153     
        1484   3.7666670000000000       0.33333299999999999       -1.9964257119791819     
        1485   3.7999999999999998       0.33333299999999999       -1.9958163950250343     
        1486   3.8333330000000001       0.33333299999999999       -1.9953724318975254     
        1487   3.8666670000000001       0.33333299999999999       -1.9949551431235386     
        1488   3.8999999999999999       0.33333299999999999       -1.9945703480075925     
        1489   3.9333330000000002       0.33333299999999999       -1.9942929387302366     
        1490   3.9666670000000002       0.33333299999999999       -1.9940404307002457     
        1491   4.0000000000000000       0.33333299999999999       -1.9937991700162514     
        1492   4.0333329999999998       0.33333299999999999       -1.9936529384842010     
        1493   4.0666669999999998       0.33333299999999999       -1.9935576442166192     
        1494   4.0999999999999996       0.33333299999999999       -1.9934496750573036     
        1495   4.1333330000000004       0.33333299999999999       -1.9934076863164143     
        1496   4.1666670000000003       0.33333299999999999       -1.9934229647508499     
        1497   4.2000000000000002       0.33333299999999999       -1.9935027568200654     
        1498   4.2333330000000000       0.33333299999999999       -1.9935942532649604     
        1499   4.2666670000000000       0.33333299999999999       -1.9937066564423902     
        1500   4.2999999999999998       0.33333299999999999       -1.9938654654897339     
        1501   4.3333329999999997       0.33333299999999999       -1.9940094249086791     
        1502   4.3666669999999996       0.33333299999999999       -1.9941190749348270     
        1503   4.4000000000000004       0.33333299999999999       -1.9942044400936727     
        1504   4.4333330000000002       0.33333299999999999       -1.9942585142313789     
        1505   4.4666670000000002       0.33333299999999999       -1.9942701974402524     
        1506   4.5000000000000000       0.33333299999999999       -1.9943131538707890     
        1507   4.5333329999999998       0.33333299999999999       -1.9943047449056526     
        1508   4.5666669999999998       0.33333299999999999       -1.9942929294316247     
        1509   4.5999999999999996       0.33333299999999999       -1.9942257182057037     
        1510   4.6333330000000004       0.33333299999999999       -1.9941554645083706     
        1511   4.6666670000000003       0.33333299999999999       -1.9941110758091116     
        1512   4.7000000000000002       0.33333299999999999       -1.9940256815957176     
        1513   4.7333330000000000       0.33333299999999999       -1.9939228377872191     
        1514   4.7666670000000000       0.33333299999999999       -1.9938025942462738     
        1515   4.7999999999999998       0.33333299999999999       -1.9936335342853908     
        1516   4.8333329999999997       0.33333299999999999       -1.9934168088877169     
        1517   4.8666669999999996       0.33333299999999999       -1.9931410751444261     
        1518   4.9000000000000004       0.33333299999999999       -1.9927893386756432     
        1519   4.9333330000000002       0.33333299999999999       -1.9924534614581426     
        1520   4.9666670000000002       0.33333299999999999       -1.9921875563899720     
        1521   5.0000000000000000       0.33333299999999999       -1.9920738679048544     
        1522   0.0000000000000000       0.36666700000000002        0.0000000000000000     
        1523   3.3333000000000002E-002  0.36666700000000002      -0.13984791174560388     
        1524   6.6667000000000004E-002  0.36666700000000002      -0.32128246242921460     
        1525  0.10000000000000001       0.36666700000000002      -0.52650859571740671     
        1526  0.13333300000000001       0.36666700000000002      -0.74194826219462284     
        1527  0.16666700000000001       0.36666700000000002      -0.95537566239922722     
        1528  0.20000000000000001       0.36666700000000002       -1.1587473123053271     
        1529  0.23333300000000001       0.36666700000000002       -1.3426116226549170     
        1530  0.26666699999999999       0.36666700000000002       -1.4980841642224847     
        1531  0.29999999999999999       0.36666700000000002       -1.6292772723122444     
        1532  0.33333299999999999       0.36666700000000002       -1.7331940120238283     
        1533  0.36666700000000002       0.36666700000000002       -1.8127611146049740     
        1534  0.40000000000000002       0.36666700000000002       -1.8694385278763479     
        1535  0.43333300000000002       0.36666700000000002       -1.9092872990466589     
        1536  0.46666700000000000       0.36666700000000002       -1.9317795330383449     
        1537  0.50000000000000000       0.36666700000000002       -1.9439717482253038     
        1538  0.53333299999999995       0.36666700000000002       -1.9499428746956384     
        1539  0.56666700000000003       0.36666700000000002       -1.9507466505767561     
        1540  0.59999999999999998       0.36666700000000002       -1.9555671513944841     
        1541  0.63333300000000003       0.36666700000000002       -1.9686296914167867     
        1542  0.66666700000000001       0.36666700000000002       -2.0009114328601836     
        1543  0.69999999999999996       0.36666700000000002       -2.0605165092385360     
        1544  0.73333300000000001       0.36666700000000002       -2.1657844746627037     
        1545  0.76666699999999999       0.36666700000000002       -2.3267609191623504     
        1546  0.80000000000000004       0.36666700000000002       -2.5673104219394220     
        1547  0.83333299999999999       0.36666700000000002       -2.9060200017830820     
        1548  0.86666699999999997       0.36666700000000002       -3.3486519200013687     
        1549  0.90000000000000002       0.36666700000000002       -3.8650251491146683     
        1550  0.93333299999999997       0.36666700000000002       -4.3791790953581904     
        1551  0.96666700000000005       0.36666700000000002       -4.6156745825558732     
        1552   1.0000000000000000       0.36666700000000002       -4.0618421700438940     
        1553   1.5000000000000000       0.36666700000000002        2.6057501317758143     
        1554   1.5333330000000001       0.36666700000000002       0.91137503857282487     
        1555   1.5666670000000000       0.36666700000000002      -0.36899238799301337     
        1556   1.6000000000000001       0.36666700000000002       -1.2809792310945400     
        1557   1.6333329999999999       0.36666700000000002       -1.9078682758698229     
        1558   1.6666669999999999       0.36666700000000002       -2.3371975697863618     
        1559   1.7000000000000000       0.36666700000000002       -2.6270228116233869     
        1560   1.7333330000000000       0.36666700000000002       -2.8220551519262531     
        1561   1.7666670000000000       0.36666700000000002       -2.9506403359113578     
        1562   1.8000000000000000       0.36666700000000002       -3.0301661759346286     
        1563   1.8333330000000001       0.36666700000000002       -3.0758045438884838     
        1564   1.8666670000000001       0.36666700000000002       -3.0973256757074159     
        1565   1.8999999999999999       0.36666700000000002       -3.0995691384713009     
        1566   1.9333330000000000       0.36666700000000002       -3.0900294761588287     
        1567   1.9666669999999999       0.36666700000000002       -3.0682402884543567     
        1568   2.0000000000000000       0.36666700000000002       -3.0382513727651164     
        1569   2.0333329999999998       0.36666700000000002       -3.0065088765945709     
        1570   2.0666669999999998       0.36666700000000002       -2.9675118786235690     
        1571   2.1000000000000001       0.36666700000000002       -2.9271882385356802     
        1572   2.1333329999999999       0.36666700000000002       -2.8860695129795690     
        1573   2.1666669999999999       0.36666700000000002       -2.8445461656374662     
        1574   2.2000000000000002       0.36666700000000002       -2.7992785688711859     
        1575   2.2333330000000000       0.36666700000000002       -2.7573781654022875     
        1576   2.2666670000000000       0.36666700000000002       -2.7140765806661231     
        1577   2.2999999999999998       0.36666700000000002       -2.6724504902743020     
        1578   2.3333330000000001       0.36666700000000002       -2.6304764544843318     
        1579   2.3666670000000001       0.36666700000000002       -2.5906940622587955     
        1580   2.3999999999999999       0.36666700000000002       -2.5522971423525460     
        1581   2.4333330000000002       0.36666700000000002       -2.5161375134791828     
        1582   2.4666670000000002       0.36666700000000002       -2.4791620603256783     
        1583   2.5000000000000000       0.36666700000000002       -2.4441887675401972     
        1584   2.5333329999999998       0.36666700000000002       -2.4118602880345619     
        1585   2.5666669999999998       0.36666700000000002       -2.3796394311488780     
        1586   2.6000000000000001       0.36666700000000002       -2.3496535320539507     
        1587   2.6333329999999999       0.36666700000000002       -2.3214175235541057     
        1588   2.6666669999999999       0.36666700000000002       -2.2942903881412651     
        1589   2.7000000000000002       0.36666700000000002       -2.2681179718914835     
        1590   2.7333330000000000       0.36666700000000002       -2.2440601423490989     
        1591   2.7666670000000000       0.36666700000000002       -2.2210510484845396     
        1592   2.7999999999999998       0.36666700000000002       -2.1987617290526669     
        1593   2.8333330000000001       0.36666700000000002       -2.1782176840381795     
        1594   2.8666670000000001       0.36666700000000002       -2.1588957376796909     
        1595   2.8999999999999999       0.36666700000000002       -2.1411385891346648     
        1596   2.9333330000000002       0.36666700000000002       -2.1236323655661180     
        1597   2.9666670000000002       0.36666700000000002       -2.1079516848910913     
        1598   3.0000000000000000       0.36666700000000002       -2.0925208974919003     
        1599   3.0333329999999998       0.36666700000000002       -2.0786228628907137     
        1600   3.0666669999999998       0.36666700000000002       -2.0656180125668109     
        1601   3.1000000000000001       0.36666700000000002       -2.0530001552885961     
        1602   3.1333329999999999       0.36666700000000002       -2.0414461499905481     
        1603   3.1666669999999999       0.36666700000000002       -2.0308249128894520     
        1604   3.2000000000000002       0.36666700000000002       -2.0207947802066704     
        1605   3.2333330000000000       0.36666700000000002       -2.0114120594826277     
        1606   3.2666670000000000       0.36666700000000002       -2.0029014706899542     
        1607   3.2999999999999998       0.36666700000000002       -1.9947513518568525     
        1608   3.3333330000000001       0.36666700000000002       -1.9874760349827123     
        1609   3.3666670000000001       0.36666700000000002       -1.9806415547994412     
        1610   3.3999999999999999       0.36666700000000002       -1.9741179628660550     
        1611   3.4333330000000002       0.36666700000000002       -1.9681722106642485     
        1612   3.4666670000000002       0.36666700000000002       -1.9627528501595004     
        1613   3.5000000000000000       0.36666700000000002       -1.9575847394749537     
        1614   3.5333329999999998       0.36666700000000002       -1.9527935198202571     
        1615   3.5666669999999998       0.36666700000000002       -1.9484062859629330     
        1616   3.6000000000000001       0.36666700000000002       -1.9443780757027380     
        1617   3.6333329999999999       0.36666700000000002       -1.9406366790300236     
        1618   3.6666669999999999       0.36666700000000002       -1.9372267736878068     
        1619   3.7000000000000002       0.36666700000000002       -1.9340172392266681     
        1620   3.7333330000000000       0.36666700000000002       -1.9311119870443865     
        1621   3.7666670000000000       0.36666700000000002       -1.9285184864136324     
        1622   3.7999999999999998       0.36666700000000002       -1.9260724531780880     
        1623   3.8333330000000001       0.36666700000000002       -1.9238234000648504     
        1624   3.8666670000000001       0.36666700000000002       -1.9217493429043029     
        1625   3.8999999999999999       0.36666700000000002       -1.9198601146387861     
        1626   3.9333330000000002       0.36666700000000002       -1.9180568396540798     
        1627   3.9666670000000002       0.36666700000000002       -1.9164397951933685     
        1628   4.0000000000000000       0.36666700000000002       -1.9149203756111972     
        1629   4.0333329999999998       0.36666700000000002       -1.9135076829933850     
        1630   4.0666669999999998       0.36666700000000002       -1.9122595819677723     
        1631   4.0999999999999996       0.36666700000000002       -1.9110952458833632     
        1632   4.1333330000000004       0.36666700000000002       -1.9100311036303317     
        1633   4.1666670000000003       0.36666700000000002       -1.9090588138900280     
        1634   4.2000000000000002       0.36666700000000002       -1.9081714316430869     
        1635   4.2333330000000000       0.36666700000000002       -1.9074147688126672     
        1636   4.2666670000000000       0.36666700000000002       -1.9066891753927924     
        1637   4.2999999999999998       0.36666700000000002       -1.9060189629499376     
        1638   4.3333329999999997       0.36666700000000002       -1.9054323879271886     
        1639   4.3666669999999996       0.36666700000000002       -1.9048948896709057     
        1640   4.4000000000000004       0.36666700000000002       -1.9043335249573032     
        1641   4.4333330000000002       0.36666700000000002       -1.9038227207863352     
        1642   4.4666670000000002       0.36666700000000002       -1.9033277115077396     
        1643   4.5000000000000000       0.36666700000000002       -1.9028260169219013     
        1644   4.5333329999999998       0.36666700000000002       -1.9023671850423893     
        1645   4.5666669999999998       0.36666700000000002       -1.9019172797992920     
        1646   4.5999999999999996       0.36666700000000002       -1.9014765747374271     
        1647   4.6333330000000004       0.36666700000000002       -1.9010388284091637     
        1648   4.6666670000000003       0.36666700000000002       -1.9006235007361905     
        1649   4.7000000000000002       0.36666700000000002       -1.9002261731143530     
        1650   4.7333330000000000       0.36666700000000002       -1.8998431948996555     
        1651   4.7666670000000000       0.36666700000000002       -1.8994527727595543     
        1652   4.7999999999999998       0.36666700000000002       -1.8990622368850532     
        1653   4.8333329999999997       0.36666700000000002       -1.8986675750406055     
        1654   4.8666669999999996       0.36666700000000002       -1.8982390699652487     
        1655   4.9000000000000004       0.36666700000000002       -1.8978312893215465     
        1656   4.9333330000000002       0.36666700000000002       -1.8974642244138178     
        1657   4.9666670000000002       0.36666700000000002       -1.8972084758950876     
        1658   5.0000000000000000       0.36666700000000002       -1.8970740160089337     
        1659   0.0000000000000000       0.40000000000000002        0.0000000000000000     
        1660   3.3333000000000002E-002  0.40000000000000002      -0.11012508957997569     
        1661   6.6667000000000004E-002  0.40000000000000002      -0.24661573029984207     
        1662  0.10000000000000001       0.40000000000000002      -0.40365396406339565     
        1663  0.13333300000000001       0.40000000000000002      -0.58265292684887804     
        1664  0.16666700000000001       0.40000000000000002      -0.75715759782738545     
        1665  0.20000000000000001       0.40000000000000002      -0.93594331547146503     
        1666  0.23333300000000001       0.40000000000000002       -1.0974743543080638     
        1667  0.26666699999999999       0.40000000000000002       -1.2477504676609432     
        1668  0.29999999999999999       0.40000000000000002       -1.3763984615094627     
        1669  0.33333299999999999       0.40000000000000002       -1.4868774450002762     
        1670  0.36666700000000002       0.40000000000000002       -1.5774993942364124     
        1671  0.40000000000000002       0.40000000000000002       -1.6502080454514969     
        1672  0.43333300000000002       0.40000000000000002       -1.7062975773765781     
        1673  0.46666700000000000       0.40000000000000002       -1.7496877418485226     
        1674  0.50000000000000000       0.40000000000000002       -1.7827034169349605     
        1675  0.53333299999999995       0.40000000000000002       -1.8082244796473446     
        1676  0.56666700000000003       0.40000000000000002       -1.8321833196885204     
        1677  0.59999999999999998       0.40000000000000002       -1.8596846927936144     
        1678  0.63333300000000003       0.40000000000000002       -1.8977486359968112     
        1679  0.66666700000000001       0.40000000000000002       -1.9560078026939685     
        1680  0.69999999999999996       0.40000000000000002       -2.0514312946882343     
        1681  0.73333300000000001       0.40000000000000002       -2.1936651593222294     
        1682  0.76666699999999999       0.40000000000000002       -2.4213917898971902     
        1683  0.80000000000000004       0.40000000000000002       -2.7658350057633303     
        1684  0.83333299999999999       0.40000000000000002       -3.2417159178716561     
        1685  0.86666699999999997       0.40000000000000002       -3.8972878398948163     
        1686  0.90000000000000002       0.40000000000000002       -4.7998875234613898     
        1687  0.93333299999999997       0.40000000000000002       -5.8188787145190242     
        1688  0.96666700000000005       0.40000000000000002       -6.7839151390326897     
        1689   1.0000000000000000       0.40000000000000002       -7.0312853330972844     
        1690   1.5000000000000000       0.40000000000000002        2.5604193912036664     
        1691   1.5333330000000001       0.40000000000000002       0.28733465344447978     
        1692   1.5666670000000000       0.40000000000000002       -1.2256425421492001     
        1693   1.6000000000000001       0.40000000000000002       -2.1648785620973365     
        1694   1.6333329999999999       0.40000000000000002       -2.7405540328781020     
        1695   1.6666669999999999       0.40000000000000002       -3.0929281027062858     
        1696   1.7000000000000000       0.40000000000000002       -3.3107815419292899     
        1697   1.7333330000000000       0.40000000000000002       -3.4397227629773557     
        1698   1.7666670000000000       0.40000000000000002       -3.5128637084290335     
        1699   1.8000000000000000       0.40000000000000002       -3.5449867902385499     
        1700   1.8333330000000001       0.40000000000000002       -3.5523530215074142     
        1701   1.8666670000000001       0.40000000000000002       -3.5370631162081261     
        1702   1.8999999999999999       0.40000000000000002       -3.5126004450497508     
        1703   1.9333330000000000       0.40000000000000002       -3.4726583016070722     
        1704   1.9666669999999999       0.40000000000000002       -3.4294862802995794     
        1705   2.0000000000000000       0.40000000000000002       -3.3793453842160042     
        1706   2.0333329999999998       0.40000000000000002       -3.3243743268736563     
        1707   2.0666669999999998       0.40000000000000002       -3.2709264171419576     
        1708   2.1000000000000001       0.40000000000000002       -3.2117170808840925     
        1709   2.1333329999999999       0.40000000000000002       -3.1540642682666413     
        1710   2.1666669999999999       0.40000000000000002       -3.0956717797692126     
        1711   2.2000000000000002       0.40000000000000002       -3.0392244116038292     
        1712   2.2333330000000000       0.40000000000000002       -2.9801151475790384     
        1713   2.2666670000000000       0.40000000000000002       -2.9261242650614157     
        1714   2.2999999999999998       0.40000000000000002       -2.8689845510459286     
        1715   2.3333330000000001       0.40000000000000002       -2.8178027642807510     
        1716   2.3666670000000001       0.40000000000000002       -2.7649211348695824     
        1717   2.3999999999999999       0.40000000000000002       -2.7135149240013221     
        1718   2.4333330000000002       0.40000000000000002       -2.6660883602676648     
        1719   2.4666670000000002       0.40000000000000002       -2.6190337678198072     
        1720   2.5000000000000000       0.40000000000000002       -2.5752965704714748     
        1721   2.5333329999999998       0.40000000000000002       -2.5310126409769440     
        1722   2.5666669999999998       0.40000000000000002       -2.4896646379682328     
        1723   2.6000000000000001       0.40000000000000002       -2.4512795201039927     
        1724   2.6333329999999999       0.40000000000000002       -2.4124599768685902     
        1725   2.6666669999999999       0.40000000000000002       -2.3772666181209048     
        1726   2.7000000000000002       0.40000000000000002       -2.3438791910259855     
        1727   2.7333330000000000       0.40000000000000002       -2.3100313946663458     
        1728   2.7666670000000000       0.40000000000000002       -2.2800493219831646     
        1729   2.7999999999999998       0.40000000000000002       -2.2500556591907741     
        1730   2.8333330000000001       0.40000000000000002       -2.2231551773052836     
        1731   2.8666670000000001       0.40000000000000002       -2.1960678141721197     
        1732   2.8999999999999999       0.40000000000000002       -2.1713139900358578     
        1733   2.9333330000000002       0.40000000000000002       -2.1484118987484844     
        1734   2.9666670000000002       0.40000000000000002       -2.1256717876115596     
        1735   3.0000000000000000       0.40000000000000002       -2.1052683480012342     
        1736   3.0333329999999998       0.40000000000000002       -2.0852762699174865     
        1737   3.0666669999999998       0.40000000000000002       -2.0665631342579673     
        1738   3.1000000000000001       0.40000000000000002       -2.0490933409380214     
        1739   3.1333329999999999       0.40000000000000002       -2.0330461451010873     
        1740   3.1666669999999999       0.40000000000000002       -2.0171261327428742     
        1741   3.2000000000000002       0.40000000000000002       -2.0029287318259570     
        1742   3.2333330000000000       0.40000000000000002       -1.9895088147431905     
        1743   3.2666670000000000       0.40000000000000002       -1.9764955669472211     
        1744   3.2999999999999998       0.40000000000000002       -1.9646254802977403     
        1745   3.3333330000000001       0.40000000000000002       -1.9536376593297100     
        1746   3.3666670000000001       0.40000000000000002       -1.9430242777112587     
        1747   3.3999999999999999       0.40000000000000002       -1.9331589767304898     
        1748   3.4333330000000002       0.40000000000000002       -1.9242465106879625     
        1749   3.4666670000000002       0.40000000000000002       -1.9155277434503992     
        1750   3.5000000000000000       0.40000000000000002       -1.9076084162082647     
        1751   3.5333329999999998       0.40000000000000002       -1.9002327569008155     
        1752   3.5666669999999998       0.40000000000000002       -1.8930905846017534     
        1753   3.6000000000000001       0.40000000000000002       -1.8866393520007789     
        1754   3.6333329999999999       0.40000000000000002       -1.8804744196719048     
        1755   3.6666669999999999       0.40000000000000002       -1.8748783739931691     
        1756   3.7000000000000002       0.40000000000000002       -1.8695266240993720     
        1757   3.7333330000000000       0.40000000000000002       -1.8647354944493750     
        1758   3.7666670000000000       0.40000000000000002       -1.8601397727885896     
        1759   3.7999999999999998       0.40000000000000002       -1.8558329211147258     
        1760   3.8333330000000001       0.40000000000000002       -1.8519534672849678     
        1761   3.8666670000000001       0.40000000000000002       -1.8482919434478144     
        1762   3.8999999999999999       0.40000000000000002       -1.8448071632648084     
        1763   3.9333330000000002       0.40000000000000002       -1.8416098954700262     
        1764   3.9666670000000002       0.40000000000000002       -1.8386634930962575     
        1765   4.0000000000000000       0.40000000000000002       -1.8358268957365571     
        1766   4.0333329999999998       0.40000000000000002       -1.8332483096164349     
        1767   4.0666669999999998       0.40000000000000002       -1.8308299999875910     
        1768   4.0999999999999996       0.40000000000000002       -1.8285951223836674     
        1769   4.1333330000000004       0.40000000000000002       -1.8265418251664118     
        1770   4.1666670000000003       0.40000000000000002       -1.8246290218422268     
        1771   4.2000000000000002       0.40000000000000002       -1.8227962590495479     
        1772   4.2333330000000000       0.40000000000000002       -1.8211640977757437     
        1773   4.2666670000000000       0.40000000000000002       -1.8196616650064934     
        1774   4.2999999999999998       0.40000000000000002       -1.8182140058514358     
        1775   4.3333329999999997       0.40000000000000002       -1.8168670900205586     
        1776   4.3666669999999996       0.40000000000000002       -1.8156586279462037     
        1777   4.4000000000000004       0.40000000000000002       -1.8145037630817098     
        1778   4.4333330000000002       0.40000000000000002       -1.8133796158468445     
        1779   4.4666670000000002       0.40000000000000002       -1.8123636361941733     
        1780   4.5000000000000000       0.40000000000000002       -1.8113828562629035     
        1781   4.5333329999999998       0.40000000000000002       -1.8104225525713753     
        1782   4.5666669999999998       0.40000000000000002       -1.8095264019788653     
        1783   4.5999999999999996       0.40000000000000002       -1.8087044812236952     
        1784   4.6333330000000004       0.40000000000000002       -1.8079095256185240     
        1785   4.6666670000000003       0.40000000000000002       -1.8071416507339437     
        1786   4.7000000000000002       0.40000000000000002       -1.8064047332678412     
        1787   4.7333330000000000       0.40000000000000002       -1.8057242704787084     
        1788   4.7666670000000000       0.40000000000000002       -1.8050740923994000     
        1789   4.7999999999999998       0.40000000000000002       -1.8044588547064955     
        1790   4.8333329999999997       0.40000000000000002       -1.8038406639428033     
        1791   4.8666669999999996       0.40000000000000002       -1.8032682340442427     
        1792   4.9000000000000004       0.40000000000000002       -1.8027504037471265     
        1793   4.9333330000000002       0.40000000000000002       -1.8023243028595497     
        1794   4.9666670000000002       0.40000000000000002       -1.8020193738447643     
        1795   5.0000000000000000       0.40000000000000002       -1.8018969649729555     
        1796   0.0000000000000000       0.43333300000000002        0.0000000000000000     
        1797   3.3333000000000002E-002  0.43333300000000002       -8.3455677581582149E-002
        1798   6.6667000000000004E-002  0.43333300000000002      -0.18759145108996900     
        1799  0.10000000000000001       0.43333300000000002      -0.31650913524798513     
        1800  0.13333300000000001       0.43333300000000002      -0.45511441572767020     
        1801  0.16666700000000001       0.43333300000000002      -0.60504736252210600     
        1802  0.20000000000000001       0.43333300000000002      -0.75182897307737084     
        1803  0.23333300000000001       0.43333300000000002      -0.89783194122365917     
        1804  0.26666699999999999       0.43333300000000002       -1.0319469298081843     
        1805  0.29999999999999999       0.43333300000000002       -1.1574156860292319     
        1806  0.33333299999999999       0.43333300000000002       -1.2661364493765841     
        1807  0.36666700000000002       0.43333300000000002       -1.3623472714543574     
        1808  0.40000000000000002       0.43333300000000002       -1.4439810524656325     
        1809  0.43333300000000002       0.43333300000000002       -1.5121616038831054     
        1810  0.46666700000000000       0.43333300000000002       -1.5691451911618604     
        1811  0.50000000000000000       0.43333300000000002       -1.6181538830244262     
        1812  0.53333299999999995       0.43333300000000002       -1.6605539946282624     
        1813  0.56666700000000003       0.43333300000000002       -1.7028392051064272     
        1814  0.59999999999999998       0.43333300000000002       -1.7490632152218224     
        1815  0.63333300000000003       0.43333300000000002       -1.8076852118389219     
        1816  0.66666700000000001       0.43333300000000002       -1.8905097417100185     
        1817  0.69999999999999996       0.43333300000000002       -2.0127084297566400     
        1818  0.73333300000000001       0.43333300000000002       -2.1959887816203292     
        1819  0.76666699999999999       0.43333300000000002       -2.4770190418594318     
        1820  0.80000000000000004       0.43333300000000002       -2.9022743289939719     
        1821  0.83333299999999999       0.43333300000000002       -3.5333954516926864     
        1822  0.86666699999999997       0.43333300000000002       -4.4620360296388961     
        1823  0.90000000000000002       0.43333300000000002       -5.7702168458059635     
        1824  0.93333299999999997       0.43333300000000002       -7.6662476402287503     
        1825  0.96666700000000005       0.43333300000000002       -9.8295743185969009     
        1826   1.0000000000000000       0.43333300000000002       -11.368022948759752     
        1827   1.5000000000000000       0.43333300000000002        2.0333107029264026     
        1828   1.5333330000000001       0.43333300000000002       -1.1138772146718769     
        1829   1.5666670000000000       0.43333300000000002       -2.6831456358319921     
        1830   1.6000000000000001       0.43333300000000002       -3.4372688398201450     
        1831   1.6333329999999999       0.43333300000000002       -3.8073508588378839     
        1832   1.6666669999999999       0.43333300000000002       -3.9934237558533852     
        1833   1.7000000000000000       0.43333300000000002       -4.0782113099018265     
        1834   1.7333330000000000       0.43333300000000002       -4.1086126335185265     
        1835   1.7666670000000000       0.43333300000000002       -4.1000482373289264     
        1836   1.8000000000000000       0.43333300000000002       -4.0736162864841914     
        1837   1.8333330000000001       0.43333300000000002       -4.0256287790647747     
        1838   1.8666670000000001       0.43333300000000002       -3.9723217859727304     
        1839   1.8999999999999999       0.43333300000000002       -3.9110824714189176     
        1840   1.9333330000000000       0.43333300000000002       -3.8426160073409492     
        1841   1.9666669999999999       0.43333300000000002       -3.7682954980942367     
        1842   2.0000000000000000       0.43333300000000002       -3.6972814621092387     
        1843   2.0333329999999998       0.43333300000000002       -3.6243412558235684     
        1844   2.0666669999999998       0.43333300000000002       -3.5468718239098109     
        1845   2.1000000000000001       0.43333300000000002       -3.4749296434787431     
        1846   2.1333329999999999       0.43333300000000002       -3.3986036497291980     
        1847   2.1666669999999999       0.43333300000000002       -3.3245024675926160     
        1848   2.2000000000000002       0.43333300000000002       -3.2511372527666631     
        1849   2.2333330000000000       0.43333300000000002       -3.1829648782136974     
        1850   2.2666670000000000       0.43333300000000002       -3.1125716103237604     
        1851   2.2999999999999998       0.43333300000000002       -3.0458033828979389     
        1852   2.3333330000000001       0.43333300000000002       -2.9805914619162142     
        1853   2.3666670000000001       0.43333300000000002       -2.9185719298365602     
        1854   2.3999999999999999       0.43333300000000002       -2.8564132852933573     
        1855   2.4333330000000002       0.43333300000000002       -2.7975726437198665     
        1856   2.4666670000000002       0.43333300000000002       -2.7424299249971020     
        1857   2.5000000000000000       0.43333300000000002       -2.6861923408608925     
        1858   2.5333329999999998       0.43333300000000002       -2.6345418647150014     
        1859   2.5666669999999998       0.43333300000000002       -2.5856992003712969     
        1860   2.6000000000000001       0.43333300000000002       -2.5359589077782627     
        1861   2.6333329999999999       0.43333300000000002       -2.4916277468189207     
        1862   2.6666669999999999       0.43333300000000002       -2.4469028887463757     
        1863   2.7000000000000002       0.43333300000000002       -2.4055723948184062     
        1864   2.7333330000000000       0.43333300000000002       -2.3653079856381924     
        1865   2.7666670000000000       0.43333300000000002       -2.3275854714469753     
        1866   2.7999999999999998       0.43333300000000002       -2.2911561719460036     
        1867   2.8333330000000001       0.43333300000000002       -2.2572751365424772     
        1868   2.8666670000000001       0.43333300000000002       -2.2247909925070792     
        1869   2.8999999999999999       0.43333300000000002       -2.1932976339412766     
        1870   2.9333330000000002       0.43333300000000002       -2.1641247851035668     
        1871   2.9666670000000002       0.43333300000000002       -2.1368941452853680     
        1872   3.0000000000000000       0.43333300000000002       -2.1098846559148132     
        1873   3.0333329999999998       0.43333300000000002       -2.0853346011619447     
        1874   3.0666669999999998       0.43333300000000002       -2.0619131918189901     
        1875   3.1000000000000001       0.43333300000000002       -2.0401662777627356     
        1876   3.1333329999999999       0.43333300000000002       -2.0188275190935006     
        1877   3.1666669999999999       0.43333300000000002       -1.9990704918030018     
        1878   3.2000000000000002       0.43333300000000002       -1.9806295045438504     
        1879   3.2333330000000000       0.43333300000000002       -1.9627283676614369     
        1880   3.2666670000000000       0.43333300000000002       -1.9462179567773092     
        1881   3.2999999999999998       0.43333300000000002       -1.9311700535992684     
        1882   3.3333330000000001       0.43333300000000002       -1.9162199136034881     
        1883   3.3666670000000001       0.43333300000000002       -1.9025052836348946     
        1884   3.3999999999999999       0.43333300000000002       -1.8895575074925608     
        1885   3.4333330000000002       0.43333300000000002       -1.8774396085366745     
        1886   3.4666670000000002       0.43333300000000002       -1.8662729839218601     
        1887   3.5000000000000000       0.43333300000000002       -1.8553430042149728     
        1888   3.5333329999999998       0.43333300000000002       -1.8453355779079450     
        1889   3.5666669999999998       0.43333300000000002       -1.8360426118084818     
        1890   3.6000000000000001       0.43333300000000002       -1.8269941343963187     
        1891   3.6333329999999999       0.43333300000000002       -1.8188634506513643     
        1892   3.6666669999999999       0.43333300000000002       -1.8109843961931882     
        1893   3.7000000000000002       0.43333300000000002       -1.8037272713977852     
        1894   3.7333330000000000       0.43333300000000002       -1.7969476648675262     
        1895   3.7666670000000000       0.43333300000000002       -1.7906949185264243     
        1896   3.7999999999999998       0.43333300000000002       -1.7846662826584734     
        1897   3.8333330000000001       0.43333300000000002       -1.7791375965476259     
        1898   3.8666670000000001       0.43333300000000002       -1.7738643108374721     
        1899   3.8999999999999999       0.43333300000000002       -1.7689502182006018     
        1900   3.9333330000000002       0.43333300000000002       -1.7644993484646152     
        1901   3.9666670000000002       0.43333300000000002       -1.7601328060833892     
        1902   4.0000000000000000       0.43333300000000002       -1.7561848948125018     
        1903   4.0333329999999998       0.43333300000000002       -1.7523354575248433     
        1904   4.0666669999999998       0.43333300000000002       -1.7489075054435390     
        1905   4.0999999999999996       0.43333300000000002       -1.7456973047214335     
        1906   4.1333330000000004       0.43333300000000002       -1.7425815417360233     
        1907   4.1666670000000003       0.43333300000000002       -1.7397252159578593     
        1908   4.2000000000000002       0.43333300000000002       -1.7371063206553459     
        1909   4.2333330000000000       0.43333300000000002       -1.7345853955841637     
        1910   4.2666670000000000       0.43333300000000002       -1.7323056624904327     
        1911   4.2999999999999998       0.43333300000000002       -1.7301042975289180     
        1912   4.3333329999999997       0.43333300000000002       -1.7280738066722439     
        1913   4.3666669999999996       0.43333300000000002       -1.7262388972024219     
        1914   4.4000000000000004       0.43333300000000002       -1.7244326671860457     
        1915   4.4333330000000002       0.43333300000000002       -1.7227756299315524     
        1916   4.4666670000000002       0.43333300000000002       -1.7211891982470160     
        1917   4.5000000000000000       0.43333300000000002       -1.7197395072354316     
        1918   4.5333329999999998       0.43333300000000002       -1.7183190113156757     
        1919   4.5666669999999998       0.43333300000000002       -1.7170023729041737     
        1920   4.5999999999999996       0.43333300000000002       -1.7157469439588127     
        1921   4.6333330000000004       0.43333300000000002       -1.7146204957583748     
        1922   4.6666670000000003       0.43333300000000002       -1.7134850015283709     
        1923   4.7000000000000002       0.43333300000000002       -1.7124564253409906     
        1924   4.7333330000000000       0.43333300000000002       -1.7114899440499107     
        1925   4.7666670000000000       0.43333300000000002       -1.7105641587118567     
        1926   4.7999999999999998       0.43333300000000002       -1.7096841756820653     
        1927   4.8333329999999997       0.43333300000000002       -1.7088583140967555     
        1928   4.8666669999999996       0.43333300000000002       -1.7081000855517148     
        1929   4.9000000000000004       0.43333300000000002       -1.7074585091759373     
        1930   4.9333330000000002       0.43333300000000002       -1.7069704039339682     
        1931   4.9666670000000002       0.43333300000000002       -1.7065928991332140     
        1932   5.0000000000000000       0.43333300000000002       -1.7064219972894705     
        1933   0.0000000000000000       0.46666700000000000        0.0000000000000000     
        1934   3.3333000000000002E-002  0.46666700000000000       -6.4760192924445459E-002
        1935   6.6667000000000004E-002  0.46666700000000000      -0.14805396492477738     
        1936  0.10000000000000001       0.46666700000000000      -0.24755969957131288     
        1937  0.13333300000000001       0.46666700000000000      -0.35865315701952638     
        1938  0.16666700000000001       0.46666700000000000      -0.47833821727342951     
        1939  0.20000000000000001       0.46666700000000000      -0.60532778498418138     
        1940  0.23333300000000001       0.46666700000000000      -0.73193888604944812     
        1941  0.26666699999999999       0.46666700000000000      -0.85317619473913520     
        1942  0.29999999999999999       0.46666700000000000      -0.96604014879568778     
        1943  0.33333299999999999       0.46666700000000000       -1.0728095952693260     
        1944  0.36666700000000002       0.46666700000000000       -1.1679423929251518     
        1945  0.40000000000000002       0.46666700000000000       -1.2530196105115801     
        1946  0.43333300000000002       0.46666700000000000       -1.3281143827505000     
        1947  0.46666700000000000       0.46666700000000000       -1.3945638197167740     
        1948  0.50000000000000000       0.46666700000000000       -1.4540862124930296     
        1949  0.53333299999999995       0.46666700000000000       -1.5100559470297199     
        1950  0.56666700000000003       0.46666700000000000       -1.5658054173016387     
        1951  0.59999999999999998       0.46666700000000000       -1.6269807818365978     
        1952  0.63333300000000003       0.46666700000000000       -1.7026159046122058     
        1953  0.66666700000000001       0.46666700000000000       -1.8028851066125939     
        1954  0.69999999999999996       0.46666700000000000       -1.9441420113376955     
        1955  0.73333300000000001       0.46666700000000000       -2.1624238964532654     
        1956  0.76666699999999999       0.46666700000000000       -2.4804436268059584     
        1957  0.80000000000000004       0.46666700000000000       -2.9600405913475969     
        1958  0.83333299999999999       0.46666700000000000       -3.7286340528361355     
        1959  0.86666699999999997       0.46666700000000000       -4.8905096751093495     
        1960  0.90000000000000002       0.46666700000000000       -6.6942244710578036     
        1961  0.93333299999999997       0.46666700000000000       -9.5551438470201369     
        1962  0.96666700000000005       0.46666700000000000       -13.953625817273284     
        1963   1.0000000000000000       0.46666700000000000       -19.168976234745607     
        1964   1.5000000000000000       0.46666700000000000       -2.1226586596145663E-002
        1965   1.5333330000000001       0.46666700000000000       -4.1353948163143084     
        1966   1.5666670000000000       0.46666700000000000       -4.9807570523038871     
        1967   1.6000000000000001       0.46666700000000000       -5.1026581170301455     
        1968   1.6333329999999999       0.46666700000000000       -5.0595143791933195     
        1969   1.6666669999999999       0.46666700000000000       -4.9779772568515934     
        1970   1.7000000000000000       0.46666700000000000       -4.8887059228232204     
        1971   1.7333330000000000       0.46666700000000000       -4.7842997482838854     
        1972   1.7666670000000000       0.46666700000000000       -4.6883705271896003     
        1973   1.8000000000000000       0.46666700000000000       -4.5857023827758701     
        1974   1.8333330000000001       0.46666700000000000       -4.4843101156671104     
        1975   1.8666670000000001       0.46666700000000000       -4.3814381954678367     
        1976   1.8999999999999999       0.46666700000000000       -4.2823028698069550     
        1977   1.9333330000000000       0.46666700000000000       -4.1820352821561837     
        1978   1.9666669999999999       0.46666700000000000       -4.0826230317193684     
        1979   2.0000000000000000       0.46666700000000000       -3.9862092875280455     
        1980   2.0333329999999998       0.46666700000000000       -3.8871207149953793     
        1981   2.0666669999999998       0.46666700000000000       -3.7969320868270731     
        1982   2.1000000000000001       0.46666700000000000       -3.7021688560719483     
        1983   2.1333329999999999       0.46666700000000000       -3.6114263873056665     
        1984   2.1666669999999999       0.46666700000000000       -3.5242575107456151     
        1985   2.2000000000000002       0.46666700000000000       -3.4396695141622002     
        1986   2.2333330000000000       0.46666700000000000       -3.3524782831468047     
        1987   2.2666670000000000       0.46666700000000000       -3.2734498501648641     
        1988   2.2999999999999998       0.46666700000000000       -3.1976238551507525     
        1989   2.3333330000000001       0.46666700000000000       -3.1196413098622933     
        1990   2.3666670000000001       0.46666700000000000       -3.0450713786088048     
        1991   2.3999999999999999       0.46666700000000000       -2.9752239354010346     
        1992   2.4333330000000002       0.46666700000000000       -2.9076792722241200     
        1993   2.4666670000000002       0.46666700000000000       -2.8406903716995742     
        1994   2.5000000000000000       0.46666700000000000       -2.7798200691469068     
        1995   2.5333329999999998       0.46666700000000000       -2.7173151458146974     
        1996   2.5666669999999998       0.46666700000000000       -2.6602139087842898     
        1997   2.6000000000000001       0.46666700000000000       -2.6045310308599734     
        1998   2.6333329999999999       0.46666700000000000       -2.5511820368177034     
        1999   2.6666669999999999       0.46666700000000000       -2.5017235874428088     
        2000   2.7000000000000002       0.46666700000000000       -2.4519009675536672     
        2001   2.7333330000000000       0.46666700000000000       -2.4060671372894462     
        2002   2.7666670000000000       0.46666700000000000       -2.3611049898165342     
        2003   2.7999999999999998       0.46666700000000000       -2.3192024197832821     
        2004   2.8333330000000001       0.46666700000000000       -2.2788175392112340     
        2005   2.8666670000000001       0.46666700000000000       -2.2412983407510456     
        2006   2.8999999999999999       0.46666700000000000       -2.2055631228076420     
        2007   2.9333330000000002       0.46666700000000000       -2.1702898303838487     
        2008   2.9666670000000002       0.46666700000000000       -2.1370093420673348     
        2009   3.0000000000000000       0.46666700000000000       -2.1068978432504619     
        2010   3.0333329999999998       0.46666700000000000       -2.0770300885578057     
        2011   3.0666669999999998       0.46666700000000000       -2.0488543478864853     
        2012   3.1000000000000001       0.46666700000000000       -2.0225651065145360     
        2013   3.1333329999999999       0.46666700000000000       -1.9979667256277964     
        2014   3.1666669999999999       0.46666700000000000       -1.9747399657655562     
        2015   3.2000000000000002       0.46666700000000000       -1.9516663818315707     
        2016   3.2333330000000000       0.46666700000000000       -1.9304513858390329     
        2017   3.2666670000000000       0.46666700000000000       -1.9110221080563665     
        2018   3.2999999999999998       0.46666700000000000       -1.8922043367621073     
        2019   3.3333330000000001       0.46666700000000000       -1.8742505325566836     
        2020   3.3666670000000001       0.46666700000000000       -1.8577051347079947     
        2021   3.3999999999999999       0.46666700000000000       -1.8421838703220650     
        2022   3.4333330000000002       0.46666700000000000       -1.8269680039709921     
        2023   3.4666670000000002       0.46666700000000000       -1.8130256320906395     
        2024   3.5000000000000000       0.46666700000000000       -1.8001205386592201     
        2025   3.5333329999999998       0.46666700000000000       -1.7875293072794824     
        2026   3.5666669999999998       0.46666700000000000       -1.7757491573492938     
        2027   3.6000000000000001       0.46666700000000000       -1.7650376477666614     
        2028   3.6333329999999999       0.46666700000000000       -1.7544270924880723     
        2029   3.6666669999999999       0.46666700000000000       -1.7448792942391269     
        2030   3.7000000000000002       0.46666700000000000       -1.7359727433475225     
        2031   3.7333330000000000       0.46666700000000000       -1.7272388474316389     
        2032   3.7666670000000000       0.46666700000000000       -1.7192518900510707     
        2033   3.7999999999999998       0.46666700000000000       -1.7118616578622867     
        2034   3.8333330000000001       0.46666700000000000       -1.7045789431011700     
        2035   3.8666670000000001       0.46666700000000000       -1.6980878257990248     
        2036   3.8999999999999999       0.46666700000000000       -1.6918176294608547     
        2037   3.9333330000000002       0.46666700000000000       -1.6859780145795618     
        2038   3.9666670000000002       0.46666700000000000       -1.6805817243313128     
        2039   4.0000000000000000       0.46666700000000000       -1.6753469943304555     
        2040   4.0333329999999998       0.46666700000000000       -1.6705103285559415     
        2041   4.0666669999999998       0.46666700000000000       -1.6660130313667170     
        2042   4.0999999999999996       0.46666700000000000       -1.6618153962837434     
        2043   4.1333330000000004       0.46666700000000000       -1.6577841978728636     
        2044   4.1666670000000003       0.46666700000000000       -1.6541695002990713     
        2045   4.2000000000000002       0.46666700000000000       -1.6506146065302785     
        2046   4.2333330000000000       0.46666700000000000       -1.6474118835046525     
        2047   4.2666670000000000       0.46666700000000000       -1.6443119267155146     
        2048   4.2999999999999998       0.46666700000000000       -1.6414700062137251     
        2049   4.3333329999999997       0.46666700000000000       -1.6387858276166061     
        2050   4.3666669999999996       0.46666700000000000       -1.6362807640779724     
        2051   4.4000000000000004       0.46666700000000000       -1.6339780557536903     
        2052   4.4333330000000002       0.46666700000000000       -1.6317036706505303     
        2053   4.4666670000000002       0.46666700000000000       -1.6296491022464330     
        2054   4.5000000000000000       0.46666700000000000       -1.6277081982268793     
        2055   4.5333329999999998       0.46666700000000000       -1.6258957711889244     
        2056   4.5666669999999998       0.46666700000000000       -1.6241244680240940     
        2057   4.5999999999999996       0.46666700000000000       -1.6224965083945109     
        2058   4.6333330000000004       0.46666700000000000       -1.6209757497144537     
        2059   4.6666670000000003       0.46666700000000000       -1.6195323716375591     
        2060   4.7000000000000002       0.46666700000000000       -1.6182235365384987     
        2061   4.7333330000000000       0.46666700000000000       -1.6169786089710647     
        2062   4.7666670000000000       0.46666700000000000       -1.6157939425823369     
        2063   4.7999999999999998       0.46666700000000000       -1.6146339613313483     
        2064   4.8333329999999997       0.46666700000000000       -1.6136362580029822     
        2065   4.8666669999999996       0.46666700000000000       -1.6127089041940652     
        2066   4.9000000000000004       0.46666700000000000       -1.6119068454073808     
        2067   4.9333330000000002       0.46666700000000000       -1.6112768906852717     
        2068   4.9666670000000002       0.46666700000000000       -1.6108386582473615     
        2069   5.0000000000000000       0.46666700000000000       -1.6106732175956671     
        2070   0.0000000000000000       0.50000000000000000        0.0000000000000000     
        2071   3.3333000000000002E-002  0.50000000000000000       -5.0532883990256704E-002
        2072   6.6667000000000004E-002  0.50000000000000000      -0.11659158601690328     
        2073  0.10000000000000001       0.50000000000000000      -0.19227142050404106     
        2074  0.13333300000000001       0.50000000000000000      -0.28356791182030283     
        2075  0.16666700000000001       0.50000000000000000      -0.38388079043473666     
        2076  0.20000000000000001       0.50000000000000000      -0.48673061751593621     
        2077  0.23333300000000001       0.50000000000000000      -0.59253991882917711     
        2078  0.26666699999999999       0.50000000000000000      -0.70096240574388868     
        2079  0.29999999999999999       0.50000000000000000      -0.80519119461145883     
        2080  0.33333299999999999       0.50000000000000000      -0.90302031786498438     
        2081  0.36666700000000002       0.50000000000000000      -0.99410307924294938     
        2082  0.40000000000000002       0.50000000000000000       -1.0780984616640299     
        2083  0.43333300000000002       0.50000000000000000       -1.1565885882247340     
        2084  0.46666700000000000       0.50000000000000000       -1.2280105016718561     
        2085  0.50000000000000000       0.50000000000000000       -1.2947383767835714     
        2086  0.53333299999999995       0.50000000000000000       -1.3589758355546999     
        2087  0.56666700000000003       0.50000000000000000       -1.4240228060615621     
        2088  0.59999999999999998       0.50000000000000000       -1.4965727240320874     
        2089  0.63333300000000003       0.50000000000000000       -1.5812999152524108     
        2090  0.66666700000000001       0.50000000000000000       -1.6946082888911449     
        2091  0.69999999999999996       0.50000000000000000       -1.8530438351002259     
        2092  0.73333300000000001       0.50000000000000000       -2.0750734905613690     
        2093  0.76666699999999999       0.50000000000000000       -2.4219198984221793     
        2094  0.80000000000000004       0.50000000000000000       -2.9544386270397052     
        2095  0.83333299999999999       0.50000000000000000       -3.7487181649604668     
        2096  0.86666699999999997       0.50000000000000000       -5.0679676145896515     
        2097  0.90000000000000002       0.50000000000000000       -7.2495076276157695     
        2098  0.93333299999999997       0.50000000000000000       -10.965370579438977     
        2099  0.96666700000000005       0.50000000000000000       -17.975898719503707     
        2100   1.0000000000000000       0.50000000000000000       -33.877326586293577     
        2101   1.0333330000000001       0.50000000000000000       -29.143965793678358     
        2102   1.0666670000000000       0.50000000000000000       -20.543299790120987     
        2103   1.1000000000000001       0.50000000000000000       -18.219351212548805     
        2104   1.1333329999999999       0.50000000000000000       -15.579713468066979     
        2105   1.1666669999999999       0.50000000000000000       -12.805962692551885     
        2106   1.2000000000000000       0.50000000000000000       -13.238740976733336     
        2107   1.2333330000000000       0.50000000000000000       -13.802925946121965     
        2108   1.2666670000000000       0.50000000000000000       -11.817169894620642     
        2109   1.3000000000000000       0.50000000000000000       -13.393626529296832     
        2110   1.3333330000000001       0.50000000000000000       -11.538730802365036     
        2111   1.3666670000000001       0.50000000000000000       -12.716964342334251     
        2112   1.3999999999999999       0.50000000000000000       -13.693362359721695     
        2113   1.4333330000000000       0.50000000000000000       -13.861335409283344     
        2114   1.4666669999999999       0.50000000000000000       -15.504598169284133     
        2115   1.5000000000000000       0.50000000000000000       -18.371711027708123     
        2116   1.5333330000000001       0.50000000000000000       -10.474148217539883     
        2117   1.5666670000000000       0.50000000000000000       -7.9390320367426552     
        2118   1.6000000000000001       0.50000000000000000       -6.8700128686123625     
        2119   1.6333329999999999       0.50000000000000000       -6.2961118803829930     
        2120   1.6666669999999999       0.50000000000000000       -5.9202003537166670     
        2121   1.7000000000000000       0.50000000000000000       -5.6485692524346245     
        2122   1.7333330000000000       0.50000000000000000       -5.4201858195771893     
        2123   1.7666670000000000       0.50000000000000000       -5.2220306849065228     
        2124   1.8000000000000000       0.50000000000000000       -5.0560552978482125     
        2125   1.8333330000000001       0.50000000000000000       -4.8956058278702388     
        2126   1.8666670000000001       0.50000000000000000       -4.7527986146720806     
        2127   1.8999999999999999       0.50000000000000000       -4.6085360062872960     
        2128   1.9333330000000000       0.50000000000000000       -4.4795689925911288     
        2129   1.9666669999999999       0.50000000000000000       -4.3564001751620038     
        2130   2.0000000000000000       0.50000000000000000       -4.2301575329562047     
        2131   2.0333329999999998       0.50000000000000000       -4.1156245301455012     
        2132   2.0666669999999998       0.50000000000000000       -4.0021410477820680     
        2133   2.1000000000000001       0.50000000000000000       -3.8943227795595976     
        2134   2.1333329999999999       0.50000000000000000       -3.7922357741486712     
        2135   2.1666669999999999       0.50000000000000000       -3.6874752938754125     
        2136   2.2000000000000002       0.50000000000000000       -3.5870602097055322     
        2137   2.2333330000000000       0.50000000000000000       -3.4926536667731027     
        2138   2.2666670000000000       0.50000000000000000       -3.4013101778459305     
        2139   2.2999999999999998       0.50000000000000000       -3.3131192744688014     
        2140   2.3333330000000001       0.50000000000000000       -3.2273678917580328     
        2141   2.3666670000000001       0.50000000000000000       -3.1444197795714071     
        2142   2.3999999999999999       0.50000000000000000       -3.0675615674288506     
        2143   2.4333330000000002       0.50000000000000000       -2.9885162981815068     
        2144   2.4666670000000002       0.50000000000000000       -2.9175048853172845     
        2145   2.5000000000000000       0.50000000000000000       -2.8456085302870373     
        2146   2.5333329999999998       0.50000000000000000       -2.7777284496235670     
        2147   2.5666669999999998       0.50000000000000000       -2.7127603158600033     
        2148   2.6000000000000001       0.50000000000000000       -2.6526870094382748     
        2149   2.6333329999999999       0.50000000000000000       -2.5914335250140019     
        2150   2.6666669999999999       0.50000000000000000       -2.5342933570804265     
        2151   2.7000000000000002       0.50000000000000000       -2.4804828386055005     
        2152   2.7333330000000000       0.50000000000000000       -2.4286715295309813     
        2153   2.7666670000000000       0.50000000000000000       -2.3793290419381892     
        2154   2.7999999999999998       0.50000000000000000       -2.3328502736308749     
        2155   2.8333330000000001       0.50000000000000000       -2.2863856887548977     
        2156   2.8666670000000001       0.50000000000000000       -2.2439864059682564     
        2157   2.8999999999999999       0.50000000000000000       -2.2021403265775858     
        2158   2.9333330000000002       0.50000000000000000       -2.1637907145432624     
        2159   2.9666670000000002       0.50000000000000000       -2.1272641854096399     
        2160   3.0000000000000000       0.50000000000000000       -2.0910499284690722     
        2161   3.0333329999999998       0.50000000000000000       -2.0582072235964479     
        2162   3.0666669999999998       0.50000000000000000       -2.0272302196545411     
        2163   3.1000000000000001       0.50000000000000000       -1.9964461230348436     
        2164   3.1333329999999999       0.50000000000000000       -1.9683467183930492     
        2165   3.1666669999999999       0.50000000000000000       -1.9410040120316909     
        2166   3.2000000000000002       0.50000000000000000       -1.9152298268142796     
        2167   3.2333330000000000       0.50000000000000000       -1.8915123346321743     
        2168   3.2666670000000000       0.50000000000000000       -1.8688121262221387     
        2169   3.2999999999999998       0.50000000000000000       -1.8466843489448679     
        2170   3.3333330000000001       0.50000000000000000       -1.8268676476384991     
        2171   3.3666670000000001       0.50000000000000000       -1.8071804940337968     
        2172   3.3999999999999999       0.50000000000000000       -1.7887166636601861     
        2173   3.4333330000000002       0.50000000000000000       -1.7720037364111463     
        2174   3.4666670000000002       0.50000000000000000       -1.7553993682865152     
        2175   3.5000000000000000       0.50000000000000000       -1.7398549764437430     
        2176   3.5333329999999998       0.50000000000000000       -1.7256408038294921     
        2177   3.5666669999999998       0.50000000000000000       -1.7123191100050688     
        2178   3.6000000000000001       0.50000000000000000       -1.6991330196764891     
        2179   3.6333329999999999       0.50000000000000000       -1.6871324388159767     
        2180   3.6666669999999999       0.50000000000000000       -1.6755814565889693     
        2181   3.7000000000000002       0.50000000000000000       -1.6649189984396566     
        2182   3.7333330000000000       0.50000000000000000       -1.6550868962984606     
        2183   3.7666670000000000       0.50000000000000000       -1.6453932015679973     
        2184   3.7999999999999998       0.50000000000000000       -1.6364210949858653     
        2185   3.8333330000000001       0.50000000000000000       -1.6280628579972920     
        2186   3.8666670000000001       0.50000000000000000       -1.6200641872041983     
        2187   3.8999999999999999       0.50000000000000000       -1.6128568196514357     
        2188   3.9333330000000002       0.50000000000000000       -1.6057279778914726     
        2189   3.9666670000000002       0.50000000000000000       -1.5990806272445359     
        2190   4.0000000000000000       0.50000000000000000       -1.5930196127723006     
        2191   4.0333329999999998       0.50000000000000000       -1.5873118799350938     
        2192   4.0666669999999998       0.50000000000000000       -1.5817299496657979     
        2193   4.0999999999999996       0.50000000000000000       -1.5766553191673203     
        2194   4.1333330000000004       0.50000000000000000       -1.5718234925229295     
        2195   4.1666670000000003       0.50000000000000000       -1.5673518727097158     
        2196   4.2000000000000002       0.50000000000000000       -1.5632182599320092     
        2197   4.2333330000000000       0.50000000000000000       -1.5591401627582571     
        2198   4.2666670000000000       0.50000000000000000       -1.5554594347661463     
        2199   4.2999999999999998       0.50000000000000000       -1.5520030606367898     
        2200   4.3333329999999997       0.50000000000000000       -1.5487629269482777     
        2201   4.3666669999999996       0.50000000000000000       -1.5455972497267245     
        2202   4.4000000000000004       0.50000000000000000       -1.5427539134353427     
        2203   4.4333330000000002       0.50000000000000000       -1.5400867471437356     
        2204   4.4666670000000002       0.50000000000000000       -1.5374809647691554     
        2205   4.5000000000000000       0.50000000000000000       -1.5351226077861391     
        2206   4.5333329999999998       0.50000000000000000       -1.5328409666895491     
        2207   4.5666669999999998       0.50000000000000000       -1.5307628505962960     
        2208   4.5999999999999996       0.50000000000000000       -1.5288003965553540     
        2209   4.6333330000000004       0.50000000000000000       -1.5268783180894756     
        2210   4.6666670000000003       0.50000000000000000       -1.5251898901355527     
        2211   4.7000000000000002       0.50000000000000000       -1.5235565815275214     
        2212   4.7333330000000000       0.50000000000000000       -1.5220364377658910     
        2213   4.7666670000000000       0.50000000000000000       -1.5205988799137200     
        2214   4.7999999999999998       0.50000000000000000       -1.5192653131451321     
        2215   4.8333329999999997       0.50000000000000000       -1.5180168937511460     
        2216   4.8666669999999996       0.50000000000000000       -1.5169760240908381     
        2217   4.9000000000000004       0.50000000000000000       -1.5160010087101705     
        2218   4.9333330000000002       0.50000000000000000       -1.5152153639985040     
        2219   4.9666670000000002       0.50000000000000000       -1.5146890809154951     
        2220   5.0000000000000000       0.50000000000000000       -1.5144849722853464     
        2221   0.0000000000000000       0.53333299999999995        0.0000000000000000     
        2222   3.3333000000000002E-002  0.53333299999999995       -3.9178991465344176E-002
        2223   6.6667000000000004E-002  0.53333299999999995       -8.9197755184835317E-002
        2224  0.10000000000000001       0.53333299999999995      -0.15268811751507774     
        2225  0.13333300000000001       0.53333299999999995      -0.22454317834101023     
        2226  0.16666700000000001       0.53333299999999995      -0.30380161611998224     
        2227  0.20000000000000001       0.53333299999999995      -0.39050684597573143     
        2228  0.23333300000000001       0.53333299999999995      -0.48248257042512877     
        2229  0.26666699999999999       0.53333299999999995      -0.57427435728804543     
        2230  0.29999999999999999       0.53333299999999995      -0.66611998632711622     
        2231  0.33333299999999999       0.53333299999999995      -0.75383832191478217     
        2232  0.36666700000000002       0.53333299999999995      -0.84079918609430071     
        2233  0.40000000000000002       0.53333299999999995      -0.92200547056693472     
        2234  0.43333300000000002       0.53333299999999995      -0.99792020745016730     
        2235  0.46666700000000000       0.53333299999999995       -1.0715283154874073     
        2236  0.50000000000000000       0.53333299999999995       -1.1417753654136460     
        2237  0.53333299999999995       0.53333299999999995       -1.2105095176719951     
        2238  0.56666700000000003       0.53333299999999995       -1.2814735867479652     
        2239  0.59999999999999998       0.53333299999999995       -1.3598017998873342     
        2240  0.63333300000000003       0.53333299999999995       -1.4519563150645978     
        2241  0.66666700000000001       0.53333299999999995       -1.5711470106359284     
        2242  0.69999999999999996       0.53333299999999995       -1.7291029182257562     
        2243  0.73333300000000001       0.53333299999999995       -1.9638023369558182     
        2244  0.76666699999999999       0.53333299999999995       -2.3087112360827211     
        2245  0.80000000000000004       0.53333299999999995       -2.8163370792014604     
        2246  0.83333299999999999       0.53333299999999995       -3.6442160126249012     
        2247  0.86666699999999997       0.53333299999999995       -4.8940463816061577     
        2248  0.90000000000000002       0.53333299999999995       -6.9214341963812407     
        2249  0.93333299999999997       0.53333299999999995       -10.101450592319273     
        2250  0.96666700000000005       0.53333299999999995       -15.096112067385000     
        2251   1.0000000000000000       0.53333299999999995       -21.401274100312808     
        2252   1.0333330000000001       0.53333299999999995       -21.660395819095111     
        2253   1.0666670000000000       0.53333299999999995       -18.979370270654488     
        2254   1.1000000000000001       0.53333299999999995       -16.921803912298110     
        2255   1.1333329999999999       0.53333299999999995       -15.079594426498646     
        2256   1.1666669999999999       0.53333299999999995       -13.535260611071701     
        2257   1.2000000000000000       0.53333299999999995       -13.005111601790368     
        2258   1.2333330000000000       0.53333299999999995       -12.752797516933272     
        2259   1.2666670000000000       0.53333299999999995       -12.114368927334118     
        2260   1.3000000000000000       0.53333299999999995       -12.190597025622264     
        2261   1.3333330000000001       0.53333299999999995       -11.774125196919600     
        2262   1.3666670000000001       0.53333299999999995       -12.067398992178404     
        2263   1.3999999999999999       0.53333299999999995       -12.511451777303984     
        2264   1.4333330000000000       0.53333299999999995       -12.846375343149466     
        2265   1.4666669999999999       0.53333299999999995       -13.438355329470127     
        2266   1.5000000000000000       0.53333299999999995       -13.671742008708483     
        2267   1.5333330000000001       0.53333299999999995       -11.048454911642706     
        2268   1.5666670000000000       0.53333299999999995       -9.1754346091163441     
        2269   1.6000000000000001       0.53333299999999995       -7.9785410699762274     
        2270   1.6333329999999999       0.53333299999999995       -7.2132606022618031     
        2271   1.6666669999999999       0.53333299999999995       -6.6825302667531519     
        2272   1.7000000000000000       0.53333299999999995       -6.2640804028042458     
        2273   1.7333330000000000       0.53333299999999995       -5.9403793869430617     
        2274   1.7666670000000000       0.53333299999999995       -5.6765440456666232     
        2275   1.8000000000000000       0.53333299999999995       -5.4419846856916481     
        2276   1.8333330000000001       0.53333299999999995       -5.2411992215817298     
        2277   1.8666670000000001       0.53333299999999995       -5.0481864433805628     
        2278   1.8999999999999999       0.53333299999999995       -4.8825251026838243     
        2279   1.9333330000000000       0.53333299999999995       -4.7193368833549405     
        2280   1.9666669999999999       0.53333299999999995       -4.5665368884374491     
        2281   2.0000000000000000       0.53333299999999995       -4.4300157253125807     
        2282   2.0333329999999998       0.53333299999999995       -4.2903185284875667     
        2283   2.0666669999999998       0.53333299999999995       -4.1637786887558192     
        2284   2.1000000000000001       0.53333299999999995       -4.0382575621438512     
        2285   2.1333329999999999       0.53333299999999995       -3.9215734140343574     
        2286   2.1666669999999999       0.53333299999999995       -3.8069049140802593     
        2287   2.2000000000000002       0.53333299999999995       -3.6966975800563882     
        2288   2.2333330000000000       0.53333299999999995       -3.5951927234765861     
        2289   2.2666670000000000       0.53333299999999995       -3.4915919233181221     
        2290   2.2999999999999998       0.53333299999999995       -3.3918858472547826     
        2291   2.3333330000000001       0.53333299999999995       -3.3005856475336124     
        2292   2.3666670000000001       0.53333299999999995       -3.2130632877301117     
        2293   2.3999999999999999       0.53333299999999995       -3.1235893763840319     
        2294   2.4333330000000002       0.53333299999999995       -3.0428336749436200     
        2295   2.4666670000000002       0.53333299999999995       -2.9602569755118879     
        2296   2.5000000000000000       0.53333299999999995       -2.8858984502066938     
        2297   2.5333329999999998       0.53333299999999995       -2.8120448713509165     
        2298   2.5666669999999998       0.53333299999999995       -2.7411394283927666     
        2299   2.6000000000000001       0.53333299999999995       -2.6733337638627468     
        2300   2.6333329999999999       0.53333299999999995       -2.6107319562746385     
        2301   2.6666669999999999       0.53333299999999995       -2.5466930014395417     
        2302   2.7000000000000002       0.53333299999999995       -2.4884237585757014     
        2303   2.7333330000000000       0.53333299999999995       -2.4310962466295267     
        2304   2.7666670000000000       0.53333299999999995       -2.3780219711314059     
        2305   2.7999999999999998       0.53333299999999995       -2.3254621214918942     
        2306   2.8333330000000001       0.53333299999999995       -2.2777739421678942     
        2307   2.8666670000000001       0.53333299999999995       -2.2294415062050201     
        2308   2.8999999999999999       0.53333299999999995       -2.1862624902857402     
        2309   2.9333330000000002       0.53333299999999995       -2.1427491968968142     
        2310   2.9666670000000002       0.53333299999999995       -2.1013523030164758     
        2311   3.0000000000000000       0.53333299999999995       -2.0642748566716782     
        2312   3.0333329999999998       0.53333299999999995       -2.0268784318673965     
        2313   3.0666669999999998       0.53333299999999995       -1.9921757176984429     
        2314   3.1000000000000001       0.53333299999999995       -1.9600612501944208     
        2315   3.1333329999999999       0.53333299999999995       -1.9274784652540420     
        2316   3.1666669999999999       0.53333299999999995       -1.8985429959967417     
        2317   3.2000000000000002       0.53333299999999995       -1.8703379649298726     
        2318   3.2333330000000000       0.53333299999999995       -1.8431509472862730     
        2319   3.2666670000000000       0.53333299999999995       -1.8178193445138418     
        2320   3.2999999999999998       0.53333299999999995       -1.7945128224574236     
        2321   3.3333330000000001       0.53333299999999995       -1.7711966745231711     
        2322   3.3666670000000001       0.53333299999999995       -1.7497316475926972     
        2323   3.3999999999999999       0.53333299999999995       -1.7299037073795500     
        2324   3.4333330000000002       0.53333299999999995       -1.7101784093161148     
        2325   3.4666670000000002       0.53333299999999995       -1.6920078189607319     
        2326   3.5000000000000000       0.53333299999999995       -1.6752807113878490     
        2327   3.5333329999999998       0.53333299999999995       -1.6586364544409904     
        2328   3.5666669999999998       0.53333299999999995       -1.6435373311327921     
        2329   3.6000000000000001       0.53333299999999995       -1.6288792524152460     
        2330   3.6333329999999999       0.53333299999999995       -1.6155088614490958     
        2331   3.6666669999999999       0.53333299999999995       -1.6028219775659476     
        2332   3.7000000000000002       0.53333299999999995       -1.5903892837408455     
        2333   3.7333330000000000       0.53333299999999995       -1.5790390418590710     
        2334   3.7666670000000000       0.53333299999999995       -1.5681948673051023     
        2335   3.7999999999999998       0.53333299999999995       -1.5582222100150567     
        2336   3.8333330000000001       0.53333299999999995       -1.5485870717589159     
        2337   3.8666670000000001       0.53333299999999995       -1.5397862305842225     
        2338   3.8999999999999999       0.53333299999999995       -1.5311035668309914     
        2339   3.9333330000000002       0.53333299999999995       -1.5231253565007425     
        2340   3.9666670000000002       0.53333299999999995       -1.5158003043684032     
        2341   4.0000000000000000       0.53333299999999995       -1.5086289808455213     
        2342   4.0333329999999998       0.53333299999999995       -1.5018985995983161     
        2343   4.0666669999999998       0.53333299999999995       -1.4958143635214760     
        2344   4.0999999999999996       0.53333299999999995       -1.4897846418374099     
        2345   4.1333330000000004       0.53333299999999995       -1.4843077847747725     
        2346   4.1666670000000003       0.53333299999999995       -1.4791207605739582     
        2347   4.2000000000000002       0.53333299999999995       -1.4742618646113810     
        2348   4.2333330000000000       0.53333299999999995       -1.4697943802056948     
        2349   4.2666670000000000       0.53333299999999995       -1.4653989371312865     
        2350   4.2999999999999998       0.53333299999999995       -1.4613513050162055     
        2351   4.3333329999999997       0.53333299999999995       -1.4575332295064065     
        2352   4.3666669999999996       0.53333299999999995       -1.4539774932646892     
        2353   4.4000000000000004       0.53333299999999995       -1.4506493002258560     
        2354   4.4333330000000002       0.53333299999999995       -1.4474483888901333     
        2355   4.4666670000000002       0.53333299999999995       -1.4445717602893129     
        2356   4.5000000000000000       0.53333299999999995       -1.4417076471631205     
        2357   4.5333329999999998       0.53333299999999995       -1.4391905537781990     
        2358   4.5666669999999998       0.53333299999999995       -1.4366950798276263     
        2359   4.5999999999999996       0.53333299999999995       -1.4343859327700783     
        2360   4.6333330000000004       0.53333299999999995       -1.4322319303776381     
        2361   4.6666670000000003       0.53333299999999995       -1.4302150140953351     
        2362   4.7000000000000002       0.53333299999999995       -1.4283224363356699     
        2363   4.7333330000000000       0.53333299999999995       -1.4265665702565866     
        2364   4.7666670000000000       0.53333299999999995       -1.4249197959722253     
        2365   4.7999999999999998       0.53333299999999995       -1.4233607667100105     
        2366   4.8333329999999997       0.53333299999999995       -1.4219711545550848     
        2367   4.8666669999999996       0.53333299999999995       -1.4207305336017102     
        2368   4.9000000000000004       0.53333299999999995       -1.4196641899695455     
        2369   4.9333330000000002       0.53333299999999995       -1.4187213977578277     
        2370   4.9666670000000002       0.53333299999999995       -1.4180945186631733     
        2371   5.0000000000000000       0.53333299999999995       -1.4178589815711256     
        2372   0.0000000000000000       0.56666700000000003        0.0000000000000000     
        2373   3.3333000000000002E-002  0.56666700000000003       -3.0768135980965870E-002
        2374   6.6667000000000004E-002  0.56666700000000003       -7.0893874318609787E-002
        2375  0.10000000000000001       0.56666700000000003      -0.12001210011279666     
        2376  0.13333300000000001       0.56666700000000003      -0.17617329894906553     
        2377  0.16666700000000001       0.56666700000000003      -0.24247496073194763     
        2378  0.20000000000000001       0.56666700000000003      -0.31424337818877190     
        2379  0.23333300000000001       0.56666700000000003      -0.39014914172703641     
        2380  0.26666699999999999       0.56666700000000003      -0.46838207696924322     
        2381  0.29999999999999999       0.56666700000000003      -0.54743447927111699     
        2382  0.33333299999999999       0.56666700000000003      -0.62780118077473823     
        2383  0.36666700000000002       0.56666700000000003      -0.70538140215152489     
        2384  0.40000000000000002       0.56666700000000003      -0.78164366438796240     
        2385  0.43333300000000002       0.56666700000000003      -0.85528531987516676     
        2386  0.46666700000000000       0.56666700000000003      -0.92681409516250812     
        2387  0.50000000000000000       0.56666700000000003      -0.99607550846395054     
        2388  0.53333299999999995       0.56666700000000003       -1.0669304437816030     
        2389  0.56666700000000003       0.56666700000000003       -1.1408177395965962     
        2390  0.59999999999999998       0.56666700000000003       -1.2203485326458829     
        2391  0.63333300000000003       0.56666700000000003       -1.3149628469157952     
        2392  0.66666700000000001       0.56666700000000003       -1.4326220485339511     
        2393  0.69999999999999996       0.56666700000000003       -1.5936943031475224     
        2394  0.73333300000000001       0.56666700000000003       -1.8122862049013788     
        2395  0.76666699999999999       0.56666700000000003       -2.1342065814265787     
        2396  0.80000000000000004       0.56666700000000003       -2.6204910368463552     
        2397  0.83333299999999999       0.56666700000000003       -3.3333483755937130     
        2398  0.86666699999999997       0.56666700000000003       -4.4787460204264455     
        2399  0.90000000000000002       0.56666700000000003       -6.1196297464505296     
        2400  0.93333299999999997       0.56666700000000003       -8.4888208650652572     
        2401  0.96666700000000005       0.56666700000000003       -11.808732475708171     
        2402   1.0000000000000000       0.56666700000000003       -15.254319290686274     
        2403   1.0333330000000001       0.56666700000000003       -16.526677414866537     
        2404   1.0666670000000000       0.56666700000000003       -16.079486465828467     
        2405   1.1000000000000001       0.56666700000000003       -15.121596567716912     
        2406   1.1333329999999999       0.56666700000000003       -14.059604228963913     
        2407   1.1666669999999999       0.56666700000000003       -13.053973012186527     
        2408   1.2000000000000000       0.56666700000000003       -12.451344726979897     
        2409   1.2333330000000000       0.56666700000000003       -12.046619707382451     
        2410   1.2666670000000000       0.56666700000000003       -11.647398527624608     
        2411   1.3000000000000000       0.56666700000000003       -11.464687968919460     
        2412   1.3333330000000001       0.56666700000000003       -11.280701316405148     
        2413   1.3666670000000001       0.56666700000000003       -11.323119641944112     
        2414   1.3999999999999999       0.56666700000000003       -11.485481456417959     
        2415   1.4333330000000000       0.56666700000000003       -11.649832666269717     
        2416   1.4666669999999999       0.56666700000000003       -11.805376711913599     
        2417   1.5000000000000000       0.56666700000000003       -11.627952219402859     
        2418   1.5333330000000001       0.56666700000000003       -10.512030509762145     
        2419   1.5666670000000000       0.56666700000000003       -9.3888482735932257     
        2420   1.6000000000000001       0.56666700000000003       -8.4426848433699551     
        2421   1.6333329999999999       0.56666700000000003       -7.7035381175523696     
        2422   1.6666669999999999       0.56666700000000003       -7.1318658241934862     
        2423   1.7000000000000000       0.56666700000000003       -6.6743111188534101     
        2424   1.7333330000000000       0.56666700000000003       -6.3137589806446979     
        2425   1.7666670000000000       0.56666700000000003       -5.9927292270214139     
        2426   1.8000000000000000       0.56666700000000003       -5.7185824057768242     
        2427   1.8333330000000001       0.56666700000000003       -5.4750420308763337     
        2428   1.8666670000000001       0.56666700000000003       -5.2677087207746700     
        2429   1.8999999999999999       0.56666700000000003       -5.0643446340727154     
        2430   1.9333330000000000       0.56666700000000003       -4.8860320149114651     
        2431   1.9666669999999999       0.56666700000000003       -4.7210665924629991     
        2432   2.0000000000000000       0.56666700000000003       -4.5576531496249801     
        2433   2.0333329999999998       0.56666700000000003       -4.4081503491527876     
        2434   2.0666669999999998       0.56666700000000003       -4.2646626325428363     
        2435   2.1000000000000001       0.56666700000000003       -4.1341134339138463     
        2436   2.1333329999999999       0.56666700000000003       -4.0007492804864579     
        2437   2.1666669999999999       0.56666700000000003       -3.8774825091715104     
        2438   2.2000000000000002       0.56666700000000003       -3.7631618172667047     
        2439   2.2333330000000000       0.56666700000000003       -3.6460894640117822     
        2440   2.2666670000000000       0.56666700000000003       -3.5392420186261644     
        2441   2.2999999999999998       0.56666700000000003       -3.4375948143993273     
        2442   2.3333330000000001       0.56666700000000003       -3.3348880111821964     
        2443   2.3666670000000001       0.56666700000000003       -3.2389954922625042     
        2444   2.3999999999999999       0.56666700000000003       -3.1493102988465167     
        2445   2.4333330000000002       0.56666700000000003       -3.0579173030427995     
        2446   2.4666670000000002       0.56666700000000003       -2.9751468683634101     
        2447   2.5000000000000000       0.56666700000000003       -2.8928710082468725     
        2448   2.5333329999999998       0.56666700000000003       -2.8174230917798262     
        2449   2.5666669999999998       0.56666700000000003       -2.7409864641618413     
        2450   2.6000000000000001       0.56666700000000003       -2.6683165954813073     
        2451   2.6333329999999999       0.56666700000000003       -2.6008215738079983     
        2452   2.6666669999999999       0.56666700000000003       -2.5354135598220564     
        2453   2.7000000000000002       0.56666700000000003       -2.4710823806029465     
        2454   2.7333330000000000       0.56666700000000003       -2.4132358637182607     
        2455   2.7666670000000000       0.56666700000000003       -2.3542390129206310     
        2456   2.7999999999999998       0.56666700000000003       -2.3013790700386858     
        2457   2.8333330000000001       0.56666700000000003       -2.2473282760196489     
        2458   2.8666670000000001       0.56666700000000003       -2.1990853394784171     
        2459   2.8999999999999999       0.56666700000000003       -2.1505758809082853     
        2460   2.9333330000000002       0.56666700000000003       -2.1052367506159326     
        2461   2.9666670000000002       0.56666700000000003       -2.0621124172300411     
        2462   3.0000000000000000       0.56666700000000003       -2.0208599251634007     
        2463   3.0333329999999998       0.56666700000000003       -1.9829757362320366     
        2464   3.0666669999999998       0.56666700000000003       -1.9447655725365778     
        2465   3.1000000000000001       0.56666700000000003       -1.9097094688544280     
        2466   3.1333329999999999       0.56666700000000003       -1.8760921633406857     
        2467   3.1666669999999999       0.56666700000000003       -1.8439505752083813     
        2468   3.2000000000000002       0.56666700000000003       -1.8140478964842741     
        2469   3.2333330000000000       0.56666700000000003       -1.7859549699089656     
        2470   3.2666670000000000       0.56666700000000003       -1.7578762283698508     
        2471   3.2999999999999998       0.56666700000000003       -1.7322122109360398     
        2472   3.3333330000000001       0.56666700000000003       -1.7075587532960528     
        2473   3.3666670000000001       0.56666700000000003       -1.6851293170721096     
        2474   3.3999999999999999       0.56666700000000003       -1.6624919586460873     
        2475   3.4333330000000002       0.56666700000000003       -1.6416869361227691     
        2476   3.4666670000000002       0.56666700000000003       -1.6225766854462260     
        2477   3.5000000000000000       0.56666700000000003       -1.6035588809746553     
        2478   3.5333329999999998       0.56666700000000003       -1.5860536473183666     
        2479   3.5666669999999998       0.56666700000000003       -1.5694116445013604     
        2480   3.6000000000000001       0.56666700000000003       -1.5537277928696400     
        2481   3.6333329999999999       0.56666700000000003       -1.5390214782896958     
        2482   3.6666669999999999       0.56666700000000003       -1.5246240778142470     
        2483   3.7000000000000002       0.56666700000000003       -1.5118280208381627     
        2484   3.7333330000000000       0.56666700000000003       -1.4988771501211544     
        2485   3.7666670000000000       0.56666700000000003       -1.4874980740421435     
        2486   3.7999999999999998       0.56666700000000003       -1.4760624306235182     
        2487   3.8333330000000001       0.56666700000000003       -1.4659503550746369     
        2488   3.8666670000000001       0.56666700000000003       -1.4558321137985943     
        2489   3.8999999999999999       0.56666700000000003       -1.4465049060990227     
        2490   3.9333330000000002       0.56666700000000003       -1.4379500615326830     
        2491   3.9666670000000002       0.56666700000000003       -1.4294249054449140     
        2492   4.0000000000000000       0.56666700000000003       -1.4217475193461833     
        2493   4.0333329999999998       0.56666700000000003       -1.4145221519629321     
        2494   4.0666669999999998       0.56666700000000003       -1.4074407914971951     
        2495   4.0999999999999996       0.56666700000000003       -1.4008944806071515     
        2496   4.1333330000000004       0.56666700000000003       -1.3949788082658263     
        2497   4.1666670000000003       0.56666700000000003       -1.3890564639065521     
        2498   4.2000000000000002       0.56666700000000003       -1.3836587142527701     
        2499   4.2333330000000000       0.56666700000000003       -1.3786130928112930     
        2500   4.2666670000000000       0.56666700000000003       -1.3737721096515962     
        2501   4.2999999999999998       0.56666700000000003       -1.3693077159281783     
        2502   4.3333329999999997       0.56666700000000003       -1.3650810367988113     
        2503   4.3666669999999996       0.56666700000000003       -1.3611723843323216     
        2504   4.4000000000000004       0.56666700000000003       -1.3572788145273622     
        2505   4.4333330000000002       0.56666700000000003       -1.3538582223605937     
        2506   4.4666670000000002       0.56666700000000003       -1.3505316680483168     
        2507   4.5000000000000000       0.56666700000000003       -1.3474102224656772     
        2508   4.5333329999999998       0.56666700000000003       -1.3444984431596010     
        2509   4.5666669999999998       0.56666700000000003       -1.3417417808006566     
        2510   4.5999999999999996       0.56666700000000003       -1.3392214365854962     
        2511   4.6333330000000004       0.56666700000000003       -1.3368428376467916     
        2512   4.6666670000000003       0.56666700000000003       -1.3345241395522527     
        2513   4.7000000000000002       0.56666700000000003       -1.3323870524735728     
        2514   4.7333330000000000       0.56666700000000003       -1.3304372132583704     
        2515   4.7666670000000000       0.56666700000000003       -1.3285707327397149     
        2516   4.7999999999999998       0.56666700000000003       -1.3268823012401092     
        2517   4.8333329999999997       0.56666700000000003       -1.3253691323235406     
        2518   4.8666669999999996       0.56666700000000003       -1.3239360041006070     
        2519   4.9000000000000004       0.56666700000000003       -1.3227298482940073     
        2520   4.9333330000000002       0.56666700000000003       -1.3217282270555613     
        2521   4.9666670000000002       0.56666700000000003       -1.3210430114562801     
        2522   5.0000000000000000       0.56666700000000003       -1.3207823964288423     
        2523   0.0000000000000000       0.59999999999999998        0.0000000000000000     
        2524   3.3333000000000002E-002  0.59999999999999998       -2.4301793799888019E-002
        2525   6.6667000000000004E-002  0.59999999999999998       -5.6011771524497843E-002
        2526  0.10000000000000001       0.59999999999999998       -9.3650935812198591E-002
        2527  0.13333300000000001       0.59999999999999998      -0.14064426790863588     
        2528  0.16666700000000001       0.59999999999999998      -0.19194431582038046     
        2529  0.20000000000000001       0.59999999999999998      -0.25210386411527413     
        2530  0.23333300000000001       0.59999999999999998      -0.31507455165586690     
        2531  0.26666699999999999       0.59999999999999998      -0.38064152568694115     
        2532  0.29999999999999999       0.59999999999999998      -0.44884229914218099     
        2533  0.33333299999999999       0.59999999999999998      -0.51824407616760637     
        2534  0.36666700000000002       0.59999999999999998      -0.58705563874395061     
        2535  0.40000000000000002       0.59999999999999998      -0.65769426349229276     
        2536  0.43333300000000002       0.59999999999999998      -0.72717601309421298     
        2537  0.46666700000000000       0.59999999999999998      -0.79346818946346587     
        2538  0.50000000000000000       0.59999999999999998      -0.86213456041228620     
        2539  0.53333299999999995       0.59999999999999998      -0.93054544488416724     
        2540  0.56666700000000003       0.59999999999999998       -1.0020281485905060     
        2541  0.59999999999999998       0.59999999999999998       -1.0820589555926352     
        2542  0.63333300000000003       0.59999999999999998       -1.1762058767651913     
        2543  0.66666700000000001       0.59999999999999998       -1.2886865018056264     
        2544  0.69999999999999996       0.59999999999999998       -1.4345090521496333     
        2545  0.73333300000000001       0.59999999999999998       -1.6438078860268972     
        2546  0.76666699999999999       0.59999999999999998       -1.9213730238363798     
        2547  0.80000000000000004       0.59999999999999998       -2.3505974663990563     
        2548  0.83333299999999999       0.59999999999999998       -2.9773927309087016     
        2549  0.86666699999999997       0.59999999999999998       -3.8667947432935712     
        2550  0.90000000000000002       0.59999999999999998       -5.1794736997363584     
        2551  0.93333299999999997       0.59999999999999998       -6.9625840533578716     
        2552  0.96666700000000005       0.59999999999999998       -9.1269328095492472     
        2553   1.0000000000000000       0.59999999999999998       -11.335527778088149     
        2554   1.0333330000000001       0.59999999999999998       -12.717430517899436     
        2555   1.0666670000000000       0.59999999999999998       -13.167408024456954     
        2556   1.1000000000000001       0.59999999999999998       -12.974695902758276     
        2557   1.1333329999999999       0.59999999999999998       -12.513762536439062     
        2558   1.1666669999999999       0.59999999999999998       -12.007049556475453     
        2559   1.2000000000000000       0.59999999999999998       -11.547828322145321     
        2560   1.2333330000000000       0.59999999999999998       -11.187798626463715     
        2561   1.2666670000000000       0.59999999999999998       -10.899237167496594     
        2562   1.3000000000000000       0.59999999999999998       -10.696011298304544     
        2563   1.3333330000000001       0.59999999999999998       -10.539184733563129     
        2564   1.3666670000000001       0.59999999999999998       -10.489464313397603     
        2565   1.3999999999999999       0.59999999999999998       -10.512975988911608     
        2566   1.4333330000000000       0.59999999999999998       -10.542413164900397     
        2567   1.4666669999999999       0.59999999999999998       -10.533851380480959     
        2568   1.5000000000000000       0.59999999999999998       -10.330670648062581     
        2569   1.5333330000000001       0.59999999999999998       -9.7906007582358132     
        2570   1.5666670000000000       0.59999999999999998       -9.0796975953627914     
        2571   1.6000000000000001       0.59999999999999998       -8.4296909026614468     
        2572   1.6333329999999999       0.59999999999999998       -7.8101427442450433     
        2573   1.6666669999999999       0.59999999999999998       -7.2807210256891786     
        2574   1.7000000000000000       0.59999999999999998       -6.8589365878232407     
        2575   1.7333330000000000       0.59999999999999998       -6.4729280759738348     
        2576   1.7666670000000000       0.59999999999999998       -6.1464793360769479     
        2577   1.8000000000000000       0.59999999999999998       -5.8627849515499451     
        2578   1.8333330000000001       0.59999999999999998       -5.6105270195616193     
        2579   1.8666670000000001       0.59999999999999998       -5.3701895869971610     
        2580   1.8999999999999999       0.59999999999999998       -5.1678985074781219     
        2581   1.9333330000000000       0.59999999999999998       -4.9657994778450494     
        2582   1.9666669999999999       0.59999999999999998       -4.7836543121027297     
        2583   2.0000000000000000       0.59999999999999998       -4.6170068920346203     
        2584   2.0333329999999998       0.59999999999999998       -4.4611175450498406     
        2585   2.0666669999999998       0.59999999999999998       -4.3038693969077517     
        2586   2.1000000000000001       0.59999999999999998       -4.1609152502074220     
        2587   2.1333329999999999       0.59999999999999998       -4.0262206557807296     
        2588   2.1666669999999999       0.59999999999999998       -3.8992533983867252     
        2589   2.2000000000000002       0.59999999999999998       -3.7706449185566191     
        2590   2.2333330000000000       0.59999999999999998       -3.6568088180469216     
        2591   2.2666670000000000       0.59999999999999998       -3.5391656173061388     
        2592   2.2999999999999998       0.59999999999999998       -3.4309847004944460     
        2593   2.3333330000000001       0.59999999999999998       -3.3306690966996788     
        2594   2.3666670000000001       0.59999999999999998       -3.2276712134716612     
        2595   2.3999999999999999       0.59999999999999998       -3.1301239960230305     
        2596   2.4333330000000002       0.59999999999999998       -3.0419302961580823     
        2597   2.4666670000000002       0.59999999999999998       -2.9526366150040189     
        2598   2.5000000000000000       0.59999999999999998       -2.8673779895528479     
        2599   2.5333329999999998       0.59999999999999998       -2.7853175579438632     
        2600   2.5666669999999998       0.59999999999999998       -2.7094764441985268     
        2601   2.6000000000000001       0.59999999999999998       -2.6367152718101723     
        2602   2.6333329999999999       0.59999999999999998       -2.5633058580388175     
        2603   2.6666669999999999       0.59999999999999998       -2.4955245710157614     
        2604   2.7000000000000002       0.59999999999999998       -2.4321865361100530     
        2605   2.7333330000000000       0.59999999999999998       -2.3679258265497163     
        2606   2.7666670000000000       0.59999999999999998       -2.3106622063234514     
        2607   2.7999999999999998       0.59999999999999998       -2.2525774247279120     
        2608   2.8333330000000001       0.59999999999999998       -2.1986917625442359     
        2609   2.8666670000000001       0.59999999999999998       -2.1457239820261833     
        2610   2.8999999999999999       0.59999999999999998       -2.0975660813952737     
        2611   2.9333330000000002       0.59999999999999998       -2.0497593684466153     
        2612   2.9666670000000002       0.59999999999999998       -2.0064175342147332     
        2613   3.0000000000000000       0.59999999999999998       -1.9620213626491838     
        2614   3.0333329999999998       0.59999999999999998       -1.9215718358179288     
        2615   3.0666669999999998       0.59999999999999998       -1.8837859494952802     
        2616   3.1000000000000001       0.59999999999999998       -1.8456097668064779     
        2617   3.1333329999999999       0.59999999999999998       -1.8120988173312746     
        2618   3.1666669999999999       0.59999999999999998       -1.7779042454619327     
        2619   3.2000000000000002       0.59999999999999998       -1.7457140861711280     
        2620   3.2333330000000000       0.59999999999999998       -1.7159504815430244     
        2621   3.2666670000000000       0.59999999999999998       -1.6880816646657417     
        2622   3.2999999999999998       0.59999999999999998       -1.6600516632626039     
        2623   3.3333330000000001       0.59999999999999998       -1.6350323654598300     
        2624   3.3666670000000001       0.59999999999999998       -1.6105560624690030     
        2625   3.3999999999999999       0.59999999999999998       -1.5871218599921164     
        2626   3.4333330000000002       0.59999999999999998       -1.5659126244563744     
        2627   3.4666670000000002       0.59999999999999998       -1.5445167154492565     
        2628   3.5000000000000000       0.59999999999999998       -1.5252029829480656     
        2629   3.5333329999999998       0.59999999999999998       -1.5070973668021985     
        2630   3.5666669999999998       0.59999999999999998       -1.4887688635476923     
        2631   3.6000000000000001       0.59999999999999998       -1.4727112654126144     
        2632   3.6333329999999999       0.59999999999999998       -1.4565877867391195     
        2633   3.6666669999999999       0.59999999999999998       -1.4418174128608565     
        2634   3.7000000000000002       0.59999999999999998       -1.4278014405197923     
        2635   3.7333330000000000       0.59999999999999998       -1.4144802042588476     
        2636   3.7666670000000000       0.59999999999999998       -1.4018807785793970     
        2637   3.7999999999999998       0.59999999999999998       -1.3902211669473727     
        2638   3.8333330000000001       0.59999999999999998       -1.3789038816050998     
        2639   3.8666670000000001       0.59999999999999998       -1.3684462363695282     
        2640   3.8999999999999999       0.59999999999999998       -1.3587294781502388     
        2641   3.9333330000000002       0.59999999999999998       -1.3490720652894268     
        2642   3.9666670000000002       0.59999999999999998       -1.3404742888285204     
        2643   4.0000000000000000       0.59999999999999998       -1.3319443053661004     
        2644   4.0333329999999998       0.59999999999999998       -1.3239498192368080     
        2645   4.0666669999999998       0.59999999999999998       -1.3167181993515529     
        2646   4.0999999999999996       0.59999999999999998       -1.3097128390994837     
        2647   4.1333330000000004       0.59999999999999998       -1.3031155376877315     
        2648   4.1666670000000003       0.59999999999999998       -1.2970502328358091     
        2649   4.2000000000000002       0.59999999999999998       -1.2910217306919578     
        2650   4.2333330000000000       0.59999999999999998       -1.2855767986648172     
        2651   4.2666670000000000       0.59999999999999998       -1.2805663170158168     
        2652   4.2999999999999998       0.59999999999999998       -1.2756199582081182     
        2653   4.3333329999999997       0.59999999999999998       -1.2709746514932674     
        2654   4.3666669999999996       0.59999999999999998       -1.2667237528587039     
        2655   4.4000000000000004       0.59999999999999998       -1.2626804041747681     
        2656   4.4333330000000002       0.59999999999999998       -1.2589013833779064     
        2657   4.4666670000000002       0.59999999999999998       -1.2552237572725289     
        2658   4.5000000000000000       0.59999999999999998       -1.2519953863267852     
        2659   4.5333329999999998       0.59999999999999998       -1.2487212923292255     
        2660   4.5666669999999998       0.59999999999999998       -1.2458615485930717     
        2661   4.5999999999999996       0.59999999999999998       -1.2430700494068243     
        2662   4.6333330000000004       0.59999999999999998       -1.2403758815486163     
        2663   4.6666670000000003       0.59999999999999998       -1.2379725680810192     
        2664   4.7000000000000002       0.59999999999999998       -1.2357227436490092     
        2665   4.7333330000000000       0.59999999999999998       -1.2334993657444449     
        2666   4.7666670000000000       0.59999999999999998       -1.2315528940176601     
        2667   4.7999999999999998       0.59999999999999998       -1.2297523910663286     
        2668   4.8333329999999997       0.59999999999999998       -1.2280049403375073     
        2669   4.8666669999999996       0.59999999999999998       -1.2265432337463646     
        2670   4.9000000000000004       0.59999999999999998       -1.2251795371858063     
        2671   4.9333330000000002       0.59999999999999998       -1.2241475742819941     
        2672   4.9666670000000002       0.59999999999999998       -1.2234051806620569     
        2673   5.0000000000000000       0.59999999999999998       -1.2231376951045574     
        2674   0.0000000000000000       0.63333300000000003        0.0000000000000000     
        2675   3.3333000000000002E-002  0.63333300000000003       -1.8351197350249260E-002
        2676   6.6667000000000004E-002  0.63333300000000003       -4.3549266638656520E-002
        2677  0.10000000000000001       0.63333300000000003       -7.4711321016315585E-002
        2678  0.13333300000000001       0.63333300000000003      -0.11022704717824926     
        2679  0.16666700000000001       0.63333300000000003      -0.15367521356075256     
        2680  0.20000000000000001       0.63333300000000003      -0.20055267636694965     
        2681  0.23333300000000001       0.63333300000000003      -0.25215677535514236     
        2682  0.26666699999999999       0.63333300000000003      -0.30747742609861178     
        2683  0.29999999999999999       0.63333300000000003      -0.36620240772756230     
        2684  0.33333299999999999       0.63333300000000003      -0.42576089181602322     
        2685  0.36666700000000002       0.63333300000000003      -0.48769171003318212     
        2686  0.40000000000000002       0.63333300000000003      -0.54946838528561870     
        2687  0.43333300000000002       0.63333300000000003      -0.61116086118656177     
        2688  0.46666700000000000       0.63333300000000003      -0.67421413475848524     
        2689  0.50000000000000000       0.63333300000000003      -0.73659783361333075     
        2690  0.53333299999999995       0.63333300000000003      -0.80307755175982309     
        2691  0.56666700000000003       0.63333300000000003      -0.87226913790202842     
        2692  0.59999999999999998       0.63333300000000003      -0.94713108799777845     
        2693  0.63333300000000003       0.63333300000000003       -1.0341147236153760     
        2694  0.66666700000000001       0.63333300000000003       -1.1410644828470147     
        2695  0.69999999999999996       0.63333300000000003       -1.2761894625409131     
        2696  0.73333300000000001       0.63333300000000003       -1.4560425632693761     
        2697  0.76666699999999999       0.63333300000000003       -1.7077348753487021     
        2698  0.80000000000000004       0.63333300000000003       -2.0668216744570520     
        2699  0.83333299999999999       0.63333300000000003       -2.5687159067999730     
        2700  0.86666699999999997       0.63333300000000003       -3.2723532988200232     
        2701  0.90000000000000002       0.63333300000000003       -4.2249828322065142     
        2702  0.93333299999999997       0.63333300000000003       -5.5428185069522611     
        2703  0.96666700000000005       0.63333300000000003       -7.1004193760103753     
        2704   1.0000000000000000       0.63333300000000003       -8.5944672187010518     
        2705   1.0333330000000001       0.63333300000000003       -9.8335491362159182     
        2706   1.0666670000000000       0.63333300000000003       -10.533347115895610     
        2707   1.1000000000000001       0.63333300000000003       -10.817345196275909     
        2708   1.1333329999999999       0.63333300000000003       -10.779173652756379     
        2709   1.1666669999999999       0.63333300000000003       -10.589997956273155     
        2710   1.2000000000000000       0.63333300000000003       -10.377350808198564     
        2711   1.2333330000000000       0.63333300000000003       -10.163709129659640     
        2712   1.2666670000000000       0.63333300000000003       -9.9538636493351813     
        2713   1.3000000000000000       0.63333300000000003       -9.7906315397231065     
        2714   1.3333330000000001       0.63333300000000003       -9.6659421649148456     
        2715   1.3666670000000001       0.63333300000000003       -9.5871921038578858     
        2716   1.3999999999999999       0.63333300000000003       -9.5483686546881739     
        2717   1.4333330000000000       0.63333300000000003       -9.5179719209222426     
        2718   1.4666669999999999       0.63333300000000003       -9.4529666762618749     
        2719   1.5000000000000000       0.63333300000000003       -9.2865823174225088     
        2720   1.5333330000000001       0.63333300000000003       -8.9716442879398262     
        2721   1.5666670000000000       0.63333300000000003       -8.5511112405493943     
        2722   1.6000000000000001       0.63333300000000003       -8.0746937331342270     
        2723   1.6333329999999999       0.63333300000000003       -7.6137003890830117     
        2724   1.6666669999999999       0.63333300000000003       -7.1956455585890629     
        2725   1.7000000000000000       0.63333300000000003       -6.7916908312464823     
        2726   1.7333330000000000       0.63333300000000003       -6.4511412117479257     
        2727   1.7666670000000000       0.63333300000000003       -6.1493846338365437     
        2728   1.8000000000000000       0.63333300000000003       -5.8592179230567583     
        2729   1.8333330000000001       0.63333300000000003       -5.5960102322323477     
        2730   1.8666670000000001       0.63333300000000003       -5.3709621049359653     
        2731   1.8999999999999999       0.63333300000000003       -5.1560372776806558     
        2732   1.9333330000000000       0.63333300000000003       -4.9587987352002054     
        2733   1.9666669999999999       0.63333300000000003       -4.7668046015991061     
        2734   2.0000000000000000       0.63333300000000003       -4.5956262576307445     
        2735   2.0333329999999998       0.63333300000000003       -4.4276347908323155     
        2736   2.0666669999999998       0.63333300000000003       -4.2774424903030921     
        2737   2.1000000000000001       0.63333300000000003       -4.1300224521707518     
        2738   2.1333329999999999       0.63333300000000003       -3.9882170086417328     
        2739   2.1666669999999999       0.63333300000000003       -3.8529248127125459     
        2740   2.2000000000000002       0.63333300000000003       -3.7299984288473125     
        2741   2.2333330000000000       0.63333300000000003       -3.6081198514293114     
        2742   2.2666670000000000       0.63333300000000003       -3.4921751715119740     
        2743   2.2999999999999998       0.63333300000000003       -3.3806863929899889     
        2744   2.3333330000000001       0.63333300000000003       -3.2744856443609662     
        2745   2.3666670000000001       0.63333300000000003       -3.1719018012492479     
        2746   2.3999999999999999       0.63333300000000003       -3.0769430008279879     
        2747   2.4333330000000002       0.63333300000000003       -2.9799421729279203     
        2748   2.4666670000000002       0.63333300000000003       -2.8922534878084729     
        2749   2.5000000000000000       0.63333300000000003       -2.8067478167462467     
        2750   2.5333329999999998       0.63333300000000003       -2.7264899452649045     
        2751   2.5666669999999998       0.63333300000000003       -2.6454713892929616     
        2752   2.6000000000000001       0.63333300000000003       -2.5684699541536840     
        2753   2.6333329999999999       0.63333300000000003       -2.4977634705476950     
        2754   2.6666669999999999       0.63333300000000003       -2.4303688292428181     
        2755   2.7000000000000002       0.63333300000000003       -2.3620606317921577     
        2756   2.7333330000000000       0.63333300000000003       -2.3002787084243357     
        2757   2.7666670000000000       0.63333300000000003       -2.2389491698376456     
        2758   2.7999999999999998       0.63333300000000003       -2.1820423754457998     
        2759   2.8333330000000001       0.63333300000000003       -2.1263196225138294     
        2760   2.8666670000000001       0.63333300000000003       -2.0750085702439161     
        2761   2.8999999999999999       0.63333300000000003       -2.0231572337160908     
        2762   2.9333330000000002       0.63333300000000003       -1.9758294445530633     
        2763   2.9666670000000002       0.63333300000000003       -1.9303734980097915     
        2764   3.0000000000000000       0.63333300000000003       -1.8866088053908474     
        2765   3.0333329999999998       0.63333300000000003       -1.8453869112591179     
        2766   3.0666669999999998       0.63333300000000003       -1.8048507445559143     
        2767   3.1000000000000001       0.63333300000000003       -1.7681689018791291     
        2768   3.1333329999999999       0.63333300000000003       -1.7324340387501038     
        2769   3.1666669999999999       0.63333300000000003       -1.6981686311743773     
        2770   3.2000000000000002       0.63333300000000003       -1.6658754198750452     
        2771   3.2333330000000000       0.63333300000000003       -1.6352675882088654     
        2772   3.2666670000000000       0.63333300000000003       -1.6052288113771551     
        2773   3.2999999999999998       0.63333300000000003       -1.5785908536711715     
        2774   3.3333330000000001       0.63333300000000003       -1.5517234302824978     
        2775   3.3666670000000001       0.63333300000000003       -1.5263416184804006     
        2776   3.3999999999999999       0.63333300000000003       -1.5029565744147257     
        2777   3.4333330000000002       0.63333300000000003       -1.4804058280015004     
        2778   3.4666670000000002       0.63333300000000003       -1.4596179656030588     
        2779   3.5000000000000000       0.63333300000000003       -1.4389204462423810     
        2780   3.5333329999999998       0.63333300000000003       -1.4199733204084963     
        2781   3.5666669999999998       0.63333300000000003       -1.4018615321732242     
        2782   3.6000000000000001       0.63333300000000003       -1.3842931218040371     
        2783   3.6333329999999999       0.63333300000000003       -1.3683394808589793     
        2784   3.6666669999999999       0.63333300000000003       -1.3533924968488202     
        2785   3.7000000000000002       0.63333300000000003       -1.3382493325806673     
        2786   3.7333330000000000       0.63333300000000003       -1.3250295637586256     
        2787   3.7666670000000000       0.63333300000000003       -1.3117528076033080     
        2788   3.7999999999999998       0.63333300000000003       -1.2994711461783219     
        2789   3.8333330000000001       0.63333300000000003       -1.2878224417903263     
        2790   3.8666670000000001       0.63333300000000003       -1.2767820790628017     
        2791   3.8999999999999999       0.63333300000000003       -1.2665064708589029     
        2792   3.9333330000000002       0.63333300000000003       -1.2570527463286845     
        2793   3.9666670000000002       0.63333300000000003       -1.2475641714484920     
        2794   4.0000000000000000       0.63333300000000003       -1.2388828190453476     
        2795   4.0333329999999998       0.63333300000000003       -1.2308799913308233     
        2796   4.0666669999999998       0.63333300000000003       -1.2228758243692930     
        2797   4.0999999999999996       0.63333300000000003       -1.2158877834221122     
        2798   4.1333330000000004       0.63333300000000003       -1.2088661841355148     
        2799   4.1666670000000003       0.63333300000000003       -1.2023181835077765     
        2800   4.2000000000000002       0.63333300000000003       -1.1962671784489061     
        2801   4.2333330000000000       0.63333300000000003       -1.1905547718337386     
        2802   4.2666670000000000       0.63333300000000003       -1.1850300894208072     
        2803   4.2999999999999998       0.63333300000000003       -1.1800732643991478     
        2804   4.3333329999999997       0.63333300000000003       -1.1752488650981954     
        2805   4.3666669999999996       0.63333300000000003       -1.1706009555212145     
        2806   4.4000000000000004       0.63333300000000003       -1.1665364337404942     
        2807   4.4333330000000002       0.63333300000000003       -1.1624108937643198     
        2808   4.4666670000000002       0.63333300000000003       -1.1586759405104372     
        2809   4.5000000000000000       0.63333300000000003       -1.1551607302273543     
        2810   4.5333329999999998       0.63333300000000003       -1.1518401756670922     
        2811   4.5666669999999998       0.63333300000000003       -1.1487482027190956     
        2812   4.5999999999999996       0.63333300000000003       -1.1457490643033603     
        2813   4.6333330000000004       0.63333300000000003       -1.1430447085587498     
        2814   4.6666670000000003       0.63333300000000003       -1.1404207675146714     
        2815   4.7000000000000002       0.63333300000000003       -1.1380143312693409     
        2816   4.7333330000000000       0.63333300000000003       -1.1358263935120529     
        2817   4.7666670000000000       0.63333300000000003       -1.1336890561981674     
        2818   4.7999999999999998       0.63333300000000003       -1.1317264609146296     
        2819   4.8333329999999997       0.63333300000000003       -1.1299681081729500     
        2820   4.8666669999999996       0.63333300000000003       -1.1283675303450837     
        2821   4.9000000000000004       0.63333300000000003       -1.1270144370239936     
        2822   4.9333330000000002       0.63333300000000003       -1.1258457565284223     
        2823   4.9666670000000002       0.63333300000000003       -1.1251007067326311     
        2824   5.0000000000000000       0.63333300000000003       -1.1247790672095923     
        2825   0.0000000000000000       0.66666700000000001        0.0000000000000000     
        2826   3.3333000000000002E-002  0.66666700000000001       -1.4920027917436742E-002
        2827   6.6667000000000004E-002  0.66666700000000001       -3.3958797163843042E-002
        2828  0.10000000000000001       0.66666700000000001       -5.8108017498735273E-002
        2829  0.13333300000000001       0.66666700000000001       -8.7522411430879049E-002
        2830  0.16666700000000001       0.66666700000000001      -0.12068560738352364     
        2831  0.20000000000000001       0.66666700000000001      -0.16024935925051789     
        2832  0.23333300000000001       0.66666700000000001      -0.20117921576779096     
        2833  0.26666699999999999       0.66666700000000001      -0.24836963459802991     
        2834  0.29999999999999999       0.66666700000000001      -0.29593929809115455     
        2835  0.33333299999999999       0.66666700000000001      -0.34848740248273791     
        2836  0.36666700000000002       0.66666700000000001      -0.40070401223274077     
        2837  0.40000000000000002       0.66666700000000001      -0.45377753309976315     
        2838  0.43333300000000002       0.66666700000000001      -0.51020861712731025     
        2839  0.46666700000000000       0.66666700000000001      -0.56671483309972337     
        2840  0.50000000000000000       0.66666700000000001      -0.62450988803756191     
        2841  0.53333299999999995       0.66666700000000001      -0.68440558888264258     
        2842  0.56666700000000003       0.66666700000000001      -0.74900277142413507     
        2843  0.59999999999999998       0.66666700000000001      -0.82002573009505408     
        2844  0.63333300000000003       0.66666700000000001      -0.89885751082161436     
        2845  0.66666700000000001       0.66666700000000001      -0.99278954629318872     
        2846  0.69999999999999996       0.66666700000000001       -1.1164203627492650     
        2847  0.73333300000000001       0.66666700000000001       -1.2667125870755171     
        2848  0.76666699999999999       0.66666700000000001       -1.4829354479711201     
        2849  0.80000000000000004       0.66666700000000001       -1.7670722305082740     
        2850  0.83333299999999999       0.66666700000000001       -2.1634895216913952     
        2851  0.86666699999999997       0.66666700000000001       -2.7166729545026933     
        2852  0.90000000000000002       0.66666700000000001       -3.4492556220484349     
        2853  0.93333299999999997       0.66666700000000001       -4.3750785039385995     
        2854  0.96666700000000005       0.66666700000000001       -5.4426534335699319     
        2855   1.0000000000000000       0.66666700000000001       -6.5901513586231291     
        2856   1.0333330000000001       0.66666700000000001       -7.5672890598621922     
        2857   1.0666670000000000       0.66666700000000001       -8.3238818968376975     
        2858   1.1000000000000001       0.66666700000000001       -8.7882662319277713     
        2859   1.1333329999999999       0.66666700000000001       -9.0059280956369641     
        2860   1.1666669999999999       0.66666700000000001       -9.0787464323307177     
        2861   1.2000000000000000       0.66666700000000001       -9.0435919445914070     
        2862   1.2333330000000000       0.66666700000000001       -8.9643675635153155     
        2863   1.2666670000000000       0.66666700000000001       -8.8755237246935863     
        2864   1.3000000000000000       0.66666700000000001       -8.7741173717411183     
        2865   1.3333330000000001       0.66666700000000001       -8.6935761738901647     
        2866   1.3666670000000001       0.66666700000000001       -8.6284470183197133     
        2867   1.3999999999999999       0.66666700000000001       -8.5758953077853519     
        2868   1.4333330000000000       0.66666700000000001       -8.5271106224725575     
        2869   1.4666669999999999       0.66666700000000001       -8.4572893634754358     
        2870   1.5000000000000000       0.66666700000000001       -8.3306874663758599     
        2871   1.5333330000000001       0.66666700000000001       -8.1407010686040735     
        2872   1.5666670000000000       0.66666700000000001       -7.8609349163494109     
        2873   1.6000000000000001       0.66666700000000001       -7.5333939869244420     
        2874   1.6333329999999999       0.66666700000000001       -7.2113839946818930     
        2875   1.6666669999999999       0.66666700000000001       -6.8669015157364903     
        2876   1.7000000000000000       0.66666700000000001       -6.5527025500219844     
        2877   1.7333330000000000       0.66666700000000001       -6.2461903444639928     
        2878   1.7666670000000000       0.66666700000000001       -5.9689011185650065     
        2879   1.8000000000000000       0.66666700000000001       -5.7098395488983504     
        2880   1.8333330000000001       0.66666700000000001       -5.4705103868818776     
        2881   1.8666670000000001       0.66666700000000001       -5.2469396786359885     
        2882   1.8999999999999999       0.66666700000000001       -5.0351649058039847     
        2883   1.9333330000000000       0.66666700000000001       -4.8474635253230556     
        2884   1.9666669999999999       0.66666700000000001       -4.6637752496041980     
        2885   2.0000000000000000       0.66666700000000001       -4.4855372242107370     
        2886   2.0333329999999998       0.66666700000000001       -4.3300848776247243     
        2887   2.0666669999999998       0.66666700000000001       -4.1723149200423340     
        2888   2.1000000000000001       0.66666700000000001       -4.0217487740740561     
        2889   2.1333329999999999       0.66666700000000001       -3.8861181602296568     
        2890   2.1666669999999999       0.66666700000000001       -3.7576790342939534     
        2891   2.2000000000000002       0.66666700000000001       -3.6277532601458935     
        2892   2.2333330000000000       0.66666700000000001       -3.5036964597125593     
        2893   2.2666670000000000       0.66666700000000001       -3.3937105690119687     
        2894   2.2999999999999998       0.66666700000000001       -3.2803357610946797     
        2895   2.3333330000000001       0.66666700000000001       -3.1717617994856036     
        2896   2.3666670000000001       0.66666700000000001       -3.0746198914022060     
        2897   2.3999999999999999       0.66666700000000001       -2.9742798142547122     
        2898   2.4333330000000002       0.66666700000000001       -2.8837512213334753     
        2899   2.4666670000000002       0.66666700000000001       -2.7944334200631178     
        2900   2.5000000000000000       0.66666700000000001       -2.7071952644704367     
        2901   2.5333329999999998       0.66666700000000001       -2.6259063797050226     
        2902   2.5666669999999998       0.66666700000000001       -2.5470273109499888     
        2903   2.6000000000000001       0.66666700000000001       -2.4745040285555877     
        2904   2.6333329999999999       0.66666700000000001       -2.4011808063886173     
        2905   2.6666669999999999       0.66666700000000001       -2.3312298372768701     
        2906   2.7000000000000002       0.66666700000000001       -2.2685281219092714     
        2907   2.7333330000000000       0.66666700000000001       -2.2042847448668148     
        2908   2.7666670000000000       0.66666700000000001       -2.1435955206444008     
        2909   2.7999999999999998       0.66666700000000001       -2.0849243723393855     
        2910   2.8333330000000001       0.66666700000000001       -2.0324281410746452     
        2911   2.8666670000000001       0.66666700000000001       -1.9786434914799862     
        2912   2.8999999999999999       0.66666700000000001       -1.9286572688795036     
        2913   2.9333330000000002       0.66666700000000001       -1.8825770174849368     
        2914   2.9666670000000002       0.66666700000000001       -1.8356137835618551     
        2915   3.0000000000000000       0.66666700000000001       -1.7927165137528303     
        2916   3.0333329999999998       0.66666700000000001       -1.7508104812789942     
        2917   3.0666669999999998       0.66666700000000001       -1.7123964519913428     
        2918   3.1000000000000001       0.66666700000000001       -1.6738857187910718     
        2919   3.1333329999999999       0.66666700000000001       -1.6381582402108232     
        2920   3.1666669999999999       0.66666700000000001       -1.6041293276829522     
        2921   3.2000000000000002       0.66666700000000001       -1.5728033685742466     
        2922   3.2333330000000000       0.66666700000000001       -1.5410307822453388     
        2923   3.2666670000000000       0.66666700000000001       -1.5119748212020154     
        2924   3.2999999999999998       0.66666700000000001       -1.4841624544695076     
        2925   3.3333330000000001       0.66666700000000001       -1.4575213841233969     
        2926   3.3666670000000001       0.66666700000000001       -1.4327119528927372     
        2927   3.3999999999999999       0.66666700000000001       -1.4096566595077022     
        2928   3.4333330000000002       0.66666700000000001       -1.3863941369252357     
        2929   3.4666670000000002       0.66666700000000001       -1.3645864192110535     
        2930   3.5000000000000000       0.66666700000000001       -1.3449996607677113     
        2931   3.5333329999999998       0.66666700000000001       -1.3251637251467980     
        2932   3.5666669999999998       0.66666700000000001       -1.3070323194468048     
        2933   3.6000000000000001       0.66666700000000001       -1.2902148736866996     
        2934   3.6333329999999999       0.66666700000000001       -1.2733487590229815     
        2935   3.6666669999999999       0.66666700000000001       -1.2580080500673960     
        2936   3.7000000000000002       0.66666700000000001       -1.2433653531725708     
        2937   3.7333330000000000       0.66666700000000001       -1.2292600831618254     
        2938   3.7666670000000000       0.66666700000000001       -1.2161404358661856     
        2939   3.7999999999999998       0.66666700000000001       -1.2038578010155789     
        2940   3.8333330000000001       0.66666700000000001       -1.1921453923472887     
        2941   3.8666670000000001       0.66666700000000001       -1.1812314485764734     
        2942   3.8999999999999999       0.66666700000000001       -1.1704218210957824     
        2943   3.9333330000000002       0.66666700000000001       -1.1605703590871324     
        2944   3.9666670000000002       0.66666700000000001       -1.1511733811095455     
        2945   4.0000000000000000       0.66666700000000001       -1.1426494244163297     
        2946   4.0333329999999998       0.66666700000000001       -1.1340497725527527     
        2947   4.0666669999999998       0.66666700000000001       -1.1262258045310114     
        2948   4.0999999999999996       0.66666700000000001       -1.1187498080767253     
        2949   4.1333330000000004       0.66666700000000001       -1.1118007387600659     
        2950   4.1666670000000003       0.66666700000000001       -1.1052137189145752     
        2951   4.2000000000000002       0.66666700000000001       -1.0991288605911529     
        2952   4.2333330000000000       0.66666700000000001       -1.0930350966743496     
        2953   4.2666670000000000       0.66666700000000001       -1.0876748280365443     
        2954   4.2999999999999998       0.66666700000000001       -1.0823168190279719     
        2955   4.3333329999999997       0.66666700000000001       -1.0774699381311246     
        2956   4.3666669999999996       0.66666700000000001       -1.0728478480313108     
        2957   4.4000000000000004       0.66666700000000001       -1.0685007846521910     
        2958   4.4333330000000002       0.66666700000000001       -1.0643808806906718     
        2959   4.4666670000000002       0.66666700000000001       -1.0606333664128871     
        2960   4.5000000000000000       0.66666700000000001       -1.0568799429992315     
        2961   4.5333329999999998       0.66666700000000001       -1.0535984443126953     
        2962   4.5666669999999998       0.66666700000000001       -1.0502958026351907     
        2963   4.5999999999999996       0.66666700000000001       -1.0472727455663580     
        2964   4.6333330000000004       0.66666700000000001       -1.0445252424800540     
        2965   4.6666670000000003       0.66666700000000001       -1.0419125405574878     
        2966   4.7000000000000002       0.66666700000000001       -1.0393490463173274     
        2967   4.7333330000000000       0.66666700000000001       -1.0370360995253440     
        2968   4.7666670000000000       0.66666700000000001       -1.0349347009824466     
        2969   4.7999999999999998       0.66666700000000001       -1.0329051135439860     
        2970   4.8333329999999997       0.66666700000000001       -1.0311454965388260     
        2971   4.8666669999999996       0.66666700000000001       -1.0294458225046765     
        2972   4.9000000000000004       0.66666700000000001       -1.0280286212580381     
        2973   4.9333330000000002       0.66666700000000001       -1.0268618178104592     
        2974   4.9666670000000002       0.66666700000000001       -1.0260524479794804     
        2975   5.0000000000000000       0.66666700000000001       -1.0257541623522175     
        2976   0.0000000000000000       0.69999999999999996        0.0000000000000000     
        2977   3.3333000000000002E-002  0.69999999999999996       -1.1671278455971714E-002
        2978   6.6667000000000004E-002  0.69999999999999996       -2.6846065488265111E-002
        2979  0.10000000000000001       0.69999999999999996       -4.5092025151907529E-002
        2980  0.13333300000000001       0.69999999999999996       -6.8577214992476196E-002
        2981  0.16666700000000001       0.69999999999999996       -9.5854915535069751E-002
        2982  0.20000000000000001       0.69999999999999996      -0.12642053787371665     
        2983  0.23333300000000001       0.69999999999999996      -0.16097058342731585     
        2984  0.26666699999999999       0.69999999999999996      -0.19781324429917377     
        2985  0.29999999999999999       0.69999999999999996      -0.23929747845103824     
        2986  0.33333299999999999       0.69999999999999996      -0.28103653229855990     
        2987  0.36666700000000002       0.69999999999999996      -0.32693272108507565     
        2988  0.40000000000000002       0.69999999999999996      -0.37326752350441811     
        2989  0.43333300000000002       0.69999999999999996      -0.42105057305931259     
        2990  0.46666700000000000       0.69999999999999996      -0.47149501401202698     
        2991  0.50000000000000000       0.69999999999999996      -0.52383943308827430     
        2992  0.53333299999999995       0.69999999999999996      -0.57787543572885347     
        2993  0.56666700000000003       0.69999999999999996      -0.63502066178697281     
        2994  0.59999999999999998       0.69999999999999996      -0.69703695422541168     
        2995  0.63333300000000003       0.69999999999999996      -0.76958166991842170     
        2996  0.66666700000000001       0.69999999999999996      -0.85483030211302813     
        2997  0.69999999999999996       0.69999999999999996      -0.95744117592724776     
        2998  0.73333300000000001       0.69999999999999996       -1.0907019789675709     
        2999  0.76666699999999999       0.69999999999999996       -1.2606055018818518     
        3000  0.80000000000000004       0.69999999999999996       -1.4880369015958963     
        3001  0.83333299999999999       0.69999999999999996       -1.8052200450572600     
        3002  0.86666699999999997       0.69999999999999996       -2.2044833641941692     
        3003  0.90000000000000002       0.69999999999999996       -2.7666625263219120     
        3004  0.93333299999999997       0.69999999999999996       -3.4035888580969398     
        3005  0.96666700000000005       0.69999999999999996       -4.1988196930261710     
        3006   1.0000000000000000       0.69999999999999996       -5.0332077528702834     
        3007   1.0333330000000001       0.69999999999999996       -5.8386996439016157     
        3008   1.0666670000000000       0.69999999999999996       -6.4855771224669230     
        3009   1.1000000000000001       0.69999999999999996       -7.0065432913700354     
        3010   1.1333329999999999       0.69999999999999996       -7.3448930466858640     
        3011   1.1666669999999999       0.69999999999999996       -7.5545138560775298     
        3012   1.2000000000000000       0.69999999999999996       -7.6658905866410203     
        3013   1.2333330000000000       0.69999999999999996       -7.7069058877831207     
        3014   1.2666670000000000       0.69999999999999996       -7.7062156102506219     
        3015   1.3000000000000000       0.69999999999999996       -7.6886353609302747     
        3016   1.3333330000000001       0.69999999999999996       -7.6596762100608116     
        3017   1.3666670000000001       0.69999999999999996       -7.6223259575754527     
        3018   1.3999999999999999       0.69999999999999996       -7.5881500701807418     
        3019   1.4333330000000000       0.69999999999999996       -7.5482195617689163     
        3020   1.4666669999999999       0.69999999999999996       -7.4905619992768644     
        3021   1.5000000000000000       0.69999999999999996       -7.4059101451632614     
        3022   1.5333330000000001       0.69999999999999996       -7.2737090789322218     
        3023   1.5666670000000000       0.69999999999999996       -7.1030569689486427     
        3024   1.6000000000000001       0.69999999999999996       -6.8796292455637253     
        3025   1.6333329999999999       0.69999999999999996       -6.6343879238746224     
        3026   1.6666669999999999       0.69999999999999996       -6.3905737176833926     
        3027   1.7000000000000000       0.69999999999999996       -6.1382419152464029     
        3028   1.7333330000000000       0.69999999999999996       -5.8997739078490143     
        3029   1.7666670000000000       0.69999999999999996       -5.6516435254980335     
        3030   1.8000000000000000       0.69999999999999996       -5.4263972711952704     
        3031   1.8333330000000001       0.69999999999999996       -5.2215125473121224     
        3032   1.8666670000000001       0.69999999999999996       -5.0123560617296299     
        3033   1.8999999999999999       0.69999999999999996       -4.8140772604389586     
        3034   1.9333330000000000       0.69999999999999996       -4.6339828023784273     
        3035   1.9666669999999999       0.69999999999999996       -4.4618191428714589     
        3036   2.0000000000000000       0.69999999999999996       -4.3027368250360931     
        3037   2.0333329999999998       0.69999999999999996       -4.1417819533617868     
        3038   2.0666669999999998       0.69999999999999996       -3.9936612257014925     
        3039   2.1000000000000001       0.69999999999999996       -3.8566227405100992     
        3040   2.1333329999999999       0.69999999999999996       -3.7178898642988059     
        3041   2.1666669999999999       0.69999999999999996       -3.5898082235262834     
        3042   2.2000000000000002       0.69999999999999996       -3.4663735464994012     
        3043   2.2333330000000000       0.69999999999999996       -3.3518440911242653     
        3044   2.2666670000000000       0.69999999999999996       -3.2351910152614645     
        3045   2.2999999999999998       0.69999999999999996       -3.1295390710700097     
        3046   2.3333330000000001       0.69999999999999996       -3.0288485819345481     
        3047   2.3666670000000001       0.69999999999999996       -2.9259300856646511     
        3048   2.3999999999999999       0.69999999999999996       -2.8354453823306813     
        3049   2.4333330000000002       0.69999999999999996       -2.7426213172304204     
        3050   2.4666670000000002       0.69999999999999996       -2.6529290566884915     
        3051   2.5000000000000000       0.69999999999999996       -2.5733860781127804     
        3052   2.5333329999999998       0.69999999999999996       -2.4904529486240996     
        3053   2.5666669999999998       0.69999999999999996       -2.4163858089833261     
        3054   2.6000000000000001       0.69999999999999996       -2.3422351288114172     
        3055   2.6333329999999999       0.69999999999999996       -2.2731874842840254     
        3056   2.6666669999999999       0.69999999999999996       -2.2071547562110392     
        3057   2.7000000000000002       0.69999999999999996       -2.1426640951403031     
        3058   2.7333330000000000       0.69999999999999996       -2.0804213747303204     
        3059   2.7666670000000000       0.69999999999999996       -2.0231003606717959     
        3060   2.7999999999999998       0.69999999999999996       -1.9670158889797418     
        3061   2.8333330000000001       0.69999999999999996       -1.9119987307664417     
        3062   2.8666670000000001       0.69999999999999996       -1.8618161560037430     
        3063   2.8999999999999999       0.69999999999999996       -1.8144052475613381     
        3064   2.9333330000000002       0.69999999999999996       -1.7661483715929085     
        3065   2.9666670000000002       0.69999999999999996       -1.7224831286483169     
        3066   3.0000000000000000       0.69999999999999996       -1.6814847170165252     
        3067   3.0333329999999998       0.69999999999999996       -1.6396681550108116     
        3068   3.0666669999999998       0.69999999999999996       -1.6004036826933004     
        3069   3.1000000000000001       0.69999999999999996       -1.5650729817041811     
        3070   3.1333329999999999       0.69999999999999996       -1.5288300916025286     
        3071   3.1666669999999999       0.69999999999999996       -1.4968682998926026     
        3072   3.2000000000000002       0.69999999999999996       -1.4641726370377672     
        3073   3.2333330000000000       0.69999999999999996       -1.4345621613365886     
        3074   3.2666670000000000       0.69999999999999996       -1.4067241965040156     
        3075   3.2999999999999998       0.69999999999999996       -1.3782394916491736     
        3076   3.3333330000000001       0.69999999999999996       -1.3533167167796811     
        3077   3.3666670000000001       0.69999999999999996       -1.3280752503084829     
        3078   3.3999999999999999       0.69999999999999996       -1.3049696016694736     
        3079   3.4333330000000002       0.69999999999999996       -1.2826811695366260     
        3080   3.4666670000000002       0.69999999999999996       -1.2621215667552648     
        3081   3.5000000000000000       0.69999999999999996       -1.2414445851996214     
        3082   3.5333329999999998       0.69999999999999996       -1.2227946910773970     
        3083   3.5666669999999998       0.69999999999999996       -1.2053790490297969     
        3084   3.6000000000000001       0.69999999999999996       -1.1878146426306011     
        3085   3.6333329999999999       0.69999999999999996       -1.1719064959931293     
        3086   3.6666669999999999       0.69999999999999996       -1.1562733059365615     
        3087   3.7000000000000002       0.69999999999999996       -1.1417890105194617     
        3088   3.7333330000000000       0.69999999999999996       -1.1283279935696076     
        3089   3.7666670000000000       0.69999999999999996       -1.1157344902278699     
        3090   3.7999999999999998       0.69999999999999996       -1.1031578757016391     
        3091   3.8333330000000001       0.69999999999999996       -1.0914060187823131     
        3092   3.8666670000000001       0.69999999999999996       -1.0802687429245448     
        3093   3.8999999999999999       0.69999999999999996       -1.0702623066661812     
        3094   3.9333330000000002       0.69999999999999996       -1.0600476980441171     
        3095   3.9666670000000002       0.69999999999999996       -1.0511110384907698     
        3096   4.0000000000000000       0.69999999999999996       -1.0422821965050253     
        3097   4.0333329999999998       0.69999999999999996       -1.0339531468976519     
        3098   4.0666669999999998       0.69999999999999996       -1.0264384975186402     
        3099   4.0999999999999996       0.69999999999999996       -1.0188434931381778     
        3100   4.1333330000000004       0.69999999999999996       -1.0118475489383494     
        3101   4.1666670000000003       0.69999999999999996       -1.0052228625030819     
        3102   4.2000000000000002       0.69999999999999996      -0.99904751875039699     
        3103   4.2333330000000000       0.69999999999999996      -0.99338475149343641     
        3104   4.2666670000000000       0.69999999999999996      -0.98769550180059773     
        3105   4.2999999999999998       0.69999999999999996      -0.98249989850283914     
        3106   4.3333329999999997       0.69999999999999996      -0.97770693718572055     
        3107   4.3666669999999996       0.69999999999999996      -0.97318942309075562     
        3108   4.4000000000000004       0.69999999999999996      -0.96867322443766923     
        3109   4.4333330000000002       0.69999999999999996      -0.96475911582519924     
        3110   4.4666670000000002       0.69999999999999996      -0.96076987876508735     
        3111   4.5000000000000000       0.69999999999999996      -0.95725981981207287     
        3112   4.5333329999999998       0.69999999999999996      -0.95374542332953827     
        3113   4.5666669999999998       0.69999999999999996      -0.95062617796129978     
        3114   4.5999999999999996       0.69999999999999996      -0.94762011627794840     
        3115   4.6333330000000004       0.69999999999999996      -0.94480654275586695     
        3116   4.6666670000000003       0.69999999999999996      -0.94208908147761927     
        3117   4.7000000000000002       0.69999999999999996      -0.93970303995064752     
        3118   4.7333330000000000       0.69999999999999996      -0.93731504624439244     
        3119   4.7666670000000000       0.69999999999999996      -0.93517888527248982     
        3120   4.7999999999999998       0.69999999999999996      -0.93319512082725775     
        3121   4.8333329999999997       0.69999999999999996      -0.93135328459340250     
        3122   4.8666669999999996       0.69999999999999996      -0.92975473086194016     
        3123   4.9000000000000004       0.69999999999999996      -0.92826167486480393     
        3124   4.9333330000000002       0.69999999999999996      -0.92712998923030387     
        3125   4.9666670000000002       0.69999999999999996      -0.92627666087688920     
        3126   5.0000000000000000       0.69999999999999996      -0.92596210003030199     
        3127   0.0000000000000000       0.73333300000000001        0.0000000000000000     
        3128   3.3333000000000002E-002  0.73333300000000001       -8.7963979681945758E-003
        3129   6.6667000000000004E-002  0.73333300000000001       -2.0830087919360248E-002
        3130  0.10000000000000001       0.73333300000000001       -3.5667911057938179E-002
        3131  0.13333300000000001       0.73333300000000001       -5.3784281908374205E-002
        3132  0.16666700000000001       0.73333300000000001       -7.4834754331222580E-002
        3133  0.20000000000000001       0.73333300000000001       -9.9223578884910513E-002
        3134  0.23333300000000001       0.73333300000000001      -0.12701047887056172     
        3135  0.26666699999999999       0.73333300000000001      -0.15818208722220178     
        3136  0.29999999999999999       0.73333300000000001      -0.19050729241751230     
        3137  0.33333299999999999       0.73333300000000001      -0.22635625854199387     
        3138  0.36666700000000002       0.73333300000000001      -0.26381252538329952     
        3139  0.40000000000000002       0.73333300000000001      -0.30380310189645743     
        3140  0.43333300000000002       0.73333300000000001      -0.34505622855276419     
        3141  0.46666700000000000       0.73333300000000001      -0.38789557141934877     
        3142  0.50000000000000000       0.73333300000000001      -0.43274069466671666     
        3143  0.53333299999999995       0.73333300000000001      -0.48017255130583320     
        3144  0.56666700000000003       0.73333300000000001      -0.53116941576924936     
        3145  0.59999999999999998       0.73333300000000001      -0.58697706498322910     
        3146  0.63333300000000003       0.73333300000000001      -0.64996124662416532     
        3147  0.66666700000000001       0.73333300000000001      -0.72205920212390318     
        3148  0.69999999999999996       0.73333300000000001      -0.80694469616317266     
        3149  0.73333300000000001       0.73333300000000001      -0.91872253831364514     
        3150  0.76666699999999999       0.73333300000000001       -1.0591012148740322     
        3151  0.80000000000000004       0.73333300000000001       -1.2309565011584394     
        3152  0.83333299999999999       0.73333300000000001       -1.4748650704127126     
        3153  0.86666699999999997       0.73333300000000001       -1.7914759419605193     
        3154  0.90000000000000002       0.73333300000000001       -2.1704096935365391     
        3155  0.93333299999999997       0.73333300000000001       -2.6690933361255826     
        3156  0.96666700000000005       0.73333300000000001       -3.2069982644698110     
        3157   1.0000000000000000       0.73333300000000001       -3.8510126476882456     
        3158   1.0333330000000001       0.73333300000000001       -4.4381585595072455     
        3159   1.0666670000000000       0.73333300000000001       -5.0166010319285128     
        3160   1.1000000000000001       0.73333300000000001       -5.4849638858229701     
        3161   1.1333329999999999       0.73333300000000001       -5.8652739158831668     
        3162   1.1666669999999999       0.73333300000000001       -6.1326548970960300     
        3163   1.2000000000000000       0.73333300000000001       -6.3257441520328133     
        3164   1.2333330000000000       0.73333300000000001       -6.4555138921630260     
        3165   1.2666670000000000       0.73333300000000001       -6.5302110568335952     
        3166   1.3000000000000000       0.73333300000000001       -6.5766376597184086     
        3167   1.3333330000000001       0.73333300000000001       -6.5938570805552654     
        3168   1.3666670000000001       0.73333300000000001       -6.5990917275465879     
        3169   1.3999999999999999       0.73333300000000001       -6.5918017791116785     
        3170   1.4333330000000000       0.73333300000000001       -6.5727668665336667     
        3171   1.4666669999999999       0.73333300000000001       -6.5398560488996971     
        3172   1.5000000000000000       0.73333300000000001       -6.4878672681824696     
        3173   1.5333330000000001       0.73333300000000001       -6.4034950817322978     
        3174   1.5666670000000000       0.73333300000000001       -6.2862103679503463     
        3175   1.6000000000000001       0.73333300000000001       -6.1450671094902507     
        3176   1.6333329999999999       0.73333300000000001       -5.9830873504962883     
        3177   1.6666669999999999       0.73333300000000001       -5.7944312020305446     
        3178   1.7000000000000000       0.73333300000000001       -5.6098783145290669     
        3179   1.7333330000000000       0.73333300000000001       -5.4121934435810788     
        3180   1.7666670000000000       0.73333300000000001       -5.2231670868733060     
        3181   1.8000000000000000       0.73333300000000001       -5.0348652223960366     
        3182   1.8333330000000001       0.73333300000000001       -4.8479792591425817     
        3183   1.8666670000000001       0.73333300000000001       -4.6738579268240903     
        3184   1.8999999999999999       0.73333300000000001       -4.5015187033975410     
        3185   1.9333330000000000       0.73333300000000001       -4.3333748380025590     
        3186   1.9666669999999999       0.73333300000000001       -4.1819111111249674     
        3187   2.0000000000000000       0.73333300000000001       -4.0250629900686956     
        3188   2.0333329999999998       0.73333300000000001       -3.8837019057083721     
        3189   2.0666669999999998       0.73333300000000001       -3.7492923086109338     
        3190   2.1000000000000001       0.73333300000000001       -3.6115150045845352     
        3191   2.1333329999999999       0.73333300000000001       -3.4901281842015801     
        3192   2.1666669999999999       0.73333300000000001       -3.3626318818315495     
        3193   2.2000000000000002       0.73333300000000001       -3.2519089517882138     
        3194   2.2333330000000000       0.73333300000000001       -3.1358310873628112     
        3195   2.2666670000000000       0.73333300000000001       -3.0336621206502845     
        3196   2.2999999999999998       0.73333300000000001       -2.9285397830881288     
        3197   2.3333330000000001       0.73333300000000001       -2.8309931095706422     
        3198   2.3666670000000001       0.73333300000000001       -2.7374412187037489     
        3199   2.3999999999999999       0.73333300000000001       -2.6473416727406258     
        3200   2.4333330000000002       0.73333300000000001       -2.5608502089350451     
        3201   2.4666670000000002       0.73333300000000001       -2.4776964134384074     
        3202   2.5000000000000000       0.73333300000000001       -2.3981804378926919     
        3203   2.5333329999999998       0.73333300000000001       -2.3244975951630003     
        3204   2.5666669999999998       0.73333300000000001       -2.2499919763546719     
        3205   2.6000000000000001       0.73333300000000001       -2.1804405955910457     
        3206   2.6333329999999999       0.73333300000000001       -2.1142230786936702     
        3207   2.6666669999999999       0.73333300000000001       -2.0505216031823346     
        3208   2.7000000000000002       0.73333300000000001       -1.9892568864381861     
        3209   2.7333330000000000       0.73333300000000001       -1.9312190627851413     
        3210   2.7666670000000000       0.73333300000000001       -1.8746731989225975     
        3211   2.7999999999999998       0.73333300000000001       -1.8224392464468053     
        3212   2.8333330000000001       0.73333300000000001       -1.7726808223237229     
        3213   2.8666670000000001       0.73333300000000001       -1.7222421682615106     
        3214   2.8999999999999999       0.73333300000000001       -1.6759455107534214     
        3215   2.9333330000000002       0.73333300000000001       -1.6329492653531603     
        3216   2.9666670000000002       0.73333300000000001       -1.5894831245104226     
        3217   3.0000000000000000       0.73333300000000001       -1.5493359208488535     
        3218   3.0333329999999998       0.73333300000000001       -1.5104346224457257     
        3219   3.0666669999999998       0.73333300000000001       -1.4746560725710314     
        3220   3.1000000000000001       0.73333300000000001       -1.4384399258708560     
        3221   3.1333329999999999       0.73333300000000001       -1.4062865951583650     
        3222   3.1666669999999999       0.73333300000000001       -1.3735465054673404     
        3223   3.2000000000000002       0.73333300000000001       -1.3443329113428546     
        3224   3.2333330000000000       0.73333300000000001       -1.3148248476501234     
        3225   3.2666670000000000       0.73333300000000001       -1.2876548241233441     
        3226   3.2999999999999998       0.73333300000000001       -1.2618210385562427     
        3227   3.3333330000000001       0.73333300000000001       -1.2364432704283022     
        3228   3.3666670000000001       0.73333300000000001       -1.2135625374970269     
        3229   3.3999999999999999       0.73333300000000001       -1.1907294186756865     
        3230   3.4333330000000002       0.73333300000000001       -1.1702169082200615     
        3231   3.4666670000000002       0.73333300000000001       -1.1492425984079684     
        3232   3.5000000000000000       0.73333300000000001       -1.1308053466996193     
        3233   3.5333329999999998       0.73333300000000001       -1.1120448876176825     
        3234   3.5666669999999998       0.73333300000000001       -1.0949481097923497     
        3235   3.6000000000000001       0.73333300000000001       -1.0784598077427485     
        3236   3.6333329999999999       0.73333300000000001       -1.0631678859931539     
        3237   3.6666669999999999       0.73333300000000001       -1.0486362313519180     
        3238   3.7000000000000002       0.73333300000000001       -1.0346651356240257     
        3239   3.7333330000000000       0.73333300000000001       -1.0214109964166813     
        3240   3.7666670000000000       0.73333300000000001       -1.0089029563419138     
        3241   3.7999999999999998       0.73333300000000001      -0.99708077544332885     
        3242   3.8333330000000001       0.73333300000000001      -0.98577234788965118     
        3243   3.8666670000000001       0.73333300000000001      -0.97545746455620497     
        3244   3.8999999999999999       0.73333300000000001      -0.96518228782744231     
        3245   3.9333330000000002       0.73333300000000001      -0.95580758400510013     
        3246   3.9666670000000002       0.73333300000000001      -0.94693705979601561     
        3247   4.0000000000000000       0.73333300000000001      -0.93816802916287656     
        3248   4.0333329999999998       0.73333300000000001      -0.93047221544158332     
        3249   4.0666669999999998       0.73333300000000001      -0.92289004112649087     
        3250   4.0999999999999996       0.73333300000000001      -0.91563494533144063     
        3251   4.1333330000000004       0.73333300000000001      -0.90897788182450867     
        3252   4.1666670000000003       0.73333300000000001      -0.90276878504314262     
        3253   4.2000000000000002       0.73333300000000001      -0.89652972562533573     
        3254   4.2333330000000000       0.73333300000000001      -0.89089603658719052     
        3255   4.2666670000000000       0.73333300000000001      -0.88553914927620037     
        3256   4.2999999999999998       0.73333300000000001      -0.88067428657877678     
        3257   4.3333329999999997       0.73333300000000001      -0.87583264696064145     
        3258   4.3666669999999996       0.73333300000000001      -0.87127130231556216     
        3259   4.4000000000000004       0.73333300000000001      -0.86716917378280534     
        3260   4.4333330000000002       0.73333300000000001      -0.86319394799819926     
        3261   4.4666670000000002       0.73333300000000001      -0.85947391979460497     
        3262   4.5000000000000000       0.73333300000000001      -0.85585946676954217     
        3263   4.5333329999999998       0.73333300000000001      -0.85265407854426056     
        3264   4.5666669999999998       0.73333300000000001      -0.84944421441361717     
        3265   4.5999999999999996       0.73333300000000001      -0.84664840317432621     
        3266   4.6333330000000004       0.73333300000000001      -0.84377146938810632     
        3267   4.6666670000000003       0.73333300000000001      -0.84126016314508889     
        3268   4.7000000000000002       0.73333300000000001      -0.83881991234579567     
        3269   4.7333330000000000       0.73333300000000001      -0.83662325045664543     
        3270   4.7666670000000000       0.73333300000000001      -0.83444085167158311     
        3271   4.7999999999999998       0.73333300000000001      -0.83257559332864539     
        3272   4.8333329999999997       0.73333300000000001      -0.83072078206436062     
        3273   4.8666669999999996       0.73333300000000001      -0.82912730644049093     
        3274   4.9000000000000004       0.73333300000000001      -0.82776786283451620     
        3275   4.9333330000000002       0.73333300000000001      -0.82657038072481948     
        3276   4.9666670000000002       0.73333300000000001      -0.82577297702885155     
        3277   5.0000000000000000       0.73333300000000001      -0.82548661995067341     
        3278   0.0000000000000000       0.76666699999999999        0.0000000000000000     
        3279   3.3333000000000002E-002  0.76666699999999999       -6.8485152431904620E-003
        3280   6.6667000000000004E-002  0.76666699999999999       -1.5820221869371640E-002
        3281  0.10000000000000001       0.76666699999999999       -2.7803600066591369E-002
        3282  0.13333300000000001       0.76666699999999999       -4.1426227466813195E-002
        3283  0.16666700000000001       0.76666699999999999       -5.8531084533974757E-002
        3284  0.20000000000000001       0.76666699999999999       -7.7410291744586440E-002
        3285  0.23333300000000001       0.76666699999999999      -0.10006675764811612     
        3286  0.26666699999999999       0.76666699999999999      -0.12392404293620581     
        3287  0.29999999999999999       0.76666699999999999      -0.15075420134333103     
        3288  0.33333299999999999       0.76666699999999999      -0.18055939750508324     
        3289  0.36666700000000002       0.76666699999999999      -0.21048354698663879     
        3290  0.40000000000000002       0.76666699999999999      -0.24448314198881757     
        3291  0.43333300000000002       0.76666699999999999      -0.27794567294427003     
        3292  0.46666700000000000       0.76666699999999999      -0.31491613359070375     
        3293  0.50000000000000000       0.76666699999999999      -0.35392000986013500     
        3294  0.53333299999999995       0.76666699999999999      -0.39305748966043624     
        3295  0.56666700000000003       0.76666699999999999      -0.43750890968511885     
        3296  0.59999999999999998       0.76666699999999999      -0.48608273605675512     
        3297  0.63333300000000003       0.76666699999999999      -0.53811327094937778     
        3298  0.66666700000000001       0.76666699999999999      -0.60010159367600557     
        3299  0.69999999999999996       0.76666699999999999      -0.67269215773201851     
        3300  0.73333300000000001       0.76666699999999999      -0.75796765074919259     
        3301  0.76666699999999999       0.76666699999999999      -0.87155419607252049     
        3302  0.80000000000000004       0.76666699999999999       -1.0130271386559460     
        3303  0.83333299999999999       0.76666699999999999       -1.1908079609119340     
        3304  0.86666699999999997       0.76666699999999999       -1.4143192026448952     
        3305  0.90000000000000002       0.76666699999999999       -1.7127183000720809     
        3306  0.93333299999999997       0.76666699999999999       -2.0462995566709514     
        3307  0.96666700000000005       0.76666699999999999       -2.4680426137387723     
        3308   1.0000000000000000       0.76666699999999999       -2.9027493191799181     
        3309   1.0333330000000001       0.76666699999999999       -3.3777817750901709     
        3310   1.0666670000000000       0.76666699999999999       -3.8297261484366172     
        3311   1.1000000000000001       0.76666699999999999       -4.2320516812127638     
        3312   1.1333329999999999       0.76666699999999999       -4.5745906846927440     
        3313   1.1666669999999999       0.76666699999999999       -4.8749107270066263     
        3314   1.2000000000000000       0.76666699999999999       -5.0942454758441835     
        3315   1.2333330000000000       0.76666699999999999       -5.2688817902366578     
        3316   1.2666670000000000       0.76666699999999999       -5.3933008306058268     
        3317   1.3000000000000000       0.76666699999999999       -5.4816330896800292     
        3318   1.3333330000000001       0.76666699999999999       -5.5429867824072687     
        3319   1.3666670000000001       0.76666699999999999       -5.5845549814576732     
        3320   1.3999999999999999       0.76666699999999999       -5.6043662409203758     
        3321   1.4333330000000000       0.76666699999999999       -5.6119666650327318     
        3322   1.4666669999999999       0.76666699999999999       -5.6028942345956105     
        3323   1.5000000000000000       0.76666699999999999       -5.5782135956859946     
        3324   1.5333330000000001       0.76666699999999999       -5.5288305640318569     
        3325   1.5666670000000000       0.76666699999999999       -5.4614017703370861     
        3326   1.6000000000000001       0.76666699999999999       -5.3686475626737895     
        3327   1.6333329999999999       0.76666699999999999       -5.2549529045435914     
        3328   1.6666669999999999       0.76666699999999999       -5.1292421763570610     
        3329   1.7000000000000000       0.76666699999999999       -4.9971717933355739     
        3330   1.7333330000000000       0.76666699999999999       -4.8449204250468938     
        3331   1.7666670000000000       0.76666699999999999       -4.6928125776138048     
        3332   1.8000000000000000       0.76666699999999999       -4.5487807944891587     
        3333   1.8333330000000001       0.76666699999999999       -4.3929517309956347     
        3334   1.8666670000000001       0.76666699999999999       -4.2401782823055099     
        3335   1.8999999999999999       0.76666699999999999       -4.1019036925611694     
        3336   1.9333330000000000       0.76666699999999999       -3.9548083033379009     
        3337   1.9666669999999999       0.76666699999999999       -3.8130454581281104     
        3338   2.0000000000000000       0.76666699999999999       -3.6859367412458939     
        3339   2.0333329999999998       0.76666699999999999       -3.5539165752915185     
        3340   2.0666669999999998       0.76666699999999999       -3.4267236840591364     
        3341   2.1000000000000001       0.76666699999999999       -3.3108155713061507     
        3342   2.1333329999999999       0.76666699999999999       -3.1940693541475071     
        3343   2.1666669999999999       0.76666699999999999       -3.0831334925671232     
        3344   2.2000000000000002       0.76666699999999999       -2.9760709267273762     
        3345   2.2333330000000000       0.76666699999999999       -2.8737603739942745     
        3346   2.2666670000000000       0.76666699999999999       -2.7746111861551630     
        3347   2.2999999999999998       0.76666699999999999       -2.6832937287328944     
        3348   2.3333330000000001       0.76666699999999999       -2.5885521843141071     
        3349   2.3666670000000001       0.76666699999999999       -2.5053590516057560     
        3350   2.3999999999999999       0.76666699999999999       -2.4184609613886008     
        3351   2.4333330000000002       0.76666699999999999       -2.3396917863990430     
        3352   2.4666670000000002       0.76666699999999999       -2.2639702595126843     
        3353   2.5000000000000000       0.76666699999999999       -2.1902985377189026     
        3354   2.5333329999999998       0.76666699999999999       -2.1180306652782708     
        3355   2.5666669999999998       0.76666699999999999       -2.0534587843881877     
        3356   2.6000000000000001       0.76666699999999999       -1.9870188166669691     
        3357   2.6333329999999999       0.76666699999999999       -1.9259198399029682     
        3358   2.6666669999999999       0.76666699999999999       -1.8655924972930602     
        3359   2.7000000000000002       0.76666699999999999       -1.8086195832321978     
        3360   2.7333330000000000       0.76666699999999999       -1.7566951123354053     
        3361   2.7666670000000000       0.76666699999999999       -1.7033608914916030     
        3362   2.7999999999999998       0.76666699999999999       -1.6542463917312558     
        3363   2.8333330000000001       0.76666699999999999       -1.6070185449242680     
        3364   2.8666670000000001       0.76666699999999999       -1.5622187812542787     
        3365   2.8999999999999999       0.76666699999999999       -1.5191014708211126     
        3366   2.9333330000000002       0.76666699999999999       -1.4769346435854278     
        3367   2.9666670000000002       0.76666699999999999       -1.4391578442727173     
        3368   3.0000000000000000       0.76666699999999999       -1.4002728260384716     
        3369   3.0333329999999998       0.76666699999999999       -1.3652607123169580     
        3370   3.0666669999999998       0.76666699999999999       -1.3302197719609572     
        3371   3.1000000000000001       0.76666699999999999       -1.2985792962882814     
        3372   3.1333329999999999       0.76666699999999999       -1.2670616143724691     
        3373   3.1666669999999999       0.76666699999999999       -1.2384188392464361     
        3374   3.2000000000000002       0.76666699999999999       -1.2091385540736324     
        3375   3.2333330000000000       0.76666699999999999       -1.1833670188166265     
        3376   3.2666670000000000       0.76666699999999999       -1.1568016621357224     
        3377   3.2999999999999998       0.76666699999999999       -1.1331331853565476     
        3378   3.3333330000000001       0.76666699999999999       -1.1106614740256411     
        3379   3.3666670000000001       0.76666699999999999       -1.0882783923739470     
        3380   3.3999999999999999       0.76666699999999999       -1.0669862301570308     
        3381   3.4333330000000002       0.76666699999999999       -1.0473411169040714     
        3382   3.4666670000000002       0.76666699999999999       -1.0286127976074129     
        3383   3.5000000000000000       0.76666699999999999       -1.0106846883993867     
        3384   3.5333329999999998       0.76666699999999999      -0.99376240265494642     
        3385   3.5666669999999998       0.76666699999999999      -0.97738407486019241     
        3386   3.6000000000000001       0.76666699999999999      -0.96258362495079297     
        3387   3.6333329999999999       0.76666699999999999      -0.94769261243853642     
        3388   3.6666669999999999       0.76666699999999999      -0.93390822479823610     
        3389   3.7000000000000002       0.76666699999999999      -0.92143070735866484     
        3390   3.7333330000000000       0.76666699999999999      -0.90869338091309459     
        3391   3.7666670000000000       0.76666699999999999      -0.89666465587062560     
        3392   3.7999999999999998       0.76666699999999999      -0.88595659072150734     
        3393   3.8333330000000001       0.76666699999999999      -0.87553671010759382     
        3394   3.8666670000000001       0.76666699999999999      -0.86523457775109303     
        3395   3.8999999999999999       0.76666699999999999      -0.85604842775786982     
        3396   3.9333330000000002       0.76666699999999999      -0.84742199901859716     
        3397   3.9666670000000002       0.76666699999999999      -0.83870461581720679     
        3398   4.0000000000000000       0.76666699999999999      -0.83081795415543158     
        3399   4.0333329999999998       0.76666699999999999      -0.82331114789000970     
        3400   4.0666669999999998       0.76666699999999999      -0.81616279470672659     
        3401   4.0999999999999996       0.76666699999999999      -0.80952893226910028     
        3402   4.1333330000000004       0.76666699999999999      -0.80307307737058786     
        3403   4.1666670000000003       0.76666699999999999      -0.79712958667493061     
        3404   4.2000000000000002       0.76666699999999999      -0.79149757804997944     
        3405   4.2333330000000000       0.76666699999999999      -0.78599788021261330     
        3406   4.2666670000000000       0.76666699999999999      -0.78117482750313549     
        3407   4.2999999999999998       0.76666699999999999      -0.77627487616061641     
        3408   4.3333329999999997       0.76666699999999999      -0.77188786974711654     
        3409   4.3666669999999996       0.76666699999999999      -0.76774986756647878     
        3410   4.4000000000000004       0.76666699999999999      -0.76364857176243572     
        3411   4.4333330000000002       0.76666699999999999      -0.75986729677582987     
        3412   4.4666670000000002       0.76666699999999999      -0.75641373801691703     
        3413   4.5000000000000000       0.76666699999999999      -0.75314522645464288     
        3414   4.5333329999999998       0.76666699999999999      -0.74988440688793301     
        3415   4.5666669999999998       0.76666699999999999      -0.74704044522502033     
        3416   4.5999999999999996       0.76666699999999999      -0.74425668344252716     
        3417   4.6333330000000004       0.76666699999999999      -0.74166546485806462     
        3418   4.6666670000000003       0.76666699999999999      -0.73918039650645040     
        3419   4.7000000000000002       0.76666699999999999      -0.73689789293940178     
        3420   4.7333330000000000       0.76666699999999999      -0.73475244216056157     
        3421   4.7666670000000000       0.76666699999999999      -0.73282950525709012     
        3422   4.7999999999999998       0.76666699999999999      -0.73092595798450244     
        3423   4.8333329999999997       0.76666699999999999      -0.72924730313823238     
        3424   4.8666669999999996       0.76666699999999999      -0.72771313504525126     
        3425   4.9000000000000004       0.76666699999999999      -0.72638381865077772     
        3426   4.9333330000000002       0.76666699999999999      -0.72529088494262139     
        3427   4.9666670000000002       0.76666699999999999      -0.72452864289868601     
        3428   5.0000000000000000       0.76666699999999999      -0.72423092693048174     
        3429   0.0000000000000000       0.80000000000000004        0.0000000000000000     
        3430   3.3333000000000002E-002  0.80000000000000004       -5.2849359086920332E-003
        3431   6.6667000000000004E-002  0.80000000000000004       -1.2351336348379887E-002
        3432  0.10000000000000001       0.80000000000000004       -2.1040581281708388E-002
        3433  0.13333300000000001       0.80000000000000004       -3.2256843407942208E-002
        3434  0.16666700000000001       0.80000000000000004       -4.5089866517220835E-002
        3435  0.20000000000000001       0.80000000000000004       -5.9952661921621256E-002
        3436  0.23333300000000001       0.80000000000000004       -7.6888313201722638E-002
        3437  0.26666699999999999       0.80000000000000004       -9.6510903345256110E-002
        3438  0.29999999999999999       0.80000000000000004      -0.11837074609713161     
        3439  0.33333299999999999       0.80000000000000004      -0.14096075461295760     
        3440  0.36666700000000002       0.80000000000000004      -0.16664567850857476     
        3441  0.40000000000000002       0.80000000000000004      -0.19273761417779303     
        3442  0.43333300000000002       0.80000000000000004      -0.22199566033609244     
        3443  0.46666700000000000       0.80000000000000004      -0.25158846907327631     
        3444  0.50000000000000000       0.80000000000000004      -0.28284269989055216     
        3445  0.53333299999999995       0.80000000000000004      -0.31767215978215135     
        3446  0.56666700000000003       0.80000000000000004      -0.35419030415227126     
        3447  0.59999999999999998       0.80000000000000004      -0.39434938095701594     
        3448  0.63333300000000003       0.80000000000000004      -0.43791064364255561     
        3449  0.66666700000000001       0.80000000000000004      -0.48704040261396686     
        3450  0.69999999999999996       0.80000000000000004      -0.54745329861429537     
        3451  0.73333300000000001       0.80000000000000004      -0.61798353307915321     
        3452  0.76666699999999999       0.80000000000000004      -0.70045890681255318     
        3453  0.80000000000000004       0.80000000000000004      -0.81008917314552753     
        3454  0.83333299999999999       0.80000000000000004      -0.94563351176605392     
        3455  0.86666699999999997       0.80000000000000004       -1.1186399642211260     
        3456  0.90000000000000002       0.80000000000000004       -1.3162500409213171     
        3457  0.93333299999999997       0.80000000000000004       -1.5760430055887722     
        3458  0.96666700000000005       0.80000000000000004       -1.8522291765444197     
        3459   1.0000000000000000       0.80000000000000004       -2.1853640281885700     
        3460   1.0333330000000001       0.80000000000000004       -2.5464824404136248     
        3461   1.0666670000000000       0.80000000000000004       -2.8741280213400469     
        3462   1.1000000000000001       0.80000000000000004       -3.2162208135059371     
        3463   1.1333329999999999       0.80000000000000004       -3.5175094981990647     
        3464   1.1666669999999999       0.80000000000000004       -3.7789788114205956     
        3465   1.2000000000000000       0.80000000000000004       -4.0112010163957823     
        3466   1.2333330000000000       0.80000000000000004       -4.1854973224627265     
        3467   1.2666670000000000       0.80000000000000004       -4.3361026270693355     
        3468   1.3000000000000000       0.80000000000000004       -4.4556366250480872     
        3469   1.3333330000000001       0.80000000000000004       -4.5382040580183016     
        3470   1.3666670000000001       0.80000000000000004       -4.6037642241012753     
        3471   1.3999999999999999       0.80000000000000004       -4.6486246870923011     
        3472   1.4333330000000000       0.80000000000000004       -4.6754270833549940     
        3473   1.4666669999999999       0.80000000000000004       -4.6905178608651834     
        3474   1.5000000000000000       0.80000000000000004       -4.6863650713714327     
        3475   1.5333330000000001       0.80000000000000004       -4.6655794129999286     
        3476   1.5666670000000000       0.80000000000000004       -4.6274420767110094     
        3477   1.6000000000000001       0.80000000000000004       -4.5732859550582132     
        3478   1.6333329999999999       0.80000000000000004       -4.5023163172929612     
        3479   1.6666669999999999       0.80000000000000004       -4.4195867105443867     
        3480   1.7000000000000000       0.80000000000000004       -4.3199290585227983     
        3481   1.7333330000000000       0.80000000000000004       -4.2166289949007929     
        3482   1.7666670000000000       0.80000000000000004       -4.1004688767197681     
        3483   1.8000000000000000       0.80000000000000004       -3.9804902767307349     
        3484   1.8333330000000001       0.80000000000000004       -3.8638858551598316     
        3485   1.8666670000000001       0.80000000000000004       -3.7463321005100179     
        3486   1.8999999999999999       0.80000000000000004       -3.6210277069678556     
        3487   1.9333330000000000       0.80000000000000004       -3.5048926722519269     
        3488   1.9666669999999999       0.80000000000000004       -3.3875109554829930     
        3489   2.0000000000000000       0.80000000000000004       -3.2708200304780632     
        3490   2.0333329999999998       0.80000000000000004       -3.1608629717058592     
        3491   2.0666669999999998       0.80000000000000004       -3.0555374424568926     
        3492   2.1000000000000001       0.80000000000000004       -2.9474742875802482     
        3493   2.1333329999999999       0.80000000000000004       -2.8425746910991476     
        3494   2.1666669999999999       0.80000000000000004       -2.7490465440427712     
        3495   2.2000000000000002       0.80000000000000004       -2.6500739875843546     
        3496   2.2333330000000000       0.80000000000000004       -2.5623892271385040     
        3497   2.2666670000000000       0.80000000000000004       -2.4728175396961101     
        3498   2.2999999999999998       0.80000000000000004       -2.3871418998458682     
        3499   2.3333330000000001       0.80000000000000004       -2.3085376334163543     
        3500   2.3666670000000001       0.80000000000000004       -2.2275531284255630     
        3501   2.3999999999999999       0.80000000000000004       -2.1523693351838569     
        3502   2.4333330000000002       0.80000000000000004       -2.0821911135697913     
        3503   2.4666670000000002       0.80000000000000004       -2.0152481428481650     
        3504   2.5000000000000000       0.80000000000000004       -1.9456056767679968     
        3505   2.5333329999999998       0.80000000000000004       -1.8844187191981416     
        3506   2.5666669999999998       0.80000000000000004       -1.8217030308812201     
        3507   2.6000000000000001       0.80000000000000004       -1.7656770607100727     
        3508   2.6333329999999999       0.80000000000000004       -1.7076456528353317     
        3509   2.6666669999999999       0.80000000000000004       -1.6566630429215783     
        3510   2.7000000000000002       0.80000000000000004       -1.6040004204686442     
        3511   2.7333330000000000       0.80000000000000004       -1.5544214307443043     
        3512   2.7666670000000000       0.80000000000000004       -1.5100367114535200     
        3513   2.7999999999999998       0.80000000000000004       -1.4641998754445460     
        3514   2.8333330000000001       0.80000000000000004       -1.4204509884911578     
        3515   2.8666670000000001       0.80000000000000004       -1.3818008722306869     
        3516   2.8999999999999999       0.80000000000000004       -1.3413594737862584     
        3517   2.9333330000000002       0.80000000000000004       -1.3055453316170804     
        3518   2.9666670000000002       0.80000000000000004       -1.2689011327606654     
        3519   3.0000000000000000       0.80000000000000004       -1.2350460738110123     
        3520   3.0333329999999998       0.80000000000000004       -1.2034166960756714     
        3521   3.0666669999999998       0.80000000000000004       -1.1732926819931953     
        3522   3.1000000000000001       0.80000000000000004       -1.1433175596574634     
        3523   3.1333329999999999       0.80000000000000004       -1.1148050547786379     
        3524   3.1666669999999999       0.80000000000000004       -1.0883344401542698     
        3525   3.2000000000000002       0.80000000000000004       -1.0629609020547837     
        3526   3.2333330000000000       0.80000000000000004       -1.0386014231792353     
        3527   3.2666670000000000       0.80000000000000004       -1.0162591754835713     
        3528   3.2999999999999998       0.80000000000000004      -0.99369894527968428     
        3529   3.3333330000000001       0.80000000000000004      -0.97272197629036383     
        3530   3.3666670000000001       0.80000000000000004      -0.95324101596024002     
        3531   3.3999999999999999       0.80000000000000004      -0.93469293520819863     
        3532   3.4333330000000002       0.80000000000000004      -0.91596717864499222     
        3533   3.4666670000000002       0.80000000000000004      -0.89961468127388922     
        3534   3.5000000000000000       0.80000000000000004      -0.88271127566158103     
        3535   3.5333329999999998       0.80000000000000004      -0.86808294963159049     
        3536   3.5666669999999998       0.80000000000000004      -0.85301840405755480     
        3537   3.6000000000000001       0.80000000000000004      -0.83886035490097954     
        3538   3.6333329999999999       0.80000000000000004      -0.82630401334084669     
        3539   3.6666669999999999       0.80000000000000004      -0.81345049450808171     
        3540   3.7000000000000002       0.80000000000000004      -0.80169030005920616     
        3541   3.7333330000000000       0.80000000000000004      -0.79043833459953672     
        3542   3.7666670000000000       0.80000000000000004      -0.78005077111627941     
        3543   3.7999999999999998       0.80000000000000004      -0.76956229012278232     
        3544   3.8333330000000001       0.80000000000000004      -0.76037238637643612     
        3545   3.8666670000000001       0.80000000000000004      -0.75129185540108356     
        3546   3.8999999999999999       0.80000000000000004      -0.74267753758901911     
        3547   3.9333330000000002       0.80000000000000004      -0.73452090832841022     
        3548   3.9666670000000002       0.80000000000000004      -0.72695014157820959     
        3549   4.0000000000000000       0.80000000000000004      -0.71993073552873321     
        3550   4.0333329999999998       0.80000000000000004      -0.71285801038687224     
        3551   4.0666669999999998       0.80000000000000004      -0.70621213888005319     
        3552   4.0999999999999996       0.80000000000000004      -0.70018918959527754     
        3553   4.1333330000000004       0.80000000000000004      -0.69458275413078940     
        3554   4.1666670000000003       0.80000000000000004      -0.68889705956153158     
        3555   4.2000000000000002       0.80000000000000004      -0.68376069551062291     
        3556   4.2333330000000000       0.80000000000000004      -0.67903547000517417     
        3557   4.2666670000000000       0.80000000000000004      -0.67428352292764893     
        3558   4.2999999999999998       0.80000000000000004      -0.67012625665531189     
        3559   4.3333329999999997       0.80000000000000004      -0.66593280666034149     
        3560   4.3666669999999996       0.80000000000000004      -0.66200516873298021     
        3561   4.4000000000000004       0.80000000000000004      -0.65851245515376111     
        3562   4.4333330000000002       0.80000000000000004      -0.65500093179284213     
        3563   4.4666670000000002       0.80000000000000004      -0.65176853742848373     
        3564   4.5000000000000000       0.80000000000000004      -0.64869953213858011     
        3565   4.5333329999999998       0.80000000000000004      -0.64588035563569102     
        3566   4.5666669999999998       0.80000000000000004      -0.64320415915168272     
        3567   4.5999999999999996       0.80000000000000004      -0.64060559639463566     
        3568   4.6333330000000004       0.80000000000000004      -0.63825738527646159     
        3569   4.6666670000000003       0.80000000000000004      -0.63609769848038622     
        3570   4.7000000000000002       0.80000000000000004      -0.63393290596778817     
        3571   4.7333330000000000       0.80000000000000004      -0.63194529122770327     
        3572   4.7666670000000000       0.80000000000000004      -0.63013602613087039     
        3573   4.7999999999999998       0.80000000000000004      -0.62844656983989211     
        3574   4.8333329999999997       0.80000000000000004      -0.62694562824398947     
        3575   4.8666669999999996       0.80000000000000004      -0.62548302389384014     
        3576   4.9000000000000004       0.80000000000000004      -0.62424691237323915     
        3577   4.9333330000000002       0.80000000000000004      -0.62327215650660683     
        3578   4.9666670000000002       0.80000000000000004      -0.62257288942431144     
        3579   5.0000000000000000       0.80000000000000004      -0.62227713069246227     
        3580   0.0000000000000000       0.83333299999999999        0.0000000000000000     
        3581   3.3333000000000002E-002  0.83333299999999999       -4.0030408494914601E-003
        3582   6.6667000000000004E-002  0.83333299999999999       -9.2683892439545407E-003
        3583  0.10000000000000001       0.83333299999999999       -1.6115689025111991E-002
        3584  0.13333300000000001       0.83333299999999999       -2.4097478166997949E-002
        3585  0.16666700000000001       0.83333299999999999       -3.4140353518212804E-002
        3586  0.20000000000000001       0.83333299999999999       -4.5576063859573822E-002
        3587  0.23333300000000001       0.83333299999999999       -5.9169268947831762E-002
        3588  0.26666699999999999       0.83333299999999999       -7.3833603992926475E-002
        3589  0.29999999999999999       0.83333299999999999       -9.0167913591639587E-002
        3590  0.33333299999999999       0.83333299999999999      -0.10900426669648194     
        3591  0.36666700000000002       0.83333299999999999      -0.12812498497456754     
        3592  0.40000000000000002       0.83333299999999999      -0.15007752442907926     
        3593  0.43333300000000002       0.83333299999999999      -0.17219569357988745     
        3594  0.46666700000000000       0.83333299999999999      -0.19658506695595118     
        3595  0.50000000000000000       0.83333299999999999      -0.22251659173925062     
        3596  0.53333299999999995       0.83333299999999999      -0.25008046041879678     
        3597  0.56666700000000003       0.83333299999999999      -0.27974062604702077     
        3598  0.59999999999999998       0.83333299999999999      -0.31103315647154761     
        3599  0.63333300000000003       0.83333299999999999      -0.34734975498972953     
        3600  0.66666700000000001       0.83333299999999999      -0.38830918547081639     
        3601  0.69999999999999996       0.83333299999999999      -0.43330844062858925     
        3602  0.73333300000000001       0.83333299999999999      -0.48900086408128735     
        3603  0.76666699999999999       0.83333299999999999      -0.55527290477469837     
        3604  0.80000000000000004       0.83333299999999999      -0.63593075230013574     
        3605  0.83333299999999999       0.83333299999999999      -0.73497405822931716     
        3606  0.86666699999999997       0.83333299999999999      -0.85564789442411804     
        3607  0.90000000000000002       0.83333299999999999       -1.0076053905098632     
        3608  0.93333299999999997       0.83333299999999999       -1.1777038305129379     
        3609  0.96666700000000005       0.83333299999999999       -1.3936107708729666     
        3610   1.0000000000000000       0.83333299999999999       -1.6244583369738137     
        3611   1.0333330000000001       0.83333299999999999       -1.8677139478218785     
        3612   1.0666670000000000       0.83333299999999999       -2.1418196795079534     
        3613   1.1000000000000001       0.83333299999999999       -2.3853853828250515     
        3614   1.1333329999999999       0.83333299999999999       -2.6467802769497415     
        3615   1.1666669999999999       0.83333299999999999       -2.8651361545584360     
        3616   1.2000000000000000       0.83333299999999999       -3.0593191300779878     
        3617   1.2333330000000000       0.83333299999999999       -3.2423164225080097     
        3618   1.2666670000000000       0.83333299999999999       -3.3834358803686855     
        3619   1.3000000000000000       0.83333299999999999       -3.5065152174980696     
        3620   1.3333330000000001       0.83333299999999999       -3.6056606856730546     
        3621   1.3666670000000001       0.83333299999999999       -3.6778493932342524     
        3622   1.3999999999999999       0.83333299999999999       -3.7396865248798443     
        3623   1.4333330000000000       0.83333299999999999       -3.7831148503544361     
        3624   1.4666669999999999       0.83333299999999999       -3.8101985755573908     
        3625   1.5000000000000000       0.83333299999999999       -3.8242550123968391     
        3626   1.5333330000000001       0.83333299999999999       -3.8212573072596525     
        3627   1.5666670000000000       0.83333299999999999       -3.8064628274702947     
        3628   1.6000000000000001       0.83333299999999999       -3.7785793543647941     
        3629   1.6333329999999999       0.83333299999999999       -3.7352584610835406     
        3630   1.6666669999999999       0.83333299999999999       -3.6794920886641584     
        3631   1.7000000000000000       0.83333299999999999       -3.6148762904947089     
        3632   1.7333330000000000       0.83333299999999999       -3.5414792623709475     
        3633   1.7666670000000000       0.83333299999999999       -3.4601202327344933     
        3634   1.8000000000000000       0.83333299999999999       -3.3732128159733694     
        3635   1.8333330000000001       0.83333299999999999       -3.2809090532031737     
        3636   1.8666670000000001       0.83333299999999999       -3.1858618745548815     
        3637   1.8999999999999999       0.83333299999999999       -3.0936527803814977     
        3638   1.9333330000000000       0.83333299999999999       -2.9939951094481732     
        3639   1.9666669999999999       0.83333299999999999       -2.9038678874611779     
        3640   2.0000000000000000       0.83333299999999999       -2.8063673447928612     
        3641   2.0333329999999998       0.83333299999999999       -2.7123090597135326     
        3642   2.0666669999999998       0.83333299999999999       -2.6216899344792544     
        3643   2.1000000000000001       0.83333299999999999       -2.5330176556356636     
        3644   2.1333329999999999       0.83333299999999999       -2.4493661458503473     
        3645   2.1666669999999999       0.83333299999999999       -2.3621246780272478     
        3646   2.2000000000000002       0.83333299999999999       -2.2846085055758909     
        3647   2.2333330000000000       0.83333299999999999       -2.2052120314653876     
        3648   2.2666670000000000       0.83333299999999999       -2.1284053358989126     
        3649   2.2999999999999998       0.83333299999999999       -2.0538866375898257     
        3650   2.3333330000000001       0.83333299999999999       -1.9840107862571876     
        3651   2.3666670000000001       0.83333299999999999       -1.9163731096865235     
        3652   2.3999999999999999       0.83333299999999999       -1.8536542160854552     
        3653   2.4333330000000002       0.83333299999999999       -1.7911226986245021     
        3654   2.4666670000000002       0.83333299999999999       -1.7301514742411983     
        3655   2.5000000000000000       0.83333299999999999       -1.6735880883879473     
        3656   2.5333329999999998       0.83333299999999999       -1.6169856873718940     
        3657   2.5666669999999998       0.83333299999999999       -1.5662620721805467     
        3658   2.6000000000000001       0.83333299999999999       -1.5139152183483835     
        3659   2.6333329999999999       0.83333299999999999       -1.4668147765332051     
        3660   2.6666669999999999       0.83333299999999999       -1.4199424552701849     
        3661   2.7000000000000002       0.83333299999999999       -1.3752569896429239     
        3662   2.7333330000000000       0.83333299999999999       -1.3336778020298365     
        3663   2.7666670000000000       0.83333299999999999       -1.2926695130569044     
        3664   2.7999999999999998       0.83333299999999999       -1.2536656945241100     
        3665   2.8333330000000001       0.83333299999999999       -1.2172262056901131     
        3666   2.8666670000000001       0.83333299999999999       -1.1811702858195161     
        3667   2.8999999999999999       0.83333299999999999       -1.1483604051703413     
        3668   2.9333330000000002       0.83333299999999999       -1.1148757121089465     
        3669   2.9666670000000002       0.83333299999999999       -1.0840907413098624     
        3670   3.0000000000000000       0.83333299999999999       -1.0558288579807058     
        3671   3.0333329999999998       0.83333299999999999       -1.0270649022905713     
        3672   3.0666669999999998       0.83333299999999999      -0.99967585463129327     
        3673   3.1000000000000001       0.83333299999999999      -0.97471382745749102     
        3674   3.1333329999999999       0.83333299999999999      -0.95094400660011069     
        3675   3.1666669999999999       0.83333299999999999      -0.92681391449284112     
        3676   3.2000000000000002       0.83333299999999999      -0.90515319912864689     
        3677   3.2333330000000000       0.83333299999999999      -0.88388764624148897     
        3678   3.2666670000000000       0.83333299999999999      -0.86363887353696422     
        3679   3.2999999999999998       0.83333299999999999      -0.84516880212035439     
        3680   3.3333330000000001       0.83333299999999999      -0.82641823624553523     
        3681   3.3666670000000001       0.83333299999999999      -0.80931648285655333     
        3682   3.3999999999999999       0.83333299999999999      -0.79247733959083533     
        3683   3.4333330000000002       0.83333299999999999      -0.77740541556141285     
        3684   3.4666670000000002       0.83333299999999999      -0.76209347732520005     
        3685   3.5000000000000000       0.83333299999999999      -0.74813410403978298     
        3686   3.5333329999999998       0.83333299999999999      -0.73469042906978099     
        3687   3.5666669999999998       0.83333299999999999      -0.72192206529283331     
        3688   3.6000000000000001       0.83333299999999999      -0.70985900733302143     
        3689   3.6333329999999999       0.83333299999999999      -0.69824920393819290     
        3690   3.6666669999999999       0.83333299999999999      -0.68768141988185594     
        3691   3.7000000000000002       0.83333299999999999      -0.67689315880452094     
        3692   3.7333330000000000       0.83333299999999999      -0.66749555464571408     
        3693   3.7666670000000000       0.83333299999999999      -0.65789099512216720     
        3694   3.7999999999999998       0.83333299999999999      -0.64917701092657476     
        3695   3.8333330000000001       0.83333299999999999      -0.64076018150044955     
        3696   3.8666670000000001       0.83333299999999999      -0.63315919677061394     
        3697   3.8999999999999999       0.83333299999999999      -0.62544071096292586     
        3698   3.9333330000000002       0.83333299999999999      -0.61838883151020041     
        3699   3.9666670000000002       0.83333299999999999      -0.61157886237245362     
        3700   4.0000000000000000       0.83333299999999999      -0.60527171471817431     
        3701   4.0333329999999998       0.83333299999999999      -0.59925763318872416     
        3702   4.0666669999999998       0.83333299999999999      -0.59354486113432037     
        3703   4.0999999999999996       0.83333299999999999      -0.58836385230468569     
        3704   4.1333330000000004       0.83333299999999999      -0.58311149998326162     
        3705   4.1666670000000003       0.83333299999999999      -0.57834422873866198     
        3706   4.2000000000000002       0.83333299999999999      -0.57386297251492324     
        3707   4.2333330000000000       0.83333299999999999      -0.56952719819847841     
        3708   4.2666670000000000       0.83333299999999999      -0.56557179233262500     
        3709   4.2999999999999998       0.83333299999999999      -0.56172051804732348     
        3710   4.3333329999999997       0.83333299999999999      -0.55809836667029489     
        3711   4.3666669999999996       0.83333299999999999      -0.55479474268309259     
        3712   4.4000000000000004       0.83333299999999999      -0.55147041567727872     
        3713   4.4333330000000002       0.83333299999999999      -0.54850169365165391     
        3714   4.4666670000000002       0.83333299999999999      -0.54568197597545742     
        3715   4.5000000000000000       0.83333299999999999      -0.54301197399408174     
        3716   4.5333329999999998       0.83333299999999999      -0.54054766690194600     
        3717   4.5666669999999998       0.83333299999999999      -0.53805783770916227     
        3718   4.5999999999999996       0.83333299999999999      -0.53587587830732841     
        3719   4.6333330000000004       0.83333299999999999      -0.53382625007007389     
        3720   4.6666670000000003       0.83333299999999999      -0.53181990125751510     
        3721   4.7000000000000002       0.83333299999999999      -0.52995973825062070     
        3722   4.7333330000000000       0.83333299999999999      -0.52828190594485136     
        3723   4.7666670000000000       0.83333299999999999      -0.52659777550171372     
        3724   4.7999999999999998       0.83333299999999999      -0.52517682485604422     
        3725   4.8333329999999997       0.83333299999999999      -0.52375400560729046     
        3726   4.8666669999999996       0.83333299999999999      -0.52256153533377048     
        3727   4.9000000000000004       0.83333299999999999      -0.52143999454322565     
        3728   4.9333330000000002       0.83333299999999999      -0.52055167449807438     
        3729   4.9666670000000002       0.83333299999999999      -0.51992035504723388     
        3730   5.0000000000000000       0.83333299999999999      -0.51969168082935535     
        3731   0.0000000000000000       0.86666699999999997        0.0000000000000000     
        3732   3.3333000000000002E-002  0.86666699999999997       -2.8622246561659887E-003
        3733   6.6667000000000004E-002  0.86666699999999997       -6.8935386064473535E-003
        3734  0.10000000000000001       0.86666699999999997       -1.1690122392120760E-002
        3735  0.13333300000000001       0.86666699999999997       -1.7939189184336100E-002
        3736  0.16666700000000001       0.86666699999999997       -2.5011426926430790E-002
        3737  0.20000000000000001       0.86666699999999997       -3.3854801721326440E-002
        3738  0.23333300000000001       0.86666699999999997       -4.3582258404092543E-002
        3739  0.26666699999999999       0.86666699999999997       -5.4765680985341424E-002
        3740  0.29999999999999999       0.86666699999999997       -6.7539907791757670E-002
        3741  0.33333299999999999       0.86666699999999997       -8.1125399050819599E-002
        3742  0.36666700000000002       0.86666699999999997       -9.6273358255548017E-002
        3743  0.40000000000000002       0.86666699999999997      -0.11233883067263470     
        3744  0.43333300000000002       0.86666699999999997      -0.12984419870261035     
        3745  0.46666700000000000       0.86666699999999997      -0.14872782902049281     
        3746  0.50000000000000000       0.86666699999999997      -0.16919746701048863     
        3747  0.53333299999999995       0.86666699999999997      -0.19030028041890298     
        3748  0.56666700000000003       0.86666699999999997      -0.21272422376836841     
        3749  0.59999999999999998       0.86666699999999997      -0.23859238728844939     
        3750  0.63333300000000003       0.86666699999999997      -0.26614104616623580     
        3751  0.66666700000000001       0.86666699999999997      -0.29605658149907405     
        3752  0.69999999999999996       0.86666699999999997      -0.33191811653111541     
        3753  0.73333300000000001       0.86666699999999997      -0.37413833185299100     
        3754  0.76666699999999999       0.86666699999999997      -0.42420195410043643     
        3755  0.80000000000000004       0.86666699999999997      -0.48324303874731456     
        3756  0.83333299999999999       0.86666699999999997      -0.55313611373223814     
        3757  0.86666699999999997       0.86666699999999997      -0.63524850245082265     
        3758  0.90000000000000002       0.86666699999999997      -0.74392728757635374     
        3759  0.93333299999999997       0.86666699999999997      -0.87166514901174907     
        3760  0.96666700000000005       0.86666699999999997       -1.0147434731382041     
        3761   1.0000000000000000       0.86666699999999997       -1.1690133557947695     
        3762   1.0333330000000001       0.86666699999999997       -1.3558926251741259     
        3763   1.0666670000000000       0.86666699999999997       -1.5396362287789636     
        3764   1.1000000000000001       0.86666699999999997       -1.7359527537332025     
        3765   1.1333329999999999       0.86666699999999997       -1.9154112914440731     
        3766   1.1666669999999999       0.86666699999999997       -2.1020839568875056     
        3767   1.2000000000000000       0.86666699999999997       -2.2693035849903089     
        3768   1.2333330000000000       0.86666699999999997       -2.4101931783854877     
        3769   1.2666670000000000       0.86666699999999997       -2.5488481307264133     
        3770   1.3000000000000000       0.86666699999999997       -2.6528390103968089     
        3771   1.3333330000000001       0.86666699999999997       -2.7522538331862667     
        3772   1.3666670000000001       0.86666699999999997       -2.8288041397237933     
        3773   1.3999999999999999       0.86666699999999997       -2.8912757796397899     
        3774   1.4333330000000000       0.86666699999999997       -2.9372668860381448     
        3775   1.4666669999999999       0.86666699999999997       -2.9730871648045891     
        3776   1.5000000000000000       0.86666699999999997       -2.9932239660573483     
        3777   1.5333330000000001       0.86666699999999997       -3.0057205590583638     
        3778   1.5666670000000000       0.86666699999999997       -3.0041337152838654     
        3779   1.6000000000000001       0.86666699999999997       -2.9916985702091581     
        3780   1.6333329999999999       0.86666699999999997       -2.9687356711961281     
        3781   1.6666669999999999       0.86666699999999997       -2.9365946979194688     
        3782   1.7000000000000000       0.86666699999999997       -2.8944209881674374     
        3783   1.7333330000000000       0.86666699999999997       -2.8446278101694107     
        3784   1.7666670000000000       0.86666699999999997       -2.7868944204017203     
        3785   1.8000000000000000       0.86666699999999997       -2.7279683974546352     
        3786   1.8333330000000001       0.86666699999999997       -2.6593438439581867     
        3787   1.8666670000000001       0.86666699999999997       -2.5893648207441187     
        3788   1.8999999999999999       0.86666699999999997       -2.5151994793457182     
        3789   1.9333330000000000       0.86666699999999997       -2.4444703232608034     
        3790   1.9666669999999999       0.86666699999999997       -2.3691662291233571     
        3791   2.0000000000000000       0.86666699999999997       -2.2949512715085776     
        3792   2.0333329999999998       0.86666699999999997       -2.2235318798961887     
        3793   2.0666669999999998       0.86666699999999997       -2.1471674498313802     
        3794   2.1000000000000001       0.86666699999999997       -2.0787035044262012     
        3795   2.1333329999999999       0.86666699999999997       -2.0077640366815501     
        3796   2.1666669999999999       0.86666699999999997       -1.9403077702374700     
        3797   2.2000000000000002       0.86666699999999997       -1.8731038622481857     
        3798   2.2333330000000000       0.86666699999999997       -1.8104407327500740     
        3799   2.2666670000000000       0.86666699999999997       -1.7480836489993967     
        3800   2.2999999999999998       0.86666699999999997       -1.6884721476286275     
        3801   2.3333330000000001       0.86666699999999997       -1.6282187132795052     
        3802   2.3666670000000001       0.86666699999999997       -1.5749392660929482     
        3803   2.3999999999999999       0.86666699999999997       -1.5215512234010988     
        3804   2.4333330000000002       0.86666699999999997       -1.4679421024472603     
        3805   2.4666670000000002       0.86666699999999997       -1.4199816548537885     
        3806   2.5000000000000000       0.86666699999999997       -1.3724259350191832     
        3807   2.5333329999999998       0.86666699999999997       -1.3280812066529251     
        3808   2.5666669999999998       0.86666699999999997       -1.2828053842078808     
        3809   2.6000000000000001       0.86666699999999997       -1.2425858446077491     
        3810   2.6333329999999999       0.86666699999999997       -1.2014917481877136     
        3811   2.6666669999999999       0.86666699999999997       -1.1625737441849497     
        3812   2.7000000000000002       0.86666699999999997       -1.1273509155962094     
        3813   2.7333330000000000       0.86666699999999997       -1.0913400428835462     
        3814   2.7666670000000000       0.86666699999999997       -1.0572892932488074     
        3815   2.7999999999999998       0.86666699999999997       -1.0266452200600400     
        3816   2.8333330000000001       0.86666699999999997      -0.99532038084489993     
        3817   2.8666670000000001       0.86666699999999997      -0.96542091723696299     
        3818   2.8999999999999999       0.86666699999999997      -0.93746272833367472     
        3819   2.9333330000000002       0.86666699999999997      -0.91070735010352832     
        3820   2.9666670000000002       0.86666699999999997      -0.88588059147300591     
        3821   3.0000000000000000       0.86666699999999997      -0.86113585643618451     
        3822   3.0333329999999998       0.86666699999999997      -0.83785495207441330     
        3823   3.0666669999999998       0.86666699999999997      -0.81629481194057485     
        3824   3.1000000000000001       0.86666699999999997      -0.79445996056579860     
        3825   3.1333329999999999       0.86666699999999997      -0.77415928170873916     
        3826   3.1666669999999999       0.86666699999999997      -0.75518278463253619     
        3827   3.2000000000000002       0.86666699999999997      -0.73750441911607156     
        3828   3.2333330000000000       0.86666699999999997      -0.71955131472364442     
        3829   3.2666670000000000       0.86666699999999997      -0.70263485950648685     
        3830   3.2999999999999998       0.86666699999999997      -0.68657790588970513     
        3831   3.3333330000000001       0.86666699999999997      -0.67212221262761762     
        3832   3.3666670000000001       0.86666699999999997      -0.65714474313290594     
        3833   3.3999999999999999       0.86666699999999997      -0.64404064505299430     
        3834   3.4333330000000002       0.86666699999999997      -0.63062953708333036     
        3835   3.4666670000000002       0.86666699999999997      -0.61835240213116016     
        3836   3.5000000000000000       0.86666699999999997      -0.60704202724069700     
        3837   3.5333329999999998       0.86666699999999997      -0.59542988397818708     
        3838   3.5666669999999998       0.86666699999999997      -0.58495200637546463     
        3839   3.6000000000000001       0.86666699999999997      -0.57526437332626423     
        3840   3.6333329999999999       0.86666699999999997      -0.56536645706482480     
        3841   3.6666669999999999       0.86666699999999997      -0.55624631464121888     
        3842   3.7000000000000002       0.86666699999999997      -0.54789599026387803     
        3843   3.7333330000000000       0.86666699999999997      -0.53949327057109431     
        3844   3.7666670000000000       0.86666699999999997      -0.53180305841131059     
        3845   3.7999999999999998       0.86666699999999997      -0.52475501152445059     
        3846   3.8333330000000001       0.86666699999999997      -0.51759052144924567     
        3847   3.8666670000000001       0.86666699999999997      -0.51090352170913311     
        3848   3.8999999999999999       0.86666699999999997      -0.50493255620193644     
        3849   3.9333330000000002       0.86666699999999997      -0.49875558525588404     
        3850   3.9666670000000002       0.86666699999999997      -0.49338794900034322     
        3851   4.0000000000000000       0.86666699999999997      -0.48787349183047646     
        3852   4.0333329999999998       0.86666699999999997      -0.48292280480489053     
        3853   4.0666669999999998       0.86666699999999997      -0.47836437594436787     
        3854   4.0999999999999996       0.86666699999999997      -0.47372589065965376     
        3855   4.1333330000000004       0.86666699999999997      -0.46949297205532226     
        3856   4.1666670000000003       0.86666699999999997      -0.46556764902834058     
        3857   4.2000000000000002       0.86666699999999997      -0.46190325732743476     
        3858   4.2333330000000000       0.86666699999999997      -0.45822445286398505     
        3859   4.2666670000000000       0.86666699999999997      -0.45480465939702902     
        3860   4.2999999999999998       0.86666699999999997      -0.45161390181886302     
        3861   4.3333329999999997       0.86666699999999997      -0.44868576293437712     
        3862   4.3666669999999996       0.86666699999999997      -0.44577548331046563     
        3863   4.4000000000000004       0.86666699999999997      -0.44320165658998850     
        3864   4.4333330000000002       0.86666699999999997      -0.44061656236491265     
        3865   4.4666670000000002       0.86666699999999997      -0.43827619721290745     
        3866   4.5000000000000000       0.86666699999999997      -0.43601499406315608     
        3867   4.5333329999999998       0.86666699999999997      -0.43387333701101821     
        3868   4.5666669999999998       0.86666699999999997      -0.43195549284381052     
        3869   4.5999999999999996       0.86666699999999997      -0.43008595895965585     
        3870   4.6333330000000004       0.86666699999999997      -0.42831523556948725     
        3871   4.6666670000000003       0.86666699999999997      -0.42662385005155246     
        3872   4.7000000000000002       0.86666699999999997      -0.42514252012349846     
        3873   4.7333330000000000       0.86666699999999997      -0.42367625894987465     
        3874   4.7666670000000000       0.86666699999999997      -0.42234493156456870     
        3875   4.7999999999999998       0.86666699999999997      -0.42107057508155543     
        3876   4.8333329999999997       0.86666699999999997      -0.41994102799740796     
        3877   4.8666669999999996       0.86666699999999997      -0.41888890135644835     
        3878   4.9000000000000004       0.86666699999999997      -0.41797175282057059     
        3879   4.9333330000000002       0.86666699999999997      -0.41724072643510324     
        3880   4.9666670000000002       0.86666699999999997      -0.41671894814097643     
        3881   5.0000000000000000       0.86666699999999997      -0.41650063114301344     
        3882   0.0000000000000000       0.90000000000000002        0.0000000000000000     
        3883   3.3333000000000002E-002  0.90000000000000002       -2.0880285516996621E-003
        3884   6.6667000000000004E-002  0.90000000000000002       -4.7310995128344449E-003
        3885  0.10000000000000001       0.90000000000000002       -8.2990949983269072E-003
        3886  0.13333300000000001       0.90000000000000002       -1.2455744940839371E-002
        3887  0.16666700000000001       0.90000000000000002       -1.7781935723644386E-002
        3888  0.20000000000000001       0.90000000000000002       -2.3770465845705989E-002
        3889  0.23333300000000001       0.90000000000000002       -3.0578032417540726E-002
        3890  0.26666699999999999       0.90000000000000002       -3.8872750533548203E-002
        3891  0.29999999999999999       0.90000000000000002       -4.7770747483956023E-002
        3892  0.33333299999999999       0.90000000000000002       -5.7318681586121058E-002
        3893  0.36666700000000002       0.90000000000000002       -6.8574652453980617E-002
        3894  0.40000000000000002       0.90000000000000002       -7.9780733674726823E-002
        3895  0.43333300000000002       0.90000000000000002       -9.2741726510882902E-002
        3896  0.46666700000000000       0.90000000000000002      -0.10644136153593993     
        3897  0.50000000000000000       0.90000000000000002      -0.12117846252455176     
        3898  0.53333299999999995       0.90000000000000002      -0.13706148215096922     
        3899  0.56666700000000003       0.90000000000000002      -0.15400119147834571     
        3900  0.59999999999999998       0.90000000000000002      -0.17233542829498316     
        3901  0.63333300000000003       0.90000000000000002      -0.19196521460105109     
        3902  0.66666700000000001       0.90000000000000002      -0.21489801828709224     
        3903  0.69999999999999996       0.90000000000000002      -0.24038268293355147     
        3904  0.73333300000000001       0.90000000000000002      -0.26906027706114499     
        3905  0.76666699999999999       0.90000000000000002      -0.30565828208670648     
        3906  0.80000000000000004       0.90000000000000002      -0.34535141735937497     
        3907  0.83333299999999999       0.90000000000000002      -0.39468704573325064     
        3908  0.86666699999999997       0.90000000000000002      -0.45431750206829086     
        3909  0.90000000000000002       0.90000000000000002      -0.52536633582910219     
        3910  0.93333299999999997       0.90000000000000002      -0.60818732618488447     
        3911  0.96666700000000005       0.90000000000000002      -0.70049955181195900     
        3912   1.0000000000000000       0.90000000000000002      -0.81612490063348653     
        3913   1.0333330000000001       0.90000000000000002      -0.93393508643167844     
        3914   1.0666670000000000       0.90000000000000002       -1.0555017230290369     
        3915   1.1000000000000001       0.90000000000000002       -1.1975234536620301     
        3916   1.1333329999999999       0.90000000000000002       -1.3346413884437687     
        3917   1.1666669999999999       0.90000000000000002       -1.4577361719133750     
        3918   1.2000000000000000       0.90000000000000002       -1.5896359164446725     
        3919   1.2333330000000000       0.90000000000000002       -1.7065754124989385     
        3920   1.2666670000000000       0.90000000000000002       -1.8061167755498404     
        3921   1.3000000000000000       0.90000000000000002       -1.9007214572623856     
        3922   1.3333330000000001       0.90000000000000002       -1.9758105387217701     
        3923   1.3666670000000001       0.90000000000000002       -2.0485420972167776     
        3924   1.3999999999999999       0.90000000000000002       -2.0998092213014847     
        3925   1.4333330000000000       0.90000000000000002       -2.1474511360558410     
        3926   1.4666669999999999       0.90000000000000002       -2.1782681195255638     
        3927   1.5000000000000000       0.90000000000000002       -2.2038951828900464     
        3928   1.5333330000000001       0.90000000000000002       -2.2182986109483029     
        3929   1.5666670000000000       0.90000000000000002       -2.2245678884415847     
        3930   1.6000000000000001       0.90000000000000002       -2.2219996630640759     
        3931   1.6333329999999999       0.90000000000000002       -2.2115407322025060     
        3932   1.6666669999999999       0.90000000000000002       -2.1929442348644836     
        3933   1.7000000000000000       0.90000000000000002       -2.1679726030582747     
        3934   1.7333330000000000       0.90000000000000002       -2.1366312289978793     
        3935   1.7666670000000000       0.90000000000000002       -2.1003329377954443     
        3936   1.8000000000000000       0.90000000000000002       -2.0574940404748649     
        3937   1.8333330000000001       0.90000000000000002       -2.0127146467801826     
        3938   1.8666670000000001       0.90000000000000002       -1.9622505041592164     
        3939   1.8999999999999999       0.90000000000000002       -1.9119383354492625     
        3940   1.9333330000000000       0.90000000000000002       -1.8589758283900331     
        3941   1.9666669999999999       0.90000000000000002       -1.8027643864024296     
        3942   2.0000000000000000       0.90000000000000002       -1.7510314503183830     
        3943   2.0333329999999998       0.90000000000000002       -1.6945121898468574     
        3944   2.0666669999999998       0.90000000000000002       -1.6425356142393466     
        3945   2.1000000000000001       0.90000000000000002       -1.5879563935761565     
        3946   2.1333329999999999       0.90000000000000002       -1.5336266519344537     
        3947   2.1666669999999999       0.90000000000000002       -1.4850670561354724     
        3948   2.2000000000000002       0.90000000000000002       -1.4332948633966651     
        3949   2.2333330000000000       0.90000000000000002       -1.3830777994328747     
        3950   2.2666670000000000       0.90000000000000002       -1.3373972545349833     
        3951   2.2999999999999998       0.90000000000000002       -1.2915935829460641     
        3952   2.3333330000000001       0.90000000000000002       -1.2484201677349025     
        3953   2.3666670000000001       0.90000000000000002       -1.2046814356227766     
        3954   2.3999999999999999       0.90000000000000002       -1.1631460831922669     
        3955   2.4333330000000002       0.90000000000000002       -1.1240767216689285     
        3956   2.4666670000000002       0.90000000000000002       -1.0853864524808585     
        3957   2.5000000000000000       0.90000000000000002       -1.0504445909430595     
        3958   2.5333329999999998       0.90000000000000002       -1.0141813425641291     
        3959   2.5666669999999998       0.90000000000000002      -0.98185260539140184     
        3960   2.6000000000000001       0.90000000000000002      -0.94859259133237228     
        3961   2.6333329999999999       0.90000000000000002      -0.91905954371769183     
        3962   2.6666669999999999       0.90000000000000002      -0.88858361861489654     
        3963   2.7000000000000002       0.90000000000000002      -0.85986718501138859     
        3964   2.7333330000000000       0.90000000000000002      -0.83407096101431011     
        3965   2.7666670000000000       0.90000000000000002      -0.80728583183539615     
        3966   2.7999999999999998       0.90000000000000002      -0.78261946268288896     
        3967   2.8333330000000001       0.90000000000000002      -0.75914539673864345     
        3968   2.8666670000000001       0.90000000000000002      -0.73716046171501337     
        3969   2.8999999999999999       0.90000000000000002      -0.71456057375470272     
        3970   2.9333330000000002       0.90000000000000002      -0.69492698194041547     
        3971   2.9666670000000002       0.90000000000000002      -0.67495466525486103     
        3972   3.0000000000000000       0.90000000000000002      -0.65559029966816995     
        3973   3.0333329999999998       0.90000000000000002      -0.63855940111378728     
        3974   3.0666669999999998       0.90000000000000002      -0.62101040631817950     
        3975   3.1000000000000001       0.90000000000000002      -0.60505981422409860     
        3976   3.1333329999999999       0.90000000000000002      -0.58938443842327315     
        3977   3.1666669999999999       0.90000000000000002      -0.57431378790997878     
        3978   3.2000000000000002       0.90000000000000002      -0.56015078593760270     
        3979   3.2333330000000000       0.90000000000000002      -0.54695257843376643     
        3980   3.2666670000000000       0.90000000000000002      -0.53399115034085021     
        3981   3.2999999999999998       0.90000000000000002      -0.52208137709777092     
        3982   3.3333330000000001       0.90000000000000002      -0.51008570638095929     
        3983   3.3666670000000001       0.90000000000000002      -0.49915031492234224     
        3984   3.3999999999999999       0.90000000000000002      -0.48848004105620946     
        3985   3.4333330000000002       0.90000000000000002      -0.47846393601945802     
        3986   3.4666670000000002       0.90000000000000002      -0.46925240174016503     
        3987   3.5000000000000000       0.90000000000000002      -0.45985148271005127     
        3988   3.5333329999999998       0.90000000000000002      -0.45137797229029669     
        3989   3.5666669999999998       0.90000000000000002      -0.44345311647018770     
        3990   3.6000000000000001       0.90000000000000002      -0.43540852701462429     
        3991   3.6333329999999999       0.90000000000000002      -0.42830412858639072     
        3992   3.6666669999999999       0.90000000000000002      -0.42106991882253786     
        3993   3.7000000000000002       0.90000000000000002      -0.41427016272123474     
        3994   3.7333330000000000       0.90000000000000002      -0.40811352718228872     
        3995   3.7666670000000000       0.90000000000000002      -0.40232569606150659     
        3996   3.7999999999999998       0.90000000000000002      -0.39646644797170949     
        3997   3.8333330000000001       0.90000000000000002      -0.39112037807028094     
        3998   3.8666670000000001       0.90000000000000002      -0.38614458268619101     
        3999   3.8999999999999999       0.90000000000000002      -0.38123263626035381     
        4000   3.9333330000000002       0.90000000000000002      -0.37669332931280453     
        4001   3.9666670000000002       0.90000000000000002      -0.37230036601640304     
        4002   4.0000000000000000       0.90000000000000002      -0.36818413228881025     
        4003   4.0333329999999998       0.90000000000000002      -0.36442376114486075     
        4004   4.0666669999999998       0.90000000000000002      -0.36069375242534185     
        4005   4.0999999999999996       0.90000000000000002      -0.35722141182891387     
        4006   4.1333330000000004       0.90000000000000002      -0.35405606965337794     
        4007   4.1666670000000003       0.90000000000000002      -0.35088960604801483     
        4008   4.2000000000000002       0.90000000000000002      -0.34790523497287346     
        4009   4.2333330000000000       0.90000000000000002      -0.34521610230726646     
        4010   4.2666670000000000       0.90000000000000002      -0.34261560725582790     
        4011   4.2999999999999998       0.90000000000000002      -0.34003371293776902     
        4012   4.3333329999999997       0.90000000000000002      -0.33778999245083358     
        4013   4.3666669999999996       0.90000000000000002      -0.33564373723230101     
        4014   4.4000000000000004       0.90000000000000002      -0.33349014816478845     
        4015   4.4333330000000002       0.90000000000000002      -0.33159431479711349     
        4016   4.4666670000000002       0.90000000000000002      -0.32969330755981374     
        4017   4.5000000000000000       0.90000000000000002      -0.32798907065776794     
        4018   4.5333329999999998       0.90000000000000002      -0.32639524815414922     
        4019   4.5666669999999998       0.90000000000000002      -0.32482106324828947     
        4020   4.5999999999999996       0.90000000000000002      -0.32332850629829363     
        4021   4.6333330000000004       0.90000000000000002      -0.32200992689388630     
        4022   4.6666670000000003       0.90000000000000002      -0.32076005745143682     
        4023   4.7000000000000002       0.90000000000000002      -0.31953145780120645     
        4024   4.7333330000000000       0.90000000000000002      -0.31837357724169851     
        4025   4.7666670000000000       0.90000000000000002      -0.31736224100519483     
        4026   4.7999999999999998       0.90000000000000002      -0.31640102237845480     
        4027   4.8333329999999997       0.90000000000000002      -0.31553057934230472     
        4028   4.8666669999999996       0.90000000000000002      -0.31468233564923825     
        4029   4.9000000000000004       0.90000000000000002      -0.31399209725877236     
        4030   4.9333330000000002       0.90000000000000002      -0.31340354191978342     
        4031   4.9666670000000002       0.90000000000000002      -0.31298813024186672     
        4032   5.0000000000000000       0.90000000000000002      -0.31283612526103893     
        4033   0.0000000000000000       0.93333299999999997        0.0000000000000000     
        4034   3.3333000000000002E-002  0.93333299999999997       -1.2843303809853511E-003
        4035   6.6667000000000004E-002  0.93333299999999997       -3.0465441230743593E-003
        4036  0.10000000000000001       0.93333299999999997       -5.1890459380171776E-003
        4037  0.13333300000000001       0.93333299999999997       -7.9815234379353919E-003
        4038  0.16666700000000001       0.93333299999999997       -1.1194825028745777E-002
        4039  0.20000000000000001       0.93333299999999997       -1.5094211918880492E-002
        4040  0.23333300000000001       0.93333299999999997       -1.9671240146482381E-002
        4041  0.26666699999999999       0.93333299999999997       -2.4764117828130768E-002
        4042  0.29999999999999999       0.93333299999999997       -3.0328354123668064E-002
        4043  0.33333299999999999       0.93333299999999997       -3.6885766344155864E-002
        4044  0.36666700000000002       0.93333299999999997       -4.3670271811644526E-002
        4045  0.40000000000000002       0.93333299999999997       -5.1471046595790097E-002
        4046  0.43333300000000002       0.93333299999999997       -5.9385812417436505E-002
        4047  0.46666700000000000       0.93333299999999997       -6.8522258367753289E-002
        4048  0.50000000000000000       0.93333299999999997       -7.8417305904136592E-002
        4049  0.53333299999999995       0.93333299999999997       -8.8301607695289996E-002
        4050  0.56666700000000003       0.93333299999999997       -9.9847349131560112E-002
        4051  0.59999999999999998       0.93333299999999997      -0.11128453883865891     
        4052  0.63333300000000003       0.93333299999999997      -0.12460281840231131     
        4053  0.66666700000000001       0.93333299999999997      -0.13979786119127646     
        4054  0.69999999999999996       0.93333299999999997      -0.15553588965833776     
        4055  0.73333300000000001       0.93333299999999997      -0.17523273128648026     
        4056  0.76666699999999999       0.93333299999999997      -0.19729267072369847     
        4057  0.80000000000000004       0.93333299999999997      -0.22176524022959321     
        4058  0.83333299999999999       0.93333299999999997      -0.25336709336208435     
        4059  0.86666699999999997       0.93333299999999997      -0.29160767509313190     
        4060  0.90000000000000002       0.93333299999999997      -0.33277581287139835     
        4061  0.93333299999999997       0.93333299999999997      -0.38466929719553267     
        4062  0.96666700000000005       0.93333299999999997      -0.44477511949837339     
        4063   1.0000000000000000       0.93333299999999997      -0.50875354320366872     
        4064   1.0333330000000001       0.93333299999999997      -0.58529734497159547     
        4065   1.0666670000000000       0.93333299999999997      -0.66598741822545504     
        4066   1.1000000000000001       0.93333299999999997      -0.74611593898740758     
        4067   1.1333329999999999       0.93333299999999997      -0.83706379454299507     
        4068   1.1666669999999999       0.93333299999999997      -0.92404069223960916     
        4069   1.2000000000000000       0.93333299999999997       -1.0011118648943957     
        4070   1.2333330000000000       0.93333299999999997       -1.0830759204988327     
        4071   1.2666670000000000       0.93333299999999997       -1.1553472385507431     
        4072   1.3000000000000000       0.93333299999999997       -1.2200257409791280     
        4073   1.3333330000000001       0.93333299999999997       -1.2790209121412546     
        4074   1.3666670000000001       0.93333299999999997       -1.3244240872044026     
        4075   1.3999999999999999       0.93333299999999997       -1.3683244316821130     
        4076   1.4333330000000000       0.93333299999999997       -1.3995685840891967     
        4077   1.4666669999999999       0.93333299999999997       -1.4281592752092891     
        4078   1.5000000000000000       0.93333299999999997       -1.4466711961088004     
        4079   1.5333330000000001       0.93333299999999997       -1.4593824373628583     
        4080   1.5666670000000000       0.93333299999999997       -1.4676774343658021     
        4081   1.6000000000000001       0.93333299999999997       -1.4695760657778236     
        4082   1.6333329999999999       0.93333299999999997       -1.4654431050491268     
        4083   1.6666669999999999       0.93333299999999997       -1.4563848260046048     
        4084   1.7000000000000000       0.93333299999999997       -1.4427738338612488     
        4085   1.7333330000000000       0.93333299999999997       -1.4249781775159951     
        4086   1.7666670000000000       0.93333299999999997       -1.4022125840544595     
        4087   1.8000000000000000       0.93333299999999997       -1.3769148207335424     
        4088   1.8333330000000001       0.93333299999999997       -1.3494971060570928     
        4089   1.8666670000000001       0.93333299999999997       -1.3168773633322242     
        4090   1.8999999999999999       0.93333299999999997       -1.2857527407665841     
        4091   1.9333330000000000       0.93333299999999997       -1.2500341152028085     
        4092   1.9666669999999999       0.93333299999999997       -1.2157787895618228     
        4093   2.0000000000000000       0.93333299999999997       -1.1790575176744276     
        4094   2.0333329999999998       0.93333299999999997       -1.1444446337297010     
        4095   2.0666669999999998       0.93333299999999997       -1.1075811835666687     
        4096   2.1000000000000001       0.93333299999999997       -1.0722348583867145     
        4097   2.1333329999999999       0.93333299999999997       -1.0379265282132013     
        4098   2.1666669999999999       0.93333299999999997       -1.0021091601629859     
        4099   2.2000000000000002       0.93333299999999997      -0.96913772435236489     
        4100   2.2333330000000000       0.93333299999999997      -0.93656015936768011     
        4101   2.2666670000000000       0.93333299999999997      -0.90349153640694113     
        4102   2.2999999999999998       0.93333299999999997      -0.87416146021008223     
        4103   2.3333330000000001       0.93333299999999997      -0.84314981801871258     
        4104   2.3666670000000001       0.93333299999999997      -0.81543326469589872     
        4105   2.3999999999999999       0.93333299999999997      -0.78613007392766654     
        4106   2.4333330000000002       0.93333299999999997      -0.76072907654007438     
        4107   2.4666670000000002       0.93333299999999997      -0.73411972785535717     
        4108   2.5000000000000000       0.93333299999999997      -0.70898055527253911     
        4109   2.5333329999999998       0.93333299999999997      -0.68626707916319674     
        4110   2.5666669999999998       0.93333299999999997      -0.66271680044068049     
        4111   2.6000000000000001       0.93333299999999997      -0.64170702052981932     
        4112   2.6333329999999999       0.93333299999999997      -0.62001595388490693     
        4113   2.6666669999999999       0.93333299999999997      -0.60032889247915067     
        4114   2.7000000000000002       0.93333299999999997      -0.58155852566660726     
        4115   2.7333330000000000       0.93333299999999997      -0.56254887981948754     
        4116   2.7666670000000000       0.93333299999999997      -0.54552874568673471     
        4117   2.7999999999999998       0.93333299999999997      -0.52808769121454768     
        4118   2.8333330000000001       0.93333299999999997      -0.51271528835621660     
        4119   2.8666670000000001       0.93333299999999997      -0.49682790391010684     
        4120   2.8999999999999999       0.93333299999999997      -0.48263740049210890     
        4121   2.9333330000000002       0.93333299999999997      -0.46816093877845000     
        4122   2.9666670000000002       0.93333299999999997      -0.45515607686704929     
        4123   3.0000000000000000       0.93333299999999997      -0.44251015499849161     
        4124   3.0333329999999998       0.93333299999999997      -0.42994824044283714     
        4125   3.0666669999999998       0.93333299999999997      -0.41859897700046900     
        4126   3.1000000000000001       0.93333299999999997      -0.40790221482116906     
        4127   3.1333329999999999       0.93333299999999997      -0.39680383627277310     
        4128   3.1666669999999999       0.93333299999999997      -0.38712384550748424     
        4129   3.2000000000000002       0.93333299999999997      -0.37723000889918706     
        4130   3.2333330000000000       0.93333299999999997      -0.36787426992937472     
        4131   3.2666670000000000       0.93333299999999997      -0.35956835700008338     
        4132   3.2999999999999998       0.93333299999999997      -0.35094934465467109     
        4133   3.3333330000000001       0.93333299999999997      -0.34321854876575458     
        4134   3.3666670000000001       0.93333299999999997      -0.33584056475030377     
        4135   3.3999999999999999       0.93333299999999997      -0.32833018418672222     
        4136   3.4333330000000002       0.93333299999999997      -0.32181681612831964     
        4137   3.4666670000000002       0.93333299999999997      -0.31512995491521717     
        4138   3.5000000000000000       0.93333299999999997      -0.30920329038627903     
        4139   3.5333329999999998       0.93333299999999997      -0.30319674788789969     
        4140   3.5666669999999998       0.93333299999999997      -0.29761132736048418     
        4141   3.6000000000000001       0.93333299999999997      -0.29246454279840267     
        4142   3.6333329999999999       0.93333299999999997      -0.28729900953483273     
        4143   3.6666669999999999       0.93333299999999997      -0.28257100122042805     
        4144   3.7000000000000002       0.93333299999999997      -0.27816117790532396     
        4145   3.7333330000000000       0.93333299999999997      -0.27375181007929317     
        4146   3.7666670000000000       0.93333299999999997      -0.26965167866759987     
        4147   3.7999999999999998       0.93333299999999997      -0.26582959211231122     
        4148   3.8333330000000001       0.93333299999999997      -0.26230866784075518     
        4149   3.8666670000000001       0.93333299999999997      -0.25876478318964646     
        4150   3.8999999999999999       0.93333299999999997      -0.25536555757125684     
        4151   3.9333330000000002       0.93333299999999997      -0.25240311879979233     
        4152   3.9666670000000002       0.93333299999999997      -0.24932197305120760     
        4153   4.0000000000000000       0.93333299999999997      -0.24663353416472422     
        4154   4.0333329999999998       0.93333299999999997      -0.24395209890366717     
        4155   4.0666669999999998       0.93333299999999997      -0.24139784934359892     
        4156   4.0999999999999996       0.93333299999999997      -0.23913677066022185     
        4157   4.1333330000000004       0.93333299999999997      -0.23682414052609821     
        4158   4.1666670000000003       0.93333299999999997      -0.23475765195195439     
        4159   4.2000000000000002       0.93333299999999997      -0.23280093909722277     
        4160   4.2333330000000000       0.93333299999999997      -0.23083977941556350     
        4161   4.2666670000000000       0.93333299999999997      -0.22909791426954518     
        4162   4.2999999999999998       0.93333299999999997      -0.22742963627692397     
        4163   4.3333329999999997       0.93333299999999997      -0.22582624134198351     
        4164   4.3666669999999996       0.93333299999999997      -0.22430740462450269     
        4165   4.4000000000000004       0.93333299999999997      -0.22294483665660564     
        4166   4.4333330000000002       0.93333299999999997      -0.22158754757057492     
        4167   4.4666670000000002       0.93333299999999997      -0.22030869909286918     
        4168   4.5000000000000000       0.93333299999999997      -0.21912315065048807     
        4169   4.5333329999999998       0.93333299999999997      -0.21799048941773708     
        4170   4.5666669999999998       0.93333299999999997      -0.21697182467342516     
        4171   4.5999999999999996       0.93333299999999997      -0.21599103174182627     
        4172   4.6333330000000004       0.93333299999999997      -0.21505365086092001     
        4173   4.6666670000000003       0.93333299999999997      -0.21415957227278223     
        4174   4.7000000000000002       0.93333299999999997      -0.21335321363293552     
        4175   4.7333330000000000       0.93333299999999997      -0.21260664589135769     
        4176   4.7666670000000000       0.93333299999999997      -0.21187601764800543     
        4177   4.7999999999999998       0.93333299999999997      -0.21121608463922242     
        4178   4.8333329999999997       0.93333299999999997      -0.21059135036482271     
        4179   4.8666669999999996       0.93333299999999997      -0.21005198691130630     
        4180   4.9000000000000004       0.93333299999999997      -0.20958469878559041     
        4181   4.9333330000000002       0.93333299999999997      -0.20916605231770932     
        4182   4.9666670000000002       0.93333299999999997      -0.20887806955261609     
        4183   5.0000000000000000       0.93333299999999997      -0.20876922164763073     
        4184   0.0000000000000000       0.96666700000000005        0.0000000000000000     
        4185   3.3333000000000002E-002  0.96666700000000005       -6.0466276163110319E-004
        4186   6.6667000000000004E-002  0.96666700000000005       -1.4679782561939987E-003
        4187  0.10000000000000001       0.96666700000000005       -2.5622319598039532E-003
        4188  0.13333300000000001       0.96666700000000005       -3.8651670216867206E-003
        4189  0.16666700000000001       0.96666700000000005       -5.4048431487312152E-003
        4190  0.20000000000000001       0.96666700000000005       -7.3891421962476505E-003
        4191  0.23333300000000001       0.96666700000000005       -9.5513619915568813E-003
        4192  0.26666699999999999       0.96666700000000005       -1.1969853025772486E-002
        4193  0.29999999999999999       0.96666700000000005       -1.4861057852736231E-002
        4194  0.33333299999999999       0.96666700000000005       -1.7877155175038666E-002
        4195  0.36666700000000002       0.96666700000000005       -2.1417072945351265E-002
        4196  0.40000000000000002       0.96666700000000005       -2.5025822328418115E-002
        4197  0.43333300000000002       0.96666700000000005       -2.9213448225496257E-002
        4198  0.46666700000000000       0.96666700000000005       -3.3545756849185038E-002
        4199  0.50000000000000000       0.96666700000000005       -3.8210682991291545E-002
        4200  0.53333299999999995       0.96666700000000005       -4.3477206541232917E-002
        4201  0.56666700000000003       0.96666700000000005       -4.8798695855100639E-002
        4202  0.59999999999999998       0.96666700000000005       -5.4921377213496159E-002
        4203  0.63333300000000003       0.96666700000000005       -6.1293545531736549E-002
        4204  0.66666700000000001       0.96666700000000005       -6.8395885168912512E-002
        4205  0.69999999999999996       0.96666700000000005       -7.6846338611414045E-002
        4206  0.73333300000000001       0.96666700000000005       -8.6020405116705875E-002
        4207  0.76666699999999999       0.96666700000000005       -9.6368449333759140E-002
        4208  0.80000000000000004       0.96666700000000005      -0.10940888895806974     
        4209  0.83333299999999999       0.96666700000000005      -0.12405520122099488     
        4210  0.86666699999999997       0.96666700000000005      -0.14165121641908035     
        4211  0.90000000000000002       0.96666700000000005      -0.16086712108295639     
        4212  0.93333299999999997       0.96666700000000005      -0.18614135467480691     
        4213  0.96666700000000005       0.96666700000000005      -0.21619591886130876     
        4214   1.0000000000000000       0.96666700000000005      -0.24618700281714320     
        4215   1.0333330000000001       0.96666700000000005      -0.27976163957912509     
        4216   1.0666670000000000       0.96666700000000005      -0.32187931419255322     
        4217   1.1000000000000001       0.96666700000000005      -0.36019803576097120     
        4218   1.1333329999999999       0.96666700000000005      -0.40004737568145077     
        4219   1.1666669999999999       0.96666700000000005      -0.44512117782054950     
        4220   1.2000000000000000       0.96666700000000005      -0.48783572307602813     
        4221   1.2333330000000000       0.96666700000000005      -0.52547839546498532     
        4222   1.2666670000000000       0.96666700000000005      -0.56010868279593595     
        4223   1.3000000000000000       0.96666700000000005      -0.59673314310363768     
        4224   1.3333330000000001       0.96666700000000005      -0.62441126910103917     
        4225   1.3666670000000001       0.96666700000000005      -0.65176221019208314     
        4226   1.3999999999999999       0.96666700000000005      -0.67203399950572185     
        4227   1.4333330000000000       0.96666700000000005      -0.69146294548129794     
        4228   1.4666669999999999       0.96666700000000005      -0.70481288445145596     
        4229   1.5000000000000000       0.96666700000000005      -0.71695465506529099     
        4230   1.5333330000000001       0.96666700000000005      -0.72402779071679568     
        4231   1.5666670000000000       0.96666700000000005      -0.72826345359172018     
        4232   1.6000000000000001       0.96666700000000005      -0.73093635165390192     
        4233   1.6333329999999999       0.96666700000000005      -0.72981925438958639     
        4234   1.6666669999999999       0.96666700000000005      -0.72616611776829432     
        4235   1.7000000000000000       0.96666700000000005      -0.72031551555705098     
        4236   1.7333330000000000       0.96666700000000005      -0.71196275764675832     
        4237   1.7666670000000000       0.96666700000000005      -0.70175686430134565     
        4238   1.8000000000000000       0.96666700000000005      -0.69009952115030970     
        4239   1.8333330000000001       0.96666700000000005      -0.67610269381476384     
        4240   1.8666670000000001       0.96666700000000005      -0.66157066561830857     
        4241   1.8999999999999999       0.96666700000000005      -0.64507053863794606     
        4242   1.9333330000000000       0.96666700000000005      -0.62844637048539431     
        4243   1.9666669999999999       0.96666700000000005      -0.61149153013898838     
        4244   2.0000000000000000       0.96666700000000005      -0.59431006779804840     
        4245   2.0333329999999998       0.96666700000000005      -0.57612745839883139     
        4246   2.0666669999999998       0.96666700000000005      -0.55744039789611222     
        4247   2.1000000000000001       0.96666700000000005      -0.54068321924549501     
        4248   2.1333329999999999       0.96666700000000005      -0.52242135789955835     
        4249   2.1666669999999999       0.96666700000000005      -0.50576752979682349     
        4250   2.2000000000000002       0.96666700000000005      -0.48802507774431797     
        4251   2.2333330000000000       0.96666700000000005      -0.47204939076392943     
        4252   2.2666670000000000       0.96666700000000005      -0.45633398879039150     
        4253   2.2999999999999998       0.96666700000000005      -0.44021075625938855     
        4254   2.3333330000000001       0.96666700000000005      -0.42571551931259161     
        4255   2.3666670000000001       0.96666700000000005      -0.41061353368204540     
        4256   2.3999999999999999       0.96666700000000005      -0.39699164131518622     
        4257   2.4333330000000002       0.96666700000000005      -0.38298504668223610     
        4258   2.4666670000000002       0.96666700000000005      -0.37019248819309530     
        4259   2.5000000000000000       0.96666700000000005      -0.35798062028364275     
        4260   2.5333329999999998       0.96666700000000005      -0.34555287939538648     
        4261   2.5666669999999998       0.96666700000000005      -0.33447855135548138     
        4262   2.6000000000000001       0.96666700000000005      -0.32306458373735014     
        4263   2.6333329999999999       0.96666700000000005      -0.31291482186013220     
        4264   2.6666669999999999       0.96666700000000005      -0.30255644575822499     
        4265   2.7000000000000002       0.96666700000000005      -0.29266288281953629     
        4266   2.7333330000000000       0.96666700000000005      -0.28380702681067738     
        4267   2.7666670000000000       0.96666700000000005      -0.27481308293522400     
        4268   2.7999999999999998       0.96666700000000005      -0.26608631621472667     
        4269   2.8333330000000001       0.96666700000000005      -0.25787981759611228     
        4270   2.8666670000000001       0.96666700000000005      -0.25045914994565155     
        4271   2.8999999999999999       0.96666700000000005      -0.24278632507967268     
        4272   2.9333330000000002       0.96666700000000005      -0.23596234826500115     
        4273   2.9666670000000002       0.96666700000000005      -0.22892832302662502     
        4274   3.0000000000000000       0.96666700000000005      -0.22269697101505964     
        4275   3.0333329999999998       0.96666700000000005      -0.21669077159804406     
        4276   3.0666669999999998       0.96666700000000005      -0.21068171334783439     
        4277   3.1000000000000001       0.96666700000000005      -0.20499091091794047     
        4278   3.1333329999999999       0.96666700000000005      -0.19982783818713776     
        4279   3.1666669999999999       0.96666700000000005      -0.19453611728942780     
        4280   3.2000000000000002       0.96666700000000005      -0.18975348967950689     
        4281   3.2333330000000000       0.96666700000000005      -0.18521119107192094     
        4282   3.2666670000000000       0.96666700000000005      -0.18064886623947252     
        4283   3.2999999999999998       0.96666700000000005      -0.17659016217028337     
        4284   3.3333330000000001       0.96666700000000005      -0.17241914391010690     
        4285   3.3666670000000001       0.96666700000000005      -0.16874844902944733     
        4286   3.3999999999999999       0.96666700000000005      -0.16517451894051932     
        4287   3.4333330000000002       0.96666700000000005      -0.16159777568772513     
        4288   3.4666670000000002       0.96666700000000005      -0.15844048519147078     
        4289   3.5000000000000000       0.96666700000000005      -0.15521983364309114     
        4290   3.5333329999999998       0.96666700000000005      -0.15236703261640122     
        4291   3.5666669999999998       0.96666700000000005      -0.14939366821003788     
        4292   3.6000000000000001       0.96666700000000005      -0.14680800763506802     
        4293   3.6333329999999999       0.96666700000000005      -0.14427557385572379     
        4294   3.6666669999999999       0.96666700000000005      -0.14192980055189541     
        4295   3.7000000000000002       0.96666700000000005      -0.13954386312624512     
        4296   3.7333330000000000       0.96666700000000005      -0.13744611354197467     
        4297   3.7666670000000000       0.96666700000000005      -0.13527296361542027     
        4298   3.7999999999999998       0.96666700000000005      -0.13341943040312054     
        4299   3.8333330000000001       0.96666700000000005      -0.13150736636618404     
        4300   3.8666670000000001       0.96666700000000005      -0.12978715939776725     
        4301   3.8999999999999999       0.96666700000000005      -0.12814493406941466     
        4302   3.9333330000000002       0.96666700000000005      -0.12650358963126401     
        4303   3.9666670000000002       0.96666700000000005      -0.12502438023547394     
        4304   4.0000000000000000       0.96666700000000005      -0.12364460720945444     
        4305   4.0333329999999998       0.96666700000000005      -0.12233946459590615     
        4306   4.0666669999999998       0.96666700000000005      -0.12101573459544721     
        4307   4.0999999999999996       0.96666700000000005      -0.11980017509811271     
        4308   4.1333330000000004       0.96666700000000005      -0.11871827141280034     
        4309   4.1666670000000003       0.96666700000000005      -0.11762678771360441     
        4310   4.2000000000000002       0.96666700000000005      -0.11658932025984592     
        4311   4.2333330000000000       0.96666700000000005      -0.11564884520846175     
        4312   4.2666670000000000       0.96666700000000005      -0.11476594562115854     
        4313   4.2999999999999998       0.96666700000000005      -0.11394389932887398     
        4314   4.3333329999999997       0.96666700000000005      -0.11311002672908212     
        4315   4.3666669999999996       0.96666700000000005      -0.11233442758410846     
        4316   4.4000000000000004       0.96666700000000005      -0.11160591016263365     
        4317   4.4333330000000002       0.96666700000000005      -0.11094587825850696     
        4318   4.4666670000000002       0.96666700000000005      -0.11030716370969487     
        4319   4.5000000000000000       0.96666700000000005      -0.10970886124875968     
        4320   4.5333329999999998       0.96666700000000005      -0.10915345860198006     
        4321   4.5666669999999998       0.96666700000000005      -0.10859921694444641     
        4322   4.5999999999999996       0.96666700000000005      -0.10812353899600216     
        4323   4.6333330000000004       0.96666700000000005      -0.10762469864579206     
        4324   4.6666670000000003       0.96666700000000005      -0.10719076929439939     
        4325   4.7000000000000002       0.96666700000000005      -0.10679068548026345     
        4326   4.7333330000000000       0.96666700000000005      -0.10638590981181903     
        4327   4.7666670000000000       0.96666700000000005      -0.10603756734695639     
        4328   4.7999999999999998       0.96666700000000005      -0.10568408361570497     
        4329   4.8333329999999997       0.96666700000000005      -0.10538816478844855     
        4330   4.8666669999999996       0.96666700000000005      -0.10510226487894941     
        4331   4.9000000000000004       0.96666700000000005      -0.10485144590089110     
        4332   4.9333330000000002       0.96666700000000005      -0.10465136401720697     
        4333   4.9666670000000002       0.96666700000000005      -0.10450860186119859     
        4334   5.0000000000000000       0.96666700000000005      -0.10445466080455502     
        4335   0.0000000000000000        1.0000000000000000        0.0000000000000000     
        4336   3.3333000000000002E-002   1.0000000000000000        0.0000000000000000     
        4337   6.6667000000000004E-002   1.0000000000000000        0.0000000000000000     
        4338  0.10000000000000001        1.0000000000000000        0.0000000000000000     
        4339  0.13333300000000001        1.0000000000000000        0.0000000000000000     
        4340  0.16666700000000001        1.0000000000000000        0.0000000000000000     
        4341  0.20000000000000001        1.0000000000000000        0.0000000000000000     
        4342  0.23333300000000001        1.0000000000000000        0.0000000000000000     
        4343  0.26666699999999999        1.0000000000000000        0.0000000000000000     
        4344  0.29999999999999999        1.0000000000000000        0.0000000000000000     
        4345  0.33333299999999999        1.0000000000000000        0.0000000000000000     
        4346  0.36666700000000002        1.0000000000000000        0.0000000000000000     
        4347  0.40000000000000002        1.0000000000000000        0.0000000000000000     
        4348  0.43333300000000002        1.0000000000000000        0.0000000000000000     
        4349  0.46666700000000000        1.0000000000000000        0.0000000000000000     
        4350  0.50000000000000000        1.0000000000000000        0.0000000000000000     
        4351  0.53333299999999995        1.0000000000000000        0.0000000000000000     
        4352  0.56666700000000003        1.0000000000000000        0.0000000000000000     
        4353  0.59999999999999998        1.0000000000000000        0.0000000000000000     
        4354  0.63333300000000003        1.0000000000000000        0.0000000000000000     
        4355  0.66666700000000001        1.0000000000000000        0.0000000000000000     
        4356  0.69999999999999996        1.0000000000000000        0.0000000000000000     
        4357  0.73333300000000001        1.0000000000000000        0.0000000000000000     
        4358  0.76666699999999999        1.0000000000000000        0.0000000000000000     
        4359  0.80000000000000004        1.0000000000000000        0.0000000000000000     
        4360  0.83333299999999999        1.0000000000000000        0.0000000000000000     
        4361  0.86666699999999997        1.0000000000000000        0.0000000000000000     
        4362  0.90000000000000002        1.0000000000000000        0.0000000000000000     
        4363  0.93333299999999997        1.0000000000000000        0.0000000000000000     
        4364  0.96666700000000005        1.0000000000000000        0.0000000000000000     
        4365   1.0000000000000000        1.0000000000000000        0.0000000000000000     
        4366   1.0333330000000001        1.0000000000000000        0.0000000000000000     
        4367   1.0666670000000000        1.0000000000000000        0.0000000000000000     
        4368   1.1000000000000001        1.0000000000000000        0.0000000000000000     
        4369   1.1333329999999999        1.0000000000000000        0.0000000000000000     
        4370   1.1666669999999999        1.0000000000000000        0.0000000000000000     
        4371   1.2000000000000000        1.0000000000000000        0.0000000000000000     
        4372   1.2333330000000000        1.0000000000000000        0.0000000000000000     
        4373   1.2666670000000000        1.0000000000000000        0.0000000000000000     
        4374   1.3000000000000000        1.0000000000000000        0.0000000000000000     
        4375   1.3333330000000001        1.0000000000000000        0.0000000000000000     
        4376   1.3666670000000001        1.0000000000000000        0.0000000000000000     
        4377   1.3999999999999999        1.0000000000000000        0.0000000000000000     
        4378   1.4333330000000000        1.0000000000000000        0.0000000000000000     
        4379   1.4666669999999999        1.0000000000000000        0.0000000000000000     
        4380   1.5000000000000000        1.0000000000000000        0.0000000000000000     
        4381   1.5333330000000001        1.0000000000000000        0.0000000000000000     
        4382   1.5666670000000000        1.0000000000000000        0.0000000000000000     
        4383   1.6000000000000001        1.0000000000000000        0.0000000000000000     
        4384   1.6333329999999999        1.0000000000000000        0.0000000000000000     
        4385   1.6666669999999999        1.0000000000000000        0.0000000000000000     
        4386   1.7000000000000000        1.0000000000000000        0.0000000000000000     
        4387   1.7333330000000000        1.0000000000000000        0.0000000000000000     
        4388   1.7666670000000000        1.0000000000000000        0.0000000000000000     
        4389   1.8000000000000000        1.0000000000000000        0.0000000000000000     
        4390   1.8333330000000001        1.0000000000000000        0.0000000000000000     
        4391   1.8666670000000001        1.0000000000000000        0.0000000000000000     
        4392   1.8999999999999999        1.0000000000000000        0.0000000000000000     
        4393   1.9333330000000000        1.0000000000000000        0.0000000000000000     
        4394   1.9666669999999999        1.0000000000000000        0.0000000000000000     
        4395   2.0000000000000000        1.0000000000000000        0.0000000000000000     
        4396   2.0333329999999998        1.0000000000000000        0.0000000000000000     
        4397   2.0666669999999998        1.0000000000000000        0.0000000000000000     
        4398   2.1000000000000001        1.0000000000000000        0.0000000000000000     
        4399   2.1333329999999999        1.0000000000000000        0.0000000000000000     
        4400   2.1666669999999999        1.0000000000000000        0.0000000000000000     
        4401   2.2000000000000002        1.0000000000000000        0.0000000000000000     
        4402   2.2333330000000000        1.0000000000000000        0.0000000000000000     
        4403   2.2666670000000000        1.0000000000000000        0.0000000000000000     
        4404   2.2999999999999998        1.0000000000000000        0.0000000000000000     
        4405   2.3333330000000001        1.0000000000000000        0.0000000000000000     
        4406   2.3666670000000001        1.0000000000000000        0.0000000000000000     
        4407   2.3999999999999999        1.0000000000000000        0.0000000000000000     
        4408   2.4333330000000002        1.0000000000000000        0.0000000000000000     
        4409   2.4666670000000002        1.0000000000000000        0.0000000000000000     
        4410   2.5000000000000000        1.0000000000000000        0.0000000000000000     
        4411   2.5333329999999998        1.0000000000000000        0.0000000000000000     
        4412   2.5666669999999998        1.0000000000000000        0.0000000000000000     
        4413   2.6000000000000001        1.0000000000000000        0.0000000000000000     
        4414   2.6333329999999999        1.0000000000000000        0.0000000000000000     
        4415   2.6666669999999999        1.0000000000000000        0.0000000000000000     
        4416   2.7000000000000002        1.0000000000000000        0.0000000000000000     
        4417   2.7333330000000000        1.0000000000000000        0.0000000000000000     
        4418   2.7666670000000000        1.0000000000000000        0.0000000000000000     
        4419   2.7999999999999998        1.0000000000000000        0.0000000000000000     
        4420   2.8333330000000001        1.0000000000000000        0.0000000000000000     
        4421   2.8666670000000001        1.0000000000000000        0.0000000000000000     
        4422   2.8999999999999999        1.0000000000000000        0.0000000000000000     
        4423   2.9333330000000002        1.0000000000000000        0.0000000000000000     
        4424   2.9666670000000002        1.0000000000000000        0.0000000000000000     
        4425   3.0000000000000000        1.0000000000000000        0.0000000000000000     
        4426   3.0333329999999998        1.0000000000000000        0.0000000000000000     
        4427   3.0666669999999998        1.0000000000000000        0.0000000000000000     
        4428   3.1000000000000001        1.0000000000000000        0.0000000000000000     
        4429   3.1333329999999999        1.0000000000000000        0.0000000000000000     
        4430   3.1666669999999999        1.0000000000000000        0.0000000000000000     
        4431   3.2000000000000002        1.0000000000000000        0.0000000000000000     
        4432   3.2333330000000000        1.0000000000000000        0.0000000000000000     
        4433   3.2666670000000000        1.0000000000000000        0.0000000000000000     
        4434   3.2999999999999998        1.0000000000000000        0.0000000000000000     
        4435   3.3333330000000001        1.0000000000000000        0.0000000000000000     
        4436   3.3666670000000001        1.0000000000000000        0.0000000000000000     
        4437   3.3999999999999999        1.0000000000000000        0.0000000000000000     
        4438   3.4333330000000002        1.0000000000000000        0.0000000000000000     
        4439   3.4666670000000002        1.0000000000000000        0.0000000000000000     
        4440   3.5000000000000000        1.0000000000000000        0.0000000000000000     
        4441   3.5333329999999998        1.0000000000000000        0.0000000000000000     
        4442   3.5666669999999998        1.0000000000000000        0.0000000000000000     
        4443   3.6000000000000001        1.0000000000000000        0.0000000000000000     
        4444   3.6333329999999999        1.0000000000000000        0.0000000000000000     
        4445   3.6666669999999999        1.0000000000000000        0.0000000000000000     
        4446   3.7000000000000002        1.0000000000000000        0.0000000000000000     
        4447   3.7333330000000000        1.0000000000000000        0.0000000000000000     
        4448   3.7666670000000000        1.0000000000000000        0.0000000000000000     
        4449   3.7999999999999998        1.0000000000000000        0.0000000000000000     
        4450   3.8333330000000001        1.0000000000000000        0.0000000000000000     
        4451   3.8666670000000001        1.0000000000000000        0.0000000000000000     
        4452   3.8999999999999999        1.0000000000000000        0.0000000000000000     
        4453   3.9333330000000002        1.0000000000000000        0.0000000000000000     
        4454   3.9666670000000002        1.0000000000000000        0.0000000000000000     
        4455   4.0000000000000000        1.0000000000000000        0.0000000000000000     
        4456   4.0333329999999998        1.0000000000000000        0.0000000000000000     
        4457   4.0666669999999998        1.0000000000000000        0.0000000000000000     
        4458   4.0999999999999996        1.0000000000000000        0.0000000000000000     
        4459   4.1333330000000004        1.0000000000000000        0.0000000000000000     
        4460   4.1666670000000003        1.0000000000000000        0.0000000000000000     
        4461   4.2000000000000002        1.0000000000000000        0.0000000000000000     
        4462   4.2333330000000000        1.0000000000000000        0.0000000000000000     
        4463   4.2666670000000000        1.0000000000000000        0.0000000000000000     
        4464   4.2999999999999998        1.0000000000000000        0.0000000000000000     
        4465   4.3333329999999997        1.0000000000000000        0.0000000000000000     
        4466   4.3666669999999996        1.0000000000000000        0.0000000000000000     
        4467   4.4000000000000004        1.0000000000000000        0.0000000000000000     
        4468   4.4333330000000002        1.0000000000000000        0.0000000000000000     
        4469   4.4666670000000002        1.0000000000000000        0.0000000000000000     
        4470   4.5000000000000000        1.0000000000000000        0.0000000000000000     
        4471   4.5333329999999998        1.0000000000000000        0.0000000000000000     
        4472   4.5666669999999998        1.0000000000000000        0.0000000000000000     
        4473   4.5999999999999996        1.0000000000000000        0.0000000000000000     
        4474   4.6333330000000004        1.0000000000000000        0.0000000000000000     
        4475   4.6666670000000003        1.0000000000000000        0.0000000000000000     
        4476   4.7000000000000002        1.0000000000000000        0.0000000000000000     
        4477   4.7333330000000000        1.0000000000000000        0.0000000000000000     
        4478   4.7666670000000000        1.0000000000000000        0.0000000000000000     
        4479   4.7999999999999998        1.0000000000000000        0.0000000000000000     
        4480   4.8333329999999997        1.0000000000000000        0.0000000000000000     
        4481   4.8666669999999996        1.0000000000000000        0.0000000000000000     
        4482   4.9000000000000004        1.0000000000000000        0.0000000000000000     
        4483   4.9333330000000002        1.0000000000000000        0.0000000000000000     
        4484   4.9666670000000002        1.0000000000000000        0.0000000000000000     
        4485   5.0000000000000000        1.0000000000000000        0.0000000000000000     
