           1   0.0000000000000000        0.0000000000000000       -13.770109077161987     
           2   3.3333000000000002E-002   0.0000000000000000       -27.540218154323963     
           3   6.6667000000000004E-002   0.0000000000000000       -19.015878990197667     
           4  0.10000000000000001        0.0000000000000000       -14.606853070724618     
           5  0.13333300000000001        0.0000000000000000       -10.296736767255402     
           6  0.16666700000000001        0.0000000000000000       -9.1235599194963175     
           7  0.20000000000000001        0.0000000000000000       -6.6901404458761728     
           8  0.23333300000000001        0.0000000000000000       -6.1365959000922210     
           9  0.26666699999999999        0.0000000000000000       -5.2126883011549179     
          10  0.29999999999999999        0.0000000000000000       -4.4984561025249761     
          11  0.33333299999999999        0.0000000000000000       -3.5861844503720506     
          12  0.36666700000000002        0.0000000000000000       -3.6187078625557136     
          13  0.40000000000000002        0.0000000000000000       -2.8302335039715549     
          14  0.43333300000000002        0.0000000000000000       -2.8502618163239135     
          15  0.46666700000000000        0.0000000000000000       -2.2133823909777530     
          16  0.50000000000000000        0.0000000000000000       -2.2005754097907664     
          17  0.53333299999999995        0.0000000000000000       -1.6571143248708640     
          18  0.56666700000000003        0.0000000000000000       -1.6099523489049916     
          19  0.59999999999999998        0.0000000000000000       -1.0945561195503204     
          20  0.63333300000000003        0.0000000000000000      -0.95133734848286766     
          21  0.66666700000000001        0.0000000000000000      -0.71462071121291471     
          22  0.69999999999999996        0.0000000000000000      -0.51649552273414734     
          23  0.73333300000000001        0.0000000000000000      -0.26586454674389631     
          24  0.76666699999999999        0.0000000000000000       -2.4746044626378725E-002
          25  0.80000000000000004        0.0000000000000000        6.6075213046015463E-002
          26  0.83333299999999999        0.0000000000000000       0.17733151295168248     
          27  0.86666699999999997        0.0000000000000000       0.21169767020053637     
          28  0.90000000000000002        0.0000000000000000       0.21061586738420146     
          29  0.93333299999999997        0.0000000000000000       0.14952769512249556     
          30  0.96666700000000005        0.0000000000000000        6.0976376500909583E-002
          31   1.0000000000000000        0.0000000000000000        3.0488188250454833E-002
          32   1.0333330000000001        0.0000000000000000        1.2195275300181907E-002
          33   1.0666670000000000        0.0000000000000000        6.0975278929425360E-003
          34   1.1000000000000001        0.0000000000000000        3.5867950387213927E-003
          35   1.1333329999999999        0.0000000000000000        2.3452181894733216E-003
          36   1.1666669999999999        0.0000000000000000        1.6479781064560725E-003
          37   1.2000000000000000        0.0000000000000000        1.2195070420071997E-003
          38   1.2333330000000000        0.0000000000000000        9.3808424504079034E-004
          39   1.2666670000000000        0.0000000000000000        5.8789957198061231E-004
          40   1.3000000000000000        0.0000000000000000        7.6426789151778094E-004
          41   1.3333330000000001        0.0000000000000000        1.0327917013218911E-003
          42   1.3666670000000001        0.0000000000000000        1.4697536783943727E-003
          43   1.3999999999999999        0.0000000000000000        2.2478527692945012E-003
          44   1.4333330000000000        0.0000000000000000        3.8213348719494523E-003
          45   1.4666669999999999        0.0000000000000000        7.6428073140178496E-003
          46   1.5000000000000000        0.0000000000000000        1.9107018285044599E-002
          47   1.5333330000000001        0.0000000000000000        3.8214036570089260E-002
          48   1.5666670000000000        0.0000000000000000       0.12239378841451604     
          49   1.6000000000000001        0.0000000000000000       0.24632283699927393     
          50   1.6333329999999999        0.0000000000000000       0.32486964840504806     
          51   1.6666669999999999        0.0000000000000000       0.40599750994742700     
          52   1.7000000000000000        0.0000000000000000       0.44796883374062296     
          53   1.7333330000000000        0.0000000000000000       0.41937226376869641     
          54   1.7666670000000000        0.0000000000000000       0.36881799090243927     
          55   1.8000000000000000        0.0000000000000000       0.29787569026947808     
          56   1.8333330000000001        0.0000000000000000       0.16939585790294648     
          57   1.8666670000000001        0.0000000000000000        2.8004528734360924E-002
          58   1.8999999999999999        0.0000000000000000      -0.15760730519316482     
          59   1.9333330000000000        0.0000000000000000      -0.34784144418252011     
          60   1.9666669999999999        0.0000000000000000      -0.46031300448323453     
          61   2.0000000000000000        0.0000000000000000      -0.64954570953710822     
          62   2.0333329999999998        0.0000000000000000      -0.82072764674590049     
          63   2.0666669999999998        0.0000000000000000       -1.0989338118236762     
          64   2.1000000000000001        0.0000000000000000       -1.1006214072684386     
          65   2.1333329999999999        0.0000000000000000       -1.4157550250255466     
          66   2.1666669999999999        0.0000000000000000       -1.5041694181775371     
          67   2.2000000000000002        0.0000000000000000       -1.6513989446339588     
          68   2.2333330000000000        0.0000000000000000       -1.7858268315061863     
          69   2.2666670000000000        0.0000000000000000       -1.9321941892604970     
          70   2.2999999999999998        0.0000000000000000       -2.0142202139476897     
          71   2.3333330000000001        0.0000000000000000       -2.0687043872442130     
          72   2.3666670000000001        0.0000000000000000       -2.2201712203201383     
          73   2.3999999999999999        0.0000000000000000       -2.4099314970157724     
          74   2.4333330000000002        0.0000000000000000       -2.2226042569772826     
          75   2.4666670000000002        0.0000000000000000       -2.5917272873905315     
          76   2.5000000000000000        0.0000000000000000       -2.4212437964398590     
          77   2.5333329999999998        0.0000000000000000       -2.5874419291068538     
          78   2.5666669999999998        0.0000000000000000       -2.7544013538128929     
          79   2.6000000000000001        0.0000000000000000       -2.4913753055009713     
          80   2.6333329999999999        0.0000000000000000       -2.8461263474764227     
          81   2.6666669999999999        0.0000000000000000       -2.8702928358162891     
          82   2.7000000000000002        0.0000000000000000       -2.5948474574188407     
          83   2.7333330000000000        0.0000000000000000       -2.9217385463599288     
          84   2.7666670000000000        0.0000000000000000       -2.8317430372317500     
          85   2.7999999999999998        0.0000000000000000       -2.7801351728581492     
          86   2.8333330000000001        0.0000000000000000       -2.7982991704992308     
          87   2.8666670000000001        0.0000000000000000       -3.0938878065444375     
          88   2.8999999999999999        0.0000000000000000       -2.8240524967909981     
          89   2.9333330000000002        0.0000000000000000       -3.0534813792875388     
          90   2.9666670000000002        0.0000000000000000       -2.8707282383332311     
          91   3.0000000000000000        0.0000000000000000       -2.8680046350461139     
          92   3.0333329999999998        0.0000000000000000       -2.8943348290507531     
          93   3.0666669999999998        0.0000000000000000       -3.2154834834751584     
          94   3.1000000000000001        0.0000000000000000       -2.9950853508272637     
          95   3.1333329999999999        0.0000000000000000       -2.7381664671935200     
          96   3.1666669999999999        0.0000000000000000       -3.0845156464213743     
          97   3.2000000000000002        0.0000000000000000       -2.8798983022159668     
          98   3.2333330000000000        0.0000000000000000       -3.1624762024610749     
          99   3.2666670000000000        0.0000000000000000       -2.8694760151278387     
         100   3.2999999999999998        0.0000000000000000       -2.9758479612835815     
         101   3.3333330000000001        0.0000000000000000       -2.9249947085852592     
         102   3.3666670000000001        0.0000000000000000       -3.2066972460487522     
         103   3.3999999999999999        0.0000000000000000       -2.9054326414031699     
         104   3.4333330000000002        0.0000000000000000       -3.1063452695800158     
         105   3.4666670000000002        0.0000000000000000       -2.8339292269318004     
         106   3.5000000000000000        0.0000000000000000       -3.2196736009685885     
         107   3.5333329999999998        0.0000000000000000       -2.9599704066388814     
         108   3.5666669999999998        0.0000000000000000       -3.0324894402285461     
         109   3.6000000000000001        0.0000000000000000       -2.7317271119057653     
         110   3.6333329999999999        0.0000000000000000       -2.9771165058250162     
         111   3.6666669999999999        0.0000000000000000       -3.1575441474889292     
         112   3.7000000000000002        0.0000000000000000       -3.1263363370623951     
         113   3.7333330000000000        0.0000000000000000       -2.8025502800976616     
         114   3.7666670000000000        0.0000000000000000       -3.1216086477691181     
         115   3.7999999999999998        0.0000000000000000       -2.9596213572982601     
         116   3.8333330000000001        0.0000000000000000       -3.0154256455051334     
         117   3.8666670000000001        0.0000000000000000       -3.0982617464882947     
         118   3.8999999999999999        0.0000000000000000       -2.8141031465337809     
         119   3.9333330000000002        0.0000000000000000       -3.1891350785084298     
         120   3.9666670000000002        0.0000000000000000       -2.9042285643342831     
         121   4.0000000000000000        0.0000000000000000       -3.0258304541193799     
         122   4.0333329999999998        0.0000000000000000       -2.8966615281253429     
         123   4.0666669999999998        0.0000000000000000       -3.1188592276293789     
         124   4.0999999999999996        0.0000000000000000       -2.9794848194182810     
         125   4.1333330000000004        0.0000000000000000       -3.1021317342026795     
         126   4.1666670000000003        0.0000000000000000       -2.7631245404657285     
         127   4.2000000000000002        0.0000000000000000       -3.0672254192998269     
         128   4.2333330000000000        0.0000000000000000       -3.1369834235576666     
         129   4.2666670000000000        0.0000000000000000       -2.8190786705325772     
         130   4.2999999999999998        0.0000000000000000       -3.1057268414308341     
         131   4.3333329999999997        0.0000000000000000       -3.0144836309964758     
         132   4.3666669999999996        0.0000000000000000       -2.9867649379783523     
         133   4.4000000000000004        0.0000000000000000       -3.0292737036654351     
         134   4.4333330000000002        0.0000000000000000       -3.1035492803040126     
         135   4.4666670000000002        0.0000000000000000       -2.7879637186351487     
         136   4.5000000000000000        0.0000000000000000       -3.1508883350557415     
         137   4.5333329999999998        0.0000000000000000       -2.8044503880844749     
         138   4.5666669999999998        0.0000000000000000       -3.1362189317896338     
         139   4.5999999999999996        0.0000000000000000       -3.0574604820843438     
         140   4.6333330000000004        0.0000000000000000       -3.0520520024216080     
         141   4.6666670000000003        0.0000000000000000       -2.7731626188805030     
         142   4.7000000000000002        0.0000000000000000       -3.0574420681358587     
         143   4.7333330000000000        0.0000000000000000       -3.0451716607780135     
         144   4.7666670000000000        0.0000000000000000       -2.9292538205504637     
         145   4.7999999999999998        0.0000000000000000       -3.1929557138242322     
         146   4.8333329999999997        0.0000000000000000       -2.7966590659793815     
         147   4.8666669999999996        0.0000000000000000       -3.0300090126119259     
         148   4.9000000000000004        0.0000000000000000       -3.2290249052321229     
         149   4.9333330000000002        0.0000000000000000       -3.1018179224487747     
         150   4.9666670000000002        0.0000000000000000       -3.2952754891793665     
         151   5.0000000000000000        0.0000000000000000       -1.6476377445896913     
         152   0.0000000000000000        3.3333000000000002E-002   0.0000000000000000     
         153   3.3333000000000002E-002   3.3333000000000002E-002  -11.307107930842061     
         154   6.6667000000000004E-002   3.3333000000000002E-002  -12.289279561022957     
         155  0.10000000000000001        3.3333000000000002E-002  -11.032350787800828     
         156  0.13333300000000001        3.3333000000000002E-002  -9.1887329005435081     
         157  0.16666700000000001        3.3333000000000002E-002  -7.9171531058252818     
         158  0.20000000000000001        3.3333000000000002E-002  -6.5928219353707842     
         159  0.23333300000000001        3.3333000000000002E-002  -5.7702282349304248     
         160  0.26666699999999999        3.3333000000000002E-002  -5.0255753010242596     
         161  0.29999999999999999        3.3333000000000002E-002  -4.3811709240008003     
         162  0.33333299999999999        3.3333000000000002E-002  -3.7904709561111911     
         163  0.36666700000000002        3.3333000000000002E-002  -3.4486853775089474     
         164  0.40000000000000002        3.3333000000000002E-002  -3.0124514247110450     
         165  0.43333300000000002        3.3333000000000002E-002  -2.7460319243515854     
         166  0.46666700000000000        3.3333000000000002E-002  -2.3903926642711477     
         167  0.50000000000000000        3.3333000000000002E-002  -2.1575011126367274     
         168  0.53333299999999995        3.3333000000000002E-002  -1.8454934565068588     
         169  0.56666700000000003        3.3333000000000002E-002  -1.6251980098168506     
         170  0.59999999999999998        3.3333000000000002E-002  -1.3305125492384053     
         171  0.63333300000000003        3.3333000000000002E-002  -1.1174437980665941     
         172  0.66666700000000001        3.3333000000000002E-002 -0.90768140166150169     
         173  0.69999999999999996        3.3333000000000002E-002 -0.70996772661130125     
         174  0.73333300000000001        3.3333000000000002E-002 -0.50845550921589500     
         175  0.76666699999999999        3.3333000000000002E-002 -0.32522344730427827     
         176  0.80000000000000004        3.3333000000000002E-002 -0.19527639224009227     
         177  0.83333299999999999        3.3333000000000002E-002  -8.6534264040084491E-002
         178  0.86666699999999997        3.3333000000000002E-002  -1.3222114258003542E-002
         179  0.90000000000000002        3.3333000000000002E-002   3.2751314269015466E-002
         180  0.93333299999999997        3.3333000000000002E-002   5.1794511282565604E-002
         181  0.96666700000000005        3.3333000000000002E-002   5.7183049669919155E-002
         182   1.0000000000000000        3.3333000000000002E-002   6.0976376500909750E-002
         183   1.5000000000000000        3.3333000000000002E-002   3.8214036570089122E-002
         184   1.5333330000000001        3.3333000000000002E-002   7.5456392091192953E-002
         185   1.5666670000000000        3.3333000000000002E-002  0.10874193214126320     
         186   1.6000000000000001        3.3333000000000002E-002  0.14773963620759223     
         187   1.6333329999999999        3.3333000000000002E-002  0.17377444406040457     
         188   1.6666669999999999        3.3333000000000002E-002  0.19051411459032952     
         189   1.7000000000000000        3.3333000000000002E-002  0.18466690860494892     
         190   1.7333330000000000        3.3333000000000002E-002  0.14656920046984617     
         191   1.7666670000000000        3.3333000000000002E-002   8.6535309066235605E-002
         192   1.8000000000000000        3.3333000000000002E-002   5.7634429613318584E-003
         193   1.8333330000000001        3.3333000000000002E-002 -0.10256325571462380     
         194   1.8666670000000001        3.3333000000000002E-002 -0.22854311871969907     
         195   1.8999999999999999        3.3333000000000002E-002 -0.37307244330516720     
         196   1.9333330000000000        3.3333000000000002E-002 -0.52055626771347119     
         197   1.9666669999999999        3.3333000000000002E-002 -0.65348367848283939     
         198   2.0000000000000000        3.3333000000000002E-002 -0.80436199256859298     
         199   2.0333329999999998        3.3333000000000002E-002 -0.95951719872057162     
         200   2.0666669999999998        3.3333000000000002E-002  -1.1290466615608270     
         201   2.1000000000000001        3.3333000000000002E-002  -1.2435311254603685     
         202   2.1333329999999999        3.3333000000000002E-002  -1.4130138043871012     
         203   2.1666669999999999        3.3333000000000002E-002  -1.5365271832195808     
         204   2.2000000000000002        3.3333000000000002E-002  -1.6603118996560593     
         205   2.2333330000000000        3.3333000000000002E-002  -1.7781347421786236     
         206   2.2666670000000000        3.3333000000000002E-002  -1.8902152296419157     
         207   2.2999999999999998        3.3333000000000002E-002  -1.9801609088030054     
         208   2.3333330000000001        3.3333000000000002E-002  -2.0615512686695108     
         209   2.3666670000000001        3.3333000000000002E-002  -2.1639232978363148     
         210   2.3999999999999999        3.3333000000000002E-002  -2.2604270209264370     
         211   2.4333330000000002        3.3333000000000002E-002  -2.2809639060535645     
         212   2.4666670000000002        3.3333000000000002E-002  -2.4000886826389429     
         213   2.5000000000000000        3.3333000000000002E-002  -2.4182787557263135     
         214   2.5333329999999998        3.3333000000000002E-002  -2.4953475434714889     
         215   2.5666669999999998        3.3333000000000002E-002  -2.5649434453099169     
         216   2.6000000000000001        3.3333000000000002E-002  -2.5502456882437978     
         217   2.6333329999999999        3.3333000000000002E-002  -2.6554172790890491     
         218   2.6666669999999999        3.3333000000000002E-002  -2.6858883446028603     
         219   2.7000000000000002        3.3333000000000002E-002  -2.6477928271464832     
         220   2.7333330000000000        3.3333000000000002E-002  -2.7288390609569451     
         221   2.7666670000000000        3.3333000000000002E-002  -2.7307586437505993     
         222   2.7999999999999998        3.3333000000000002E-002  -2.7296711060947980     
         223   2.8333330000000001        3.3333000000000002E-002  -2.7603596199230784     
         224   2.8666670000000001        3.3333000000000002E-002  -2.8417686998049425     
         225   2.8999999999999999        3.3333000000000002E-002  -2.8073104226107066     
         226   2.9333330000000002        3.3333000000000002E-002  -2.8510285674158555     
         227   2.9666670000000002        3.3333000000000002E-002  -2.8158711017432503     
         228   3.0000000000000000        3.3333000000000002E-002  -2.8157792719827035     
         229   3.0333329999999998        3.3333000000000002E-002  -2.8472639211309345     
         230   3.0666669999999998        3.3333000000000002E-002  -2.9286127936794539     
         231   3.1000000000000001        3.3333000000000002E-002  -2.8754762728385734     
         232   3.1333329999999999        3.3333000000000002E-002  -2.8116729478299423     
         233   3.1666669999999999        3.3333000000000002E-002  -2.8817158022962177     
         234   3.2000000000000002        3.3333000000000002E-002  -2.8629108200755957     
         235   3.2333330000000000        3.3333000000000002E-002  -2.9179434744987063     
         236   3.2666670000000000        3.3333000000000002E-002  -2.8600729627090833     
         237   3.2999999999999998        3.3333000000000002E-002  -2.8757620634583052     
         238   3.3333330000000001        3.3333000000000002E-002  -2.8852566303623250     
         239   3.3666670000000001        3.3333000000000002E-002  -2.9489587794468957     
         240   3.3999999999999999        3.3333000000000002E-002  -2.8940449873527618     
         241   3.4333330000000002        3.3333000000000002E-002  -2.9201148220228497     
         242   3.4666670000000002        3.3333000000000002E-002  -2.8755777492776273     
         243   3.5000000000000000        3.3333000000000002E-002  -2.9511169702603337     
         244   3.5333329999999998        3.3333000000000002E-002  -2.8978910123853607     
         245   3.5666669999999998        3.3333000000000002E-002  -2.8828771303338279     
         246   3.6000000000000001        3.3333000000000002E-002  -2.8164353961756996     
         247   3.6333329999999999        3.3333000000000002E-002  -2.8823769394259275     
         248   3.6666669999999999        3.3333000000000002E-002  -2.9475346017075221     
         249   3.7000000000000002        3.3333000000000002E-002  -2.9378188771940437     
         250   3.7333330000000000        3.3333000000000002E-002  -2.8647514668399814     
         251   3.7666670000000000        3.3333000000000002E-002  -2.9227543113930805     
         252   3.7999999999999998        3.3333000000000002E-002  -2.8988237398656063     
         253   3.8333330000000001        3.3333000000000002E-002  -2.9098208414268041     
         254   3.8666670000000001        3.3333000000000002E-002  -2.9199714739822156     
         255   3.8999999999999999        3.3333000000000002E-002  -2.8662441313369911     
         256   3.9333330000000002        3.3333000000000002E-002  -2.9364523782198275     
         257   3.9666670000000002        3.3333000000000002E-002  -2.8833348272847048     
         258   4.0000000000000000        3.3333000000000002E-002  -2.8960785889360814     
         259   4.0333329999999998        3.3333000000000002E-002  -2.8787750633127129     
         260   4.0666669999999998        3.3333000000000002E-002  -2.9274848710502495     
         261   4.0999999999999996        3.3333000000000002E-002  -2.9056522218133183     
         262   4.1333330000000004        3.3333000000000002E-002  -2.9124649224903125     
         263   4.1666670000000003        3.3333000000000002E-002  -2.8423706579204895     
         264   4.2000000000000002        3.3333000000000002E-002  -2.9097840732294200     
         265   4.2333330000000000        3.3333000000000002E-002  -2.9300897990713062     
         266   4.2666670000000000        3.3333000000000002E-002  -2.8668685757109293     
         267   4.2999999999999998        3.3333000000000002E-002  -2.9230611742030850     
         268   4.3333329999999997        3.3333000000000002E-002  -2.9125335183324603     
         269   4.3666669999999996        3.3333000000000002E-002  -2.9050082406759983     
         270   4.4000000000000004        3.3333000000000002E-002  -2.9149313466129039     
         271   4.4333330000000002        3.3333000000000002E-002  -2.9186041316112479     
         272   4.4666670000000002        3.3333000000000002E-002  -2.8523641499948051     
         273   4.5000000000000000        3.3333000000000002E-002  -2.9154986941238854     
         274   4.5333329999999998        3.3333000000000002E-002  -2.8609532457053706     
         275   4.5666669999999998        3.3333000000000002E-002  -2.9328216859833378     
         276   4.5999999999999996        3.3333000000000002E-002  -2.9257403776434865     
         277   4.6333330000000004        3.3333000000000002E-002  -2.9039562251470863     
         278   4.6666670000000003        3.3333000000000002E-002  -2.8398262537746248     
         279   4.7000000000000002        3.3333000000000002E-002  -2.9007454771573271     
         280   4.7333330000000000        3.3333000000000002E-002  -2.9108949820829513     
         281   4.7666670000000000        3.3333000000000002E-002  -2.8957707093216007     
         282   4.7999999999999998        3.3333000000000002E-002  -2.9407608384266100     
         283   4.8333329999999997        3.3333000000000002E-002  -2.8635953900201674     
         284   4.8666669999999996        3.3333000000000002E-002  -2.9204795248097324     
         285   4.9000000000000004        3.3333000000000002E-002  -2.9780177636323093     
         286   4.9333330000000002        3.3333000000000002E-002  -2.9394079350894322     
         287   4.9666670000000002        3.3333000000000002E-002  -2.8764471488993104     
         288   5.0000000000000000        3.3333000000000002E-002  -2.5176384660588824     
         289   0.0000000000000000        6.6667000000000004E-002   0.0000000000000000     
         290   3.3333000000000002E-002   6.6667000000000004E-002  -5.4512636541917603     
         291   6.6667000000000004E-002   6.6667000000000004E-002  -7.6762388035817724     
         292  0.10000000000000001        6.6667000000000004E-002  -7.9884850902113218     
         293  0.13333300000000001        6.6667000000000004E-002  -7.4524875192486393     
         294  0.16666700000000001        6.6667000000000004E-002  -6.7468442617620283     
         295  0.20000000000000001        6.6667000000000004E-002  -5.9718289417661374     
         296  0.23333300000000001        6.6667000000000004E-002  -5.3187178626158715     
         297  0.26666699999999999        6.6667000000000004E-002  -4.7300258905454244     
         298  0.29999999999999999        6.6667000000000004E-002  -4.2058332740190618     
         299  0.33333299999999999        6.6667000000000004E-002  -3.7408926537200347     
         300  0.36666700000000002        6.6667000000000004E-002  -3.3712530398730616     
         301  0.40000000000000002        6.6667000000000004E-002  -3.0218010808955849     
         302  0.43333300000000002        6.6667000000000004E-002  -2.7298167511484066     
         303  0.46666700000000000        6.6667000000000004E-002  -2.4426445981992666     
         304  0.50000000000000000        6.6667000000000004E-002  -2.1927254517339638     
         305  0.53333299999999995        6.6667000000000004E-002  -1.9407754980312490     
         306  0.56666700000000003        6.6667000000000004E-002  -1.7142629888696346     
         307  0.59999999999999998        6.6667000000000004E-002  -1.4839573767289609     
         308  0.63333300000000003        6.6667000000000004E-002  -1.2798418253865429     
         309  0.66666700000000001        6.6667000000000004E-002  -1.0884395873424946     
         310  0.69999999999999996        6.6667000000000004E-002 -0.90710147492766646     
         311  0.73333300000000001        6.6667000000000004E-002 -0.73267974071456266     
         312  0.76666699999999999        6.6667000000000004E-002 -0.57240491399222926     
         313  0.80000000000000004        6.6667000000000004E-002 -0.43543675538269982     
         314  0.83333299999999999        6.6667000000000004E-002 -0.31500892412909132     
         315  0.86666699999999997        6.6667000000000004E-002 -0.21081809097252022     
         316  0.90000000000000002        6.6667000000000004E-002 -0.11819068017284451     
         317  0.93333299999999997        6.6667000000000004E-002  -3.2283315686752648E-002
         318  0.96666700000000005        6.6667000000000004E-002   5.4984909183192904E-002
         319   1.0000000000000000        6.6667000000000004E-002  0.15067583935454379     
         320   1.5000000000000000        6.6667000000000004E-002  0.13821392701786284     
         321   1.5333330000000001        6.6667000000000004E-002  0.11665834457624100     
         322   1.5666670000000000        6.6667000000000004E-002   8.9367971212645211E-002
         323   1.6000000000000001        6.6667000000000004E-002   6.2103678251562357E-002
         324   1.6333329999999999        6.6667000000000004E-002   3.1942822645228838E-002
         325   1.6666669999999999        6.6667000000000004E-002  -2.4054930214311063E-003
         326   1.7000000000000000        6.6667000000000004E-002  -4.6384123227406052E-002
         327   1.7333330000000000        6.6667000000000004E-002 -0.10424772976198363     
         328   1.7666670000000000        6.6667000000000004E-002 -0.17498173085800833     
         329   1.8000000000000000        6.6667000000000004E-002 -0.25871883706545862     
         330   1.8333330000000001        6.6667000000000004E-002 -0.35682777011133904     
         331   1.8666670000000001        6.6667000000000004E-002 -0.46653894750741232     
         332   1.8999999999999999        6.6667000000000004E-002 -0.58562032772362116     
         333   1.9333330000000000        6.6667000000000004E-002 -0.70791078128561913     
         334   1.9666669999999999        6.6667000000000004E-002 -0.82885999241697117     
         335   2.0000000000000000        6.6667000000000004E-002 -0.95509328532770388     
         336   2.0333329999999998        6.6667000000000004E-002  -1.0843008672620968     
         337   2.0666669999999998        6.6667000000000004E-002  -1.2144179917544762     
         338   2.1000000000000001        6.6667000000000004E-002  -1.3319251967732904     
         339   2.1333329999999999        6.6667000000000004E-002  -1.4566402093137032     
         340   2.1666669999999999        6.6667000000000004E-002  -1.5689519686737934     
         341   2.2000000000000002        6.6667000000000004E-002  -1.6756681426518318     
         342   2.2333330000000000        6.6667000000000004E-002  -1.7765860455621740     
         343   2.2666670000000000        6.6667000000000004E-002  -1.8708484716084122     
         344   2.2999999999999998        6.6667000000000004E-002  -1.9550298422552124     
         345   2.3333330000000001        6.6667000000000004E-002  -2.0337772833195102     
         346   2.3666670000000001        6.6667000000000004E-002  -2.1140483911977110     
         347   2.3999999999999999        6.6667000000000004E-002  -2.1871786026212399     
         348   2.4333330000000002        6.6667000000000004E-002  -2.2412346500118749     
         349   2.4666670000000002        6.6667000000000004E-002  -2.3096294863349600     
         350   2.5000000000000000        6.6667000000000004E-002  -2.3566669687922066     
         351   2.5333329999999998        6.6667000000000004E-002  -2.4111835997371629     
         352   2.5666669999999998        6.6667000000000004E-002  -2.4599446271886971     
         353   2.6000000000000001        6.6667000000000004E-002  -2.4895944901642464     
         354   2.6333329999999999        6.6667000000000004E-002  -2.5397537248194451     
         355   2.6666669999999999        6.6667000000000004E-002  -2.5700195745464796     
         356   2.7000000000000002        6.6667000000000004E-002  -2.5817874797018505     
         357   2.7333330000000000        6.6667000000000004E-002  -2.6152790806571002     
         358   2.7666670000000000        6.6667000000000004E-002  -2.6327401806082373     
         359   2.7999999999999998        6.6667000000000004E-002  -2.6474677933503439     
         360   2.8333330000000001        6.6667000000000004E-002  -2.6722097244618510     
         361   2.8666670000000001        6.6667000000000004E-002  -2.7056077822287503     
         362   2.8999999999999999        6.6667000000000004E-002  -2.7123944116695755     
         363   2.9333330000000002        6.6667000000000004E-002  -2.7274985274048200     
         364   2.9666670000000002        6.6667000000000004E-002  -2.7257589192307097     
         365   3.0000000000000000        6.6667000000000004E-002  -2.7320529703863312     
         366   3.0333329999999998        6.6667000000000004E-002  -2.7508559528097716     
         367   3.0666669999999998        6.6667000000000004E-002  -2.7762928922727204     
         368   3.1000000000000001        6.6667000000000004E-002  -2.7661008083397762     
         369   3.1333329999999999        6.6667000000000004E-002  -2.7514114213068686     
         370   3.1666669999999999        6.6667000000000004E-002  -2.7678853032393254     
         371   3.2000000000000002        6.6667000000000004E-002  -2.7722281201322989     
         372   3.2333330000000000        6.6667000000000004E-002  -2.7863010736178766     
         373   3.2666670000000000        6.6667000000000004E-002  -2.7768889447301168     
         374   3.2999999999999998        6.6667000000000004E-002  -2.7819114850140676     
         375   3.3333330000000001        6.6667000000000004E-002  -2.7916865594095936     
         376   3.3666670000000001        6.6667000000000004E-002  -2.8098459592291714     
         377   3.3999999999999999        6.6667000000000004E-002  -2.8015288945161276     
         378   3.4333330000000002        6.6667000000000004E-002  -2.8044483334401811     
         379   3.4666670000000002        6.6667000000000004E-002  -2.7973010556952831     
         380   3.5000000000000000        6.6667000000000004E-002  -2.8113870237985386     
         381   3.5333329999999998        6.6667000000000004E-002  -2.7972336492352565     
         382   3.5666669999999998        6.6667000000000004E-002  -2.7845396883632247     
         383   3.6000000000000001        6.6667000000000004E-002  -2.7687345108175823     
         384   3.6333329999999999        6.6667000000000004E-002  -2.7888741225258475     
         385   3.6666669999999999        6.6667000000000004E-002  -2.8125090660939875     
         386   3.7000000000000002        6.6667000000000004E-002  -2.8124370250341593     
         387   3.7333330000000000        6.6667000000000004E-002  -2.7958420124654033     
         388   3.7666670000000000        6.6667000000000004E-002  -2.8059025823612611     
         389   3.7999999999999998        6.6667000000000004E-002  -2.8029983595780363     
         390   3.8333330000000001        6.6667000000000004E-002  -2.8051746155988311     
         391   3.8666670000000001        6.6667000000000004E-002  -2.8054422649471049     
         392   3.8999999999999999        6.6667000000000004E-002  -2.7945429683865295     
         393   3.9333330000000002        6.6667000000000004E-002  -2.8071368307681617     
         394   3.9666670000000002        6.6667000000000004E-002  -2.7963695088852014     
         395   4.0000000000000000        6.6667000000000004E-002  -2.7963594795086610     
         396   4.0333329999999998        6.6667000000000004E-002  -2.7950213066597693     
         397   4.0666669999999998        6.6667000000000004E-002  -2.8067002896471962     
         398   4.0999999999999996        6.6667000000000004E-002  -2.8031280284133717     
         399   4.1333330000000004        6.6667000000000004E-002  -2.7995457836279773     
         400   4.1666670000000003        6.6667000000000004E-002  -2.7840704356762203     
         401   4.2000000000000002        6.6667000000000004E-002  -2.7997048099925088     
         402   4.2333330000000000        6.6667000000000004E-002  -2.8066182196803444     
         403   4.2666670000000000        6.6667000000000004E-002  -2.7952054916160831     
         404   4.2999999999999998        6.6667000000000004E-002  -2.8072299727656889     
         405   4.3333329999999997        6.6667000000000004E-002  -2.8074733602474242     
         406   4.3666669999999996        6.6667000000000004E-002  -2.8058149530754628     
         407   4.4000000000000004        6.6667000000000004E-002  -2.8068727060405583     
         408   4.4333330000000002        6.6667000000000004E-002  -2.8034501398838865     
         409   4.4666670000000002        6.6667000000000004E-002  -2.7873994834896614     
         410   4.5000000000000000        6.6667000000000004E-002  -2.7978071334262866     
         411   4.5333329999999998        6.6667000000000004E-002  -2.7910974065021095     
         412   4.5666669999999998        6.6667000000000004E-002  -2.8085349729420472     
         413   4.5999999999999996        6.6667000000000004E-002  -2.8085782427984185     
         414   4.6333330000000004        6.6667000000000004E-002  -2.7979949255967513     
         415   4.6666670000000003        6.6667000000000004E-002  -2.7814336230732177     
         416   4.7000000000000002        6.6667000000000004E-002  -2.7949812205531570     
         417   4.7333330000000000        6.6667000000000004E-002  -2.8018877637734487     
         418   4.7666670000000000        6.6667000000000004E-002  -2.8023399084807989     
         419   4.7999999999999998        6.6667000000000004E-002  -2.8106348614489880     
         420   4.8333329999999997        6.6667000000000004E-002  -2.7963364858631503     
         421   4.8666669999999996        6.6667000000000004E-002  -2.8107146374544594     
         422   4.9000000000000004        6.6667000000000004E-002  -2.8231566027610868     
         423   4.9333330000000002        6.6667000000000004E-002  -2.8011714897837510     
         424   4.9666670000000002        6.6667000000000004E-002  -2.7524545209945259     
         425   5.0000000000000000        6.6667000000000004E-002  -2.6661465817890058     
         426   0.0000000000000000       0.10000000000000001        0.0000000000000000     
         427   3.3333000000000002E-002  0.10000000000000001       -3.0518894272786432     
         428   6.6667000000000004E-002  0.10000000000000001       -4.9509016160182755     
         429  0.10000000000000001       0.10000000000000001       -5.7515725723293309     
         430  0.13333300000000001       0.10000000000000001       -5.8476177123501918     
         431  0.16666700000000001       0.10000000000000001       -5.6089919994021429     
         432  0.20000000000000001       0.10000000000000001       -5.2136675885225703     
         433  0.23333300000000001       0.10000000000000001       -4.7834787231130669     
         434  0.26666699999999999       0.10000000000000001       -4.3590476010234029     
         435  0.29999999999999999       0.10000000000000001       -3.9584766582528226     
         436  0.33333299999999999       0.10000000000000001       -3.5912937847749737     
         437  0.36666700000000002       0.10000000000000001       -3.2665494646677504     
         438  0.40000000000000002       0.10000000000000001       -2.9708378286589232     
         439  0.43333300000000002       0.10000000000000001       -2.7042716137997185     
         440  0.46666700000000000       0.10000000000000001       -2.4557579024581191     
         441  0.50000000000000000       0.10000000000000001       -2.2269713061319369     
         442  0.53333299999999995       0.10000000000000001       -2.0093543877127966     
         443  0.56666700000000003       0.10000000000000001       -1.8053548805003439     
         444  0.59999999999999998       0.10000000000000001       -1.6100209461799255     
         445  0.63333300000000003       0.10000000000000001       -1.4288204829530049     
         446  0.66666700000000001       0.10000000000000001       -1.2584818614618853     
         447  0.69999999999999996       0.10000000000000001       -1.0970087847844114     
         448  0.73333300000000001       0.10000000000000001      -0.94252630025211637     
         449  0.76666699999999999       0.10000000000000001      -0.79626785140286205     
         450  0.80000000000000004       0.10000000000000001      -0.65908631602984913     
         451  0.83333299999999999       0.10000000000000001      -0.52726745849323009     
         452  0.86666699999999997       0.10000000000000001      -0.39688079029711837     
         453  0.90000000000000002       0.10000000000000001      -0.26241930923821671     
         454  0.93333299999999997       0.10000000000000001      -0.11771832990171066     
         455  0.96666700000000005       0.10000000000000001        4.4355818622902346E-002
         456   1.0000000000000000       0.10000000000000001       0.23184239090305100     
         457   1.5000000000000000       0.10000000000000001       0.24899480226903500     
         458   1.5333330000000001       0.10000000000000001       0.16359685846420152     
         459   1.5666670000000000       0.10000000000000001        6.9977906655076430E-002
         460   1.6000000000000001       0.10000000000000001       -2.0647970448687204E-002
         461   1.6333329999999999       0.10000000000000001      -0.10570516178908484     
         462   1.6666669999999999       0.10000000000000001      -0.18568664558603659     
         463   1.7000000000000000       0.10000000000000001      -0.26347786591344180     
         464   1.7333330000000000       0.10000000000000001      -0.34213017142374830     
         465   1.7666670000000000       0.10000000000000001      -0.42336280049825087     
         466   1.8000000000000000       0.10000000000000001      -0.50867210230932114     
         467   1.8333330000000001       0.10000000000000001      -0.59937806794561277     
         468   1.8666670000000001       0.10000000000000001      -0.69512540055624994     
         469   1.8999999999999999       0.10000000000000001      -0.79496615483130817     
         470   1.9333330000000000       0.10000000000000001      -0.89674451392802457     
         471   1.9666669999999999       0.10000000000000001      -0.99910483605663880     
         472   2.0000000000000000       0.10000000000000001       -1.1032956321637957     
         473   2.0333329999999998       0.10000000000000001       -1.2084915595609718     
         474   2.0666669999999998       0.10000000000000001       -1.3130929817806249     
         475   2.1000000000000001       0.10000000000000001       -1.4136412250316255     
         476   2.1333329999999999       0.10000000000000001       -1.5132540660141931     
         477   2.1666669999999999       0.10000000000000001       -1.6077682891864820     
         478   2.2000000000000002       0.10000000000000001       -1.6975917139595407     
         479   2.2333330000000000       0.10000000000000001       -1.7824315820897834     
         480   2.2666670000000000       0.10000000000000001       -1.8621921127710239     
         481   2.2999999999999998       0.10000000000000001       -1.9360490676570725     
         482   2.3333330000000001       0.10000000000000001       -2.0054742410924069     
         483   2.3666670000000001       0.10000000000000001       -2.0720792204806999     
         484   2.3999999999999999       0.10000000000000001       -2.1334653337626825     
         485   2.4333330000000002       0.10000000000000001       -2.1877165491100357     
         486   2.4666670000000002       0.10000000000000001       -2.2413691238682394     
         487   2.5000000000000000       0.10000000000000001       -2.2881898340184588     
         488   2.5333329999999998       0.10000000000000001       -2.3333829961231771     
         489   2.5666669999999998       0.10000000000000001       -2.3743370599725822     
         490   2.6000000000000001       0.10000000000000001       -2.4089352432547892     
         491   2.6333329999999999       0.10000000000000001       -2.4445389527258570     
         492   2.6666669999999999       0.10000000000000001       -2.4728052773168643     
         493   2.7000000000000002       0.10000000000000001       -2.4943148044989236     
         494   2.7333330000000000       0.10000000000000001       -2.5181566453679562     
         495   2.7666670000000000       0.10000000000000001       -2.5376251941282080     
         496   2.7999999999999998       0.10000000000000001       -2.5555769383624614     
         497   2.8333330000000001       0.10000000000000001       -2.5756541200967211     
         498   2.8666670000000001       0.10000000000000001       -2.5963875729792836     
         499   2.8999999999999999       0.10000000000000001       -2.6093869299647823     
         500   2.9333330000000002       0.10000000000000001       -2.6208537243167225     
         501   2.9666670000000002       0.10000000000000001       -2.6276226032901522     
         502   3.0000000000000000       0.10000000000000001       -2.6360285478722845     
         503   3.0333329999999998       0.10000000000000001       -2.6480120739655963     
         504   3.0666669999999998       0.10000000000000001       -2.6597528798214727     
         505   3.1000000000000001       0.10000000000000001       -2.6610217940622007     
         506   3.1333329999999999       0.10000000000000001       -2.6600182531359238     
         507   3.1666669999999999       0.10000000000000001       -2.6663936699222832     
         508   3.2000000000000002       0.10000000000000001       -2.6718488849606175     
         509   3.2333330000000000       0.10000000000000001       -2.6781931768839078     
         510   3.2666670000000000       0.10000000000000001       -2.6793051313727583     
         511   3.2999999999999998       0.10000000000000001       -2.6833981671606679     
         512   3.3333330000000001       0.10000000000000001       -2.6898650045463013     
         513   3.3666670000000001       0.10000000000000001       -2.6972777687626435     
         514   3.3999999999999999       0.10000000000000001       -2.6978271915451377     
         515   3.4333330000000002       0.10000000000000001       -2.6987598075378361     
         516   3.4666670000000002       0.10000000000000001       -2.6978142815594182     
         517   3.5000000000000000       0.10000000000000001       -2.6999351269737129     
         518   3.5333329999999998       0.10000000000000001       -2.6950006641043163     
         519   3.5666669999999998       0.10000000000000001       -2.6890219404636766     
         520   3.6000000000000001       0.10000000000000001       -2.6851363430440949     
         521   3.6333329999999999       0.10000000000000001       -2.6921956035153491     
         522   3.6666669999999999       0.10000000000000001       -2.7013827290977717     
         523   3.7000000000000002       0.10000000000000001       -2.7033986070146994     
         524   3.7333330000000000       0.10000000000000001       -2.7002568836320435     
         525   3.7666670000000000       0.10000000000000001       -2.7021283132475684     
         526   3.7999999999999998       0.10000000000000001       -2.7020578212692192     
         527   3.8333330000000001       0.10000000000000001       -2.7024838665914386     
         528   3.8666670000000001       0.10000000000000001       -2.7019431093425856     
         529   3.8999999999999999       0.10000000000000001       -2.6993523563544839     
         530   3.9333330000000002       0.10000000000000001       -2.7012199279944435     
         531   3.9666670000000002       0.10000000000000001       -2.6986450816150791     
         532   4.0000000000000000       0.10000000000000001       -2.6979676922318552     
         533   4.0333329999999998       0.10000000000000001       -2.6982552320202258     
         534   4.0666669999999998       0.10000000000000001       -2.7012818872265170     
         535   4.0999999999999996       0.10000000000000001       -2.7005471710132487     
         536   4.1333330000000004       0.10000000000000001       -2.6983369322690804     
         537   4.1666670000000003       0.10000000000000001       -2.6946483908935410     
         538   4.2000000000000002       0.10000000000000001       -2.6986250655921347     
         539   4.2333330000000000       0.10000000000000001       -2.7013589070331805     
         540   4.2666670000000000       0.10000000000000001       -2.7001064706938078     
         541   4.2999999999999998       0.10000000000000001       -2.7033385847723888     
         542   4.3333329999999997       0.10000000000000001       -2.7042802189858119     
         543   4.3666669999999996       0.10000000000000001       -2.7039126769904738     
         544   4.4000000000000004       0.10000000000000001       -2.7032888134527640     
         545   4.4333330000000002       0.10000000000000001       -2.7007379003081398     
         546   4.4666670000000002       0.10000000000000001       -2.6959386109351873     
         547   4.5000000000000000       0.10000000000000001       -2.6972751050878139     
         548   4.5333329999999998       0.10000000000000001       -2.6971651201098337     
         549   4.5666669999999998       0.10000000000000001       -2.7018389795371083     
         550   4.5999999999999996       0.10000000000000001       -2.7019678084856085     
         551   4.6333330000000004       0.10000000000000001       -2.6977352665168026     
         552   4.6666670000000003       0.10000000000000001       -2.6929224818145787     
         553   4.7000000000000002       0.10000000000000001       -2.6960988049066370     
         554   4.7333330000000000       0.10000000000000001       -2.6993835211690729     
         555   4.7666670000000000       0.10000000000000001       -2.7010582178215086     
         556   4.7999999999999998       0.10000000000000001       -2.7030328501147487     
         557   4.8333329999999997       0.10000000000000001       -2.7004172355426297     
         558   4.8666669999999996       0.10000000000000001       -2.7031023456487375     
         559   4.9000000000000004       0.10000000000000001       -2.7027713937275544     
         560   4.9333330000000002       0.10000000000000001       -2.6891084374268894     
         561   4.9666670000000002       0.10000000000000001       -2.6648377860122467     
         562   5.0000000000000000       0.10000000000000001       -2.6412593232792481     
         563   0.0000000000000000       0.13333300000000001        0.0000000000000000     
         564   3.3333000000000002E-002  0.13333300000000001       -1.9002854143675807     
         565   6.6667000000000004E-002  0.13333300000000001       -3.3449360848368554     
         566  0.10000000000000001       0.13333300000000001       -4.1939519702014989     
         567  0.13333300000000001       0.13333300000000001       -4.5562705291843439     
         568  0.16666700000000001       0.13333300000000001       -4.6017672816494137     
         569  0.20000000000000001       0.13333300000000001       -4.4593046708513997     
         570  0.23333300000000001       0.13333300000000001       -4.2255257682403462     
         571  0.26666699999999999       0.13333300000000001       -3.9524765705961977     
         572  0.29999999999999999       0.13333300000000001       -3.6662230778795424     
         573  0.33333299999999999       0.13333300000000001       -3.3890036871576301     
         574  0.36666700000000002       0.13333300000000001       -3.1280427975854419     
         575  0.40000000000000002       0.13333300000000001       -2.8830951353048428     
         576  0.43333300000000002       0.13333300000000001       -2.6568850484300754     
         577  0.46666700000000000       0.13333300000000001       -2.4454505043899628     
         578  0.50000000000000000       0.13333300000000001       -2.2473560548719949     
         579  0.53333299999999995       0.13333300000000001       -2.0610021225330581     
         580  0.56666700000000003       0.13333300000000001       -1.8861845964477812     
         581  0.59999999999999998       0.13333300000000001       -1.7206562398672058     
         582  0.63333300000000003       0.13333300000000001       -1.5655487408642903     
         583  0.66666700000000001       0.13333300000000001       -1.4191875742996012     
         584  0.69999999999999996       0.13333300000000001       -1.2793935034232597     
         585  0.73333300000000001       0.13333300000000001       -1.1440430124141665     
         586  0.76666699999999999       0.13333300000000001       -1.0109925751465934     
         587  0.80000000000000004       0.13333300000000001      -0.87740927367677168     
         588  0.83333299999999999       0.13333300000000001      -0.73817938563573915     
         589  0.86666699999999997       0.13333300000000001      -0.58704771974789227     
         590  0.90000000000000002       0.13333300000000001      -0.41689961837561068     
         591  0.93333299999999997       0.13333300000000001      -0.22052150611941762     
         592  0.96666700000000005       0.13333300000000001        8.3048915146188979E-003
         593   1.0000000000000000       0.13333300000000001       0.27176542220441446     
         594   1.5000000000000000       0.13333300000000001       0.39893313486543586     
         595   1.5333330000000001       0.13333300000000001       0.21878885193167866     
         596   1.5666670000000000       0.13333300000000001        4.7612759652597827E-002
         597   1.6000000000000001       0.13333300000000001      -0.10895636436866413     
         598   1.6333329999999999       0.13333300000000001      -0.24842053324326885     
         599   1.6666669999999999       0.13333300000000001      -0.37113010673474156     
         600   1.7000000000000000       0.13333300000000001      -0.47960635770000148     
         601   1.7333330000000000       0.13333300000000001      -0.57727488847992714     
         602   1.7666670000000000       0.13333300000000001      -0.66747008742146641     
         603   1.8000000000000000       0.13333300000000001      -0.75310512671426655     
         604   1.8333330000000001       0.13333300000000001      -0.83666168400182450     
         605   1.8666670000000001       0.13333300000000001      -0.91952430600424040     
         606   1.8999999999999999       0.13333300000000001       -1.0023774897922495     
         607   1.9333330000000000       0.13333300000000001       -1.0851254652216404     
         608   1.9666669999999999       0.13333300000000001       -1.1677848371250643     
         609   2.0000000000000000       0.13333300000000001       -1.2507509116485185     
         610   2.0333329999999998       0.13333300000000001       -1.3338758665098802     
         611   2.0666669999999998       0.13333300000000001       -1.4163167932342391     
         612   2.1000000000000001       0.13333300000000001       -1.4969968302932475     
         613   2.1333329999999999       0.13333300000000001       -1.5760815703644944     
         614   2.1666669999999999       0.13333300000000001       -1.6521870961943876     
         615   2.2000000000000002       0.13333300000000001       -1.7251327642374190     
         616   2.2333330000000000       0.13333300000000001       -1.7946310026119789     
         617   2.2666670000000000       0.13333300000000001       -1.8604022807584371     
         618   2.2999999999999998       0.13333300000000001       -1.9223011045601279     
         619   2.3333330000000001       0.13333300000000001       -1.9807919570779986     
         620   2.3666670000000001       0.13333300000000001       -2.0362771936481159     
         621   2.3999999999999999       0.13333300000000001       -2.0880605643011436     
         622   2.4333330000000002       0.13333300000000001       -2.1356776515391593     
         623   2.4666670000000002       0.13333300000000001       -2.1806364440813897     
         624   2.5000000000000000       0.13333300000000001       -2.2219667165131489     
         625   2.5333329999999998       0.13333300000000001       -2.2605623432237296     
         626   2.5666669999999998       0.13333300000000001       -2.2959684741351953     
         627   2.6000000000000001       0.13333300000000001       -2.3276958080098931     
         628   2.6333329999999999       0.13333300000000001       -2.3572493930709895     
         629   2.6666669999999999       0.13333300000000001       -2.3829437666980415     
         630   2.7000000000000002       0.13333300000000001       -2.4049648526047362     
         631   2.7333330000000000       0.13333300000000001       -2.4257177791551285     
         632   2.7666670000000000       0.13333300000000001       -2.4444409286635658     
         633   2.7999999999999998       0.13333300000000001       -2.4617998899738471     
         634   2.8333330000000001       0.13333300000000001       -2.4789854317416808     
         635   2.8666670000000001       0.13333300000000001       -2.4951217520508688     
         636   2.8999999999999999       0.13333300000000001       -2.5081843627829681     
         637   2.9333330000000002       0.13333300000000001       -2.5191142281392449     
         638   2.9666670000000002       0.13333300000000001       -2.5279530590064470     
         639   3.0000000000000000       0.13333300000000001       -2.5366197476981509     
         640   3.0333329999999998       0.13333300000000001       -2.5457307793542490     
         641   3.0666669999999998       0.13333300000000001       -2.5537679617992914     
         642   3.1000000000000001       0.13333300000000001       -2.5581905454229439     
         643   3.1333329999999999       0.13333300000000001       -2.5612869702885899     
         644   3.1666669999999999       0.13333300000000001       -2.5659529518624415     
         645   3.2000000000000002       0.13333300000000001       -2.5707354868404457     
         646   3.2333330000000000       0.13333300000000001       -2.5753923610055733     
         647   3.2666670000000000       0.13333300000000001       -2.5787386172755928     
         648   3.2999999999999998       0.13333300000000001       -2.5826562134198201     
         649   3.3333330000000001       0.13333300000000001       -2.5872627456092507     
         650   3.3666670000000001       0.13333300000000001       -2.5916186031707293     
         651   3.3999999999999999       0.13333300000000001       -2.5937389433675904     
         652   3.4333330000000002       0.13333300000000001       -2.5949573969016648     
         653   3.4666670000000002       0.13333300000000001       -2.5952904950993614     
         654   3.5000000000000000       0.13333300000000001       -2.5955226086882925     
         655   3.5333329999999998       0.13333300000000001       -2.5936566719242955     
         656   3.5666669999999998       0.13333300000000001       -2.5913545025269680     
         657   3.6000000000000001       0.13333300000000001       -2.5905751756694357     
         658   3.6333329999999999       0.13333300000000001       -2.5935315315123750     
         659   3.6666669999999999       0.13333300000000001       -2.5975946969313499     
         660   3.7000000000000002       0.13333300000000001       -2.5995237383371941     
         661   3.7333330000000000       0.13333300000000001       -2.5995989769310817     
         662   3.7666670000000000       0.13333300000000001       -2.6003120081955329     
         663   3.7999999999999998       0.13333300000000001       -2.6006145087582691     
         664   3.8333330000000001       0.13333300000000001       -2.6007783334423222     
         665   3.8666670000000001       0.13333300000000001       -2.6004789336575294     
         666   3.8999999999999999       0.13333300000000001       -2.5997051764882046     
         667   3.9333330000000002       0.13333300000000001       -2.5997507418389532     
         668   3.9666670000000002       0.13333300000000001       -2.5989576420451246     
         669   4.0000000000000000       0.13333300000000001       -2.5986041767636623     
         670   4.0333329999999998       0.13333300000000001       -2.5988124532449954     
         671   4.0666669999999998       0.13333300000000001       -2.5996246567199566     
         672   4.0999999999999996       0.13333300000000001       -2.5994101590909691     
         673   4.1333330000000004       0.13333300000000001       -2.5985128468112046     
         674   4.1666670000000003       0.13333300000000001       -2.5976272994950649     
         675   4.2000000000000002       0.13333300000000001       -2.5988346355144545     
         676   4.2333330000000000       0.13333300000000001       -2.6001057069297642     
         677   4.2666670000000000       0.13333300000000001       -2.6005503902589080     
         678   4.2999999999999998       0.13333300000000001       -2.6017716392628611     
         679   4.3333329999999997       0.13333300000000001       -2.6023778617478484     
         680   4.3666669999999996       0.13333300000000001       -2.6022624996999317     
         681   4.4000000000000004       0.13333300000000001       -2.6016115002374973     
         682   4.4333330000000002       0.13333300000000001       -2.6001686790343133     
         683   4.4666670000000002       0.13333300000000001       -2.5983504467270011     
         684   4.5000000000000000       0.13333300000000001       -2.5982076479729903     
         685   4.5333329999999998       0.13333300000000001       -2.5984675861320858     
         686   4.5666669999999998       0.13333300000000001       -2.5997465442355758     
         687   4.5999999999999996       0.13333300000000001       -2.5996489311969291     
         688   4.6333330000000004       0.13333300000000001       -2.5979997177236380     
         689   4.6666670000000003       0.13333300000000001       -2.5964049513907215     
         690   4.7000000000000002       0.13333300000000001       -2.5971672873450484     
         691   4.7333330000000000       0.13333300000000001       -2.5985386812090971     
         692   4.7666670000000000       0.13333300000000001       -2.5995205712116949     
         693   4.7999999999999998       0.13333300000000001       -2.6000361291081666     
         694   4.8333329999999997       0.13333300000000001       -2.5991632678219188     
         695   4.8666669999999996       0.13333300000000001       -2.5985352009100873     
         696   4.9000000000000004       0.13333300000000001       -2.5955711921660387     
         697   4.9333330000000002       0.13333300000000001       -2.5874205603898166     
         698   4.9666670000000002       0.13333300000000001       -2.5760320713567912     
         699   5.0000000000000000       0.13333300000000001       -2.5684882831130564     
         700   0.0000000000000000       0.16666700000000001        0.0000000000000000     
         701   3.3333000000000002E-002  0.16666700000000001       -1.2806265422177945     
         702   6.6667000000000004E-002  0.16666700000000001       -2.3656435086306398     
         703  0.10000000000000001       0.16666700000000001       -3.1230570882469775     
         704  0.13333300000000001       0.16666700000000001       -3.5659402929275608     
         705  0.16666700000000001       0.16666700000000001       -3.7604016729092802     
         706  0.20000000000000001       0.16666700000000001       -3.7790816846646909     
         707  0.23333300000000001       0.16666700000000001       -3.6916030027241056     
         708  0.26666699999999999       0.16666700000000001       -3.5399276080996178     
         709  0.29999999999999999       0.16666700000000001       -3.3570415264624636     
         710  0.33333299999999999       0.16666700000000001       -3.1599942689412419     
         711  0.36666700000000002       0.16666700000000001       -2.9628109624998684     
         712  0.40000000000000002       0.16666700000000001       -2.7722202357690033     
         713  0.43333300000000002       0.16666700000000001       -2.5890232289507571     
         714  0.46666700000000000       0.16666700000000001       -2.4159347337972576     
         715  0.50000000000000000       0.16666700000000001       -2.2526234000224816     
         716  0.53333299999999995       0.16666700000000001       -2.0991926113749884     
         717  0.56666700000000003       0.16666700000000001       -1.9547831390734427     
         718  0.59999999999999998       0.16666700000000001       -1.8195370542756448     
         719  0.63333300000000003       0.16666700000000001       -1.6924900420920308     
         720  0.66666700000000001       0.16666700000000001       -1.5725442875022990     
         721  0.69999999999999996       0.16666700000000001       -1.4570622420685506     
         722  0.73333300000000001       0.16666700000000001       -1.3430856778443276     
         723  0.76666699999999999       0.16666700000000001       -1.2263605286785393     
         724  0.80000000000000004       0.16666700000000001       -1.1014630791503854     
         725  0.83333299999999999       0.16666700000000001      -0.96109947057208145     
         726  0.86666699999999997       0.16666700000000001      -0.79631878644558185     
         727  0.90000000000000002       0.16666700000000001      -0.59761616349917523     
         728  0.93333299999999997       0.16666700000000001      -0.35575249073150389     
         729  0.96666700000000005       0.16666700000000001       -6.2388436611897739E-002
         730   1.0000000000000000       0.16666700000000001       0.29478490579083522     
         731   1.5000000000000000       0.16666700000000001       0.54628884004989953     
         732   1.5333330000000001       0.16666700000000001       0.26505639023514649     
         733   1.5666670000000000       0.16666700000000001        1.0697924142481184E-002
         734   1.6000000000000001       0.16666700000000001      -0.21436089516214962     
         735   1.6333329999999999       0.16666700000000001      -0.40788411389687790     
         736   1.6666669999999999       0.16666700000000001      -0.57074686542521480     
         737   1.7000000000000000       0.16666700000000001      -0.70639877611411206     
         738   1.7333330000000000       0.16666700000000001      -0.81975142197972595     
         739   1.7666670000000000       0.16666700000000001      -0.91579645079034644     
         740   1.8000000000000000       0.16666700000000001      -0.99937458031083970     
         741   1.8333330000000001       0.16666700000000001       -1.0742904511267510     
         742   1.8666670000000001       0.16666700000000001       -1.1437787269534372     
         743   1.8999999999999999       0.16666700000000001       -1.2097158110935669     
         744   1.9333330000000000       0.16666700000000001       -1.2736010799805249     
         745   1.9666669999999999       0.16666700000000001       -1.3362547396454247     
         746   2.0000000000000000       0.16666700000000001       -1.3984437403171979     
         747   2.0333329999999998       0.16666700000000001       -1.4603940544183118     
         748   2.0666669999999998       0.16666700000000001       -1.5219909951562571     
         749   2.1000000000000001       0.16666700000000001       -1.5827399195235194     
         750   2.1333329999999999       0.16666700000000001       -1.6424774244289235     
         751   2.1666669999999999       0.16666700000000001       -1.7008261060934047     
         752   2.2000000000000002       0.16666700000000001       -1.7571606907702269     
         753   2.2333330000000000       0.16666700000000001       -1.8115727592540283     
         754   2.2666670000000000       0.16666700000000001       -1.8635527039130568     
         755   2.2999999999999998       0.16666700000000001       -1.9130406531310684     
         756   2.3333330000000001       0.16666700000000001       -1.9603601739841265     
         757   2.3666670000000001       0.16666700000000001       -2.0052437055975099     
         758   2.3999999999999999       0.16666700000000001       -2.0475100641063868     
         759   2.4333330000000002       0.16666700000000001       -2.0872798818144926     
         760   2.4666670000000002       0.16666700000000001       -2.1246302157322341     
         761   2.5000000000000000       0.16666700000000001       -2.1593668881658039     
         762   2.5333329999999998       0.16666700000000001       -2.1919360866804030     
         763   2.5666669999999998       0.16666700000000001       -2.2219400013112676     
         764   2.6000000000000001       0.16666700000000001       -2.2493524656320965     
         765   2.6333329999999999       0.16666700000000001       -2.2745948658222419     
         766   2.6666669999999999       0.16666700000000001       -2.2971538125557212     
         767   2.7000000000000002       0.16666700000000001       -2.3174104515698759     
         768   2.7333330000000000       0.16666700000000001       -2.3359704874234541     
         769   2.7666670000000000       0.16666700000000001       -2.3529271939500456     
         770   2.7999999999999998       0.16666700000000001       -2.3687803093209192     
         771   2.8333330000000001       0.16666700000000001       -2.3836499536591855     
         772   2.8666670000000001       0.16666700000000001       -2.3974367961665242     
         773   2.8999999999999999       0.16666700000000001       -2.4093774974385118     
         774   2.9333330000000002       0.16666700000000001       -2.4197138633406450     
         775   2.9666670000000002       0.16666700000000001       -2.4286678803398298     
         776   3.0000000000000000       0.16666700000000001       -2.4369648664076928     
         777   3.0333329999999998       0.16666700000000001       -2.4447715305511801     
         778   3.0666669999999998       0.16666700000000001       -2.4515621725364549     
         779   3.1000000000000001       0.16666700000000001       -2.4567778332533048     
         780   3.1333329999999999       0.16666700000000001       -2.4611176081439732     
         781   3.1666669999999999       0.16666700000000001       -2.4655052240189193     
         782   3.2000000000000002       0.16666700000000001       -2.4698735521501973     
         783   3.2333330000000000       0.16666700000000001       -2.4740048831708781     
         784   3.2666670000000000       0.16666700000000001       -2.4776686521684086     
         785   3.2999999999999998       0.16666700000000001       -2.4813387634161912     
         786   3.3333330000000001       0.16666700000000001       -2.4850093383912175     
         787   3.3666670000000001       0.16666700000000001       -2.4883067351814625     
         788   3.3999999999999999       0.16666700000000001       -2.4905783460376139     
         789   3.4333330000000002       0.16666700000000001       -2.4920649386981677     
         790   3.4666670000000002       0.16666700000000001       -2.4928706201273436     
         791   3.5000000000000000       0.16666700000000001       -2.4931801873922788     
         792   3.5333329999999998       0.16666700000000001       -2.4927135726964265     
         793   3.5666669999999998       0.16666700000000001       -2.4921103055077620     
         794   3.6000000000000001       0.16666700000000001       -2.4922907849336546     
         795   3.6333329999999999       0.16666700000000001       -2.4938784054865777     
         796   3.6666669999999999       0.16666700000000001       -2.4960075633073733     
         797   3.7000000000000002       0.16666700000000001       -2.4975170133023425     
         798   3.7333330000000000       0.16666700000000001       -2.4982899008644028     
         799   3.7666670000000000       0.16666700000000001       -2.4989212379649541     
         800   3.7999999999999998       0.16666700000000001       -2.4993227059260472     
         801   3.8333330000000001       0.16666700000000001       -2.4995250027993499     
         802   3.8666670000000001       0.16666700000000001       -2.4994685335288307     
         803   3.8999999999999999       0.16666700000000001       -2.4992315866239245     
         804   3.9333330000000002       0.16666700000000001       -2.4991087918212802     
         805   3.9666670000000002       0.16666700000000001       -2.4988220041943205     
         806   4.0000000000000000       0.16666700000000001       -2.4986742209949124     
         807   4.0333329999999998       0.16666700000000001       -2.4987607525527875     
         808   4.0666669999999998       0.16666700000000001       -2.4990025184552995     
         809   4.0999999999999996       0.16666700000000001       -2.4989443594020457     
         810   4.1333330000000004       0.16666700000000001       -2.4986569148092634     
         811   4.1666670000000003       0.16666700000000001       -2.4985046858143369     
         812   4.2000000000000002       0.16666700000000001       -2.4990079495252395     
         813   4.2333330000000000       0.16666700000000001       -2.4996913634320417     
         814   4.2666670000000000       0.16666700000000001       -2.5002332423757143     
         815   4.2999999999999998       0.16666700000000001       -2.5008547218877557     
         816   4.3333329999999997       0.16666700000000001       -2.5011991594287415     
         817   4.3666669999999996       0.16666700000000001       -2.5011400453338468     
         818   4.4000000000000004       0.16666700000000001       -2.5007028049083746     
         819   4.4333330000000002       0.16666700000000001       -2.4999133888574328     
         820   4.4666670000000002       0.16666700000000001       -2.4990625412426919     
         821   4.5000000000000000       0.16666700000000001       -2.4987465846978165     
         822   4.5333329999999998       0.16666700000000001       -2.4987713253756607     
         823   4.5666669999999998       0.16666700000000001       -2.4990336752381808     
         824   4.5999999999999996       0.16666700000000001       -2.4988587292640938     
         825   4.6333330000000004       0.16666700000000001       -2.4981602744185651     
         826   4.6666670000000003       0.16666700000000001       -2.4975246031288796     
         827   4.7000000000000002       0.16666700000000001       -2.4976471661388615     
         828   4.7333330000000000       0.16666700000000001       -2.4981230997253334     
         829   4.7666670000000000       0.16666700000000001       -2.4984642600197549     
         830   4.7999999999999998       0.16666700000000001       -2.4984129623530738     
         831   4.8333329999999997       0.16666700000000001       -2.4976467150298740     
         832   4.8666669999999996       0.16666700000000001       -2.4962629384757413     
         833   4.9000000000000004       0.16666700000000001       -2.4934678909310772     
         834   4.9333330000000002       0.16666700000000001       -2.4886505844693168     
         835   4.9666670000000002       0.16666700000000001       -2.4831843958176512     
         836   5.0000000000000000       0.16666700000000001       -2.4803368761744262     
         837   0.0000000000000000       0.20000000000000001        0.0000000000000000     
         838   3.3333000000000002E-002  0.20000000000000001      -0.91095136727830783     
         839   6.6667000000000004E-002  0.20000000000000001       -1.7348739043323553     
         840  0.10000000000000001       0.20000000000000001       -2.3804728373236186     
         841  0.13333300000000001       0.20000000000000001       -2.8213324636413324     
         842  0.16666700000000001       0.20000000000000001       -3.0797637000648641     
         843  0.20000000000000001       0.20000000000000001       -3.1946213552503346     
         844  0.23333300000000001       0.20000000000000001       -3.2069429871409798     
         845  0.26666699999999999       0.20000000000000001       -3.1483079889301164     
         846  0.29999999999999999       0.20000000000000001       -3.0470902224597225     
         847  0.33333299999999999       0.20000000000000001       -2.9219678820464976     
         848  0.36666700000000002       0.20000000000000001       -2.7855358286140146     
         849  0.40000000000000002       0.20000000000000001       -2.6448500232703860     
         850  0.43333300000000002       0.20000000000000001       -2.5063868511775418     
         851  0.46666700000000000       0.20000000000000001       -2.3720988135555450     
         852  0.50000000000000000       0.20000000000000001       -2.2446654768006318     
         853  0.53333299999999995       0.20000000000000001       -2.1243965278059829     
         854  0.56666700000000003       0.20000000000000001       -2.0124914962392788     
         855  0.59999999999999998       0.20000000000000001       -1.9083720768443218     
         856  0.63333300000000003       0.20000000000000001       -1.8116387457691756     
         857  0.66666700000000001       0.20000000000000001       -1.7207346130798691     
         858  0.69999999999999996       0.20000000000000001       -1.6330998165539325     
         859  0.73333300000000001       0.20000000000000001       -1.5448891688838351     
         860  0.76666699999999999       0.20000000000000001       -1.4501544018704486     
         861  0.80000000000000004       0.20000000000000001       -1.3413918864783421     
         862  0.83333299999999999       0.20000000000000001       -1.2085818245960713     
         863  0.86666699999999997       0.20000000000000001       -1.0396510913186410     
         864  0.90000000000000002       0.20000000000000001      -0.82151493915982998     
         865  0.93333299999999997       0.20000000000000001      -0.54245128402553100     
         866  0.96666700000000005       0.20000000000000001      -0.19686007851535595     
         867   1.0000000000000000       0.20000000000000001       0.19974714520082976     
         868   1.5000000000000000       0.20000000000000001       0.65220244930006754     
         869   1.5333330000000001       0.20000000000000001       0.28449293206875759     
         870   1.5666670000000000       0.20000000000000001       -5.5482993353625429E-002
         871   1.6000000000000001       0.20000000000000001      -0.35129239801456991     
         872   1.6333329999999999       0.20000000000000001      -0.59800266107754996     
         873   1.6666669999999999       0.20000000000000001      -0.79746579195243383     
         874   1.7000000000000000       0.20000000000000001      -0.95537420743768176     
         875   1.7333330000000000       0.20000000000000001       -1.0791280819213589     
         876   1.7666670000000000       0.20000000000000001       -1.1763155353317865     
         877   1.8000000000000000       0.20000000000000001       -1.2536471102781293     
         878   1.8333330000000001       0.20000000000000001       -1.3170332205907003     
         879   1.8666670000000001       0.20000000000000001       -1.3709992673504592     
         880   1.8999999999999999       0.20000000000000001       -1.4188808307382339     
         881   1.9333330000000000       0.20000000000000001       -1.4629956818134515     
         882   1.9666669999999999       0.20000000000000001       -1.5051618736919634     
         883   2.0000000000000000       0.20000000000000001       -1.5464647005233305     
         884   2.0333329999999998       0.20000000000000001       -1.5876398048365974     
         885   2.0666669999999998       0.20000000000000001       -1.6288136951969960     
         886   2.1000000000000001       0.20000000000000001       -1.6700576927569719     
         887   2.1333329999999999       0.20000000000000001       -1.7112470857491136     
         888   2.1666669999999999       0.20000000000000001       -1.7520602693064304     
         889   2.2000000000000002       0.20000000000000001       -1.7923675827002603     
         890   2.2333330000000000       0.20000000000000001       -1.8317713180006630     
         891   2.2666670000000000       0.20000000000000001       -1.8700923018161906     
         892   2.2999999999999998       0.20000000000000001       -1.9073799066492692     
         893   2.3333330000000001       0.20000000000000001       -1.9432642210392530     
         894   2.3666670000000001       0.20000000000000001       -1.9777474822053527     
         895   2.3999999999999999       0.20000000000000001       -2.0108653116618562     
         896   2.4333330000000002       0.20000000000000001       -2.0421866711870265     
         897   2.4666670000000002       0.20000000000000001       -2.0720594406171968     
         898   2.5000000000000000       0.20000000000000001       -2.1002231328356000     
         899   2.5333329999999998       0.20000000000000001       -2.1266395093172847     
         900   2.5666669999999998       0.20000000000000001       -2.1512241694767011     
         901   2.6000000000000001       0.20000000000000001       -2.1741150816055086     
         902   2.6333329999999999       0.20000000000000001       -2.1952460985830520     
         903   2.6666669999999999       0.20000000000000001       -2.2145545964658853     
         904   2.7000000000000002       0.20000000000000001       -2.2320707053590012     
         905   2.7333330000000000       0.20000000000000001       -2.2483038283077121     
         906   2.7666670000000000       0.20000000000000001       -2.2632200062484200     
         907   2.7999999999999998       0.20000000000000001       -2.2770824440587112     
         908   2.8333330000000001       0.20000000000000001       -2.2900288743451900     
         909   2.8666670000000001       0.20000000000000001       -2.3018915426987001     
         910   2.8999999999999999       0.20000000000000001       -2.3125412702368302     
         911   2.9333330000000002       0.20000000000000001       -2.3219994704943065     
         912   2.9666670000000002       0.20000000000000001       -2.3304205938647282     
         913   3.0000000000000000       0.20000000000000001       -2.3380359779390516     
         914   3.0333329999999998       0.20000000000000001       -2.3450259619527212     
         915   3.0666669999999998       0.20000000000000001       -2.3512001356898340     
         916   3.1000000000000001       0.20000000000000001       -2.3564151410060998     
         917   3.1333329999999999       0.20000000000000001       -2.3609937706774597     
         918   3.1666669999999999       0.20000000000000001       -2.3652811685425825     
         919   3.2000000000000002       0.20000000000000001       -2.3693542807335439     
         920   3.2333330000000000       0.20000000000000001       -2.3731953247652156     
         921   3.2666670000000000       0.20000000000000001       -2.3767465236978023     
         922   3.2999999999999998       0.20000000000000001       -2.3801047915016680     
         923   3.3333330000000001       0.20000000000000001       -2.3832883704237515     
         924   3.3666670000000001       0.20000000000000001       -2.3860841863322189     
         925   3.3999999999999999       0.20000000000000001       -2.3882825121408819     
         926   3.4333330000000002       0.20000000000000001       -2.3898888749075562     
         927   3.4666670000000002       0.20000000000000001       -2.3909714330564005     
         928   3.5000000000000000       0.20000000000000001       -2.3916181601111255     
         929   3.5333329999999998       0.20000000000000001       -2.3918858648211394     
         930   3.5666669999999998       0.20000000000000001       -2.3920891021610733     
         931   3.6000000000000001       0.20000000000000001       -2.3926302215036519     
         932   3.6333329999999999       0.20000000000000001       -2.3937348382585664     
         933   3.6666669999999999       0.20000000000000001       -2.3951027888627769     
         934   3.7000000000000002       0.20000000000000001       -2.3962803065329075     
         935   3.7333330000000000       0.20000000000000001       -2.3971355124999043     
         936   3.7666670000000000       0.20000000000000001       -2.3977898745119757     
         937   3.7999999999999998       0.20000000000000001       -2.3982484215646780     
         938   3.8333330000000001       0.20000000000000001       -2.3985303195631404     
         939   3.8666670000000001       0.20000000000000001       -2.3986487994303558     
         940   3.8999999999999999       0.20000000000000001       -2.3986469378346817     
         941   3.9333330000000002       0.20000000000000001       -2.3986128269720459     
         942   3.9666670000000002       0.20000000000000001       -2.3985387356289016     
         943   4.0000000000000000       0.20000000000000001       -2.3985143587552620     
         944   4.0333329999999998       0.20000000000000001       -2.3985721280055596     
         945   4.0666669999999998       0.20000000000000001       -2.3986775318953901     
         946   4.0999999999999996       0.20000000000000001       -2.3987036336275853     
         947   4.1333330000000004       0.20000000000000001       -2.3986741080186209     
         948   4.1666670000000003       0.20000000000000001       -2.3987284912413007     
         949   4.2000000000000002       0.20000000000000001       -2.3990214589555823     
         950   4.2333330000000000       0.20000000000000001       -2.3994434577146770     
         951   4.2666670000000000       0.20000000000000001       -2.3998513873853300     
         952   4.2999999999999998       0.20000000000000001       -2.4002257319149352     
         953   4.3333329999999997       0.20000000000000001       -2.4004301986405499     
         954   4.3666669999999996       0.20000000000000001       -2.4003963915320301     
         955   4.4000000000000004       0.20000000000000001       -2.4001358612215142     
         956   4.4333330000000002       0.20000000000000001       -2.3996969501470318     
         957   4.4666670000000002       0.20000000000000001       -2.3992290254161346     
         958   4.5000000000000000       0.20000000000000001       -2.3989446766062765     
         959   4.5333329999999998       0.20000000000000001       -2.3988303337652237     
         960   4.5666669999999998       0.20000000000000001       -2.3987799114940929     
         961   4.5999999999999996       0.20000000000000001       -2.3985869065828935     
         962   4.6333330000000004       0.20000000000000001       -2.3982178352585404     
         963   4.6666670000000003       0.20000000000000001       -2.3978866381002186     
         964   4.7000000000000002       0.20000000000000001       -2.3978049697690924     
         965   4.7333330000000000       0.20000000000000001       -2.3978557254427404     
         966   4.7666670000000000       0.20000000000000001       -2.3978171075013215     
         967   4.7999999999999998       0.20000000000000001       -2.3974922614929728     
         968   4.8333329999999997       0.20000000000000001       -2.3967058713599019     
         969   4.8666669999999996       0.20000000000000001       -2.3953674544445596     
         970   4.9000000000000004       0.20000000000000001       -2.3932439553853060     
         971   4.9333330000000002       0.20000000000000001       -2.3903903809895350     
         972   4.9666670000000002       0.20000000000000001       -2.3876052150471967     
         973   5.0000000000000000       0.20000000000000001       -2.3863597796802480     
         974   0.0000000000000000       0.23333300000000001        0.0000000000000000     
         975   3.3333000000000002E-002  0.23333300000000001      -0.67748086113871853     
         976   6.6667000000000004E-002  0.23333300000000001       -1.3153363806421050     
         977  0.10000000000000001       0.23333300000000001       -1.8552833329328975     
         978  0.13333300000000001       0.23333300000000001       -2.2627941838384298     
         979  0.16666700000000001       0.23333300000000001       -2.5397498039751958     
         980  0.20000000000000001       0.23333300000000001       -2.7043165197896770     
         981  0.23333300000000001       0.23333300000000001       -2.7797978452756920     
         982  0.26666699999999999       0.23333300000000001       -2.7894552685312406     
         983  0.29999999999999999       0.23333300000000001       -2.7535538269847359     
         984  0.33333299999999999       0.23333300000000001       -2.6875226723482069     
         985  0.36666700000000002       0.23333300000000001       -2.6032727587901010     
         986  0.40000000000000002       0.23333300000000001       -2.5097927592127069     
         987  0.43333300000000002       0.23333300000000001       -2.4128599632725578     
         988  0.46666700000000000       0.23333300000000001       -2.3170536573968352     
         989  0.50000000000000000       0.23333300000000001       -2.2252974901217852     
         990  0.53333299999999995       0.23333300000000001       -2.1393371194313562     
         991  0.56666700000000003       0.23333300000000001       -2.0600296536894387     
         992  0.59999999999999998       0.23333300000000001       -1.9885125073983818     
         993  0.63333300000000003       0.23333300000000001       -1.9240470147284980     
         994  0.66666700000000001       0.23333300000000001       -1.8655338230076621     
         995  0.69999999999999996       0.23333300000000001       -1.8100932611588505     
         996  0.73333300000000001       0.23333300000000001       -1.7535863643302014     
         997  0.76666699999999999       0.23333300000000001       -1.6887022418182687     
         998  0.80000000000000004       0.23333300000000001       -1.6062720471063645     
         999  0.83333299999999999       0.23333300000000001       -1.4927676616339294     
        1000  0.86666699999999997       0.23333300000000001       -1.3325742341062670     
        1001  0.90000000000000002       0.23333300000000001       -1.1064586316074305     
        1002  0.93333299999999997       0.23333300000000001      -0.79572081829631014     
        1003  0.96666700000000005       0.23333300000000001      -0.38235284091627370     
        1004   1.0000000000000000       0.23333300000000001       0.15838787656222070     
        1005   1.5000000000000000       0.23333300000000001       0.77189738085678572     
        1006   1.5333330000000001       0.23333300000000001       0.27624314707712783     
        1007   1.5666670000000000       0.23333300000000001      -0.16583567597932239     
        1008   1.6000000000000001       0.23333300000000001      -0.53739478157572373     
        1009   1.6333329999999999       0.23333300000000001      -0.83539394796934219     
        1010   1.6666669999999999       0.23333300000000001       -1.0656038205057867     
        1011   1.7000000000000000       0.23333300000000001       -1.2382716437556942     
        1012   1.7333330000000000       0.23333300000000001       -1.3646524548087602     
        1013   1.7666670000000000       0.23333300000000001       -1.4558205794127739     
        1014   1.8000000000000000       0.23333300000000001       -1.5211817535741687     
        1015   1.8333330000000001       0.23333300000000001       -1.5685463773728388     
        1016   1.8666670000000001       0.23333300000000001       -1.6035687654856716     
        1017   1.8999999999999999       0.23333300000000001       -1.6308677051972351     
        1018   1.9333330000000000       0.23333300000000001       -1.6538144803059756     
        1019   1.9666669999999999       0.23333300000000001       -1.6745296900549258     
        1020   2.0000000000000000       0.23333300000000001       -1.6945462542684637     
        1021   2.0333329999999998       0.23333300000000001       -1.7147643118701479     
        1022   2.0666669999999998       0.23333300000000001       -1.7357742001822603     
        1023   2.1000000000000001       0.23333300000000001       -1.7578208353164291     
        1024   2.1333329999999999       0.23333300000000001       -1.7807467904712049     
        1025   2.1666669999999999       0.23333300000000001       -1.8045939875489712     
        1026   2.2000000000000002       0.23333300000000001       -1.8290499528511590     
        1027   2.2333330000000000       0.23333300000000001       -1.8538839958721516     
        1028   2.2666670000000000       0.23333300000000001       -1.8788924814805616     
        1029   2.2999999999999998       0.23333300000000001       -1.9037813827751615     
        1030   2.3333330000000001       0.23333300000000001       -1.9285628006895117     
        1031   2.3666670000000001       0.23333300000000001       -1.9529741832420895     
        1032   2.3999999999999999       0.23333300000000001       -1.9767038105089341     
        1033   2.4333330000000002       0.23333300000000001       -1.9998874564448390     
        1034   2.4666670000000002       0.23333300000000001       -2.0221923565259865     
        1035   2.5000000000000000       0.23333300000000001       -2.0436100305099978     
        1036   2.5333329999999998       0.23333300000000001       -2.0639507701524362     
        1037   2.5666669999999998       0.23333300000000001       -2.0833458937631302     
        1038   2.6000000000000001       0.23333300000000001       -2.1014661234515337     
        1039   2.6333329999999999       0.23333300000000001       -2.1184763916112646     
        1040   2.6666669999999999       0.23333300000000001       -2.1342108526097192     
        1041   2.7000000000000002       0.23333300000000001       -2.1488892913918409     
        1042   2.7333330000000000       0.23333300000000001       -2.1624603487468548     
        1043   2.7666670000000000       0.23333300000000001       -2.1751210752985126     
        1044   2.7999999999999998       0.23333300000000001       -2.1869192907546964     
        1045   2.8333330000000001       0.23333300000000001       -2.1978924155142265     
        1046   2.8666670000000001       0.23333300000000001       -2.2080066856341993     
        1047   2.8999999999999999       0.23333300000000001       -2.2172944587048651     
        1048   2.9333330000000002       0.23333300000000001       -2.2256690331213012     
        1049   2.9666670000000002       0.23333300000000001       -2.2332383911765525     
        1050   3.0000000000000000       0.23333300000000001       -2.2401328240070497     
        1051   3.0333329999999998       0.23333300000000001       -2.2463621819442330     
        1052   3.0666669999999998       0.23333300000000001       -2.2519463220175591     
        1053   3.1000000000000001       0.23333300000000001       -2.2569190934061574     
        1054   3.1333329999999999       0.23333300000000001       -2.2613321392748933     
        1055   3.1666669999999999       0.23333300000000001       -2.2654424039761079     
        1056   3.2000000000000002       0.23333300000000001       -2.2692498508013301     
        1057   3.2333330000000000       0.23333300000000001       -2.2727930520588240     
        1058   3.2666670000000000       0.23333300000000001       -2.2761234996757578     
        1059   3.2999999999999998       0.23333300000000001       -2.2792132197197241     
        1060   3.3333330000000001       0.23333300000000001       -2.2820539173217207     
        1061   3.3666670000000001       0.23333300000000001       -2.2845513867766178     
        1062   3.3999999999999999       0.23333300000000001       -2.2866518068793122     
        1063   3.4333330000000002       0.23333300000000001       -2.2883019322837592     
        1064   3.4666670000000002       0.23333300000000001       -2.2895500586083801     
        1065   3.5000000000000000       0.23333300000000001       -2.2904606758394848     
        1066   3.5333329999999998       0.23333300000000001       -2.2911276902074507     
        1067   3.5666669999999998       0.23333300000000001       -2.2917215788773539     
        1068   3.6000000000000001       0.23333300000000001       -2.2924483108094393     
        1069   3.6333329999999999       0.23333300000000001       -2.2933843598661272     
        1070   3.6666669999999999       0.23333300000000001       -2.2944285588542952     
        1071   3.7000000000000002       0.23333300000000001       -2.2953979517204068     
        1072   3.7333330000000000       0.23333300000000001       -2.2962078451477717     
        1073   3.7666670000000000       0.23333300000000001       -2.2968643029092695     
        1074   3.7999999999999998       0.23333300000000001       -2.2973652367910202     
        1075   3.8333330000000001       0.23333300000000001       -2.2977179624963515     
        1076   3.8666670000000001       0.23333300000000001       -2.2979491442077555     
        1077   3.8999999999999999       0.23333300000000001       -2.2980831562215656     
        1078   3.9333330000000002       0.23333300000000001       -2.2981588636571235     
        1079   3.9666670000000002       0.23333300000000001       -2.2982096827373617     
        1080   4.0000000000000000       0.23333300000000001       -2.2982645311560597     
        1081   4.0333329999999998       0.23333300000000001       -2.2983470176327887     
        1082   4.0666669999999998       0.23333300000000001       -2.2984408960383278     
        1083   4.0999999999999996       0.23333300000000001       -2.2985180851560485     
        1084   4.1333330000000004       0.23333300000000001       -2.2985906843400277     
        1085   4.1666670000000003       0.23333300000000001       -2.2987164750502407     
        1086   4.2000000000000002       0.23333300000000001       -2.2989406888000992     
        1087   4.2333330000000000       0.23333300000000001       -2.2992266689610492     
        1088   4.2666670000000000       0.23333300000000001       -2.2995169857476210     
        1089   4.2999999999999998       0.23333300000000001       -2.2997604084681522     
        1090   4.3333329999999997       0.23333300000000001       -2.2998962852438951     
        1091   4.3666669999999996       0.23333300000000001       -2.2998901837282260     
        1092   4.4000000000000004       0.23333300000000001       -2.2997403071610236     
        1093   4.4333330000000002       0.23333300000000001       -2.2994828045314932     
        1094   4.4666670000000002       0.23333300000000001       -2.2992000360318605     
        1095   4.5000000000000000       0.23333300000000001       -2.2989716917967851     
        1096   4.5333329999999998       0.23333300000000001       -2.2988056750663102     
        1097   4.5666669999999998       0.23333300000000001       -2.2986705774366829     
        1098   4.5999999999999996       0.23333300000000001       -2.2984833615109794     
        1099   4.6333330000000004       0.23333300000000001       -2.2982318669944091     
        1100   4.6666670000000003       0.23333300000000001       -2.2979928352563510     
        1101   4.7000000000000002       0.23333300000000001       -2.2978237363502174     
        1102   4.7333330000000000       0.23333300000000001       -2.2976814822751392     
        1103   4.7666670000000000       0.23333300000000001       -2.2974540451270586     
        1104   4.7999999999999998       0.23333300000000001       -2.2970238541433998     
        1105   4.8333329999999997       0.23333300000000001       -2.2962819062527915     
        1106   4.8666669999999996       0.23333300000000001       -2.2951778071362052     
        1107   4.9000000000000004       0.23333300000000001       -2.2936853017479590     
        1108   4.9333330000000002       0.23333300000000001       -2.2919494757293135     
        1109   4.9666670000000002       0.23333300000000001       -2.2904271995033851     
        1110   5.0000000000000000       0.23333300000000001       -2.2897987402590383     
        1111   0.0000000000000000       0.26666699999999999        0.0000000000000000     
        1112   3.3333000000000002E-002  0.26666699999999999      -0.52376407458187912     
        1113   6.6667000000000004E-002  0.26666699999999999       -1.0297642048126763     
        1114  0.10000000000000001       0.26666699999999999       -1.4759674775473928     
        1115  0.13333300000000001       0.26666699999999999       -1.8390528517092932     
        1116  0.16666700000000001       0.26666699999999999       -2.1121262440308715     
        1117  0.20000000000000001       0.26666699999999999       -2.2990319839560689     
        1118  0.23333300000000001       0.26666699999999999       -2.4129103776270426     
        1119  0.26666699999999999       0.26666699999999999       -2.4694824256858237     
        1120  0.29999999999999999       0.26666699999999999       -2.4814186773054367     
        1121  0.33333299999999999       0.26666699999999999       -2.4634895044242837     
        1122  0.36666700000000002       0.26666699999999999       -2.4236749610942714     
        1123  0.40000000000000002       0.26666699999999999       -2.3717123571549954     
        1124  0.43333300000000002       0.26666699999999999       -2.3140358696723013     
        1125  0.46666700000000000       0.26666699999999999       -2.2541393329979811     
        1126  0.50000000000000000       0.26666699999999999       -2.1971596889767477     
        1127  0.53333299999999995       0.26666699999999999       -2.1444420248665090     
        1128  0.56666700000000003       0.26666699999999999       -2.0987125259679993     
        1129  0.59999999999999998       0.26666699999999999       -2.0605551882466999     
        1130  0.63333300000000003       0.26666699999999999       -2.0304165712493187     
        1131  0.66666700000000001       0.26666699999999999       -2.0076276322376776     
        1132  0.69999999999999996       0.26666699999999999       -1.9894930291403119     
        1133  0.73333300000000001       0.26666699999999999       -1.9716576803437909     
        1134  0.76666699999999999       0.26666699999999999       -1.9467801038046704     
        1135  0.80000000000000004       0.26666699999999999       -1.9031849447857143     
        1136  0.83333299999999999       0.26666699999999999       -1.8252922828333515     
        1137  0.86666699999999997       0.26666699999999999       -1.6920530834797971     
        1138  0.90000000000000002       0.26666699999999999       -1.4767890030847945     
        1139  0.93333299999999997       0.26666699999999999       -1.1517490872004474     
        1140  0.96666700000000005       0.26666699999999999      -0.69526169733728926     
        1141   1.0000000000000000       0.26666699999999999      -0.10908242921030896     
        1142   1.5000000000000000       0.26666699999999999       0.87453498237216010     
        1143   1.5333330000000001       0.26666699999999999       0.21444251891629959     
        1144   1.5666670000000000       0.26666699999999999      -0.34679296658826142     
        1145   1.6000000000000001       0.26666699999999999      -0.79716157211350669     
        1146   1.6333329999999999       0.26666699999999999       -1.1406046323532046     
        1147   1.6666669999999999       0.26666699999999999       -1.3911841396000433     
        1148   1.7000000000000000       0.26666699999999999       -1.5667732487840618     
        1149   1.7333330000000000       0.26666699999999999       -1.6845782821202104     
        1150   1.7666670000000000       0.26666699999999999       -1.7601892480275394     
        1151   1.8000000000000000       0.26666699999999999       -1.8058297066491458     
        1152   1.8333330000000001       0.26666699999999999       -1.8306468848186941     
        1153   1.8666670000000001       0.26666699999999999       -1.8425847030088673     
        1154   1.8999999999999999       0.26666699999999999       -1.8464044598911307     
        1155   1.9333330000000000       0.26666699999999999       -1.8457168060101268     
        1156   1.9666669999999999       0.26666699999999999       -1.8436454734697394     
        1157   2.0000000000000000       0.26666699999999999       -1.8414686898846677     
        1158   2.0333329999999998       0.26666699999999999       -1.8406665542131571     
        1159   2.0666669999999998       0.26666699999999999       -1.8415377260167285     
        1160   2.1000000000000001       0.26666699999999999       -1.8445319742529585     
        1161   2.1333329999999999       0.26666699999999999       -1.8496271661227441     
        1162   2.1666669999999999       0.26666699999999999       -1.8568320154673181     
        1163   2.2000000000000002       0.26666699999999999       -1.8658171315817822     
        1164   2.2333330000000000       0.26666699999999999       -1.8764161080086990     
        1165   2.2666670000000000       0.26666699999999999       -1.8883255707030595     
        1166   2.2999999999999998       0.26666699999999999       -1.9013203261169511     
        1167   2.3333330000000001       0.26666699999999999       -1.9150924813608214     
        1168   2.3666670000000001       0.26666699999999999       -1.9294712723580143     
        1169   2.3999999999999999       0.26666699999999999       -1.9442823498531789     
        1170   2.4333330000000002       0.26666699999999999       -1.9592045010199313     
        1171   2.4666670000000002       0.26666699999999999       -1.9741174190128783     
        1172   2.5000000000000000       0.26666699999999999       -1.9888310206192599     
        1173   2.5333329999999998       0.26666699999999999       -2.0033477679412912     
        1174   2.5666669999999998       0.26666699999999999       -2.0172994901684271     
        1175   2.6000000000000001       0.26666699999999999       -2.0308339813733705     
        1176   2.6333329999999999       0.26666699999999999       -2.0436173931116350     
        1177   2.6666669999999999       0.26666699999999999       -2.0558514861531760     
        1178   2.7000000000000002       0.26666699999999999       -2.0673530964022642     
        1179   2.7333330000000000       0.26666699999999999       -2.0781534340069219     
        1180   2.7666670000000000       0.26666699999999999       -2.0884457940851484     
        1181   2.7999999999999998       0.26666699999999999       -2.0980279702858340     
        1182   2.8333330000000001       0.26666699999999999       -2.1071062392251116     
        1183   2.8666670000000001       0.26666699999999999       -2.1155448874555889     
        1184   2.8999999999999999       0.26666699999999999       -2.1233132754321042     
        1185   2.9333330000000002       0.26666699999999999       -2.1305183613213963     
        1186   2.9666670000000002       0.26666699999999999       -2.1371200706908677     
        1187   3.0000000000000000       0.26666699999999999       -2.1431014682748950     
        1188   3.0333329999999998       0.26666699999999999       -2.1486196931226376     
        1189   3.0666669999999998       0.26666699999999999       -2.1536322939633079     
        1190   3.1000000000000001       0.26666699999999999       -2.1581268478031883     
        1191   3.1333329999999999       0.26666699999999999       -2.1622475914762771     
        1192   3.1666669999999999       0.26666699999999999       -2.1660341145339177     
        1193   3.2000000000000002       0.26666699999999999       -2.1695506173836168     
        1194   3.2333330000000000       0.26666699999999999       -2.1728194713529327     
        1195   3.2666670000000000       0.26666699999999999       -2.1758638363198823     
        1196   3.2999999999999998       0.26666699999999999       -2.1786927935179037     
        1197   3.3333330000000001       0.26666699999999999       -2.1812570273881304     
        1198   3.3666670000000001       0.26666699999999999       -2.1835598413423360     
        1199   3.3999999999999999       0.26666699999999999       -2.1855317598347179     
        1200   3.4333330000000002       0.26666699999999999       -2.1871812199201459     
        1201   3.4666670000000002       0.26666699999999999       -2.1885061802344712     
        1202   3.5000000000000000       0.26666699999999999       -2.1895843180180714     
        1203   3.5333329999999998       0.26666699999999999       -2.1904623188008499     
        1204   3.5666669999999998       0.26666699999999999       -2.1912656104701114     
        1205   3.6000000000000001       0.26666699999999999       -2.1920821012578000     
        1206   3.6333329999999999       0.26666699999999999       -2.1929548708084066     
        1207   3.6666669999999999       0.26666699999999999       -2.1938601810210887     
        1208   3.7000000000000002       0.26666699999999999       -2.1947182547923210     
        1209   3.7333330000000000       0.26666699999999999       -2.1954755871000668     
        1210   3.7666670000000000       0.26666699999999999       -2.1961101044515297     
        1211   3.7999999999999998       0.26666699999999999       -2.1966359713846333     
        1212   3.8333330000000001       0.26666699999999999       -2.1970469049067995     
        1213   3.8666670000000001       0.26666699999999999       -2.1973482131225364     
        1214   3.8999999999999999       0.26666699999999999       -2.1975727698580374     
        1215   3.9333330000000002       0.26666699999999999       -2.1977361848201626     
        1216   3.9666670000000002       0.26666699999999999       -2.1978653130022194     
        1217   4.0000000000000000       0.26666699999999999       -2.1979904774733185     
        1218   4.0333329999999998       0.26666699999999999       -2.1981110929448073     
        1219   4.0666669999999998       0.26666699999999999       -2.1982276385516899     
        1220   4.0999999999999996       0.26666699999999999       -2.1983372006968356     
        1221   4.1333330000000004       0.26666699999999999       -2.1984568365396782     
        1222   4.1666670000000003       0.26666699999999999       -2.1986068642190628     
        1223   4.2000000000000002       0.26666699999999999       -2.1988014969182874     
        1224   4.2333330000000000       0.26666699999999999       -2.1990187984327898     
        1225   4.2666670000000000       0.26666699999999999       -2.1992297517580695     
        1226   4.2999999999999998       0.26666699999999999       -2.1994075019359594     
        1227   4.3333329999999997       0.26666699999999999       -2.1995074953676905     
        1228   4.3666669999999996       0.26666699999999999       -2.1995179056967795     
        1229   4.4000000000000004       0.26666699999999999       -2.1994403138016367     
        1230   4.4333330000000002       0.26666699999999999       -2.1992821454471194     
        1231   4.4666670000000002       0.26666699999999999       -2.1990982643515529     
        1232   4.5000000000000000       0.26666699999999999       -2.1989218372518411     
        1233   4.5333329999999998       0.26666699999999999       -2.1987599034699574     
        1234   4.5666669999999998       0.26666699999999999       -2.1986053063794997     
        1235   4.5999999999999996       0.26666699999999999       -2.1984288558961405     
        1236   4.6333330000000004       0.26666699999999999       -2.1982243897064775     
        1237   4.6666670000000003       0.26666699999999999       -2.1980109657432947     
        1238   4.7000000000000002       0.26666699999999999       -2.1978071743803493     
        1239   4.7333330000000000       0.26666699999999999       -2.1975834026594234     
        1240   4.7666670000000000       0.26666699999999999       -2.1972829443946731     
        1241   4.7999999999999998       0.26666699999999999       -2.1968375010006946     
        1242   4.8333329999999997       0.26666699999999999       -2.1961950703017958     
        1243   4.8666669999999996       0.26666699999999999       -2.1953363983566807     
        1244   4.9000000000000004       0.26666699999999999       -2.1942942228781352     
        1245   4.9333330000000002       0.26666699999999999       -2.1931987813728724     
        1246   4.9666670000000002       0.26666699999999999       -2.1923239523775657     
        1247   5.0000000000000000       0.26666699999999999       -2.1919788971187857     
        1248   0.0000000000000000       0.29999999999999999        0.0000000000000000     
        1249   3.3333000000000002E-002  0.29999999999999999      -0.41258689562428164     
        1250   6.6667000000000004E-002  0.29999999999999999      -0.82288819373888367     
        1251  0.10000000000000001       0.29999999999999999       -1.1970521728390613     
        1252  0.13333300000000001       0.29999999999999999       -1.5170016891704494     
        1253  0.16666700000000001       0.29999999999999999       -1.7727586295648354     
        1254  0.20000000000000001       0.29999999999999999       -1.9657232498813433     
        1255  0.23333300000000001       0.29999999999999999       -2.1011386248472337     
        1256  0.26666699999999999       0.29999999999999999       -2.1876410774704276     
        1257  0.29999999999999999       0.29999999999999999       -2.2355165662394039     
        1258  0.33333299999999999       0.29999999999999999       -2.2538210362906841     
        1259  0.36666700000000002       0.29999999999999999       -2.2517057728506562     
        1260  0.40000000000000002       0.29999999999999999       -2.2354510713269078     
        1261  0.43333300000000002       0.29999999999999999       -2.2119139975226365     
        1262  0.46666700000000000       0.29999999999999999       -2.1860605829517996     
        1263  0.50000000000000000       0.29999999999999999       -2.1613572704342165     
        1264  0.53333299999999995       0.29999999999999999       -2.1414224800156560     
        1265  0.56666700000000003       0.29999999999999999       -2.1286439952520717     
        1266  0.59999999999999998       0.29999999999999999       -2.1246307614166855     
        1267  0.63333300000000003       0.29999999999999999       -2.1305365211788492     
        1268  0.66666700000000001       0.29999999999999999       -2.1468008149923330     
        1269  0.69999999999999996       0.29999999999999999       -2.1707032294446096     
        1270  0.73333300000000001       0.29999999999999999       -2.1996647071127047     
        1271  0.76666699999999999       0.29999999999999999       -2.2253986712651872     
        1272  0.80000000000000004       0.29999999999999999       -2.2374191607034288     
        1273  0.83333299999999999       0.29999999999999999       -2.2162360094208791     
        1274  0.86666699999999997       0.29999999999999999       -2.1351333280039579     
        1275  0.90000000000000002       0.29999999999999999       -1.9581760999822260     
        1276  0.93333299999999997       0.29999999999999999       -1.6401025749662776     
        1277  0.96666700000000005       0.29999999999999999       -1.1379734174668410     
        1278   1.0000000000000000       0.29999999999999999      -0.42401386020354159     
        1279   1.5000000000000000       0.29999999999999999       0.89144988826776661     
        1280   1.5333330000000001       0.29999999999999999        5.3695525231115232E-002
        1281   1.5666670000000000       0.29999999999999999      -0.63872004319829512     
        1282   1.6000000000000001       0.29999999999999999       -1.1640601014731422     
        1283   1.6333329999999999       0.29999999999999999       -1.5386372054136599     
        1284   1.6666669999999999       0.29999999999999999       -1.7912522503786774     
        1285   1.7000000000000000       0.29999999999999999       -1.9518522509959646     
        1286   1.7333330000000000       0.29999999999999999       -2.0456563461127111     
        1287   1.7666670000000000       0.29999999999999999       -2.0927884908198391     
        1288   1.8000000000000000       0.29999999999999999       -2.1086369982471482     
        1289   1.8333330000000001       0.29999999999999999       -2.1042476181462297     
        1290   1.8666670000000001       0.29999999999999999       -2.0876098567850443     
        1291   1.8999999999999999       0.29999999999999999       -2.0637475770853548     
        1292   1.9333330000000000       0.29999999999999999       -2.0376486990614491     
        1293   1.9666669999999999       0.29999999999999999       -2.0108686105819182     
        1294   2.0000000000000000       0.29999999999999999       -1.9861137757708107     
        1295   2.0333329999999998       0.29999999999999999       -1.9634409293553046     
        1296   2.0666669999999998       0.29999999999999999       -1.9443330503342047     
        1297   2.1000000000000001       0.29999999999999999       -1.9285902862726199     
        1298   2.1333329999999999       0.29999999999999999       -1.9162433508962606     
        1299   2.1666669999999999       0.29999999999999999       -1.9070611849603047     
        1300   2.2000000000000002       0.29999999999999999       -1.9011246998707436     
        1301   2.2333330000000000       0.29999999999999999       -1.8978416947600385     
        1302   2.2666670000000000       0.29999999999999999       -1.8970653460034623     
        1303   2.2999999999999998       0.29999999999999999       -1.8984447298806464     
        1304   2.3333330000000001       0.29999999999999999       -1.9016003005093802     
        1305   2.3666670000000001       0.29999999999999999       -1.9062838508479731     
        1306   2.3999999999999999       0.29999999999999999       -1.9122834253858252     
        1307   2.4333330000000002       0.29999999999999999       -1.9192589662068760     
        1308   2.4666670000000002       0.29999999999999999       -1.9269814526338824     
        1309   2.5000000000000000       0.29999999999999999       -1.9352579560709542     
        1310   2.5333329999999998       0.29999999999999999       -1.9438202836160778     
        1311   2.5666669999999998       0.29999999999999999       -1.9526603010923573     
        1312   2.6000000000000001       0.29999999999999999       -1.9614351365370399     
        1313   2.6333329999999999       0.29999999999999999       -1.9702254713019358     
        1314   2.6666669999999999       0.29999999999999999       -1.9787640968941993     
        1315   2.7000000000000002       0.29999999999999999       -1.9870490503774745     
        1316   2.7333330000000000       0.29999999999999999       -1.9951420772014239     
        1317   2.7666670000000000       0.29999999999999999       -2.0028531055142782     
        1318   2.7999999999999998       0.29999999999999999       -2.0103259254442958     
        1319   2.8333330000000001       0.29999999999999999       -2.0173738687634875     
        1320   2.8666670000000001       0.29999999999999999       -2.0241191616434402     
        1321   2.8999999999999999       0.29999999999999999       -2.0304593976497221     
        1322   2.9333330000000002       0.29999999999999999       -2.0363648448911595     
        1323   2.9666670000000002       0.29999999999999999       -2.0418473628409104     
        1324   3.0000000000000000       0.29999999999999999       -2.0469520179989926     
        1325   3.0333329999999998       0.29999999999999999       -2.0516768407178994     
        1326   3.0666669999999998       0.29999999999999999       -2.0560051311151741     
        1327   3.1000000000000001       0.29999999999999999       -2.0600194659969868     
        1328   3.1333329999999999       0.29999999999999999       -2.0636864543004267     
        1329   3.1666669999999999       0.29999999999999999       -2.0670946759348756     
        1330   3.2000000000000002       0.29999999999999999       -2.0702725559448343     
        1331   3.2333330000000000       0.29999999999999999       -2.0732391078455414     
        1332   3.2666670000000000       0.29999999999999999       -2.0759896993917404     
        1333   3.2999999999999998       0.29999999999999999       -2.0785473637551823     
        1334   3.3333330000000001       0.29999999999999999       -2.0808873073171994     
        1335   3.3666670000000001       0.29999999999999999       -2.0829970964359203     
        1336   3.3999999999999999       0.29999999999999999       -2.0848477836935024     
        1337   3.4333330000000002       0.29999999999999999       -2.0864337432031030     
        1338   3.4666670000000002       0.29999999999999999       -2.0877952407672957     
        1339   3.5000000000000000       0.29999999999999999       -2.0889408199918438     
        1340   3.5333329999999998       0.29999999999999999       -2.0899322468367836     
        1341   3.5666669999999998       0.29999999999999999       -2.0908371518002227     
        1342   3.6000000000000001       0.29999999999999999       -2.0916958119203999     
        1343   3.6333329999999999       0.29999999999999999       -2.0925496303348736     
        1344   3.6666669999999999       0.29999999999999999       -2.0933801131606451     
        1345   3.7000000000000002       0.29999999999999999       -2.0941733350118685     
        1346   3.7333330000000000       0.29999999999999999       -2.0948896294854520     
        1347   3.7666670000000000       0.29999999999999999       -2.0955166017402309     
        1348   3.7999999999999998       0.29999999999999999       -2.0960525005847672     
        1349   3.8333330000000001       0.29999999999999999       -2.0964910843797915     
        1350   3.8666670000000001       0.29999999999999999       -2.0968452532596866     
        1351   3.8999999999999999       0.29999999999999999       -2.0971290480905318     
        1352   3.9333330000000002       0.29999999999999999       -2.0973554575535833     
        1353   3.9666670000000002       0.29999999999999999       -2.0975474276454582     
        1354   4.0000000000000000       0.29999999999999999       -2.0977223832618810     
        1355   4.0333329999999998       0.29999999999999999       -2.0978842735446137     
        1356   4.0666669999999998       0.29999999999999999       -2.0980260696383146     
        1357   4.0999999999999996       0.29999999999999999       -2.0981592907642304     
        1358   4.1333330000000004       0.29999999999999999       -2.0983060662848021     
        1359   4.1666670000000003       0.29999999999999999       -2.0984648447543677     
        1360   4.2000000000000002       0.29999999999999999       -2.0986454016368805     
        1361   4.2333330000000000       0.29999999999999999       -2.0988276399597958     
        1362   4.2666670000000000       0.29999999999999999       -2.0989957658020928     
        1363   4.2999999999999998       0.29999999999999999       -2.0991325301259498     
        1364   4.3333329999999997       0.29999999999999999       -2.0992194963147912     
        1365   4.3666669999999996       0.29999999999999999       -2.0992413034356820     
        1366   4.4000000000000004       0.29999999999999999       -2.0992021607749392     
        1367   4.4333330000000002       0.29999999999999999       -2.0991097982962685     
        1368   4.4666670000000002       0.29999999999999999       -2.0989847978861649     
        1369   4.5000000000000000       0.29999999999999999       -2.0988472464872419     
        1370   4.5333329999999998       0.29999999999999999       -2.0987085306322362     
        1371   4.5666669999999998       0.29999999999999999       -2.0985643722665821     
        1372   4.5999999999999996       0.29999999999999999       -2.0983963268850476     
        1373   4.6333330000000004       0.29999999999999999       -2.0982124714376731     
        1374   4.6666670000000003       0.29999999999999999       -2.0980159029499776     
        1375   4.7000000000000002       0.29999999999999999       -2.0978008159407411     
        1376   4.7333330000000000       0.29999999999999999       -2.0975574012740736     
        1377   4.7666670000000000       0.29999999999999999       -2.0972446913241263     
        1378   4.7999999999999998       0.29999999999999999       -2.0968284871739757     
        1379   4.8333329999999997       0.29999999999999999       -2.0962963139421893     
        1380   4.8666669999999996       0.29999999999999999       -2.0956456042124123     
        1381   4.9000000000000004       0.29999999999999999       -2.0949132505761368     
        1382   4.9333330000000002       0.29999999999999999       -2.0941943259360221     
        1383   4.9666670000000002       0.29999999999999999       -2.0936563103903230     
        1384   5.0000000000000000       0.29999999999999999       -2.0934492907800100     
        1385   0.0000000000000000       0.33333299999999999        0.0000000000000000     
        1386   3.3333000000000002E-002  0.33333299999999999      -0.33632223346586326     
        1387   6.6667000000000004E-002  0.33333299999999999      -0.67066112297142055     
        1388  0.10000000000000001       0.33333299999999999      -0.98574747529457740     
        1389  0.13333300000000001       0.33333299999999999       -1.2654043518285398     
        1390  0.16666700000000001       0.33333299999999999       -1.5024427756248870     
        1391  0.20000000000000001       0.33333299999999999       -1.6919827701947048     
        1392  0.23333300000000001       0.33333299999999999       -1.8369342021338493     
        1393  0.26666699999999999       0.33333299999999999       -1.9424633071801678     
        1394  0.29999999999999999       0.33333299999999999       -2.0151788655480289     
        1395  0.33333299999999999       0.33333299999999999       -2.0615637213945157     
        1396  0.36666700000000002       0.33333299999999999       -2.0887051272428376     
        1397  0.40000000000000002       0.33333299999999999       -2.1030897565661224     
        1398  0.43333300000000002       0.33333299999999999       -2.1098444745037943     
        1399  0.46666700000000000       0.33333299999999999       -2.1140404743486751     
        1400  0.50000000000000000       0.33333299999999999       -2.1195364332810014     
        1401  0.53333299999999995       0.33333299999999999       -2.1304850685434475     
        1402  0.56666700000000003       0.33333299999999999       -2.1495616338992649     
        1403  0.59999999999999998       0.33333299999999999       -2.1798673695353394     
        1404  0.63333300000000003       0.33333299999999999       -2.2228305148017435     
        1405  0.66666700000000001       0.33333299999999999       -2.2803975672301990     
        1406  0.69999999999999996       0.33333299999999999       -2.3515038953216263     
        1407  0.73333300000000001       0.33333299999999999       -2.4341510268662288     
        1408  0.76666699999999999       0.33333299999999999       -2.5243489534494370     
        1409  0.80000000000000004       0.33333299999999999       -2.6085994219785436     
        1410  0.83333299999999999       0.33333299999999999       -2.6714145195777648     
        1411  0.86666699999999997       0.33333299999999999       -2.6797314010246942     
        1412  0.90000000000000002       0.33333299999999999       -2.5828137801084310     
        1413  0.93333299999999997       0.33333299999999999       -2.3142302162602690     
        1414  0.96666700000000005       0.33333299999999999       -1.7931865136183684     
        1415   1.0000000000000000       0.33333299999999999       -1.0042361314788808     
        1416   1.5000000000000000       0.33333299999999999       0.89167646095890007     
        1417   1.5333330000000001       0.33333299999999999      -0.25249948463860777     
        1418   1.5666670000000000       0.33333299999999999       -1.0980935852573721     
        1419   1.6000000000000001       0.33333299999999999       -1.6818068415255165     
        1420   1.6333329999999999       0.33333299999999999       -2.0578862858584364     
        1421   1.6666669999999999       0.33333299999999999       -2.2824718501935628     
        1422   1.7000000000000000       0.33333299999999999       -2.4014203930360853     
        1423   1.7333330000000000       0.33333299999999999       -2.4506986275322391     
        1424   1.7666670000000000       0.33333299999999999       -2.4544956403479916     
        1425   1.8000000000000000       0.33333299999999999       -2.4288383924511683     
        1426   1.8333330000000001       0.33333299999999999       -2.3865037085263561     
        1427   1.8666670000000001       0.33333299999999999       -2.3359548966224355     
        1428   1.8999999999999999       0.33333299999999999       -2.2813328230980372     
        1429   1.9333330000000000       0.33333299999999999       -2.2264933188778731     
        1430   1.9666669999999999       0.33333299999999999       -2.1744005377725015     
        1431   2.0000000000000000       0.33333299999999999       -2.1257002212835960     
        1432   2.0333329999999998       0.33333299999999999       -2.0813882360829785     
        1433   2.0666669999999998       0.33333299999999999       -2.0421274882255536     
        1434   2.1000000000000001       0.33333299999999999       -2.0079287715332153     
        1435   2.1333329999999999       0.33333299999999999       -1.9783937747744738     
        1436   2.1666669999999999       0.33333299999999999       -1.9535866009778582     
        1437   2.2000000000000002       0.33333299999999999       -1.9331721341236550     
        1438   2.2333330000000000       0.33333299999999999       -1.9166075051960456     
        1439   2.2666670000000000       0.33333299999999999       -1.9035780511525264     
        1440   2.2999999999999998       0.33333299999999999       -1.8938368069995293     
        1441   2.3333330000000001       0.33333299999999999       -1.8868251438830070     
        1442   2.3666670000000001       0.33333299999999999       -1.8822441966175865     
        1443   2.3999999999999999       0.33333299999999999       -1.8797751142352619     
        1444   2.4333330000000002       0.33333299999999999       -1.8790399861616847     
        1445   2.4666670000000002       0.33333299999999999       -1.8798336658908041     
        1446   2.5000000000000000       0.33333299999999999       -1.8818371921805326     
        1447   2.5333329999999998       0.33333299999999999       -1.8848135912693667     
        1448   2.5666669999999998       0.33333299999999999       -1.8884950976142547     
        1449   2.6000000000000001       0.33333299999999999       -1.8928254722005098     
        1450   2.6333329999999999       0.33333299999999999       -1.8974886785091742     
        1451   2.6666669999999999       0.33333299999999999       -1.9025037338648996     
        1452   2.7000000000000002       0.33333299999999999       -1.9076676892413880     
        1453   2.7333330000000000       0.33333299999999999       -1.9128718103839957     
        1454   2.7666670000000000       0.33333299999999999       -1.9181768567317192     
        1455   2.7999999999999998       0.33333299999999999       -1.9233697698442627     
        1456   2.8333330000000001       0.33333299999999999       -1.9285506139656829     
        1457   2.8666670000000001       0.33333299999999999       -1.9335308015226538     
        1458   2.8999999999999999       0.33333299999999999       -1.9383646170819873     
        1459   2.9333330000000002       0.33333299999999999       -1.9429477348335888     
        1460   2.9666670000000002       0.33333299999999999       -1.9473479271868537     
        1461   3.0000000000000000       0.33333299999999999       -1.9514916231623378     
        1462   3.0333329999999998       0.33333299999999999       -1.9553741288268311     
        1463   3.0666669999999998       0.33333299999999999       -1.9590378656145140     
        1464   3.1000000000000001       0.33333299999999999       -1.9624231226074287     
        1465   3.1333329999999999       0.33333299999999999       -1.9656321343135381     
        1466   3.1666669999999999       0.33333299999999999       -1.9685888559590923     
        1467   3.2000000000000002       0.33333299999999999       -1.9714001819764226     
        1468   3.2333330000000000       0.33333299999999999       -1.9740342320904569     
        1469   3.2666670000000000       0.33333299999999999       -1.9764704380648823     
        1470   3.2999999999999998       0.33333299999999999       -1.9787645714700153     
        1471   3.3333330000000001       0.33333299999999999       -1.9808825013644098     
        1472   3.3666670000000001       0.33333299999999999       -1.9827946100000400     
        1473   3.3999999999999999       0.33333299999999999       -1.9845104507269435     
        1474   3.4333330000000002       0.33333299999999999       -1.9860282138472467     
        1475   3.4666670000000002       0.33333299999999999       -1.9873536747652794     
        1476   3.5000000000000000       0.33333299999999999       -1.9885111030475668     
        1477   3.5333329999999998       0.33333299999999999       -1.9895528938265068     
        1478   3.5666669999999998       0.33333299999999999       -1.9904911639722358     
        1479   3.6000000000000001       0.33333299999999999       -1.9913686240584256     
        1480   3.6333329999999999       0.33333299999999999       -1.9921990907086198     
        1481   3.6666669999999999       0.33333299999999999       -1.9929982959141690     
        1482   3.7000000000000002       0.33333299999999999       -1.9937404272078478     
        1483   3.7333330000000000       0.33333299999999999       -1.9944338508035360     
        1484   3.7666670000000000       0.33333299999999999       -1.9950486611027283     
        1485   3.7999999999999998       0.33333299999999999       -1.9955825700440433     
        1486   3.8333330000000001       0.33333299999999999       -1.9960401565720762     
        1487   3.8666670000000001       0.33333299999999999       -1.9964286100771653     
        1488   3.8999999999999999       0.33333299999999999       -1.9967498595610542     
        1489   3.9333330000000002       0.33333299999999999       -1.9970258469502524     
        1490   3.9666670000000002       0.33333299999999999       -1.9972667939514772     
        1491   4.0000000000000000       0.33333299999999999       -1.9974735832663679     
        1492   4.0333329999999998       0.33333299999999999       -1.9976610883499148     
        1493   4.0666669999999998       0.33333299999999999       -1.9978348129435108     
        1494   4.0999999999999996       0.33333299999999999       -1.9979947403418803     
        1495   4.1333330000000004       0.33333299999999999       -1.9981557899734228     
        1496   4.1666670000000003       0.33333299999999999       -1.9983207139867754     
        1497   4.2000000000000002       0.33333299999999999       -1.9984917370680153     
        1498   4.2333330000000000       0.33333299999999999       -1.9986516080635828     
        1499   4.2666670000000000       0.33333299999999999       -1.9987920339555207     
        1500   4.2999999999999998       0.33333299999999999       -1.9989135197844341     
        1501   4.3333329999999997       0.33333299999999999       -1.9989970995440189     
        1502   4.3666669999999996       0.33333299999999999       -1.9990302608842105     
        1503   4.4000000000000004       0.33333299999999999       -1.9990162761287529     
        1504   4.4333330000000002       0.33333299999999999       -1.9989625245259133     
        1505   4.4666670000000002       0.33333299999999999       -1.9988716567946383     
        1506   4.5000000000000000       0.33333299999999999       -1.9987729164272328     
        1507   4.5333329999999998       0.33333299999999999       -1.9986591645823699     
        1508   4.5666669999999998       0.33333299999999999       -1.9985280080841803     
        1509   4.5999999999999996       0.33333299999999999       -1.9983776869351522     
        1510   4.6333330000000004       0.33333299999999999       -1.9982075232559651     
        1511   4.6666670000000003       0.33333299999999999       -1.9980279447606910     
        1512   4.7000000000000002       0.33333299999999999       -1.9978220494669747     
        1513   4.7333330000000000       0.33333299999999999       -1.9975784058292925     
        1514   4.7666670000000000       0.33333299999999999       -1.9972857724792439     
        1515   4.7999999999999998       0.33333299999999999       -1.9969264948576015     
        1516   4.8333329999999997       0.33333299999999999       -1.9964936771102872     
        1517   4.8666669999999996       0.33333299999999999       -1.9959996540125571     
        1518   4.9000000000000004       0.33333299999999999       -1.9954711621853660     
        1519   4.9333330000000002       0.33333299999999999       -1.9949915898023700     
        1520   4.9666670000000002       0.33333299999999999       -1.9946442262991502     
        1521   5.0000000000000000       0.33333299999999999       -1.9945137289756960     
        1522   0.0000000000000000       0.36666700000000002        0.0000000000000000     
        1523   3.3333000000000002E-002  0.36666700000000002      -0.27530771625093170     
        1524   6.6667000000000004E-002  0.36666700000000002      -0.55580597549951660     
        1525  0.10000000000000001       0.36666700000000002      -0.82435148949301940     
        1526  0.13333300000000001       0.36666700000000002       -1.0695685854049493     
        1527  0.16666700000000001       0.36666700000000002       -1.2845434234588173     
        1528  0.20000000000000001       0.36666700000000002       -1.4659102490693738     
        1529  0.23333300000000001       0.36666700000000002       -1.6136320062338954     
        1530  0.26666699999999999       0.36666700000000002       -1.7297529602969579     
        1531  0.29999999999999999       0.36666700000000002       -1.8190692185919117     
        1532  0.33333299999999999       0.36666700000000002       -1.8862562926006290     
        1533  0.36666700000000002       0.36666700000000002       -1.9368943106612506     
        1534  0.40000000000000002       0.36666700000000002       -1.9758620179811446     
        1535  0.43333300000000002       0.36666700000000002       -2.0084775553732332     
        1536  0.46666700000000000       0.36666700000000002       -2.0390219059220724     
        1537  0.50000000000000000       0.36666700000000002       -2.0721508476565456     
        1538  0.53333299999999995       0.36666700000000002       -2.1113860050959574     
        1539  0.56666700000000003       0.36666700000000002       -2.1610894186753660     
        1540  0.59999999999999998       0.36666700000000002       -2.2243667346887372     
        1541  0.63333300000000003       0.36666700000000002       -2.3047180000896277     
        1542  0.66666700000000001       0.36666700000000002       -2.4045941117563165     
        1543  0.69999999999999996       0.36666700000000002       -2.5258983629848775     
        1544  0.73333300000000001       0.36666700000000002       -2.6705449408870496     
        1545  0.76666699999999999       0.36666700000000002       -2.8344149172654998     
        1546  0.80000000000000004       0.36666700000000002       -3.0126277193235547     
        1547  0.83333299999999999       0.36666700000000002       -3.1897682892905377     
        1548  0.86666699999999997       0.36666700000000002       -3.3347100169346886     
        1549  0.90000000000000002       0.36666700000000002       -3.3878915564573853     
        1550  0.93333299999999997       0.36666700000000002       -3.2446409045385889     
        1551  0.96666700000000005       0.36666700000000002       -2.7174508552145280     
        1552   1.0000000000000000       0.36666700000000002       -1.4926255818932330     
        1553   1.5000000000000000       0.36666700000000002       0.52059979148944258     
        1554   1.5333330000000001       0.36666700000000002      -0.85788273526821357     
        1555   1.5666670000000000       0.36666700000000002       -1.8195270275625544     
        1556   1.6000000000000001       0.36666700000000002       -2.4063446849485040     
        1557   1.6333329999999999       0.36666700000000002       -2.7276560155743907     
        1558   1.6666669999999999       0.36666700000000002       -2.8754389017020410     
        1559   1.7000000000000000       0.36666700000000002       -2.9183185496400212     
        1560   1.7333330000000000       0.36666700000000002       -2.8970175041372714     
        1561   1.7666670000000000       0.36666700000000002       -2.8393106098109522     
        1562   1.8000000000000000       0.36666700000000002       -2.7608949589020457     
        1563   1.8333330000000001       0.36666700000000002       -2.6733080997701424     
        1564   1.8666670000000001       0.36666700000000002       -2.5832314844754225     
        1565   1.8999999999999999       0.36666700000000002       -2.4943068578696312     
        1566   1.9333330000000000       0.36666700000000002       -2.4099227421357692     
        1567   1.9666669999999999       0.36666700000000002       -2.3304029112317983     
        1568   2.0000000000000000       0.36666700000000002       -2.2572750692074228     
        1569   2.0333329999999998       0.36666700000000002       -2.1917587082514545     
        1570   2.0666669999999998       0.36666700000000002       -2.1324067286181991     
        1571   2.1000000000000001       0.36666700000000002       -2.0801011072024158     
        1572   2.1333329999999999       0.36666700000000002       -2.0343264691112379     
        1573   2.1666669999999999       0.36666700000000002       -1.9945900003113362     
        1574   2.2000000000000002       0.36666700000000002       -1.9601019961721551     
        1575   2.2333330000000000       0.36666700000000002       -1.9310444498156840     
        1576   2.2666670000000000       0.36666700000000002       -1.9064420439839178     
        1577   2.2999999999999998       0.36666700000000002       -1.8861188926624177     
        1578   2.3333330000000001       0.36666700000000002       -1.8694179425570168     
        1579   2.3666670000000001       0.36666700000000002       -1.8560750313804746     
        1580   2.3999999999999999       0.36666700000000002       -1.8455876211734543     
        1581   2.4333330000000002       0.36666700000000002       -1.8376111632975110     
        1582   2.4666670000000002       0.36666700000000002       -1.8317706566591092     
        1583   2.5000000000000000       0.36666700000000002       -1.8277954242283287     
        1584   2.5333329999999998       0.36666700000000002       -1.8253865763229613     
        1585   2.5666669999999998       0.36666700000000002       -1.8242631185256453     
        1586   2.6000000000000001       0.36666700000000002       -1.8241860490915560     
        1587   2.6333329999999999       0.36666700000000002       -1.8250146575157249     
        1588   2.6666669999999999       0.36666700000000002       -1.8265078161853068     
        1589   2.7000000000000002       0.36666700000000002       -1.8286015804921116     
        1590   2.7333330000000000       0.36666700000000002       -1.8311011451496471     
        1591   2.7666670000000000       0.36666700000000002       -1.8339072156293421     
        1592   2.7999999999999998       0.36666700000000002       -1.8369931864252749     
        1593   2.8333330000000001       0.36666700000000002       -1.8402019350125038     
        1594   2.8666670000000001       0.36666700000000002       -1.8435237151841710     
        1595   2.8999999999999999       0.36666700000000002       -1.8468291236913807     
        1596   2.9333330000000002       0.36666700000000002       -1.8501619701162018     
        1597   2.9666670000000002       0.36666700000000002       -1.8533831301088384     
        1598   3.0000000000000000       0.36666700000000002       -1.8565749631486608     
        1599   3.0333329999999998       0.36666700000000002       -1.8596086579118121     
        1600   3.0666669999999998       0.36666700000000002       -1.8625133336798474     
        1601   3.1000000000000001       0.36666700000000002       -1.8653194340481740     
        1602   3.1333329999999999       0.36666700000000002       -1.8679677804439916     
        1603   3.1666669999999999       0.36666700000000002       -1.8704866562096143     
        1604   3.2000000000000002       0.36666700000000002       -1.8728730488035665     
        1605   3.2333330000000000       0.36666700000000002       -1.8751567405273168     
        1606   3.2666670000000000       0.36666700000000002       -1.8772962002682059     
        1607   3.2999999999999998       0.36666700000000002       -1.8793120831137824     
        1608   3.3333330000000001       0.36666700000000002       -1.8811825480995608     
        1609   3.3666670000000001       0.36666700000000002       -1.8828946188341980     
        1610   3.3999999999999999       0.36666700000000002       -1.8844717471972094     
        1611   3.4333330000000002       0.36666700000000002       -1.8858973891662494     
        1612   3.4666670000000002       0.36666700000000002       -1.8871535009530782     
        1613   3.5000000000000000       0.36666700000000002       -1.8882921211075971     
        1614   3.5333329999999998       0.36666700000000002       -1.8893161777608884     
        1615   3.5666669999999998       0.36666700000000002       -1.8902506092382778     
        1616   3.6000000000000001       0.36666700000000002       -1.8911221950501724     
        1617   3.6333329999999999       0.36666700000000002       -1.8919402779548309     
        1618   3.6666669999999999       0.36666700000000002       -1.8927025196864973     
        1619   3.7000000000000002       0.36666700000000002       -1.8934232979854138     
        1620   3.7333330000000000       0.36666700000000002       -1.8940844342707881     
        1621   3.7666670000000000       0.36666700000000002       -1.8946852031113053     
        1622   3.7999999999999998       0.36666700000000002       -1.8952136102324522     
        1623   3.8333330000000001       0.36666700000000002       -1.8956808050053546     
        1624   3.8666670000000001       0.36666700000000002       -1.8960895425048170     
        1625   3.8999999999999999       0.36666700000000002       -1.8964397439116070     
        1626   3.9333330000000002       0.36666700000000002       -1.8967456741680895     
        1627   3.9666670000000002       0.36666700000000002       -1.8970176386859723     
        1628   4.0000000000000000       0.36666700000000002       -1.8972507962459040     
        1629   4.0333329999999998       0.36666700000000002       -1.8974600519875084     
        1630   4.0666669999999998       0.36666700000000002       -1.8976546196240160     
        1631   4.0999999999999996       0.36666700000000002       -1.8978399876741545     
        1632   4.1333330000000004       0.36666700000000002       -1.8980165887326910     
        1633   4.1666670000000003       0.36666700000000002       -1.8981837281940672     
        1634   4.2000000000000002       0.36666700000000002       -1.8983458550132970     
        1635   4.2333330000000000       0.36666700000000002       -1.8984948486663462     
        1636   4.2666670000000000       0.36666700000000002       -1.8986265664969644     
        1637   4.2999999999999998       0.36666700000000002       -1.8987343919974753     
        1638   4.3333329999999997       0.36666700000000002       -1.8988139709575127     
        1639   4.3666669999999996       0.36666700000000002       -1.8988602012930085     
        1640   4.4000000000000004       0.36666700000000002       -1.8988650697530802     
        1641   4.4333330000000002       0.36666700000000002       -1.8988361817376920     
        1642   4.4666670000000002       0.36666700000000002       -1.8987815808350772     
        1643   4.5000000000000000       0.36666700000000002       -1.8987022604976593     
        1644   4.5333329999999998       0.36666700000000002       -1.8986075727781664     
        1645   4.5666669999999998       0.36666700000000002       -1.8984977714758393     
        1646   4.5999999999999996       0.36666700000000002       -1.8983658990349739     
        1647   4.6333330000000004       0.36666700000000002       -1.8982172261104533     
        1648   4.6666670000000003       0.36666700000000002       -1.8980500346297264     
        1649   4.7000000000000002       0.36666700000000002       -1.8978575507479207     
        1650   4.7333330000000000       0.36666700000000002       -1.8976380504397437     
        1651   4.7666670000000000       0.36666700000000002       -1.8973778012356746     
        1652   4.7999999999999998       0.36666700000000002       -1.8970727125130162     
        1653   4.8333329999999997       0.36666700000000002       -1.8967269486769185     
        1654   4.8666669999999996       0.36666700000000002       -1.8963448582276299     
        1655   4.9000000000000004       0.36666700000000002       -1.8959652813908567     
        1656   4.9333330000000002       0.36666700000000002       -1.8956298116440744     
        1657   4.9666670000000002       0.36666700000000002       -1.8953968638879186     
        1658   5.0000000000000000       0.36666700000000002       -1.8953040748414063     
        1659   0.0000000000000000       0.40000000000000002        0.0000000000000000     
        1660   3.3333000000000002E-002  0.40000000000000002      -0.23173163679624056     
        1661   6.6667000000000004E-002  0.40000000000000002      -0.46719697332474741     
        1662  0.10000000000000001       0.40000000000000002      -0.69647868631239962     
        1663  0.13333300000000001       0.40000000000000002      -0.91331195843822333     
        1664  0.16666700000000001       0.40000000000000002       -1.1073615728946922     
        1665  0.20000000000000001       0.40000000000000002       -1.2786618632455422     
        1666  0.23333300000000001       0.40000000000000002       -1.4236788073342588     
        1667  0.26666699999999999       0.40000000000000002       -1.5453000606332241     
        1668  0.29999999999999999       0.40000000000000002       -1.6450682869529791     
        1669  0.33333299999999999       0.40000000000000002       -1.7271924379714771     
        1670  0.36666700000000002       0.40000000000000002       -1.7955093605579884     
        1671  0.40000000000000002       0.40000000000000002       -1.8544064434017900     
        1672  0.43333300000000002       0.40000000000000002       -1.9084016185045780     
        1673  0.46666700000000000       0.40000000000000002       -1.9617063906532319     
        1674  0.50000000000000000       0.40000000000000002       -2.0189315531308796     
        1675  0.53333299999999995       0.40000000000000002       -2.0840376317488141     
        1676  0.56666700000000003       0.40000000000000002       -2.1617763484725319     
        1677  0.59999999999999998       0.40000000000000002       -2.2564405939257304     
        1678  0.63333300000000003       0.40000000000000002       -2.3721566890574768     
        1679  0.66666700000000001       0.40000000000000002       -2.5136057543144634     
        1680  0.69999999999999996       0.40000000000000002       -2.6877107222528505     
        1681  0.73333300000000001       0.40000000000000002       -2.8945135852651864     
        1682  0.76666699999999999       0.40000000000000002       -3.1431118342928963     
        1683  0.80000000000000004       0.40000000000000002       -3.4329120022154722     
        1684  0.83333299999999999       0.40000000000000002       -3.7548965638358087     
        1685  0.86666699999999997       0.40000000000000002       -4.0934381668898050     
        1686  0.90000000000000002       0.40000000000000002       -4.4048247094003141     
        1687  0.93333299999999997       0.40000000000000002       -4.5658152810289367     
        1688  0.96666700000000005       0.40000000000000002       -4.3451203208149733     
        1689   1.0000000000000000       0.40000000000000002       -3.3370201024157309     
        1690   1.5000000000000000       0.40000000000000002       -1.4493975611650887E-002
        1691   1.5333330000000001       0.40000000000000002       -1.8805464128476241     
        1692   1.5666670000000000       0.40000000000000002       -2.9147046048511029     
        1693   1.6000000000000001       0.40000000000000002       -3.3949714877938368     
        1694   1.6333329999999999       0.40000000000000002       -3.5648112769911333     
        1695   1.6666669999999999       0.40000000000000002       -3.5696069309339680     
        1696   1.7000000000000000       0.40000000000000002       -3.4920454608671809     
        1697   1.7333330000000000       0.40000000000000002       -3.3724405593978948     
        1698   1.7666670000000000       0.40000000000000002       -3.2365412419716502     
        1699   1.8000000000000000       0.40000000000000002       -3.0949400276430112     
        1700   1.8333330000000001       0.40000000000000002       -2.9563816355832557     
        1701   1.8666670000000001       0.40000000000000002       -2.8221633442540894     
        1702   1.8999999999999999       0.40000000000000002       -2.6979524097161898     
        1703   1.9333330000000000       0.40000000000000002       -2.5810379094108407     
        1704   1.9666669999999999       0.40000000000000002       -2.4750764718303775     
        1705   2.0000000000000000       0.40000000000000002       -2.3782658070945781     
        1706   2.0333329999999998       0.40000000000000002       -2.2906827029142574     
        1707   2.0666669999999998       0.40000000000000002       -2.2129651329622573     
        1708   2.1000000000000001       0.40000000000000002       -2.1430584237196380     
        1709   2.1333329999999999       0.40000000000000002       -2.0816120907218867     
        1710   2.1666669999999999       0.40000000000000002       -2.0275242240714930     
        1711   2.2000000000000002       0.40000000000000002       -1.9804425927658933     
        1712   2.2333330000000000       0.40000000000000002       -1.9392562821998229     
        1713   2.2666670000000000       0.40000000000000002       -1.9041089261217778     
        1714   2.2999999999999998       0.40000000000000002       -1.8737317516314795     
        1715   2.3333330000000001       0.40000000000000002       -1.8482354192304240     
        1716   2.3666670000000001       0.40000000000000002       -1.8266108523979956     
        1717   2.3999999999999999       0.40000000000000002       -1.8086016752715590     
        1718   2.4333330000000002       0.40000000000000002       -1.7938943273735350     
        1719   2.4666670000000002       0.40000000000000002       -1.7818768248698225     
        1720   2.5000000000000000       0.40000000000000002       -1.7723244153877331     
        1721   2.5333329999999998       0.40000000000000002       -1.7648444715807432     
        1722   2.5666669999999998       0.40000000000000002       -1.7591506320625170     
        1723   2.6000000000000001       0.40000000000000002       -1.7549799946307492     
        1724   2.6333329999999999       0.40000000000000002       -1.7521285689743333     
        1725   2.6666669999999999       0.40000000000000002       -1.7503328134855609     
        1726   2.7000000000000002       0.40000000000000002       -1.7494407928349311     
        1727   2.7333330000000000       0.40000000000000002       -1.7493354922846713     
        1728   2.7666670000000000       0.40000000000000002       -1.7497981781782259     
        1729   2.7999999999999998       0.40000000000000002       -1.7507742347527691     
        1730   2.8333330000000001       0.40000000000000002       -1.7521135488873747     
        1731   2.8666670000000001       0.40000000000000002       -1.7537987438182794     
        1732   2.8999999999999999       0.40000000000000002       -1.7556850618751025     
        1733   2.9333330000000002       0.40000000000000002       -1.7576951846010578     
        1734   2.9666670000000002       0.40000000000000002       -1.7598446016285609     
        1735   3.0000000000000000       0.40000000000000002       -1.7620068028163176     
        1736   3.0333329999999998       0.40000000000000002       -1.7642165401674228     
        1737   3.0666669999999998       0.40000000000000002       -1.7664118365750652     
        1738   3.1000000000000001       0.40000000000000002       -1.7685602639946454     
        1739   3.1333329999999999       0.40000000000000002       -1.7706420065636252     
        1740   3.1666669999999999       0.40000000000000002       -1.7727062381111132     
        1741   3.2000000000000002       0.40000000000000002       -1.7746730004289060     
        1742   3.2333330000000000       0.40000000000000002       -1.7765641876384579     
        1743   3.2666670000000000       0.40000000000000002       -1.7784054043299706     
        1744   3.2999999999999998       0.40000000000000002       -1.7801332261981970     
        1745   3.3333330000000001       0.40000000000000002       -1.7817606829588155     
        1746   3.3666670000000001       0.40000000000000002       -1.7832909963571495     
        1747   3.3999999999999999       0.40000000000000002       -1.7847046562326343     
        1748   3.4333330000000002       0.40000000000000002       -1.7859933129498649     
        1749   3.4666670000000002       0.40000000000000002       -1.7871798226507389     
        1750   3.5000000000000000       0.40000000000000002       -1.7882544787270329     
        1751   3.5333329999999998       0.40000000000000002       -1.7892340352492333     
        1752   3.5666669999999998       0.40000000000000002       -1.7901421548057783     
        1753   3.6000000000000001       0.40000000000000002       -1.7909840906000822     
        1754   3.6333329999999999       0.40000000000000002       -1.7917784457000663     
        1755   3.6666669999999999       0.40000000000000002       -1.7925163723155206     
        1756   3.7000000000000002       0.40000000000000002       -1.7932085364180197     
        1757   3.7333330000000000       0.40000000000000002       -1.7938404972237179     
        1758   3.7666670000000000       0.40000000000000002       -1.7944200456552928     
        1759   3.7999999999999998       0.40000000000000002       -1.7949481045740123     
        1760   3.8333330000000001       0.40000000000000002       -1.7954158203989670     
        1761   3.8666670000000001       0.40000000000000002       -1.7958255627929149     
        1762   3.8999999999999999       0.40000000000000002       -1.7961980979687717     
        1763   3.9333330000000002       0.40000000000000002       -1.7965279297851031     
        1764   3.9666670000000002       0.40000000000000002       -1.7968122820490657     
        1765   4.0000000000000000       0.40000000000000002       -1.7970667525321578     
        1766   4.0333329999999998       0.40000000000000002       -1.7972932221654510     
        1767   4.0666669999999998       0.40000000000000002       -1.7975070552154777     
        1768   4.0999999999999996       0.40000000000000002       -1.7977067949059422     
        1769   4.1333330000000004       0.40000000000000002       -1.7978932065638538     
        1770   4.1666670000000003       0.40000000000000002       -1.7980648913531683     
        1771   4.2000000000000002       0.40000000000000002       -1.7982195562367371     
        1772   4.2333330000000000       0.40000000000000002       -1.7983650149071948     
        1773   4.2666670000000000       0.40000000000000002       -1.7984956778775334     
        1774   4.2999999999999998       0.40000000000000002       -1.7985942298016355     
        1775   4.3333329999999997       0.40000000000000002       -1.7986736914004888     
        1776   4.3666669999999996       0.40000000000000002       -1.7987309417750923     
        1777   4.4000000000000004       0.40000000000000002       -1.7987501399214743     
        1778   4.4333330000000002       0.40000000000000002       -1.7987383060229816     
        1779   4.4666670000000002       0.40000000000000002       -1.7987077515151888     
        1780   4.5000000000000000       0.40000000000000002       -1.7986503105990594     
        1781   4.5333329999999998       0.40000000000000002       -1.7985718633062220     
        1782   4.5666669999999998       0.40000000000000002       -1.7984785027971233     
        1783   4.5999999999999996       0.40000000000000002       -1.7983698755596949     
        1784   4.6333330000000004       0.40000000000000002       -1.7982436334396068     
        1785   4.6666670000000003       0.40000000000000002       -1.7980917159177938     
        1786   4.7000000000000002       0.40000000000000002       -1.7979184957864112     
        1787   4.7333330000000000       0.40000000000000002       -1.7977242177493873     
        1788   4.7666670000000000       0.40000000000000002       -1.7975017445635335     
        1789   4.7999999999999998       0.40000000000000002       -1.7972493618731316     
        1790   4.8333329999999997       0.40000000000000002       -1.7969671025128831     
        1791   4.8666669999999996       0.40000000000000002       -1.7966765053966891     
        1792   4.9000000000000004       0.40000000000000002       -1.7963960034347328     
        1793   4.9333330000000002       0.40000000000000002       -1.7961584721703800     
        1794   4.9666670000000002       0.40000000000000002       -1.7959934656129577     
        1795   5.0000000000000000       0.40000000000000002       -1.7959315342563993     
        1796   0.0000000000000000       0.43333300000000002        0.0000000000000000     
        1797   3.3333000000000002E-002  0.43333300000000002      -0.19580320973582119     
        1798   6.6667000000000004E-002  0.43333300000000002      -0.39624715110729636     
        1799  0.10000000000000001       0.43333300000000002      -0.59624114866806921     
        1800  0.13333300000000001       0.43333300000000002      -0.78601344732765732     
        1801  0.16666700000000001       0.43333300000000002      -0.96268645643966755     
        1802  0.20000000000000001       0.43333300000000002       -1.1212755587731125     
        1803  0.23333300000000001       0.43333300000000002       -1.2620947318907463     
        1804  0.26666699999999999       0.43333300000000002       -1.3843132377107836     
        1805  0.29999999999999999       0.43333300000000002       -1.4905727313951640     
        1806  0.33333299999999999       0.43333300000000002       -1.5824441362204160     
        1807  0.36666700000000002       0.43333300000000002       -1.6639536574999703     
        1808  0.40000000000000002       0.43333300000000002       -1.7384375235737759     
        1809  0.43333300000000002       0.43333300000000002       -1.8095065193546678     
        1810  0.46666700000000000       0.43333300000000002       -1.8820187341011954     
        1811  0.50000000000000000       0.43333300000000002       -1.9594284733628431     
        1812  0.53333299999999995       0.43333300000000002       -2.0475826563298543     
        1813  0.56666700000000003       0.43333300000000002       -2.1498685103613693     
        1814  0.59999999999999998       0.43333300000000002       -2.2718455648939151     
        1815  0.63333300000000003       0.43333300000000002       -2.4209941590148114     
        1816  0.66666700000000001       0.43333300000000002       -2.6027606575836035     
        1817  0.69999999999999996       0.43333300000000002       -2.8246861943407331     
        1818  0.73333300000000001       0.43333300000000002       -3.0959228237300098     
        1819  0.76666699999999999       0.43333300000000002       -3.4283763985179121     
        1820  0.80000000000000004       0.43333300000000002       -3.8341108360111780     
        1821  0.83333299999999999       0.43333300000000002       -4.3253609129408153     
        1822  0.86666699999999997       0.43333300000000002       -4.9129319850227402     
        1823  0.90000000000000002       0.43333300000000002       -5.5879247569911588     
        1824  0.93333299999999997       0.43333300000000002       -6.2984694527760396     
        1825  0.96666700000000005       0.43333300000000002       -6.7699846841474240     
        1826   1.0000000000000000       0.43333300000000002       -6.2344625133229270     
        1827   1.5000000000000000       0.43333300000000002       -1.3002423314279703     
        1828   1.5333330000000001       0.43333300000000002       -3.7357118141645729     
        1829   1.5666670000000000       0.43333300000000002       -4.5580908925221335     
        1830   1.6000000000000001       0.43333300000000002       -4.6886118505991039     
        1831   1.6333329999999999       0.43333300000000002       -4.5545394538140993     
        1832   1.6666669999999999       0.43333300000000002       -4.3370546083020098     
        1833   1.7000000000000000       0.43333300000000002       -4.0933211601169983     
        1834   1.7333330000000000       0.43333300000000002       -3.8555169964518199     
        1835   1.7666670000000000       0.43333300000000002       -3.6273280433930535     
        1836   1.8000000000000000       0.43333300000000002       -3.4178920932578292     
        1837   1.8333330000000001       0.43333300000000002       -3.2222190751217896     
        1838   1.8666670000000001       0.43333300000000002       -3.0452370803176705     
        1839   1.8999999999999999       0.43333300000000002       -2.8835258825360497     
        1840   1.9333330000000000       0.43333300000000002       -2.7363013201999773     
        1841   1.9666669999999999       0.43333300000000002       -2.6025889704945877     
        1842   2.0000000000000000       0.43333300000000002       -2.4834764583067996     
        1843   2.0333329999999998       0.43333300000000002       -2.3762846765812182     
        1844   2.0666669999999998       0.43333300000000002       -2.2796257352650957     
        1845   2.1000000000000001       0.43333300000000002       -2.1944554046923712     
        1846   2.1333329999999999       0.43333300000000002       -2.1180975680201790     
        1847   2.1666669999999999       0.43333300000000002       -2.0508293485862161     
        1848   2.2000000000000002       0.43333300000000002       -1.9915786874039589     
        1849   2.2333330000000000       0.43333300000000002       -1.9400475431389552     
        1850   2.2666670000000000       0.43333300000000002       -1.8947248285132228     
        1851   2.2999999999999998       0.43333300000000002       -1.8555365164636273     
        1852   2.3333330000000001       0.43333300000000002       -1.8217028679299598     
        1853   2.3666670000000001       0.43333300000000002       -1.7927166611549190     
        1854   2.3999999999999999       0.43333300000000002       -1.7678487967254559     
        1855   2.4333330000000002       0.43333300000000002       -1.7468965455131309     
        1856   2.4666670000000002       0.43333300000000002       -1.7292940563621504     
        1857   2.5000000000000000       0.43333300000000002       -1.7145340296678715     
        1858   2.5333329999999998       0.43333300000000002       -1.7024223547212789     
        1859   2.5666669999999998       0.43333300000000002       -1.6925476109958826     
        1860   2.6000000000000001       0.43333300000000002       -1.6845577168079586     
        1861   2.6333329999999999       0.43333300000000002       -1.6782800602140777     
        1862   2.6666669999999999       0.43333300000000002       -1.6734117663392121     
        1863   2.7000000000000002       0.43333300000000002       -1.6697815327694290     
        1864   2.7333330000000000       0.43333300000000002       -1.6671624759463239     
        1865   2.7666670000000000       0.43333300000000002       -1.6654419829258973     
        1866   2.7999999999999998       0.43333300000000002       -1.6644240232095628     
        1867   2.8333330000000001       0.43333300000000002       -1.6640310517705987     
        1868   2.8666670000000001       0.43333300000000002       -1.6641122282180729     
        1869   2.8999999999999999       0.43333300000000002       -1.6646182397547913     
        1870   2.9333330000000002       0.43333300000000002       -1.6654275128104914     
        1871   2.9666670000000002       0.43333300000000002       -1.6664598208996659     
        1872   3.0000000000000000       0.43333300000000002       -1.6677095019768913     
        1873   3.0333329999999998       0.43333300000000002       -1.6690702482854660     
        1874   3.0666669999999998       0.43333300000000002       -1.6705301431059694     
        1875   3.1000000000000001       0.43333300000000002       -1.6720362524713299     
        1876   3.1333329999999999       0.43333300000000002       -1.6735948944222969     
        1877   3.1666669999999999       0.43333300000000002       -1.6751499466851536     
        1878   3.2000000000000002       0.43333300000000002       -1.6767011839612120     
        1879   3.2333330000000000       0.43333300000000002       -1.6782473001142766     
        1880   3.2666670000000000       0.43333300000000002       -1.6797493850528944     
        1881   3.2999999999999998       0.43333300000000002       -1.6811851766952051     
        1882   3.3333330000000001       0.43333300000000002       -1.6825854591998248     
        1883   3.3666670000000001       0.43333300000000002       -1.6839068129976209     
        1884   3.3999999999999999       0.43333300000000002       -1.6851482189712288     
        1885   3.4333330000000002       0.43333300000000002       -1.6863103162887454     
        1886   3.4666670000000002       0.43333300000000002       -1.6873804562513637     
        1887   3.5000000000000000       0.43333300000000002       -1.6883830200664651     
        1888   3.5333329999999998       0.43333300000000002       -1.6893084691167941     
        1889   3.5666669999999998       0.43333300000000002       -1.6901597433455824     
        1890   3.6000000000000001       0.43333300000000002       -1.6909680647650318     
        1891   3.6333329999999999       0.43333300000000002       -1.6917161388762472     
        1892   3.6666669999999999       0.43333300000000002       -1.6924283690630622     
        1893   3.7000000000000002       0.43333300000000002       -1.6930874440261756     
        1894   3.7333330000000000       0.43333300000000002       -1.6936955982762036     
        1895   3.7666670000000000       0.43333300000000002       -1.6942539359958788     
        1896   3.7999999999999998       0.43333300000000002       -1.6947642572098824     
        1897   3.8333330000000001       0.43333300000000002       -1.6952257013612704     
        1898   3.8666670000000001       0.43333300000000002       -1.6956439180188183     
        1899   3.8999999999999999       0.43333300000000002       -1.6960228957271013     
        1900   3.9333330000000002       0.43333300000000002       -1.6963588413284181     
        1901   3.9666670000000002       0.43333300000000002       -1.6966565479073565     
        1902   4.0000000000000000       0.43333300000000002       -1.6969206315017249     
        1903   4.0333329999999998       0.43333300000000002       -1.6971653097656956     
        1904   4.0666669999999998       0.43333300000000002       -1.6973919773136101     
        1905   4.0999999999999996       0.43333300000000002       -1.6975961780241471     
        1906   4.1333330000000004       0.43333300000000002       -1.6977869448666980     
        1907   4.1666670000000003       0.43333300000000002       -1.6979658303354286     
        1908   4.2000000000000002       0.43333300000000002       -1.6981201117896996     
        1909   4.2333330000000000       0.43333300000000002       -1.6982614072550044     
        1910   4.2666670000000000       0.43333300000000002       -1.6983858187905261     
        1911   4.2999999999999998       0.43333300000000002       -1.6984890225396738     
        1912   4.3333329999999997       0.43333300000000002       -1.6985737325802295     
        1913   4.3666669999999996       0.43333300000000002       -1.6986333858383111     
        1914   4.4000000000000004       0.43333300000000002       -1.6986626834744585     
        1915   4.4333330000000002       0.43333300000000002       -1.6986649147718664     
        1916   4.4666670000000002       0.43333300000000002       -1.6986498149448441     
        1917   4.5000000000000000       0.43333300000000002       -1.6986125894927813     
        1918   4.5333329999999998       0.43333300000000002       -1.6985527147326402     
        1919   4.5666669999999998       0.43333300000000002       -1.6984736803578411     
        1920   4.5999999999999996       0.43333300000000002       -1.6983839283436513     
        1921   4.6333330000000004       0.43333300000000002       -1.6982776648402189     
        1922   4.6666670000000003       0.43333300000000002       -1.6981456088072311     
        1923   4.7000000000000002       0.43333300000000002       -1.6979992746986123     
        1924   4.7333330000000000       0.43333300000000002       -1.6978326189970274     
        1925   4.7666670000000000       0.43333300000000002       -1.6976421920727227     
        1926   4.7999999999999998       0.43333300000000002       -1.6974280979377532     
        1927   4.8333329999999997       0.43333300000000002       -1.6972033736499890     
        1928   4.8666669999999996       0.43333300000000002       -1.6969763406256910     
        1929   4.9000000000000004       0.43333300000000002       -1.6967700828241385     
        1930   4.9333330000000002       0.43333300000000002       -1.6966013653580407     
        1931   4.9666670000000002       0.43333300000000002       -1.6964785864943168     
        1932   5.0000000000000000       0.43333300000000002       -1.6964290084238158     
        1933   0.0000000000000000       0.46666700000000000        0.0000000000000000     
        1934   3.3333000000000002E-002  0.46666700000000000      -0.16783352014958125     
        1935   6.6667000000000004E-002  0.46666700000000000      -0.34115554139840043     
        1936  0.10000000000000001       0.46666700000000000      -0.51445614712385945     
        1937  0.13333300000000001       0.46666700000000000      -0.68220896880377091     
        1938  0.16666700000000001       0.46666700000000000      -0.84095956411196049     
        1939  0.20000000000000001       0.46666700000000000      -0.98864426807475625     
        1940  0.23333300000000001       0.46666700000000000       -1.1230252454431824     
        1941  0.26666699999999999       0.46666700000000000       -1.2438342136561120     
        1942  0.29999999999999999       0.46666700000000000       -1.3521730158503760     
        1943  0.33333299999999999       0.46666700000000000       -1.4506881118862749     
        1944  0.36666700000000002       0.46666700000000000       -1.5411468360709173     
        1945  0.40000000000000002       0.46666700000000000       -1.6270106310970835     
        1946  0.43333300000000002       0.46666700000000000       -1.7117516952187819     
        1947  0.46666700000000000       0.46666700000000000       -1.7991013069554729     
        1948  0.50000000000000000       0.46666700000000000       -1.8936091369229788     
        1949  0.53333299999999995       0.46666700000000000       -1.9999842866593109     
        1950  0.56666700000000003       0.46666700000000000       -2.1237961074222533     
        1951  0.59999999999999998       0.46666700000000000       -2.2702645822550784     
        1952  0.63333300000000003       0.46666700000000000       -2.4474913328105172     
        1953  0.66666700000000001       0.46666700000000000       -2.6627473626555513     
        1954  0.69999999999999996       0.46666700000000000       -2.9265662551015605     
        1955  0.73333300000000001       0.46666700000000000       -3.2564314824343450     
        1956  0.76666699999999999       0.46666700000000000       -3.6636024104537874     
        1957  0.80000000000000004       0.46666700000000000       -4.1750088167779822     
        1958  0.83333299999999999       0.46666700000000000       -4.8325155930275754     
        1959  0.86666699999999997       0.46666700000000000       -5.6791204109189284     
        1960  0.90000000000000002       0.46666700000000000       -6.7968985636288775     
        1961  0.93333299999999997       0.46666700000000000       -8.2985381005752679     
        1962  0.96666700000000005       0.46666700000000000       -10.238306485468952     
        1963   1.0000000000000000       0.46666700000000000       -11.954523479458194     
        1964   1.5000000000000000       0.46666700000000000       -4.9439751839480799     
        1965   1.5333330000000001       0.46666700000000000       -7.2001763408679391     
        1966   1.5666670000000000       0.46666700000000000       -6.8784044799391335     
        1967   1.6000000000000001       0.46666700000000000       -6.2189581339071918     
        1968   1.6333329999999999       0.46666700000000000       -5.6147553908872965     
        1969   1.6666669999999999       0.46666700000000000       -5.1041995929061779     
        1970   1.7000000000000000       0.46666700000000000       -4.6766429109323013     
        1971   1.7333330000000000       0.46666700000000000       -4.3062123939189290     
        1972   1.7666670000000000       0.46666700000000000       -3.9891984563779701     
        1973   1.8000000000000000       0.46666700000000000       -3.7083415626451992     
        1974   1.8333330000000001       0.46666700000000000       -3.4608703746792413     
        1975   1.8666670000000001       0.46666700000000000       -3.2398890228613206     
        1976   1.8999999999999999       0.46666700000000000       -3.0435409672233256     
        1977   1.9333330000000000       0.46666700000000000       -2.8675876861219267     
        1978   1.9666669999999999       0.46666700000000000       -2.7099718776646227     
        1979   2.0000000000000000       0.46666700000000000       -2.5692486713047629     
        1980   2.0333329999999998       0.46666700000000000       -2.4426371172332040     
        1981   2.0666669999999998       0.46666700000000000       -2.3309688050476547     
        1982   2.1000000000000001       0.46666700000000000       -2.2303235421710887     
        1983   2.1333329999999999       0.46666700000000000       -2.1412252434403403     
        1984   2.1666669999999999       0.46666700000000000       -2.0624454247314179     
        1985   2.2000000000000002       0.46666700000000000       -1.9928307550605298     
        1986   2.2333330000000000       0.46666700000000000       -1.9309357081168050     
        1987   2.2666670000000000       0.46666700000000000       -1.8772026200067669     
        1988   2.2999999999999998       0.46666700000000000       -1.8302028354688875     
        1989   2.3333330000000001       0.46666700000000000       -1.7888553291204572     
        1990   2.3666670000000001       0.46666700000000000       -1.7530584181099191     
        1991   2.3999999999999999       0.46666700000000000       -1.7222416787299986     
        1992   2.4333330000000002       0.46666700000000000       -1.6957587756061145     
        1993   2.4666670000000002       0.46666700000000000       -1.6729936483885084     
        1994   2.5000000000000000       0.46666700000000000       -1.6537699092341107     
        1995   2.5333329999999998       0.46666700000000000       -1.6373837429414360     
        1996   2.5666669999999998       0.46666700000000000       -1.6237424049603526     
        1997   2.6000000000000001       0.46666700000000000       -1.6123291819270853     
        1998   2.6333329999999999       0.46666700000000000       -1.6029406918476490     
        1999   2.6666669999999999       0.46666700000000000       -1.5952908445651246     
        2000   2.7000000000000002       0.46666700000000000       -1.5891214428256526     
        2001   2.7333330000000000       0.46666700000000000       -1.5842384763302197     
        2002   2.7666670000000000       0.46666700000000000       -1.5804776853420994     
        2003   2.7999999999999998       0.46666700000000000       -1.5776353777891325     
        2004   2.8333330000000001       0.46666700000000000       -1.5756137437126319     
        2005   2.8666670000000001       0.46666700000000000       -1.5742433414120671     
        2006   2.8999999999999999       0.46666700000000000       -1.5734234614801703     
        2007   2.9333330000000002       0.46666700000000000       -1.5730853110275029     
        2008   2.9666670000000002       0.46666700000000000       -1.5731219307471196     
        2009   3.0000000000000000       0.46666700000000000       -1.5734365718735583     
        2010   3.0333329999999998       0.46666700000000000       -1.5740144696148703     
        2011   3.0666669999999998       0.46666700000000000       -1.5747806437076004     
        2012   3.1000000000000001       0.46666700000000000       -1.5756862153074755     
        2013   3.1333329999999999       0.46666700000000000       -1.5766902368991249     
        2014   3.1666669999999999       0.46666700000000000       -1.5777639675872281     
        2015   3.2000000000000002       0.46666700000000000       -1.5789190136015729     
        2016   3.2333330000000000       0.46666700000000000       -1.5800943451712408     
        2017   3.2666670000000000       0.46666700000000000       -1.5812678114691558     
        2018   3.2999999999999998       0.46666700000000000       -1.5824400223062112     
        2019   3.3333330000000001       0.46666700000000000       -1.5835924374874515     
        2020   3.3666670000000001       0.46666700000000000       -1.5847071805480439     
        2021   3.3999999999999999       0.46666700000000000       -1.5857685387479179     
        2022   3.4333330000000002       0.46666700000000000       -1.5867921323606631     
        2023   3.4666670000000002       0.46666700000000000       -1.5877557905907007     
        2024   3.5000000000000000       0.46666700000000000       -1.5886529959857756     
        2025   3.5333329999999998       0.46666700000000000       -1.5895073537905664     
        2026   3.5666669999999998       0.46666700000000000       -1.5903088514745765     
        2027   3.6000000000000001       0.46666700000000000       -1.5910517560268662     
        2028   3.6333329999999999       0.46666700000000000       -1.5917654415204205     
        2029   3.6666669999999999       0.46666700000000000       -1.5924328528198488     
        2030   3.7000000000000002       0.46666700000000000       -1.5930526940383938     
        2031   3.7333330000000000       0.46666700000000000       -1.5936327088704207     
        2032   3.7666670000000000       0.46666700000000000       -1.5941719170087383     
        2033   3.7999999999999998       0.46666700000000000       -1.5946609840144486     
        2034   3.8333330000000001       0.46666700000000000       -1.5951167241795035     
        2035   3.8666670000000001       0.46666700000000000       -1.5955303287530507     
        2036   3.8999999999999999       0.46666700000000000       -1.5959045116904864     
        2037   3.9333330000000002       0.46666700000000000       -1.5962426956895761     
        2038   3.9666670000000002       0.46666700000000000       -1.5965447244218838     
        2039   4.0000000000000000       0.46666700000000000       -1.5968202414120820     
        2040   4.0333329999999998       0.46666700000000000       -1.5970700494900230     
        2041   4.0666669999999998       0.46666700000000000       -1.5973003476801388     
        2042   4.0999999999999996       0.46666700000000000       -1.5975112057066316     
        2043   4.1333330000000004       0.46666700000000000       -1.5977077244949076     
        2044   4.1666670000000003       0.46666700000000000       -1.5978862475832440     
        2045   4.2000000000000002       0.46666700000000000       -1.5980425571059895     
        2046   4.2333330000000000       0.46666700000000000       -1.5981794971939554     
        2047   4.2666670000000000       0.46666700000000000       -1.5983040899115548     
        2048   4.2999999999999998       0.46666700000000000       -1.5984120472690244     
        2049   4.3333329999999997       0.46666700000000000       -1.5984969207781952     
        2050   4.3666669999999996       0.46666700000000000       -1.5985594768368778     
        2051   4.4000000000000004       0.46666700000000000       -1.5985991092744898     
        2052   4.4333330000000002       0.46666700000000000       -1.5986128697452118     
        2053   4.4666670000000002       0.46666700000000000       -1.5986084108966492     
        2054   4.5000000000000000       0.46666700000000000       -1.5985875997199013     
        2055   4.5333329999999998       0.46666700000000000       -1.5985450413151290     
        2056   4.5666669999999998       0.46666700000000000       -1.5984827837874269     
        2057   4.5999999999999996       0.46666700000000000       -1.5984077434810515     
        2058   4.6333330000000004       0.46666700000000000       -1.5983154251684433     
        2059   4.6666670000000003       0.46666700000000000       -1.5982085588298729     
        2060   4.7000000000000002       0.46666700000000000       -1.5980873138610907     
        2061   4.7333330000000000       0.46666700000000000       -1.5979461001929187     
        2062   4.7666670000000000       0.46666700000000000       -1.5977834109171802     
        2063   4.7999999999999998       0.46666700000000000       -1.5976061353371154     
        2064   4.8333329999999997       0.46666700000000000       -1.5974301064270240     
        2065   4.8666669999999996       0.46666700000000000       -1.5972541720222360     
        2066   4.9000000000000004       0.46666700000000000       -1.5970947204634096     
        2067   4.9333330000000002       0.46666700000000000       -1.5969645188195147     
        2068   4.9666670000000002       0.46666700000000000       -1.5968765279773829     
        2069   5.0000000000000000       0.46666700000000000       -1.5968438283415620     
        2070   0.0000000000000000       0.50000000000000000        0.0000000000000000     
        2071   3.3333000000000002E-002  0.50000000000000000      -0.14506390622314375     
        2072   6.6667000000000004E-002  0.50000000000000000      -0.29581116031370730     
        2073  0.10000000000000001       0.50000000000000000      -0.44638626709781914     
        2074  0.13333300000000001       0.50000000000000000      -0.59603395464731834     
        2075  0.16666700000000001       0.50000000000000000      -0.73998516278822390     
        2076  0.20000000000000001       0.50000000000000000      -0.87522972431065038     
        2077  0.23333300000000001       0.50000000000000000       -1.0016348743533248     
        2078  0.26666699999999999       0.50000000000000000       -1.1194045896023075     
        2079  0.29999999999999999       0.50000000000000000       -1.2282430548074987     
        2080  0.33333299999999999       0.50000000000000000       -1.3296075765129269     
        2081  0.36666700000000002       0.50000000000000000       -1.4256997282109172     
        2082  0.40000000000000002       0.50000000000000000       -1.5192074744271791     
        2083  0.43333300000000002       0.50000000000000000       -1.6140692859106220     
        2084  0.46666700000000000       0.50000000000000000       -1.7130496705084912     
        2085  0.50000000000000000       0.50000000000000000       -1.8208846877474698     
        2086  0.53333299999999995       0.50000000000000000       -1.9416697389903632     
        2087  0.56666700000000003       0.50000000000000000       -2.0811820500404501     
        2088  0.59999999999999998       0.50000000000000000       -2.2478692785141381     
        2089  0.63333300000000003       0.50000000000000000       -2.4453351405311827     
        2090  0.66666700000000001       0.50000000000000000       -2.6884293426429777     
        2091  0.69999999999999996       0.50000000000000000       -2.9872929388821405     
        2092  0.73333300000000001       0.50000000000000000       -3.3551676903528023     
        2093  0.76666699999999999       0.50000000000000000       -3.8223496702638409     
        2094  0.80000000000000004       0.50000000000000000       -4.4181109983698166     
        2095  0.83333299999999999       0.50000000000000000       -5.1873096765803943     
        2096  0.86666699999999997       0.50000000000000000       -6.2306434782794717     
        2097  0.90000000000000002       0.50000000000000000       -7.7057876420526163     
        2098  0.93333299999999997       0.50000000000000000       -9.9688837307374776     
        2099  0.96666700000000005       0.50000000000000000       -13.992711998717862     
        2100   1.0000000000000000       0.50000000000000000       -23.030486659888719     
        2101   1.0333330000000001       0.50000000000000000       -23.360708277685642     
        2102   1.0666670000000000       0.50000000000000000       -17.369236540280639     
        2103   1.1000000000000001       0.50000000000000000       -15.970250949643860     
        2104   1.1333329999999999       0.50000000000000000       -14.127396011305569     
        2105   1.1666669999999999       0.50000000000000000       -12.005471419276398     
        2106   1.2000000000000000       0.50000000000000000       -12.537691196929671     
        2107   1.2333330000000000       0.50000000000000000       -13.178390186896239     
        2108   1.2666670000000000       0.50000000000000000       -11.530875591282889     
        2109   1.3000000000000000       0.50000000000000000       -13.091610275798715     
        2110   1.3333330000000001       0.50000000000000000       -11.531809435836312     
        2111   1.3666670000000001       0.50000000000000000       -12.873568267790244     
        2112   1.3999999999999999       0.50000000000000000       -14.216256150120063     
        2113   1.4333330000000000       0.50000000000000000       -15.052191141499559     
        2114   1.4666669999999999       0.50000000000000000       -17.985817831984797     
        2115   1.5000000000000000       0.50000000000000000       -23.375859972388334     
        2116   1.5333330000000001       0.50000000000000000       -13.222056763857399     
        2117   1.5666670000000000       0.50000000000000000       -9.4781310171687299     
        2118   1.6000000000000001       0.50000000000000000       -7.6502275068135228     
        2119   1.6333329999999999       0.50000000000000000       -6.5391471550954128     
        2120   1.6666669999999999       0.50000000000000000       -5.7594050863876580     
        2121   1.7000000000000000       0.50000000000000000       -5.1667467418793684     
        2122   1.7333330000000000       0.50000000000000000       -4.6877970727526135     
        2123   1.7666670000000000       0.50000000000000000       -4.2874272738818782     
        2124   1.8000000000000000       0.50000000000000000       -3.9498411709994610     
        2125   1.8333330000000001       0.50000000000000000       -3.6549306944624282     
        2126   1.8666670000000001       0.50000000000000000       -3.3984962049143626     
        2127   1.8999999999999999       0.50000000000000000       -3.1696650828824176     
        2128   1.9333330000000000       0.50000000000000000       -2.9692260624717064     
        2129   1.9666669999999999       0.50000000000000000       -2.7909242995106598     
        2130   2.0000000000000000       0.50000000000000000       -2.6303212922691692     
        2131   2.0333329999999998       0.50000000000000000       -2.4887682509672335     
        2132   2.0666669999999998       0.50000000000000000       -2.3620191838859883     
        2133   2.1000000000000001       0.50000000000000000       -2.2494699664355053     
        2134   2.1333329999999999       0.50000000000000000       -2.1496565820188915     
        2135   2.1666669999999999       0.50000000000000000       -2.0601333857344306     
        2136   2.2000000000000002       0.50000000000000000       -1.9809947212379004     
        2137   2.2333330000000000       0.50000000000000000       -1.9113378760263500     
        2138   2.2666670000000000       0.50000000000000000       -1.8498954775580128     
        2139   2.2999999999999998       0.50000000000000000       -1.7958498052437193     
        2140   2.3333330000000001       0.50000000000000000       -1.7483868190134157     
        2141   2.3666670000000001       0.50000000000000000       -1.7068884020461024     
        2142   2.3999999999999999       0.50000000000000000       -1.6709388288615628     
        2143   2.4333330000000002       0.50000000000000000       -1.6394400394469590     
        2144   2.4666670000000002       0.50000000000000000       -1.6124863593097676     
        2145   2.5000000000000000       0.50000000000000000       -1.5891121835285138     
        2146   2.5333329999999998       0.50000000000000000       -1.5691334427894157     
        2147   2.5666669999999998       0.50000000000000000       -1.5521486811584240     
        2148   2.6000000000000001       0.50000000000000000       -1.5377905282970410     
        2149   2.6333329999999999       0.50000000000000000       -1.5256102476255755     
        2150   2.6666669999999999       0.50000000000000000       -1.5154730710764646     
        2151   2.7000000000000002       0.50000000000000000       -1.5070836233740581     
        2152   2.7333330000000000       0.50000000000000000       -1.5001845004658569     
        2153   2.7666670000000000       0.50000000000000000       -1.4945946148147298     
        2154   2.7999999999999998       0.50000000000000000       -1.4901161142680528     
        2155   2.8333330000000001       0.50000000000000000       -1.4866014353253973     
        2156   2.8666670000000001       0.50000000000000000       -1.4839164800212836     
        2157   2.8999999999999999       0.50000000000000000       -1.4819247854879394     
        2158   2.9333330000000002       0.50000000000000000       -1.4805182338058578     
        2159   2.9666670000000002       0.50000000000000000       -1.4796009194551474     
        2160   3.0000000000000000       0.50000000000000000       -1.4791038317171905     
        2161   3.0333329999999998       0.50000000000000000       -1.4789307963496527     
        2162   3.0666669999999998       0.50000000000000000       -1.4790265785189651     
        2163   3.1000000000000001       0.50000000000000000       -1.4793589668989873     
        2164   3.1333329999999999       0.50000000000000000       -1.4798560691782821     
        2165   3.1666669999999999       0.50000000000000000       -1.4804969044794978     
        2166   3.2000000000000002       0.50000000000000000       -1.4812410616816714     
        2167   3.2333330000000000       0.50000000000000000       -1.4820559959416479     
        2168   3.2666670000000000       0.50000000000000000       -1.4829260079735411     
        2169   3.2999999999999998       0.50000000000000000       -1.4838380887936129     
        2170   3.3333330000000001       0.50000000000000000       -1.4847417725113534     
        2171   3.3666670000000001       0.50000000000000000       -1.4856592889950999     
        2172   3.3999999999999999       0.50000000000000000       -1.4865593286638517     
        2173   3.4333330000000002       0.50000000000000000       -1.4874180007283533     
        2174   3.4666670000000002       0.50000000000000000       -1.4882638975694626     
        2175   3.5000000000000000       0.50000000000000000       -1.4890719758230908     
        2176   3.5333329999999998       0.50000000000000000       -1.4898351898606856     
        2177   3.5666669999999998       0.50000000000000000       -1.4905579247999499     
        2178   3.6000000000000001       0.50000000000000000       -1.4912535762940795     
        2179   3.6333329999999999       0.50000000000000000       -1.4919078753216797     
        2180   3.6666669999999999       0.50000000000000000       -1.4925317323145924     
        2181   3.7000000000000002       0.50000000000000000       -1.4931161226743122     
        2182   3.7333330000000000       0.50000000000000000       -1.4936561135673192     
        2183   3.7666670000000000       0.50000000000000000       -1.4941699235809360     
        2184   3.7999999999999998       0.50000000000000000       -1.4946448187953103     
        2185   3.8333330000000001       0.50000000000000000       -1.4950807116055156     
        2186   3.8666670000000001       0.50000000000000000       -1.4954859336751209     
        2187   3.8999999999999999       0.50000000000000000       -1.4958481021029140     
        2188   3.9333330000000002       0.50000000000000000       -1.4961833307898393     
        2189   3.9666670000000002       0.50000000000000000       -1.4964897777601207     
        2190   4.0000000000000000       0.50000000000000000       -1.4967665726735710     
        2191   4.0333329999999998       0.50000000000000000       -1.4970160563021919     
        2192   4.0666669999999998       0.50000000000000000       -1.4972455121702906     
        2193   4.0999999999999996       0.50000000000000000       -1.4974603530687873     
        2194   4.1333330000000004       0.50000000000000000       -1.4976583565196957     
        2195   4.1666670000000003       0.50000000000000000       -1.4978370524209477     
        2196   4.2000000000000002       0.50000000000000000       -1.4979929511018155     
        2197   4.2333330000000000       0.50000000000000000       -1.4981306197291870     
        2198   4.2666670000000000       0.50000000000000000       -1.4982549795133739     
        2199   4.2999999999999998       0.50000000000000000       -1.4983643489140632     
        2200   4.3333329999999997       0.50000000000000000       -1.4984477819975308     
        2201   4.3666669999999996       0.50000000000000000       -1.4985142430299712     
        2202   4.4000000000000004       0.50000000000000000       -1.4985634116755753     
        2203   4.4333330000000002       0.50000000000000000       -1.4985867386069898     
        2204   4.4666670000000002       0.50000000000000000       -1.4985902824125898     
        2205   4.5000000000000000       0.50000000000000000       -1.4985809921287518     
        2206   4.5333329999999998       0.50000000000000000       -1.4985532293712136     
        2207   4.5666669999999998       0.50000000000000000       -1.4985090809404737     
        2208   4.5999999999999996       0.50000000000000000       -1.4984466957916249     
        2209   4.6333330000000004       0.50000000000000000       -1.4983714970039153     
        2210   4.6666670000000003       0.50000000000000000       -1.4982857505328417     
        2211   4.7000000000000002       0.50000000000000000       -1.4981808555221512     
        2212   4.7333330000000000       0.50000000000000000       -1.4980628241472975     
        2213   4.7666670000000000       0.50000000000000000       -1.4979297093603372     
        2214   4.7999999999999998       0.50000000000000000       -1.4977859533429534     
        2215   4.8333329999999997       0.50000000000000000       -1.4976457738067366     
        2216   4.8666669999999996       0.50000000000000000       -1.4975129961909954     
        2217   4.9000000000000004       0.50000000000000000       -1.4973836139024543     
        2218   4.9333330000000002       0.50000000000000000       -1.4972781486068398     
        2219   4.9666670000000002       0.50000000000000000       -1.4972112401948396     
        2220   5.0000000000000000       0.50000000000000000       -1.4971853082711213     
        2221   0.0000000000000000       0.53333299999999995        0.0000000000000000     
        2222   3.3333000000000002E-002  0.53333299999999995      -0.12585668496591679     
        2223   6.6667000000000004E-002  0.53333299999999995      -0.25661960133818246     
        2224  0.10000000000000001       0.53333299999999995      -0.39063634833007860     
        2225  0.13333300000000001       0.53333299999999995      -0.52321886949488161     
        2226  0.16666700000000001       0.53333299999999995      -0.65238788571046324     
        2227  0.20000000000000001       0.53333299999999995      -0.77701908896847371     
        2228  0.23333300000000001       0.53333299999999995      -0.89612021466511205     
        2229  0.26666699999999999       0.53333299999999995       -1.0085309555572872     
        2230  0.29999999999999999       0.53333299999999995       -1.1152952795975992     
        2231  0.33333299999999999       0.53333299999999995       -1.2169211728174600     
        2232  0.36666700000000002       0.53333299999999995       -1.3164509455028479     
        2233  0.40000000000000002       0.53333299999999995       -1.4150072670836182     
        2234  0.43333300000000002       0.53333299999999995       -1.5156163923683335     
        2235  0.46666700000000000       0.53333299999999995       -1.6228925969381454     
        2236  0.50000000000000000       0.53333299999999995       -1.7400248860448255     
        2237  0.53333299999999995       0.53333299999999995       -1.8713609777982407     
        2238  0.56666700000000003       0.53333299999999995       -2.0231045263745440     
        2239  0.59999999999999998       0.53333299999999995       -2.2020685770303321     
        2240  0.63333300000000003       0.53333299999999995       -2.4159315039618110     
        2241  0.66666700000000001       0.53333299999999995       -2.6764013464483223     
        2242  0.69999999999999996       0.53333299999999995       -2.9935549894575284     
        2243  0.73333300000000001       0.53333299999999995       -3.3908610467046256     
        2244  0.76666699999999999       0.53333299999999995       -3.8882739348776783     
        2245  0.80000000000000004       0.53333299999999995       -4.5170806925562346     
        2246  0.83333299999999999       0.53333299999999995       -5.3416260643978664     
        2247  0.86666699999999997       0.53333299999999995       -6.4253624360004045     
        2248  0.90000000000000002       0.53333299999999995       -7.9106095590492025     
        2249  0.93333299999999997       0.53333299999999995       -9.9919205969326921     
        2250  0.96666700000000005       0.53333299999999995       -12.946056021310495     
        2251   1.0000000000000000       0.53333299999999995       -16.641803844911390     
        2252   1.0333330000000001       0.53333299999999995       -17.457538549559803     
        2253   1.0666670000000000       0.53333299999999995       -15.774371388234306     
        2254   1.1000000000000001       0.53333299999999995       -14.536024365194294     
        2255   1.1333329999999999       0.53333299999999995       -13.332966872688338     
        2256   1.1666669999999999       0.53333299999999995       -12.296438833339867     
        2257   1.2000000000000000       0.53333299999999995       -12.080962246615258     
        2258   1.2333330000000000       0.53333299999999995       -12.048716738385092     
        2259   1.2666670000000000       0.53333299999999995       -11.653423430192307     
        2260   1.3000000000000000       0.53333299999999995       -11.910442632891787     
        2261   1.3333330000000001       0.53333299999999995       -11.739007586141861     
        2262   1.3666670000000001       0.53333299999999995       -12.304524880004140     
        2263   1.3999999999999999       0.53333299999999995       -13.103609910006790     
        2264   1.4333330000000000       0.53333299999999995       -13.941555260812661     
        2265   1.4666669999999999       0.53333299999999995       -15.193797732859727     
        2266   1.5000000000000000       0.53333299999999995       -16.010102951146134     
        2267   1.5333330000000001       0.53333299999999995       -12.672990622842821     
        2268   1.5666670000000000       0.53333299999999995       -10.061707312123728     
        2269   1.6000000000000001       0.53333299999999995       -8.2960560302036566     
        2270   1.6333329999999999       0.53333299999999995       -7.0804718944822076     
        2271   1.6666669999999999       0.53333299999999995       -6.1939264068888304     
        2272   1.7000000000000000       0.53333299999999995       -5.5051590693560675     
        2273   1.7333330000000000       0.53333299999999995       -4.9570999229242707     
        2274   1.7666670000000000       0.53333299999999995       -4.5056135045112713     
        2275   1.8000000000000000       0.53333299999999995       -4.1218204662549134     
        2276   1.8333330000000001       0.53333299999999995       -3.7945012075403648     
        2277   1.8666670000000001       0.53333299999999995       -3.5065729118266940     
        2278   1.8999999999999999       0.53333299999999995       -3.2572551348605314     
        2279   1.9333330000000000       0.53333299999999995       -3.0350669759893361     
        2280   1.9666669999999999       0.53333299999999995       -2.8383930915887379     
        2281   2.0000000000000000       0.53333299999999995       -2.6653395962019988     
        2282   2.0333329999999998       0.53333299999999995       -2.5093890317241438     
        2283   2.0666669999999998       0.53333299999999995       -2.3718162389224879     
        2284   2.1000000000000001       0.53333299999999995       -2.2485560972564129     
        2285   2.1333329999999999       0.53333299999999995       -2.1394427718256512     
        2286   2.1666669999999999       0.53333299999999995       -2.0420754087552093     
        2287   2.2000000000000002       0.53333299999999995       -1.9556527661116865     
        2288   2.2333330000000000       0.53333299999999995       -1.8795750781949982     
        2289   2.2666670000000000       0.53333299999999995       -1.8116061381302035     
        2290   2.2999999999999998       0.53333299999999995       -1.7516710168574769     
        2291   2.3333330000000001       0.53333299999999995       -1.6993218590979313     
        2292   2.3666670000000001       0.53333299999999995       -1.6533359953323608     
        2293   2.3999999999999999       0.53333299999999995       -1.6126610380666753     
        2294   2.4333330000000002       0.53333299999999995       -1.5775111672458630     
        2295   2.4666670000000002       0.53333299999999995       -1.5466312988070461     
        2296   2.5000000000000000       0.53333299999999995       -1.5201234690208403     
        2297   2.5333329999999998       0.53333299999999995       -1.4970746947644185     
        2298   2.5666669999999998       0.53333299999999995       -1.4772695661078565     
        2299   2.6000000000000001       0.53333299999999995       -1.4603073062102592     
        2300   2.6333329999999999       0.53333299999999995       -1.4459061770916439     
        2301   2.6666669999999999       0.53333299999999995       -1.4335899271533588     
        2302   2.7000000000000002       0.53333299999999995       -1.4232906337816615     
        2303   2.7333330000000000       0.53333299999999995       -1.4146327189742174     
        2304   2.7666670000000000       0.53333299999999995       -1.4074766048952618     
        2305   2.7999999999999998       0.53333299999999995       -1.4015616407293208     
        2306   2.8333330000000001       0.53333299999999995       -1.3967697462135513     
        2307   2.8666670000000001       0.53333299999999995       -1.3929131445405725     
        2308   2.8999999999999999       0.53333299999999995       -1.3898773455909448     
        2309   2.9333330000000002       0.53333299999999995       -1.3875293390389019     
        2310   2.9666670000000002       0.53333299999999995       -1.3857789998470191     
        2311   3.0000000000000000       0.53333299999999995       -1.3845189618780462     
        2312   3.0333329999999998       0.53333299999999995       -1.3836800557256106     
        2313   3.0666669999999998       0.53333299999999995       -1.3831888253424420     
        2314   3.1000000000000001       0.53333299999999995       -1.3829730937320435     
        2315   3.1333329999999999       0.53333299999999995       -1.3830119740113098     
        2316   3.1666669999999999       0.53333299999999995       -1.3832275840252597     
        2317   3.2000000000000002       0.53333299999999995       -1.3835954172287728     
        2318   3.2333330000000000       0.53333299999999995       -1.3840892404208631     
        2319   3.2666670000000000       0.53333299999999995       -1.3846739618741792     
        2320   3.2999999999999998       0.53333299999999995       -1.3853130902551374     
        2321   3.3333330000000001       0.53333299999999995       -1.3860104412886525     
        2322   3.3666670000000001       0.53333299999999995       -1.3867266824843016     
        2323   3.3999999999999999       0.53333299999999995       -1.3874454255437447     
        2324   3.4333330000000002       0.53333299999999995       -1.3881764336526397     
        2325   3.4666670000000002       0.53333299999999995       -1.3888926807404145     
        2326   3.5000000000000000       0.53333299999999995       -1.3895844529382830     
        2327   3.5333329999999998       0.53333299999999995       -1.3902666778001813     
        2328   3.5666669999999998       0.53333299999999995       -1.3909183973364325     
        2329   3.6000000000000001       0.53333299999999995       -1.3915472887684250     
        2330   3.6333329999999999       0.53333299999999995       -1.3921464389284171     
        2331   3.6666669999999999       0.53333299999999995       -1.3927112063128817     
        2332   3.7000000000000002       0.53333299999999995       -1.3932559440619916     
        2333   3.7333330000000000       0.53333299999999995       -1.3937664644772589     
        2334   3.7666670000000000       0.53333299999999995       -1.3942482026389811     
        2335   3.7999999999999998       0.53333299999999995       -1.3946969889443888     
        2336   3.8333330000000001       0.53333299999999995       -1.3951159148419883     
        2337   3.8666670000000001       0.53333299999999995       -1.3954978309818755     
        2338   3.8999999999999999       0.53333299999999995       -1.3958546596812300     
        2339   3.9333330000000002       0.53333299999999995       -1.3961819542435296     
        2340   3.9666670000000002       0.53333299999999995       -1.3964781654795384     
        2341   4.0000000000000000       0.53333299999999995       -1.3967524270274121     
        2342   4.0333329999999998       0.53333299999999995       -1.3970040499695719     
        2343   4.0666669999999998       0.53333299999999995       -1.3972279178754483     
        2344   4.0999999999999996       0.53333299999999995       -1.3974437338358747     
        2345   4.1333330000000004       0.53333299999999995       -1.3976384834268469     
        2346   4.1666670000000003       0.53333299999999995       -1.3978130684131920     
        2347   4.2000000000000002       0.53333299999999995       -1.3979723069393821     
        2348   4.2333330000000000       0.53333299999999995       -1.3981086315763553     
        2349   4.2666670000000000       0.53333299999999995       -1.3982311844780981     
        2350   4.2999999999999998       0.53333299999999995       -1.3983393767629768     
        2351   4.3333329999999997       0.53333299999999995       -1.3984279180599766     
        2352   4.3666669999999996       0.53333299999999995       -1.3984953261575257     
        2353   4.4000000000000004       0.53333299999999995       -1.3985462632437775     
        2354   4.4333330000000002       0.53333299999999995       -1.3985807014146183     
        2355   4.4666670000000002       0.53333299999999995       -1.3985929760176727     
        2356   4.5000000000000000       0.53333299999999995       -1.3985931133509881     
        2357   4.5333329999999998       0.53333299999999995       -1.3985778003258478     
        2358   4.5666669999999998       0.53333299999999995       -1.3985455123021691     
        2359   4.5999999999999996       0.53333299999999995       -1.3985000053165015     
        2360   4.6333330000000004       0.53333299999999995       -1.3984389634155718     
        2361   4.6666670000000003       0.53333299999999995       -1.3983645734988706     
        2362   4.7000000000000002       0.53333299999999995       -1.3982790401356298     
        2363   4.7333330000000000       0.53333299999999995       -1.3981824238775657     
        2364   4.7666670000000000       0.53333299999999995       -1.3980741797606491     
        2365   4.7999999999999998       0.53333299999999995       -1.3979621289231152     
        2366   4.8333329999999997       0.53333299999999995       -1.3978504117057353     
        2367   4.8666669999999996       0.53333299999999995       -1.3977436349383765     
        2368   4.9000000000000004       0.53333299999999995       -1.3976431005909613     
        2369   4.9333330000000002       0.53333299999999995       -1.3975560502147217     
        2370   4.9666670000000002       0.53333299999999995       -1.3975020219092551     
        2371   5.0000000000000000       0.53333299999999995       -1.3974819699051970     
        2372   0.0000000000000000       0.56666700000000003        0.0000000000000000     
        2373   3.3333000000000002E-002  0.56666700000000003      -0.11002130961985436     
        2374   6.6667000000000004E-002  0.56666700000000003      -0.22495084447254166     
        2375  0.10000000000000001       0.56666700000000003      -0.34258204338424619     
        2376  0.13333300000000001       0.56666700000000003      -0.46009759655672150     
        2377  0.16666700000000001       0.56666700000000003      -0.57732529683909617     
        2378  0.20000000000000001       0.56666700000000003      -0.69139762238734515     
        2379  0.23333300000000001       0.56666700000000003      -0.80189783087312694     
        2380  0.26666699999999999       0.56666700000000003      -0.90840723565200188     
        2381  0.29999999999999999       0.56666700000000003       -1.0113748590703302     
        2382  0.33333299999999999       0.56666700000000003       -1.1122048552096966     
        2383  0.36666700000000002       0.56666700000000003       -1.2117545729676420     
        2384  0.40000000000000002       0.56666700000000003       -1.3125567568660221     
        2385  0.43333300000000002       0.56666700000000003       -1.4170704409923582     
        2386  0.46666700000000000       0.56666700000000003       -1.5286929441412578     
        2387  0.50000000000000000       0.56666700000000003       -1.6505030116582742     
        2388  0.53333299999999995       0.56666700000000003       -1.7887252700601055     
        2389  0.56666700000000003       0.56666700000000003       -1.9480773764865233     
        2390  0.59999999999999998       0.56666700000000003       -2.1333926174215554     
        2391  0.63333300000000003       0.56666700000000003       -2.3557188163337783     
        2392  0.66666700000000001       0.56666700000000003       -2.6231772655063912     
        2393  0.69999999999999996       0.56666700000000003       -2.9516660269279207     
        2394  0.73333300000000001       0.56666700000000003       -3.3526336542736548     
        2395  0.76666699999999999       0.56666700000000003       -3.8535788351747211     
        2396  0.80000000000000004       0.56666700000000003       -4.4837749889458536     
        2397  0.83333299999999999       0.56666700000000003       -5.2783925214791649     
        2398  0.86666699999999997       0.56666700000000003       -6.3072218894263585     
        2399  0.90000000000000002       0.56666700000000003       -7.6144925042447307     
        2400  0.93333299999999997       0.56666700000000003       -9.2698040426528241     
        2401  0.96666700000000005       0.56666700000000003       -11.264262468539595     
        2402   1.0000000000000000       0.56666700000000003       -13.210510499385043     
        2403   1.0333330000000001       0.56666700000000003       -13.999692450799911     
        2404   1.0666670000000000       0.56666700000000003       -13.655322486024136     
        2405   1.1000000000000001       0.56666700000000003       -13.033578729936870     
        2406   1.1333329999999999       0.56666700000000003       -12.344114431457061     
        2407   1.1666669999999999       0.56666700000000003       -11.744079832741745     
        2408   1.2000000000000000       0.56666700000000003       -11.439613409025455     
        2409   1.2333330000000000       0.56666700000000003       -11.277933175181330     
        2410   1.2666670000000000       0.56666700000000003       -11.121657235462790     
        2411   1.3000000000000000       0.56666700000000003       -11.158427292580363     
        2412   1.3333330000000001       0.56666700000000003       -11.214838937589692     
        2413   1.3666670000000001       0.56666700000000003       -11.522228425394257     
        2414   1.3999999999999999       0.56666700000000003       -11.973185786438345     
        2415   1.4333330000000000       0.56666700000000003       -12.452270213384692     
        2416   1.4666669999999999       0.56666700000000003       -12.882106875344087     
        2417   1.5000000000000000       0.56666700000000003       -12.771365582758573     
        2418   1.5333330000000001       0.56666700000000003       -11.306787469001325     
        2419   1.5666670000000000       0.56666700000000003       -9.6957459783570528     
        2420   1.6000000000000001       0.56666700000000003       -8.3221731049714105     
        2421   1.6333329999999999       0.56666700000000003       -7.2281402596346593     
        2422   1.6666669999999999       0.56666700000000003       -6.3630655662955098     
        2423   1.7000000000000000       0.56666700000000003       -5.6671549365366056     
        2424   1.7333330000000000       0.56666700000000003       -5.1003450415654870     
        2425   1.7666670000000000       0.56666700000000003       -4.6210553617344292     
        2426   1.8000000000000000       0.56666700000000003       -4.2147083521254052     
        2427   1.8333330000000001       0.56666700000000003       -3.8645109117660774     
        2428   1.8666670000000001       0.56666700000000003       -3.5627756375768791     
        2429   1.8999999999999999       0.56666700000000003       -3.2945904255149179     
        2430   1.9333330000000000       0.56666700000000003       -3.0604339253243915     
        2431   1.9666669999999999       0.56666700000000003       -2.8532559191098090     
        2432   2.0000000000000000       0.56666700000000003       -2.6674306741816816     
        2433   2.0333329999999998       0.56666700000000003       -2.5031466034658991     
        2434   2.0666669999999998       0.56666700000000003       -2.3565174990848612     
        2435   2.1000000000000001       0.56666700000000003       -2.2269364501969613     
        2436   2.1333329999999999       0.56666700000000003       -2.1101067638326039     
        2437   2.1666669999999999       0.56666700000000003       -2.0068216773510268     
        2438   2.2000000000000002       0.56666700000000003       -1.9154422040694397     
        2439   2.2333330000000000       0.56666700000000003       -1.8333561684150999     
        2440   2.2666670000000000       0.56666700000000003       -1.7612451168822085     
        2441   2.2999999999999998       0.56666700000000003       -1.6975093510127046     
        2442   2.3333330000000001       0.56666700000000003       -1.6407140066333623     
        2443   2.3666670000000001       0.56666700000000003       -1.5909303323365789     
        2444   2.3999999999999999       0.56666700000000003       -1.5473333435184393     
        2445   2.4333330000000002       0.56666700000000003       -1.5087337329127357     
        2446   2.4666670000000002       0.56666700000000003       -1.4753068848138817     
        2447   2.5000000000000000       0.56666700000000003       -1.4460066867539945     
        2448   2.5333329999999998       0.56666700000000003       -1.4206954714455911     
        2449   2.5666669999999998       0.56666700000000003       -1.3985923622388987     
        2450   2.6000000000000001       0.56666700000000003       -1.3795589475383527     
        2451   2.6333329999999999       0.56666700000000003       -1.3632761711240107     
        2452   2.6666669999999999       0.56666700000000003       -1.3493019270600579     
        2453   2.7000000000000002       0.56666700000000003       -1.3373744754190555     
        2454   2.7333330000000000       0.56666700000000003       -1.3273464451355637     
        2455   2.7666670000000000       0.56666700000000003       -1.3188360518810978     
        2456   2.7999999999999998       0.56666700000000003       -1.3117699873543789     
        2457   2.8333330000000001       0.56666700000000003       -1.3058631959055227     
        2458   2.8666670000000001       0.56666700000000003       -1.3010453095673402     
        2459   2.8999999999999999       0.56666700000000003       -1.2971102950075668     
        2460   2.9333330000000002       0.56666700000000003       -1.2939612518484749     
        2461   2.9666670000000002       0.56666700000000003       -1.2914802215873147     
        2462   3.0000000000000000       0.56666700000000003       -1.2895734202001827     
        2463   3.0333329999999998       0.56666700000000003       -1.2881440832690587     
        2464   3.0666669999999998       0.56666700000000003       -1.2871251211391985     
        2465   3.1000000000000001       0.56666700000000003       -1.2864490362750758     
        2466   3.1333329999999999       0.56666700000000003       -1.2860525985896605     
        2467   3.1666669999999999       0.56666700000000003       -1.2859005371243579     
        2468   3.2000000000000002       0.56666700000000003       -1.2859341119309662     
        2469   3.2333330000000000       0.56666700000000003       -1.2861175177649524     
        2470   3.2666670000000000       0.56666700000000003       -1.2864379363465497     
        2471   3.2999999999999998       0.56666700000000003       -1.2868492037834760     
        2472   3.3333330000000001       0.56666700000000003       -1.2873325200827026     
        2473   3.3666670000000001       0.56666700000000003       -1.2878572843604170     
        2474   3.3999999999999999       0.56666700000000003       -1.2884280497095333     
        2475   3.4333330000000002       0.56666700000000003       -1.2890145907584269     
        2476   3.4666670000000002       0.56666700000000003       -1.2896021852436901     
        2477   3.5000000000000000       0.56666700000000003       -1.2901986652951045     
        2478   3.5333329999999998       0.56666700000000003       -1.2907824771110135     
        2479   3.5666669999999998       0.56666700000000003       -1.2913593920899222     
        2480   3.6000000000000001       0.56666700000000003       -1.2919184720046157     
        2481   3.6333329999999999       0.56666700000000003       -1.2924559285261226     
        2482   3.6666669999999999       0.56666700000000003       -1.2929784706683305     
        2483   3.7000000000000002       0.56666700000000003       -1.2934679594484795     
        2484   3.7333330000000000       0.56666700000000003       -1.2939459996374916     
        2485   3.7666670000000000       0.56666700000000003       -1.2943907360756413     
        2486   3.7999999999999998       0.56666700000000003       -1.2948153618602103     
        2487   3.8333330000000001       0.56666700000000003       -1.2952061105597832     
        2488   3.8666670000000001       0.56666700000000003       -1.2955732039999055     
        2489   3.8999999999999999       0.56666700000000003       -1.2959142922580058     
        2490   3.9333330000000002       0.56666700000000003       -1.2962253535362536     
        2491   3.9666670000000002       0.56666700000000003       -1.2965143146037592     
        2492   4.0000000000000000       0.56666700000000003       -1.2967807974733181     
        2493   4.0333329999999998       0.56666700000000003       -1.2970239038008164     
        2494   4.0666669999999998       0.56666700000000003       -1.2972476955266308     
        2495   4.0999999999999996       0.56666700000000003       -1.2974581485029655     
        2496   4.1333330000000004       0.56666700000000003       -1.2976463200319208     
        2497   4.1666670000000003       0.56666700000000003       -1.2978150995128277     
        2498   4.2000000000000002       0.56666700000000003       -1.2979720956276566     
        2499   4.2333330000000000       0.56666700000000003       -1.2981112034720088     
        2500   4.2666670000000000       0.56666700000000003       -1.2982314344597046     
        2501   4.2999999999999998       0.56666700000000003       -1.2983369537495038     
        2502   4.3333329999999997       0.56666700000000003       -1.2984265817161882     
        2503   4.3666669999999996       0.56666700000000003       -1.2984960605174480     
        2504   4.4000000000000004       0.56666700000000003       -1.2985504196039008     
        2505   4.4333330000000002       0.56666700000000003       -1.2985907777875056     
        2506   4.4666670000000002       0.56666700000000003       -1.2986111946179504     
        2507   4.5000000000000000       0.56666700000000003       -1.2986183285335413     
        2508   4.5333329999999998       0.56666700000000003       -1.2986114017334580     
        2509   4.5666669999999998       0.56666700000000003       -1.2985921223288455     
        2510   4.5999999999999996       0.56666700000000003       -1.2985596758732627     
        2511   4.6333330000000004       0.56666700000000003       -1.2985104138703925     
        2512   4.6666670000000003       0.56666700000000003       -1.2984488422967198     
        2513   4.7000000000000002       0.56666700000000003       -1.2983797997592588     
        2514   4.7333330000000000       0.56666700000000003       -1.2983001583416274     
        2515   4.7666670000000000       0.56666700000000003       -1.2982153716412499     
        2516   4.7999999999999998       0.56666700000000003       -1.2981284773822954     
        2517   4.8333329999999997       0.56666700000000003       -1.2980386671670381     
        2518   4.8666669999999996       0.56666700000000003       -1.2979517125064541     
        2519   4.9000000000000004       0.56666700000000003       -1.2978729287422932     
        2520   4.9333330000000002       0.56666700000000003       -1.2978075429100886     
        2521   4.9666670000000002       0.56666700000000003       -1.2977667172870286     
        2522   5.0000000000000000       0.56666700000000003       -1.2977505382092156     
        2523   0.0000000000000000       0.59999999999999998        0.0000000000000000     
        2524   3.3333000000000002E-002  0.59999999999999998       -9.6509688455763007E-002
        2525   6.6667000000000004E-002  0.59999999999999998      -0.19748078500856461     
        2526  0.10000000000000001       0.59999999999999998      -0.30068377249667888     
        2527  0.13333300000000001       0.59999999999999998      -0.40627988074432086     
        2528  0.16666700000000001       0.59999999999999998      -0.51079048402150085     
        2529  0.20000000000000001       0.59999999999999998      -0.61524029290684723     
        2530  0.23333300000000001       0.59999999999999998      -0.71731644386116955     
        2531  0.26666699999999999       0.59999999999999998      -0.81709697938181325     
        2532  0.29999999999999999       0.59999999999999998      -0.91539751561976879     
        2533  0.33333299999999999       0.59999999999999998       -1.0128555417723630     
        2534  0.36666700000000002       0.59999999999999998       -1.1106083603976609     
        2535  0.40000000000000002       0.59999999999999998       -1.2115122852727498     
        2536  0.43333300000000002       0.59999999999999998       -1.3171609071467134     
        2537  0.46666700000000000       0.59999999999999998       -1.4294385674003651     
        2538  0.50000000000000000       0.59999999999999998       -1.5544608589180358     
        2539  0.53333299999999995       0.59999999999999998       -1.6941927573437487     
        2540  0.56666700000000003       0.59999999999999998       -1.8543240130991721     
        2541  0.59999999999999998       0.59999999999999998       -2.0428960833082974     
        2542  0.63333300000000003       0.59999999999999998       -2.2671656415197248     
        2543  0.66666700000000001       0.59999999999999998       -2.5330590561065986     
        2544  0.69999999999999996       0.59999999999999998       -2.8544659652521855     
        2545  0.73333300000000001       0.59999999999999998       -3.2509135259408142     
        2546  0.76666699999999999       0.59999999999999998       -3.7292743306591909     
        2547  0.80000000000000004       0.59999999999999998       -4.3269109743573511     
        2548  0.83333299999999999       0.59999999999999998       -5.0625676497576579     
        2549  0.86666699999999997       0.59999999999999998       -5.9623048329968293     
        2550  0.90000000000000002       0.59999999999999998       -7.0601606364773364     
        2551  0.93333299999999997       0.59999999999999998       -8.3421298393066099     
        2552  0.96666700000000005       0.59999999999999998       -9.7185092332606402     
        2553   1.0000000000000000       0.59999999999999998       -10.952859854723274     
        2554   1.0333330000000001       0.59999999999999998       -11.647044078737782     
        2555   1.0666670000000000       0.59999999999999998       -11.758103062436543     
        2556   1.1000000000000001       0.59999999999999998       -11.549061035063238     
        2557   1.1333329999999999       0.59999999999999998       -11.211467492821260     
        2558   1.1666669999999999       0.59999999999999998       -10.879287737583009     
        2559   1.2000000000000000       0.59999999999999998       -10.642011567168687     
        2560   1.2333330000000000       0.59999999999999998       -10.490211891862012     
        2561   1.2666670000000000       0.59999999999999998       -10.394812780344973     
        2562   1.3000000000000000       0.59999999999999998       -10.389055116570123     
        2563   1.3333330000000001       0.59999999999999998       -10.449724655741003     
        2564   1.3666670000000001       0.59999999999999998       -10.614705763293646     
        2565   1.3999999999999999       0.59999999999999998       -10.846287540228079     
        2566   1.4333330000000000       0.59999999999999998       -11.053791102410520     
        2567   1.4666669999999999       0.59999999999999998       -11.134679810103350     
        2568   1.5000000000000000       0.59999999999999998       -10.859917128762360     
        2569   1.5333330000000001       0.59999999999999998       -10.041076604140642     
        2570   1.5666670000000000       0.59999999999999998       -8.9982113261268530     
        2571   1.6000000000000001       0.59999999999999998       -7.9897404148565574     
        2572   1.6333329999999999       0.59999999999999998       -7.0828016031875833     
        2573   1.6666669999999999       0.59999999999999998       -6.3082993215723864     
        2574   1.7000000000000000       0.59999999999999998       -5.6609427753418640     
        2575   1.7333330000000000       0.59999999999999998       -5.1042467431040661     
        2576   1.7666670000000000       0.59999999999999998       -4.6307028954398044     
        2577   1.8000000000000000       0.59999999999999998       -4.2232123273150508     
        2578   1.8333330000000001       0.59999999999999998       -3.8692317613202496     
        2579   1.8666670000000001       0.59999999999999998       -3.5562951346519585     
        2580   1.8999999999999999       0.59999999999999998       -3.2850156197669249     
        2581   1.9333330000000000       0.59999999999999998       -3.0415744595915983     
        2582   1.9666669999999999       0.59999999999999998       -2.8270063697311305     
        2583   2.0000000000000000       0.59999999999999998       -2.6370499095845923     
        2584   2.0333329999999998       0.59999999999999998       -2.4679507033912773     
        2585   2.0666669999999998       0.59999999999999998       -2.3154583523410857     
        2586   2.1000000000000001       0.59999999999999998       -2.1806421822596684     
        2587   2.1333329999999999       0.59999999999999998       -2.0606487675375154     
        2588   2.1666669999999999       0.59999999999999998       -1.9539085139516088     
        2589   2.2000000000000002       0.59999999999999998       -1.8578649212673803     
        2590   2.2333330000000000       0.59999999999999998       -1.7736064541594654     
        2591   2.2666670000000000       0.59999999999999998       -1.6977667643512127     
        2592   2.2999999999999998       0.59999999999999998       -1.6310485894379627     
        2593   2.3333330000000001       0.59999999999999998       -1.5722680067249095     
        2594   2.3666670000000001       0.59999999999999998       -1.5197265965468603     
        2595   2.3999999999999999       0.59999999999999998       -1.4735371943575670     
        2596   2.4333330000000002       0.59999999999999998       -1.4332869264274382     
        2597   2.4666670000000002       0.59999999999999998       -1.3976392080904025     
        2598   2.5000000000000000       0.59999999999999998       -1.3664837249662201     
        2599   2.5333329999999998       0.59999999999999998       -1.3392750410827627     
        2600   2.5666669999999998       0.59999999999999998       -1.3157316660887781     
        2601   2.6000000000000001       0.59999999999999998       -1.2952930349030443     
        2602   2.6333329999999999       0.59999999999999998       -1.2774898132536046     
        2603   2.6666669999999999       0.59999999999999998       -1.2622408855573397     
        2604   2.7000000000000002       0.59999999999999998       -1.2492016500188041     
        2605   2.7333330000000000       0.59999999999999998       -1.2379743130816474     
        2606   2.7666670000000000       0.59999999999999998       -1.2285271167325693     
        2607   2.7999999999999998       0.59999999999999998       -1.2204763704853303     
        2608   2.8333330000000001       0.59999999999999998       -1.2137396804850338     
        2609   2.8666670000000001       0.59999999999999998       -1.2081106667724986     
        2610   2.8999999999999999       0.59999999999999998       -1.2034815607937182     
        2611   2.9333330000000002       0.59999999999999998       -1.1996720074988101     
        2612   2.9666670000000002       0.59999999999999998       -1.1966026923857356     
        2613   3.0000000000000000       0.59999999999999998       -1.1941428062603681     
        2614   3.0333329999999998       0.59999999999999998       -1.1922305908069069     
        2615   3.0666669999999998       0.59999999999999998       -1.1907631372493470     
        2616   3.1000000000000001       0.59999999999999998       -1.1896870296279298     
        2617   3.1333329999999999       0.59999999999999998       -1.1889277100470661     
        2618   3.1666669999999999       0.59999999999999998       -1.1884444968236951     
        2619   3.2000000000000002       0.59999999999999998       -1.1881889176932112     
        2620   3.2333330000000000       0.59999999999999998       -1.1881161682071750     
        2621   3.2666670000000000       0.59999999999999998       -1.1881857350774820     
        2622   3.2999999999999998       0.59999999999999998       -1.1883910249461507     
        2623   3.3333330000000001       0.59999999999999998       -1.1886793462569336     
        2624   3.3666670000000001       0.59999999999999998       -1.1890433618006069     
        2625   3.3999999999999999       0.59999999999999998       -1.1894621438708199     
        2626   3.4333330000000002       0.59999999999999998       -1.1899115261590942     
        2627   3.4666670000000002       0.59999999999999998       -1.1903927059234827     
        2628   3.5000000000000000       0.59999999999999998       -1.1908823861687223     
        2629   3.5333329999999998       0.59999999999999998       -1.1913737448086428     
        2630   3.5666669999999998       0.59999999999999998       -1.1918776561572271     
        2631   3.6000000000000001       0.59999999999999998       -1.1923641980864710     
        2632   3.6333329999999999       0.59999999999999998       -1.1928468544919899     
        2633   3.6666669999999999       0.59999999999999998       -1.1933116095537084     
        2634   3.7000000000000002       0.59999999999999998       -1.1937596955121024     
        2635   3.7333330000000000       0.59999999999999998       -1.1941904279651936     
        2636   3.7666670000000000       0.59999999999999998       -1.1946034293766017     
        2637   3.7999999999999998       0.59999999999999998       -1.1949922038425580     
        2638   3.8333330000000001       0.59999999999999998       -1.1953610374037094     
        2639   3.8666670000000001       0.59999999999999998       -1.1957061293627624     
        2640   3.8999999999999999       0.59999999999999998       -1.1960262804035677     
        2641   3.9333330000000002       0.59999999999999998       -1.1963240498897438     
        2642   3.9666670000000002       0.59999999999999998       -1.1965958021175198     
        2643   4.0000000000000000       0.59999999999999998       -1.1968523461923095     
        2644   4.0333329999999998       0.59999999999999998       -1.1970901824035280     
        2645   4.0666669999999998       0.59999999999999998       -1.1973068304637027     
        2646   4.0999999999999996       0.59999999999999998       -1.1975072424688222     
        2647   4.1333330000000004       0.59999999999999998       -1.1976889111549784     
        2648   4.1666670000000003       0.59999999999999998       -1.1978507568240473     
        2649   4.2000000000000002       0.59999999999999998       -1.1980025791310804     
        2650   4.2333330000000000       0.59999999999999998       -1.1981418327909183     
        2651   4.2666670000000000       0.59999999999999998       -1.1982594403831746     
        2652   4.2999999999999998       0.59999999999999998       -1.1983603620374488     
        2653   4.3333329999999997       0.59999999999999998       -1.1984504112375152     
        2654   4.3666669999999996       0.59999999999999998       -1.1985236254931069     
        2655   4.4000000000000004       0.59999999999999998       -1.1985788881981567     
        2656   4.4333330000000002       0.59999999999999998       -1.1986185501462998     
        2657   4.4666670000000002       0.59999999999999998       -1.1986489403194158     
        2658   4.5000000000000000       0.59999999999999998       -1.1986627404385224     
        2659   4.5333329999999998       0.59999999999999998       -1.1986636133758561     
        2660   4.5666669999999998       0.59999999999999998       -1.1986539769398910     
        2661   4.5999999999999996       0.59999999999999998       -1.1986271903817587     
        2662   4.6333330000000004       0.59999999999999998       -1.1985910256607659     
        2663   4.6666670000000003       0.59999999999999998       -1.1985457285724583     
        2664   4.7000000000000002       0.59999999999999998       -1.1984891346645865     
        2665   4.7333330000000000       0.59999999999999998       -1.1984243838785216     
        2666   4.7666670000000000       0.59999999999999998       -1.1983588542971852     
        2667   4.7999999999999998       0.59999999999999998       -1.1982887761982490     
        2668   4.8333329999999997       0.59999999999999998       -1.1982165084669534     
        2669   4.8666669999999996       0.59999999999999998       -1.1981483167562281     
        2670   4.9000000000000004       0.59999999999999998       -1.1980863890535862     
        2671   4.9333330000000002       0.59999999999999998       -1.1980397182145086     
        2672   4.9666670000000002       0.59999999999999998       -1.1980085327154095     
        2673   5.0000000000000000       0.59999999999999998       -1.1979970416508314     
        2674   0.0000000000000000       0.63333300000000003        0.0000000000000000     
        2675   3.3333000000000002E-002  0.63333300000000003       -8.3981222801976771E-002
        2676   6.6667000000000004E-002  0.63333300000000003      -0.17299196651957505     
        2677  0.10000000000000001       0.63333300000000003      -0.26488683276679681     
        2678  0.13333300000000001       0.63333300000000003      -0.35769088018473655     
        2679  0.16666700000000001       0.63333300000000003      -0.45235675915100931     
        2680  0.20000000000000001       0.63333300000000003      -0.54618013419952660     
        2681  0.23333300000000001       0.63333300000000003      -0.63971853261265332     
        2682  0.26666699999999999       0.63333300000000003      -0.73259467533219713     
        2683  0.29999999999999999       0.63333300000000003      -0.82544902410592658     
        2684  0.33333299999999999       0.63333300000000003      -0.91832420591727648     
        2685  0.36666700000000002       0.63333300000000003       -1.0133001601198610     
        2686  0.40000000000000002       0.63333300000000003       -1.1113676182685619     
        2687  0.43333300000000002       0.63333300000000003       -1.2146659696980764     
        2688  0.46666700000000000       0.63333300000000003       -1.3265237003942696     
        2689  0.50000000000000000       0.63333300000000003       -1.4490616135394825     
        2690  0.53333299999999995       0.63333300000000003       -1.5884303810746168     
        2691  0.56666700000000003       0.63333300000000003       -1.7472919297127700     
        2692  0.59999999999999998       0.63333300000000003       -1.9311956662696532     
        2693  0.63333300000000003       0.63333300000000003       -2.1484853885394073     
        2694  0.66666700000000001       0.63333300000000003       -2.4077844926115883     
        2695  0.69999999999999996       0.63333300000000003       -2.7169252111326481     
        2696  0.73333300000000001       0.63333300000000003       -3.0889429576671019     
        2697  0.76666699999999999       0.63333300000000003       -3.5385126696700397     
        2698  0.80000000000000004       0.63333300000000003       -4.0822625798524799     
        2699  0.83333299999999999       0.63333300000000003       -4.7315905726614700     
        2700  0.86666699999999997       0.63333300000000003       -5.5017885114812675     
        2701  0.90000000000000002       0.63333300000000003       -6.3914644351354184     
        2702  0.93333299999999997       0.63333300000000003       -7.3869028571219619     
        2703  0.96666700000000005       0.63333300000000003       -8.3983765894210833     
        2704   1.0000000000000000       0.63333300000000003       -9.2763451144763671     
        2705   1.0333330000000001       0.63333300000000003       -9.8737410646143395     
        2706   1.0666670000000000       0.63333300000000003       -10.136490331001868     
        2707   1.1000000000000001       0.63333300000000003       -10.160317644733485     
        2708   1.1333329999999999       0.63333300000000003       -10.045693773164400     
        2709   1.1666669999999999       0.63333300000000003       -9.8852299350466346     
        2710   1.2000000000000000       0.63333300000000003       -9.7444164498764287     
        2711   1.2333330000000000       0.63333300000000003       -9.6392939067035943     
        2712   1.2666670000000000       0.63333300000000003       -9.5725576461967599     
        2713   1.3000000000000000       0.63333300000000003       -9.5568115551075490     
        2714   1.3333330000000001       0.63333300000000003       -9.5871069057200842     
        2715   1.3666670000000001       0.63333300000000003       -9.6653476845605013     
        2716   1.3999999999999999       0.63333300000000003       -9.7586033251885969     
        2717   1.4333330000000000       0.63333300000000003       -9.8156288664707123     
        2718   1.4666669999999999       0.63333300000000003       -9.7539136666540287     
        2719   1.5000000000000000       0.63333300000000003       -9.4764031212653279     
        2720   1.5333330000000001       0.63333300000000003       -8.9303418113403445     
        2721   1.5666670000000000       0.63333300000000003       -8.2223926339594477     
        2722   1.6000000000000001       0.63333300000000003       -7.4669106993242620     
        2723   1.6333329999999999       0.63333300000000003       -6.7443456070734147     
        2724   1.6666669999999999       0.63333300000000003       -6.0901503977316755     
        2725   1.7000000000000000       0.63333300000000003       -5.5019310323068797     
        2726   1.7333330000000000       0.63333300000000003       -4.9913331662949156     
        2727   1.7666670000000000       0.63333300000000003       -4.5444484245396719     
        2728   1.8000000000000000       0.63333300000000003       -4.1469816767697729     
        2729   1.8333330000000001       0.63333300000000003       -3.7973758970814475     
        2730   1.8666670000000001       0.63333300000000003       -3.4924745712808170     
        2731   1.8999999999999999       0.63333300000000003       -3.2203431413664072     
        2732   1.9333330000000000       0.63333300000000003       -2.9790307376493770     
        2733   1.9666669999999999       0.63333300000000003       -2.7625950169429205     
        2734   2.0000000000000000       0.63333300000000003       -2.5715097054312865     
        2735   2.0333329999999998       0.63333300000000003       -2.3996772706413663     
        2736   2.0666669999999998       0.63333300000000003       -2.2478062927564166     
        2737   2.1000000000000001       0.63333300000000003       -2.1113338628373022     
        2738   2.1333329999999999       0.63333300000000003       -1.9892819151211418     
        2739   2.1666669999999999       0.63333300000000003       -1.8803827312587003     
        2740   2.2000000000000002       0.63333300000000003       -1.7841177061882423     
        2741   2.2333330000000000       0.63333300000000003       -1.6977926187622607     
        2742   2.2666670000000000       0.63333300000000003       -1.6210690860872237     
        2743   2.2999999999999998       0.63333300000000003       -1.5528928003343441     
        2744   2.3333330000000001       0.63333300000000003       -1.4924858758791872     
        2745   2.3666670000000001       0.63333300000000003       -1.4389258990038021     
        2746   2.3999999999999999       0.63333300000000003       -1.3918718474566742     
        2747   2.4333330000000002       0.63333300000000003       -1.3499224471443452     
        2748   2.4666670000000002       0.63333300000000003       -1.3133955627210112     
        2749   2.5000000000000000       0.63333300000000003       -1.2812257982824267     
        2750   2.5333329999999998       0.63333300000000003       -1.2531378111568217     
        2751   2.5666669999999998       0.63333300000000003       -1.2283945052826686     
        2752   2.6000000000000001       0.63333300000000003       -1.2068961053687248     
        2753   2.6333329999999999       0.63333300000000003       -1.1883574841401796     
        2754   2.6666669999999999       0.63333300000000003       -1.1723110115612454     
        2755   2.7000000000000002       0.63333300000000003       -1.1583494871093849     
        2756   2.7333330000000000       0.63333300000000003       -1.1464610436819678     
        2757   2.7666670000000000       0.63333300000000003       -1.1362412396912787     
        2758   2.7999999999999998       0.63333300000000003       -1.1275757947237086     
        2759   2.8333330000000001       0.63333300000000003       -1.1202081115969063     
        2760   2.8666670000000001       0.63333300000000003       -1.1140350351723916     
        2761   2.8999999999999999       0.63333300000000003       -1.1088391091624410     
        2762   2.9333330000000002       0.63333300000000003       -1.1045482380337386     
        2763   2.9666670000000002       0.63333300000000003       -1.1010186105918141     
        2764   3.0000000000000000       0.63333300000000003       -1.0981403165849750     
        2765   3.0333329999999998       0.63333300000000003       -1.0958416418827679     
        2766   3.0666669999999998       0.63333300000000003       -1.0940204766601991     
        2767   3.1000000000000001       0.63333300000000003       -1.0926191816813582     
        2768   3.1333329999999999       0.63333300000000003       -1.0915690271802327     
        2769   3.1666669999999999       0.63333300000000003       -1.0908129206250274     
        2770   3.2000000000000002       0.63333300000000003       -1.0903060418478780     
        2771   3.2333330000000000       0.63333300000000003       -1.0900085917309408     
        2772   3.2666670000000000       0.63333300000000003       -1.0898857887993962     
        2773   3.2999999999999998       0.63333300000000003       -1.0898942061675636     
        2774   3.3333330000000001       0.63333300000000003       -1.0900206460002679     
        2775   3.3666670000000001       0.63333300000000003       -1.0902401712417491     
        2776   3.3999999999999999       0.63333300000000003       -1.0905203129633272     
        2777   3.4333330000000002       0.63333300000000003       -1.0908540570719805     
        2778   3.4666670000000002       0.63333300000000003       -1.0912195833386098     
        2779   3.5000000000000000       0.63333300000000003       -1.0916187714696226     
        2780   3.5333329999999998       0.63333300000000003       -1.0920302678386868     
        2781   3.5666669999999998       0.63333300000000003       -1.0924505132144819     
        2782   3.6000000000000001       0.63333300000000003       -1.0928773477024185     
        2783   3.6333329999999999       0.63333300000000003       -1.0932962234812829     
        2784   3.6666669999999999       0.63333300000000003       -1.0937046857967496     
        2785   3.7000000000000002       0.63333300000000003       -1.0941110860701799     
        2786   3.7333330000000000       0.63333300000000003       -1.0944959420803038     
        2787   3.7666670000000000       0.63333300000000003       -1.0948712882968792     
        2788   3.7999999999999998       0.63333300000000003       -1.0952280482023244     
        2789   3.8333330000000001       0.63333300000000003       -1.0955682320342879     
        2790   3.8666670000000001       0.63333300000000003       -1.0958894816368456     
        2791   3.8999999999999999       0.63333300000000003       -1.0961893432849987     
        2792   3.9333330000000002       0.63333300000000003       -1.0964649808783409     
        2793   3.9666670000000002       0.63333300000000003       -1.0967256897133515     
        2794   4.0000000000000000       0.63333300000000003       -1.0969677573452210     
        2795   4.0333329999999998       0.63333300000000003       -1.0971889213069599     
        2796   4.0666669999999998       0.63333300000000003       -1.0973988095660476     
        2797   4.0999999999999996       0.63333300000000003       -1.0975875188157167     
        2798   4.1333330000000004       0.63333300000000003       -1.0977605911080601     
        2799   4.1666670000000003       0.63333300000000003       -1.0979202734986804     
        2800   4.2000000000000002       0.63333300000000003       -1.0980632448530503     
        2801   4.2333330000000000       0.63333300000000003       -1.0981938532205007     
        2802   4.2666670000000000       0.63333300000000003       -1.0983101346225332     
        2803   4.2999999999999998       0.63333300000000003       -1.0984096012234370     
        2804   4.3333329999999997       0.63333300000000003       -1.0984945661996730     
        2805   4.3666669999999996       0.63333300000000003       -1.0985695929346240     
        2806   4.4000000000000004       0.63333300000000003       -1.0986267225501323     
        2807   4.4333330000000002       0.63333300000000003       -1.0986696782335845     
        2808   4.4666670000000002       0.63333300000000003       -1.0987025574411691     
        2809   4.5000000000000000       0.63333300000000003       -1.0987212296120239     
        2810   4.5333329999999998       0.63333300000000003       -1.0987277125289927     
        2811   4.5666669999999998       0.63333300000000003       -1.0987208704012186     
        2812   4.5999999999999996       0.63333300000000003       -1.0987067152571934     
        2813   4.6333330000000004       0.63333300000000003       -1.0986816353465509     
        2814   4.6666670000000003       0.63333300000000003       -1.0986454630464195     
        2815   4.7000000000000002       0.63333300000000003       -1.0986024290840832     
        2816   4.7333330000000000       0.63333300000000003       -1.0985524659879120     
        2817   4.7666670000000000       0.63333300000000003       -1.0984973811209504     
        2818   4.7999999999999998       0.63333300000000003       -1.0984432661114425     
        2819   4.8333329999999997       0.63333300000000003       -1.0983872006172590     
        2820   4.8666669999999996       0.63333300000000003       -1.0983330354690395     
        2821   4.9000000000000004       0.63333300000000003       -1.0982848163921977     
        2822   4.9333330000000002       0.63333300000000003       -1.0982481684821979     
        2823   4.9666670000000002       0.63333300000000003       -1.0982249303457088     
        2824   5.0000000000000000       0.63333300000000003       -1.0982121645080856     
        2825   0.0000000000000000       0.66666700000000001        0.0000000000000000     
        2826   3.3333000000000002E-002  0.66666700000000001       -7.3941292586202981E-002
        2827   6.6667000000000004E-002  0.66666700000000001      -0.15133047571669894     
        2828  0.10000000000000001       0.66666700000000001      -0.23199453482617138     
        2829  0.13333300000000001       0.66666700000000001      -0.31483840936147395     
        2830  0.16666700000000001       0.66666700000000001      -0.39849308373740450     
        2831  0.20000000000000001       0.66666700000000001      -0.48373126212696171     
        2832  0.23333300000000001       0.66666700000000001      -0.56822083778966137     
        2833  0.26666699999999999       0.66666700000000001      -0.65414989167126003     
        2834  0.29999999999999999       0.66666700000000001      -0.73982186052960719     
        2835  0.33333299999999999       0.66666700000000001      -0.82779766482884687     
        2836  0.36666700000000002       0.66666700000000001      -0.91744209344454397     
        2837  0.40000000000000002       0.66666700000000001       -1.0107688580514922     
        2838  0.43333300000000002       0.66666700000000001       -1.1109131800136012     
        2839  0.46666700000000000       0.66666700000000001       -1.2187968555557966     
        2840  0.50000000000000000       0.66666700000000001       -1.3378137093109659     
        2841  0.53333299999999995       0.66666700000000001       -1.4715026924235175     
        2842  0.56666700000000003       0.66666700000000001       -1.6247800015892060     
        2843  0.59999999999999998       0.66666700000000001       -1.8023325897262512     
        2844  0.63333300000000003       0.66666700000000001       -2.0081647088877084     
        2845  0.66666700000000001       0.66666700000000001       -2.2507535969109753     
        2846  0.69999999999999996       0.66666700000000001       -2.5419266782209675     
        2847  0.73333300000000001       0.66666700000000001       -2.8815702564934935     
        2848  0.76666699999999999       0.66666700000000001       -3.2911071591184595     
        2849  0.80000000000000004       0.66666700000000001       -3.7709052283523286     
        2850  0.83333299999999999       0.66666700000000001       -4.3331540098129340     
        2851  0.86666699999999997       0.66666700000000001       -4.9837665528021882     
        2852  0.90000000000000002       0.66666700000000001       -5.7092686229027247     
        2853  0.93333299999999997       0.66666700000000001       -6.4839190526093633     
        2854  0.96666700000000005       0.66666700000000001       -7.2493028325524378     
        2855   1.0000000000000000       0.66666700000000001       -7.9304673978363898     
        2856   1.0333330000000001       0.66666700000000001       -8.4374154005152597     
        2857   1.0666670000000000       0.66666700000000001       -8.7459432742550192     
        2858   1.1000000000000001       0.66666700000000001       -8.8831534817204876     
        2859   1.1333329999999999       0.66666700000000001       -8.9000357657982700     
        2860   1.1666669999999999       0.66666700000000001       -8.8578727402846908     
        2861   1.2000000000000000       0.66666700000000001       -8.7944197724956759     
        2862   1.2333330000000000       0.66666700000000001       -8.7368509948724071     
        2863   1.2666670000000000       0.66666700000000001       -8.6964840919764352     
        2864   1.3000000000000000       0.66666700000000001       -8.6797388787029650     
        2865   1.3333330000000001       0.66666700000000001       -8.6864971273744587     
        2866   1.3666670000000001       0.66666700000000001       -8.7090464176671603     
        2867   1.3999999999999999       0.66666700000000001       -8.7280574179970909     
        2868   1.4333330000000000       0.66666700000000001       -8.7046169881654105     
        2869   1.4666669999999999       0.66666700000000001       -8.5928405188775674     
        2870   1.5000000000000000       0.66666700000000001       -8.3446603286592680     
        2871   1.5333330000000001       0.66666700000000001       -7.9475674725026115     
        2872   1.5666670000000000       0.66666700000000001       -7.4300835937916840     
        2873   1.6000000000000001       0.66666700000000001       -6.8589330809842366     
        2874   1.6333329999999999       0.66666700000000001       -6.2899396874885536     
        2875   1.6666669999999999       0.66666700000000001       -5.7392211030061464     
        2876   1.7000000000000000       0.66666700000000001       -5.2347682747591167     
        2877   1.7333330000000000       0.66666700000000001       -4.7738627077807152     
        2878   1.7666670000000000       0.66666700000000001       -4.3617981109571113     
        2879   1.8000000000000000       0.66666700000000001       -3.9922374547921047     
        2880   1.8333330000000001       0.66666700000000001       -3.6623979855917961     
        2881   1.8666670000000001       0.66666700000000001       -3.3675886676139704     
        2882   1.8999999999999999       0.66666700000000001       -3.1035545671117193     
        2883   1.9333330000000000       0.66666700000000001       -2.8699526817271668     
        2884   1.9666669999999999       0.66666700000000001       -2.6592418118494141     
        2885   2.0000000000000000       0.66666700000000001       -2.4698164041941935     
        2886   2.0333329999999998       0.66666700000000001       -2.3027978864312080     
        2887   2.0666669999999998       0.66666700000000001       -2.1513945065592361     
        2888   2.1000000000000001       0.66666700000000001       -2.0159472599860013     
        2889   2.1333329999999999       0.66666700000000001       -1.8960727058751450     
        2890   2.1666669999999999       0.66666700000000001       -1.7889959430602638     
        2891   2.2000000000000002       0.66666700000000001       -1.6923594730293521     
        2892   2.2333330000000000       0.66666700000000001       -1.6062636781913555     
        2893   2.2666670000000000       0.66666700000000001       -1.5305627071713344     
        2894   2.2999999999999998       0.66666700000000001       -1.4623124470339322     
        2895   2.3333330000000001       0.66666700000000001       -1.4017378982440507     
        2896   2.3666670000000001       0.66666700000000001       -1.3486365275664978     
        2897   2.3999999999999999       0.66666700000000001       -1.3009934293515197     
        2898   2.4333330000000002       0.66666700000000001       -1.2593386233728330     
        2899   2.4666670000000002       0.66666700000000001       -1.2224183558906965     
        2900   2.5000000000000000       0.66666700000000001       -1.1898332533112106     
        2901   2.5333329999999998       0.66666700000000001       -1.1613697110352350     
        2902   2.5666669999999998       0.66666700000000001       -1.1363825378259771     
        2903   2.6000000000000001       0.66666700000000001       -1.1146985806227987     
        2904   2.6333329999999999       0.66666700000000001       -1.0956363127159117     
        2905   2.6666669999999999       0.66666700000000001       -1.0791000501988643     
        2906   2.7000000000000002       0.66666700000000001       -1.0649200080117580     
        2907   2.7333330000000000       0.66666700000000001       -1.0525492594827974     
        2908   2.7666670000000000       0.66666700000000001       -1.0419488370946359     
        2909   2.7999999999999998       0.66666700000000001       -1.0328655599967118     
        2910   2.8333330000000001       0.66666700000000001       -1.0251928551040836     
        2911   2.8666670000000001       0.66666700000000001       -1.0186227172214499     
        2912   2.8999999999999999       0.66666700000000001       -1.0131082649119152     
        2913   2.9333330000000002       0.66666700000000001       -1.0085056395182681     
        2914   2.9666670000000002       0.66666700000000001       -1.0046496573842538     
        2915   3.0000000000000000       0.66666700000000001       -1.0014864405603332     
        2916   3.0333329999999998       0.66666700000000001      -0.99890688561294394     
        2917   3.0666669999999998       0.66666700000000001      -0.99683504881097007     
        2918   3.1000000000000001       0.66666700000000001      -0.99518559954275687     
        2919   3.1333329999999999       0.66666700000000001      -0.99391359574835847     
        2920   3.1666669999999999       0.66666700000000001      -0.99294999331819400     
        2921   3.2000000000000002       0.66666700000000001      -0.99224743308211816     
        2922   3.2333330000000000       0.66666700000000001      -0.99177154740233808     
        2923   3.2666670000000000       0.66666700000000001      -0.99147879362023916     
        2924   3.2999999999999998       0.66666700000000001      -0.99133971681283595     
        2925   3.3333330000000001       0.66666700000000001      -0.99132575586313043     
        2926   3.3666670000000001       0.66666700000000001      -0.99141304784897555     
        2927   3.3999999999999999       0.66666700000000001      -0.99157442053570166     
        2928   3.4333330000000002       0.66666700000000001      -0.99180340992253202     
        2929   3.4666670000000002       0.66666700000000001      -0.99208081298591644     
        2930   3.5000000000000000       0.66666700000000001      -0.99238441817596135     
        2931   3.5333329999999998       0.66666700000000001      -0.99272327805360305     
        2932   3.5666669999999998       0.66666700000000001      -0.99307428138259868     
        2933   3.6000000000000001       0.66666700000000001      -0.99342815990636324     
        2934   3.6333329999999999       0.66666700000000001      -0.99379366493252219     
        2935   3.6666669999999999       0.66666700000000001      -0.99415360119220186     
        2936   3.7000000000000002       0.66666700000000001      -0.99450807391392881     
        2937   3.7333330000000000       0.66666700000000001      -0.99485649564728895     
        2938   3.7666670000000000       0.66666700000000001      -0.99519122029385121     
        2939   3.7999999999999998       0.66666700000000001      -0.99551254639759679     
        2940   3.8333330000000001       0.66666700000000001      -0.99582138643529605     
        2941   3.8666670000000001       0.66666700000000001      -0.99611221787561632     
        2942   3.8999999999999999       0.66666700000000001      -0.99638976227417830     
        2943   3.9333330000000002       0.66666700000000001      -0.99664872319798170     
        2944   3.9666670000000002       0.66666700000000001      -0.99689185593104057     
        2945   4.0000000000000000       0.66666700000000001      -0.99711497535561766     
        2946   4.0333329999999998       0.66666700000000001      -0.99732465155229921     
        2947   4.0666669999999998       0.66666700000000001      -0.99751810212388137     
        2948   4.0999999999999996       0.66666700000000001      -0.99769615989097860     
        2949   4.1333330000000004       0.66666700000000001      -0.99786029738549464     
        2950   4.1666670000000003       0.66666700000000001      -0.99801150146741902     
        2951   4.2000000000000002       0.66666700000000001      -0.99814648206762335     
        2952   4.2333330000000000       0.66666700000000001      -0.99826977257369487     
        2953   4.2666670000000000       0.66666700000000001      -0.99837882149190038     
        2954   4.2999999999999998       0.66666700000000001      -0.99847672555447642     
        2955   4.3333329999999997       0.66666700000000001      -0.99856146130750745     
        2956   4.3666669999999996       0.66666700000000001      -0.99863128936608681     
        2957   4.4000000000000004       0.66666700000000001      -0.99868812232533422     
        2958   4.4333330000000002       0.66666700000000001      -0.99873355585275136     
        2959   4.4666670000000002       0.66666700000000001      -0.99876644026388040     
        2960   4.5000000000000000       0.66666700000000001      -0.99878896350231128     
        2961   4.5333329999999998       0.66666700000000001      -0.99879997316030877     
        2962   4.5666669999999998       0.66666700000000001      -0.99879870549508587     
        2963   4.5999999999999996       0.66666700000000001      -0.99879236646250791     
        2964   4.6333330000000004       0.66666700000000001      -0.99877684156846347     
        2965   4.6666670000000003       0.66666700000000001      -0.99874758184684920     
        2966   4.7000000000000002       0.66666700000000001      -0.99871363552921244     
        2967   4.7333330000000000       0.66666700000000001      -0.99867606184205304     
        2968   4.7666670000000000       0.66666700000000001      -0.99863435465881434     
        2969   4.7999999999999998       0.66666700000000001      -0.99859131402787593     
        2970   4.8333329999999997       0.66666700000000001      -0.99854776356906816     
        2971   4.8666669999999996       0.66666700000000001      -0.99850413055178955     
        2972   4.9000000000000004       0.66666700000000001      -0.99846735311996204     
        2973   4.9333330000000002       0.66666700000000001      -0.99843777730523275     
        2974   4.9666670000000002       0.66666700000000001      -0.99841893830137907     
        2975   5.0000000000000000       0.66666700000000001      -0.99841119411494994     
        2976   0.0000000000000000       0.69999999999999996        0.0000000000000000     
        2977   3.3333000000000002E-002  0.69999999999999996       -6.4470270591716936E-002
        2978   6.6667000000000004E-002  0.69999999999999996      -0.13221219136637630     
        2979  0.10000000000000001       0.69999999999999996      -0.20228093940241046     
        2980  0.13333300000000001       0.69999999999999996      -0.27538876998271322     
        2981  0.16666700000000001       0.69999999999999996      -0.34992860214717486     
        2982  0.20000000000000001       0.69999999999999996      -0.42543703224838963     
        2983  0.23333300000000001       0.69999999999999996      -0.50204234334674791     
        2984  0.26666699999999999       0.69999999999999996      -0.57933431188382789     
        2985  0.29999999999999999       0.69999999999999996      -0.65867815487688408     
        2986  0.33333299999999999       0.69999999999999996      -0.73909588493885414     
        2987  0.36666700000000002       0.69999999999999996      -0.82327737839880888     
        2988  0.40000000000000002       0.69999999999999996      -0.91109231844669791     
        2989  0.43333300000000002       0.69999999999999996       -1.0048734133838810     
        2990  0.46666700000000000       0.69999999999999996       -1.1071450980078668     
        2991  0.50000000000000000       0.69999999999999996       -1.2201675496042870     
        2992  0.53333299999999995       0.69999999999999996       -1.3465694012964193     
        2993  0.56666700000000003       0.69999999999999996       -1.4899515583280698     
        2994  0.59999999999999998       0.69999999999999996       -1.6545265648370471     
        2995  0.63333300000000003       0.69999999999999996       -1.8474192513732335     
        2996  0.66666700000000001       0.69999999999999996       -2.0724940318274583     
        2997  0.69999999999999996       0.69999999999999996       -2.3350817096726302     
        2998  0.73333300000000001       0.69999999999999996       -2.6441992823543354     
        2999  0.76666699999999999       0.69999999999999996       -3.0031632526793617     
        3000  0.80000000000000004       0.69999999999999996       -3.4211903781778878     
        3001  0.83333299999999999       0.69999999999999996       -3.9031516674847149     
        3002  0.86666699999999997       0.69999999999999996       -4.4393127091066678     
        3003  0.90000000000000002       0.69999999999999996       -5.0333356385404144     
        3004  0.93333299999999997       0.69999999999999996       -5.6423137875216884     
        3005  0.96666700000000005       0.69999999999999996       -6.2477141682417399     
        3006   1.0000000000000000       0.69999999999999996       -6.7888450318427846     
        3007   1.0333330000000001       0.69999999999999996       -7.2243927288804368     
        3008   1.0666670000000000       0.69999999999999996       -7.5283666512229157     
        3009   1.1000000000000001       0.69999999999999996       -7.7140898608273805     
        3010   1.1333329999999999       0.69999999999999996       -7.8049494580069751     
        3011   1.1666669999999999       0.69999999999999996       -7.8330499880791455     
        3012   1.2000000000000000       0.69999999999999996       -7.8289354274318530     
        3013   1.2333330000000000       0.69999999999999996       -7.8106658793651302     
        3014   1.2666670000000000       0.69999999999999996       -7.7921297566214180     
        3015   1.3000000000000000       0.69999999999999996       -7.7798119144788025     
        3016   1.3333330000000001       0.69999999999999996       -7.7732243669421139     
        3017   1.3666670000000001       0.69999999999999996       -7.7669568206795141     
        3018   1.3999999999999999       0.69999999999999996       -7.7457218861605437     
        3019   1.4333330000000000       0.69999999999999996       -7.6867236281957796     
        3020   1.4666669999999999       0.69999999999999996       -7.5625751317559997     
        3021   1.5000000000000000       0.69999999999999996       -7.3501043324163780     
        3022   1.5333330000000001       0.69999999999999996       -7.0402090291029920     
        3023   1.5666670000000000       0.69999999999999996       -6.6533648703479917     
        3024   1.6000000000000001       0.69999999999999996       -6.2120383803810038     
        3025   1.6333329999999999       0.69999999999999996       -5.7535297455721208     
        3026   1.6666669999999999       0.69999999999999996       -5.3051899934636335     
        3027   1.7000000000000000       0.69999999999999996       -4.8742904634438409     
        3028   1.7333330000000000       0.69999999999999996       -4.4754316973273642     
        3029   1.7666670000000000       0.69999999999999996       -4.1031366458291076     
        3030   1.8000000000000000       0.69999999999999996       -3.7670596595292078     
        3031   1.8333330000000001       0.69999999999999996       -3.4648954483754260     
        3032   1.8666670000000001       0.69999999999999996       -3.1878640781611365     
        3033   1.8999999999999999       0.69999999999999996       -2.9383934097735205     
        3034   1.9333330000000000       0.69999999999999996       -2.7158104354880375     
        3035   1.9666669999999999       0.69999999999999996       -2.5151977808813770     
        3036   2.0000000000000000       0.69999999999999996       -2.3358064507357312     
        3037   2.0333329999999998       0.69999999999999996       -2.1728572251656448     
        3038   2.0666669999999998       0.69999999999999996       -2.0276477435751779     
        3039   2.1000000000000001       0.69999999999999996       -1.8981287477627278     
        3040   2.1333329999999999       0.69999999999999996       -1.7808238010863038     
        3041   2.1666669999999999       0.69999999999999996       -1.6765346952458022     
        3042   2.2000000000000002       0.69999999999999996       -1.5831485354815189     
        3043   2.2333330000000000       0.69999999999999996       -1.5001886146111856     
        3044   2.2666670000000000       0.69999999999999996       -1.4253414395696853     
        3045   2.2999999999999998       0.69999999999999996       -1.3593679218419275     
        3046   2.3333330000000001       0.69999999999999996       -1.3007082495686471     
        3047   2.3666670000000001       0.69999999999999996       -1.2480025776705064     
        3048   2.3999999999999999       0.69999999999999996       -1.2019812342630147     
        3049   2.4333330000000002       0.69999999999999996       -1.1607423244120332     
        3050   2.4666670000000002       0.69999999999999996       -1.1243036474081562     
        3051   2.5000000000000000       0.69999999999999996       -1.0926005817337012     
        3052   2.5333329999999998       0.69999999999999996       -1.0642968391626979     
        3053   2.5666669999999998       0.69999999999999996       -1.0397532721981317     
        3054   2.6000000000000001       0.69999999999999996       -1.0181021968912940     
        3055   2.6333329999999999       0.69999999999999996      -0.99928074488287222     
        3056   2.6666669999999999       0.69999999999999996      -0.98288131153036207     
        3057   2.7000000000000002       0.69999999999999996      -0.96859101145180049     
        3058   2.7333330000000000       0.69999999999999996      -0.95620356622852742     
        3059   2.7666670000000000       0.69999999999999996      -0.94558697926353297     
        3060   2.7999999999999998       0.69999999999999996      -0.93642291346092532     
        3061   2.8333330000000001       0.69999999999999996      -0.92855167775140091     
        3062   2.8666670000000001       0.69999999999999996      -0.92189259225194575     
        3063   2.8999999999999999       0.69999999999999996      -0.91625154018078270     
        3064   2.9333330000000002       0.69999999999999996      -0.91144938572328627     
        3065   2.9666670000000002       0.69999999999999996      -0.90745954782468174     
        3066   3.0000000000000000       0.69999999999999996      -0.90414356397588103     
        3067   3.0333329999999998       0.69999999999999996      -0.90139018450280806     
        3068   3.0666669999999998       0.69999999999999996      -0.89915303418115511     
        3069   3.1000000000000001       0.69999999999999996      -0.89735871410194823     
        3070   3.1333329999999999       0.69999999999999996      -0.89593023931006543     
        3071   3.1666669999999999       0.69999999999999996      -0.89482452963642889     
        3072   3.2000000000000002       0.69999999999999996      -0.89398288158134687     
        3073   3.2333330000000000       0.69999999999999996      -0.89337360428611856     
        3074   3.2666670000000000       0.69999999999999996      -0.89295336235904577     
        3075   3.2999999999999998       0.69999999999999996      -0.89269730393349922     
        3076   3.3333330000000001       0.69999999999999996      -0.89256905477366899     
        3077   3.3666670000000001       0.69999999999999996      -0.89255268159550161     
        3078   3.3999999999999999       0.69999999999999996      -0.89262104003845399     
        3079   3.4333330000000002       0.69999999999999996      -0.89275738890717526     
        3080   3.4666670000000002       0.69999999999999996      -0.89294568032623001     
        3081   3.5000000000000000       0.69999999999999996      -0.89318111443404047     
        3082   3.5333329999999998       0.69999999999999996      -0.89344498121095950     
        3083   3.5666669999999998       0.69999999999999996      -0.89372806036032459     
        3084   3.6000000000000001       0.69999999999999996      -0.89402879895065013     
        3085   3.6333329999999999       0.69999999999999996      -0.89433438128179166     
        3086   3.6666669999999999       0.69999999999999996      -0.89464747445346260     
        3087   3.7000000000000002       0.69999999999999996      -0.89495850044137493     
        3088   3.7333330000000000       0.69999999999999996      -0.89526246727957814     
        3089   3.7666670000000000       0.69999999999999996      -0.89555573634034868     
        3090   3.7999999999999998       0.69999999999999996      -0.89584281661427445     
        3091   3.8333330000000001       0.69999999999999996      -0.89612170484038600     
        3092   3.8666670000000001       0.69999999999999996      -0.89638759793835587     
        3093   3.8999999999999999       0.69999999999999996      -0.89663397874158646     
        3094   3.9333330000000002       0.69999999999999996      -0.89687386100782807     
        3095   3.9666670000000002       0.69999999999999996      -0.89709577549951325     
        3096   4.0000000000000000       0.69999999999999996      -0.89730166627123198     
        3097   4.0333329999999998       0.69999999999999996      -0.89749547237533767     
        3098   4.0666669999999998       0.69999999999999996      -0.89767146659174069     
        3099   4.0999999999999996       0.69999999999999996      -0.89783657086226842     
        3100   4.1333330000000004       0.69999999999999996      -0.89799037104297819     
        3101   4.1666670000000003       0.69999999999999996      -0.89813098656975299     
        3102   4.2000000000000002       0.69999999999999996      -0.89825817942174802     
        3103   4.2333330000000000       0.69999999999999996      -0.89837142928847347     
        3104   4.2666670000000000       0.69999999999999996      -0.89847508808183141     
        3105   4.2999999999999998       0.69999999999999996      -0.89856775303719172     
        3106   4.3333329999999997       0.69999999999999996      -0.89864835276167510     
        3107   4.3666669999999996       0.69999999999999996      -0.89871326403035923     
        3108   4.4000000000000004       0.69999999999999996      -0.89876997953561422     
        3109   4.4333330000000002       0.69999999999999996      -0.89881520637016810     
        3110   4.4666670000000002       0.69999999999999996      -0.89884846291908416     
        3111   4.5000000000000000       0.69999999999999996      -0.89887226820292498     
        3112   4.5333329999999998       0.69999999999999996      -0.89888644379005755     
        3113   4.5666669999999998       0.69999999999999996      -0.89889225356754954     
        3114   4.5999999999999996       0.69999999999999996      -0.89888930211059648     
        3115   4.6333330000000004       0.69999999999999996      -0.89887678301446949     
        3116   4.6666670000000003       0.69999999999999996      -0.89885843819954259     
        3117   4.7000000000000002       0.69999999999999996      -0.89883309177652104     
        3118   4.7333330000000000       0.69999999999999996      -0.89880350889616922     
        3119   4.7666670000000000       0.69999999999999996      -0.89877239708620782     
        3120   4.7999999999999998       0.69999999999999996      -0.89873857851525385     
        3121   4.8333329999999997       0.69999999999999996      -0.89870391241124981     
        3122   4.8666669999999996       0.69999999999999996      -0.89867087735779738     
        3123   4.9000000000000004       0.69999999999999996      -0.89864168179281279     
        3124   4.9333330000000002       0.69999999999999996      -0.89861797681357847     
        3125   4.9666670000000002       0.69999999999999996      -0.89860232783409943     
        3126   5.0000000000000000       0.69999999999999996      -0.89859619736972218     
        3127   0.0000000000000000       0.73333300000000001        0.0000000000000000     
        3128   3.3333000000000002E-002  0.73333300000000001       -5.5449007985610851E-002
        3129   6.6667000000000004E-002  0.73333300000000001      -0.11437936232350730     
        3130  0.10000000000000001       0.73333300000000001      -0.17564414777056031     
        3131  0.13333300000000001       0.73333300000000001      -0.23916070576984610     
        3132  0.16666700000000001       0.73333300000000001      -0.30420999919995961     
        3133  0.20000000000000001       0.73333300000000001      -0.37092043480233888     
        3134  0.23333300000000001       0.73333300000000001      -0.43904062029990359     
        3135  0.26666699999999999       0.73333300000000001      -0.50884601427509646     
        3136  0.29999999999999999       0.73333300000000001      -0.57971646396279219     
        3137  0.33333299999999999       0.73333300000000001      -0.65335049541783985     
        3138  0.36666700000000002       0.73333300000000001      -0.72998454614710717     
        3139  0.40000000000000002       0.73333300000000001      -0.81107088872393374     
        3140  0.43333300000000002       0.73333300000000001      -0.89780849960338061     
        3141  0.46666700000000000       0.73333300000000001      -0.99200387886337149     
        3142  0.50000000000000000       0.73333300000000001       -1.0959720435339062     
        3143  0.53333299999999995       0.73333300000000001       -1.2125397683285419     
        3144  0.56666700000000003       0.73333300000000001       -1.3448206939847640     
        3145  0.59999999999999998       0.73333300000000001       -1.4962802829018331     
        3146  0.63333300000000003       0.73333300000000001       -1.6711745808028662     
        3147  0.66666700000000001       0.73333300000000001       -1.8728447370658821     
        3148  0.69999999999999996       0.73333300000000001       -2.1057482857642746     
        3149  0.73333300000000001       0.73333300000000001       -2.3794681002049205     
        3150  0.76666699999999999       0.73333300000000001       -2.6932341230954719     
        3151  0.80000000000000004       0.73333300000000001       -3.0477969704035512     
        3152  0.83333299999999999       0.73333300000000001       -3.4541182991196031     
        3153  0.86666699999999997       0.73333300000000001       -3.9020229049161808     
        3154  0.90000000000000002       0.73333300000000001       -4.3761764187947652     
        3155  0.93333299999999997       0.73333300000000001       -4.8718074081707208     
        3156  0.96666700000000005       0.73333300000000001       -5.3488368709304126     
        3157   1.0000000000000000       0.73333300000000001       -5.7918332040491860     
        3158   1.0333330000000001       0.73333300000000001       -6.1580076916839630     
        3159   1.0666670000000000       0.73333300000000001       -6.4432202001167891     
        3160   1.1000000000000001       0.73333300000000001       -6.6412260577670201     
        3161   1.1333329999999999       0.73333300000000001       -6.7662806881970630     
        3162   1.1666669999999999       0.73333300000000001       -6.8360327905038050     
        3163   1.2000000000000000       0.73333300000000001       -6.8686912762759116     
        3164   1.2333330000000000       0.73333300000000001       -6.8800715764878611     
        3165   1.2666670000000000       0.73333300000000001       -6.8797254897895561     
        3166   1.3000000000000000       0.73333300000000001       -6.8734768217565918     
        3167   1.3333330000000001       0.73333300000000001       -6.8623739343516830     
        3168   1.3666670000000001       0.73333300000000001       -6.8424334197706038     
        3169   1.3999999999999999       0.73333300000000001       -6.8040353674878462     
        3170   1.4333330000000000       0.73333300000000001       -6.7330489438215277     
        3171   1.4666669999999999       0.73333300000000001       -6.6140555207960467     
        3172   1.5000000000000000       0.73333300000000001       -6.4344127539301521     
        3173   1.5333330000000001       0.73333300000000001       -6.1889203633305074     
        3174   1.5666670000000000       0.73333300000000001       -5.8842911158832898     
        3175   1.6000000000000001       0.73333300000000001       -5.5424599106793959     
        3176   1.6333329999999999       0.73333300000000001       -5.1798851494029075     
        3177   1.6666669999999999       0.73333300000000001       -4.8080217722245857     
        3178   1.7000000000000000       0.73333300000000001       -4.4489406193545022     
        3179   1.7333330000000000       0.73333300000000001       -4.1034912517982676     
        3180   1.7666670000000000       0.73333300000000001       -3.7821146590435344     
        3181   1.8000000000000000       0.73333300000000001       -3.4830318295510923     
        3182   1.8333330000000001       0.73333300000000001       -3.2075109593706737     
        3183   1.8666670000000001       0.73333300000000001       -2.9575980745180588     
        3184   1.8999999999999999       0.73333300000000001       -2.7289819556440817     
        3185   1.9333330000000000       0.73333300000000001       -2.5214497413257142     
        3186   1.9666669999999999       0.73333300000000001       -2.3358924179851983     
        3187   2.0000000000000000       0.73333300000000001       -2.1658646555543184     
        3188   2.0333329999999998       0.73333300000000001       -2.0145157901335744     
        3189   2.0666669999999998       0.73333300000000001       -1.8784267786789521     
        3190   2.1000000000000001       0.73333300000000001       -1.7545375828863259     
        3191   2.1333329999999999       0.73333300000000001       -1.6450760993436531     
        3192   2.1666669999999999       0.73333300000000001       -1.5452637742833846     
        3193   2.2000000000000002       0.73333300000000001       -1.4575243598003136     
        3194   2.2333330000000000       0.73333300000000001       -1.3777302783583927     
        3195   2.2666670000000000       0.73333300000000001       -1.3075808601441470     
        3196   2.2999999999999998       0.73333300000000001       -1.2441895234214684     
        3197   2.3333330000000001       0.73333300000000001       -1.1880973252523757     
        3198   2.3666670000000001       0.73333300000000001       -1.1382013846391683     
        3199   2.3999999999999999       0.73333300000000001       -1.0938714204433870     
        3200   2.4333330000000002       0.73333300000000001       -1.0545766105796963     
        3201   2.4666670000000002       0.73333300000000001       -1.0198015292062597     
        3202   2.5000000000000000       0.73333300000000001      -0.98911853852330800     
        3203   2.5333329999999998       0.73333300000000001      -0.96222050844551454     
        3204   2.5666669999999998       0.73333300000000001      -0.93834176712108130     
        3205   2.6000000000000001       0.73333300000000001      -0.91750367823545820     
        3206   2.6333329999999999       0.73333300000000001      -0.89928366647552027     
        3207   2.6666669999999999       0.73333300000000001      -0.88335924897882523     
        3208   2.7000000000000002       0.73333300000000001      -0.86949322296758358     
        3209   2.7333330000000000       0.73333300000000001      -0.85746877187882897     
        3210   2.7666670000000000       0.73333300000000001      -0.84704173629324964     
        3211   2.7999999999999998       0.73333300000000001      -0.83809955533766411     
        3212   2.8333330000000001       0.73333300000000001      -0.83041240501615321     
        3213   2.8666670000000001       0.73333300000000001      -0.82377784171755142     
        3214   2.8999999999999999       0.73333300000000001      -0.81816932445325186     
        3215   2.9333330000000002       0.73333300000000001      -0.81342772402934427     
        3216   2.9666670000000002       0.73333300000000001      -0.80940121845727875     
        3217   3.0000000000000000       0.73333300000000001      -0.80604916143401284     
        3218   3.0333329999999998       0.73333300000000001      -0.80325851268404092     
        3219   3.0666669999999998       0.73333300000000001      -0.80097205596302712     
        3220   3.1000000000000001       0.73333300000000001      -0.79909659168249925     
        3221   3.1333329999999999       0.73333300000000001      -0.79760041841422780     
        3222   3.1666669999999999       0.73333300000000001      -0.79640763137963300     
        3223   3.2000000000000002       0.73333300000000001      -0.79548624238484156     
        3224   3.2333330000000000       0.73333300000000001      -0.79479033178111125     
        3225   3.2666670000000000       0.73333300000000001      -0.79428775994483902     
        3226   3.2999999999999998       0.73333300000000001      -0.79394407530032318     
        3227   3.3333330000000001       0.73333300000000001      -0.79373681686799802     
        3228   3.3666670000000001       0.73333300000000001      -0.79363615695498513     
        3229   3.3999999999999999       0.73333300000000001      -0.79363052939521572     
        3230   3.4333330000000002       0.73333300000000001      -0.79369178591840162     
        3231   3.4666670000000002       0.73333300000000001      -0.79381554104074392     
        3232   3.5000000000000000       0.73333300000000001      -0.79397897869510903     
        3233   3.5333329999999998       0.73333300000000001      -0.79418363153744609     
        3234   3.5666669999999998       0.73333300000000001      -0.79441144756768756     
        3235   3.6000000000000001       0.73333300000000001      -0.79465657135563061     
        3236   3.6333329999999999       0.73333300000000001      -0.79491322287127442     
        3237   3.6666669999999999       0.73333300000000001      -0.79517596736174545     
        3238   3.7000000000000002       0.73333300000000001      -0.79544101612880380     
        3239   3.7333330000000000       0.73333300000000001      -0.79570471626098571     
        3240   3.7666670000000000       0.73333300000000001      -0.79596409599048168     
        3241   3.7999999999999998       0.73333300000000001      -0.79621583293357878     
        3242   3.8333330000000001       0.73333300000000001      -0.79646192363262691     
        3243   3.8666670000000001       0.73333300000000001      -0.79669541013812506     
        3244   3.8999999999999999       0.73333300000000001      -0.79692041568386673     
        3245   3.9333330000000002       0.73333300000000001      -0.79713222146736507     
        3246   3.9666670000000002       0.73333300000000001      -0.79733013502089511     
        3247   4.0000000000000000       0.73333300000000001      -0.79752056159310847     
        3248   4.0333329999999998       0.73333300000000001      -0.79769567834871946     
        3249   4.0666669999999998       0.73333300000000001      -0.79785593608579242     
        3250   4.0999999999999996       0.73333300000000001      -0.79800642613371675     
        3251   4.1333330000000004       0.73333300000000001      -0.79814671034499385     
        3252   4.1666670000000003       0.73333300000000001      -0.79827257405889063     
        3253   4.2000000000000002       0.73333300000000001      -0.79839006038825300     
        3254   4.2333330000000000       0.73333300000000001      -0.79849699613064784     
        3255   4.2666670000000000       0.73333300000000001      -0.79859300778582010     
        3256   4.2999999999999998       0.73333300000000001      -0.79867718989765524     
        3257   4.3333329999999997       0.73333300000000001      -0.79875043349757502     
        3258   4.3666669999999996       0.73333300000000001      -0.79881384034426139     
        3259   4.4000000000000004       0.73333300000000001      -0.79886647164794189     
        3260   4.4333330000000002       0.73333300000000001      -0.79891002900666896     
        3261   4.4666670000000002       0.73333300000000001      -0.79894292021574265     
        3262   4.5000000000000000       0.73333300000000001      -0.79896797215640403     
        3263   4.5333329999999998       0.73333300000000001      -0.79898375938791644     
        3264   4.5666669999999998       0.73333300000000001      -0.79899310163522719     
        3265   4.5999999999999996       0.73333300000000001      -0.79899295873142751     
        3266   4.6333330000000004       0.73333300000000001      -0.79898513210458622     
        3267   4.6666670000000003       0.73333300000000001      -0.79897337265291801     
        3268   4.7000000000000002       0.73333300000000001      -0.79895554873725738     
        3269   4.7333330000000000       0.73333300000000001      -0.79893297663496354     
        3270   4.7666670000000000       0.73333300000000001      -0.79890880545031306     
        3271   4.7999999999999998       0.73333300000000001      -0.79888246440728483     
        3272   4.8333329999999997       0.73333300000000001      -0.79885537058496148     
        3273   4.8666669999999996       0.73333300000000001      -0.79883168647219327     
        3274   4.9000000000000004       0.73333300000000001      -0.79880856355774721     
        3275   4.9333330000000002       0.73333300000000001      -0.79878911209912717     
        3276   4.9666670000000002       0.73333300000000001      -0.79877884417396472     
        3277   5.0000000000000000       0.73333300000000001      -0.79877541540855068     
        3278   0.0000000000000000       0.76666699999999999        0.0000000000000000     
        3279   3.3333000000000002E-002  0.76666699999999999       -4.7447837236632109E-002
        3280   6.6667000000000004E-002  0.76666699999999999       -9.7569227119781818E-002
        3281  0.10000000000000001       0.76666699999999999      -0.15060316796118969     
        3282  0.13333300000000001       0.76666699999999999      -0.20493492801019356     
        3283  0.16666700000000001       0.76666699999999999      -0.26163996027286895     
        3284  0.20000000000000001       0.76666699999999999      -0.31943181735773485     
        3285  0.23333300000000001       0.76666699999999999      -0.37934657925408372     
        3286  0.26666699999999999       0.76666699999999999      -0.44024614466280376     
        3287  0.29999999999999999       0.76666699999999999      -0.50336261436894270     
        3288  0.33333299999999999       0.76666699999999999      -0.56923771880380702     
        3289  0.36666700000000002       0.76666699999999999      -0.63743150363269108     
        3290  0.40000000000000002       0.76666699999999999      -0.71072400986606687     
        3291  0.43333300000000002       0.76666699999999999      -0.78832597113740155     
        3292  0.46666700000000000       0.76666699999999999      -0.87372059512824474     
        3293  0.50000000000000000       0.76666699999999999      -0.96800132146590623     
        3294  0.53333299999999995       0.76666699999999999       -1.0720406744030515     
        3295  0.56666700000000003       0.76666699999999999       -1.1911799741927476     
        3296  0.59999999999999998       0.76666699999999999       -1.3268571424033593     
        3297  0.63333300000000003       0.76666699999999999       -1.4807359369756852     
        3298  0.66666700000000001       0.76666699999999999       -1.6593078182638483     
        3299  0.69999999999999996       0.76666699999999999       -1.8639498345485719     
        3300  0.73333300000000001       0.76666699999999999       -2.0967147097610539     
        3301  0.76666699999999999       0.76666699999999999       -2.3660113303477521     
        3302  0.80000000000000004       0.76666699999999999       -2.6680919086010380     
        3303  0.83333299999999999       0.76666699999999999       -3.0025719025282855     
        3304  0.86666699999999997       0.76666699999999999       -3.3662212425803664     
        3305  0.90000000000000002       0.76666699999999999       -3.7564397921411015     
        3306  0.93333299999999997       0.76666699999999999       -4.1486821738865594     
        3307  0.96666700000000005       0.76666699999999999       -4.5382651295154242     
        3308   1.0000000000000000       0.76666699999999999       -4.8937827057243757     
        3309   1.0333330000000001       0.76666699999999999       -5.2055816614759154     
        3310   1.0666670000000000       0.76666699999999999       -5.4583809784346222     
        3311   1.1000000000000001       0.76666699999999999       -5.6494441894400893     
        3312   1.1333329999999999       0.76666699999999999       -5.7845762989236924     
        3313   1.1666669999999999       0.76666699999999999       -5.8744706809409690     
        3314   1.2000000000000000       0.76666699999999999       -5.9287517233440621     
        3315   1.2333330000000000       0.76666699999999999       -5.9586231645194578     
        3316   1.2666670000000000       0.76666699999999999       -5.9711657657639332     
        3317   1.3000000000000000       0.76666699999999999       -5.9715801957166370     
        3318   1.3333330000000001       0.76666699999999999       -5.9609136956960862     
        3319   1.3666670000000001       0.76666699999999999       -5.9371873044651391     
        3320   1.3999999999999999       0.76666699999999999       -5.8944527243786693     
        3321   1.4333330000000000       0.76666699999999999       -5.8240789571389033     
        3322   1.4666669999999999       0.76666699999999999       -5.7178236334646639     
        3323   1.5000000000000000       0.76666699999999999       -5.5676792667091863     
        3324   1.5333330000000001       0.76666699999999999       -5.3701465640333410     
        3325   1.5666670000000000       0.76666699999999999       -5.1336175338003631     
        3326   1.6000000000000001       0.76666699999999999       -4.8616237841137329     
        3327   1.6333329999999999       0.76666699999999999       -4.5695117704487487     
        3328   1.6666669999999999       0.76666699999999999       -4.2703694916495207     
        3329   1.7000000000000000       0.76666699999999999       -3.9746126815371894     
        3330   1.7333330000000000       0.76666699999999999       -3.6817478314771717     
        3331   1.7666670000000000       0.76666699999999999       -3.4049703975195826     
        3332   1.8000000000000000       0.76666699999999999       -3.1475978587637097     
        3333   1.8333330000000001       0.76666699999999999       -2.9043663367064356     
        3334   1.8666670000000001       0.76666699999999999       -2.6804679432753784     
        3335   1.8999999999999999       0.76666699999999999       -2.4781800317243343     
        3336   1.9333330000000000       0.76666699999999999       -2.2904245290372356     
        3337   1.9666669999999999       0.76666699999999999       -2.1200466405966254     
        3338   2.0000000000000000       0.76666699999999999       -1.9678068987102808     
        3339   2.0333329999999998       0.76666699999999999       -1.8281503659388552     
        3340   2.0666669999999998       0.76666699999999999       -1.7022048792149651     
        3341   2.1000000000000001       0.76666699999999999       -1.5899016112830973     
        3342   2.1333329999999999       0.76666699999999999       -1.4880223815246090     
        3343   2.1666669999999999       0.76666699999999999       -1.3967309603164340     
        3344   2.2000000000000002       0.76666699999999999       -1.3148365613454780     
        3345   2.2333330000000000       0.76666699999999999       -1.2415652467738569     
        3346   2.2666670000000000       0.76666699999999999       -1.1759578123207710     
        3347   2.2999999999999998       0.76666699999999999       -1.1177956546937673     
        3348   2.3333330000000001       0.76666699999999999       -1.0652074431161194     
        3349   2.3666670000000001       0.76666699999999999       -1.0191437958775238     
        3350   2.3999999999999999       0.76666699999999999      -0.97757811042649634     
        3351   2.4333330000000002       0.76666699999999999      -0.94109410873865718     
        3352   2.4666670000000002       0.76666699999999999      -0.90874044843005963     
        3353   2.5000000000000000       0.76666699999999999      -0.88006582118428722     
        3354   2.5333329999999998       0.76666699999999999      -0.85466922833023484     
        3355   2.5666669999999998       0.76666699999999999      -0.83256752036734383     
        3356   2.6000000000000001       0.76666699999999999      -0.81290527688481728     
        3357   2.6333329999999999       0.76666699999999999      -0.79579778318235039     
        3358   2.6666669999999999       0.76666699999999999      -0.78075732810733400     
        3359   2.7000000000000002       0.76666699999999999      -0.76768122580337428     
        3360   2.7333330000000000       0.76666699999999999      -0.75638736451379107     
        3361   2.7666670000000000       0.76666699999999999      -0.74647564384890386     
        3362   2.7999999999999998       0.76666699999999999      -0.73796610455430589     
        3363   2.8333330000000001       0.76666699999999999      -0.73062816833035482     
        3364   2.8666670000000001       0.76666699999999999      -0.72433313276844735     
        3365   2.8999999999999999       0.76666699999999999      -0.71895156805952609     
        3366   2.9333330000000002       0.76666699999999999      -0.71435696913265767     
        3367   2.9666670000000002       0.76666699999999999      -0.71050279398565497     
        3368   3.0000000000000000       0.76666699999999999      -0.70722879785538495     
        3369   3.0333329999999998       0.76666699999999999      -0.70451504458733905     
        3370   3.0666669999999998       0.76666699999999999      -0.70225169907580887     
        3371   3.1000000000000001       0.76666699999999999      -0.70040509359708458     
        3372   3.1333329999999999       0.76666699999999999      -0.69889846347970142     
        3373   3.1666669999999999       0.76666699999999999      -0.69769492687362378     
        3374   3.2000000000000002       0.76666699999999999      -0.69674049512157565     
        3375   3.2333330000000000       0.76666699999999999      -0.69600979349190140     
        3376   3.2666670000000000       0.76666699999999999      -0.69546154869931742     
        3377   3.2999999999999998       0.76666699999999999      -0.69507087519969823     
        3378   3.3333330000000001       0.76666699999999999      -0.69480743334203476     
        3379   3.3666670000000001       0.76666699999999999      -0.69465249001345819     
        3380   3.3999999999999999       0.76666699999999999      -0.69459060879382839     
        3381   3.4333330000000002       0.76666699999999999      -0.69459903240467535     
        3382   3.4666670000000002       0.76666699999999999      -0.69466422492541946     
        3383   3.5000000000000000       0.76666699999999999      -0.69477736683444058     
        3384   3.5333329999999998       0.76666699999999999      -0.69492532944430241     
        3385   3.5666669999999998       0.76666699999999999      -0.69510464198433120     
        3386   3.6000000000000001       0.76666699999999999      -0.69529980809348280     
        3387   3.6333329999999999       0.76666699999999999      -0.69551158268823243     
        3388   3.6666669999999999       0.76666699999999999      -0.69573248886657513     
        3389   3.7000000000000002       0.76666699999999999      -0.69595225449233244     
        3390   3.7333330000000000       0.76666699999999999      -0.69617673009569592     
        3391   3.7666670000000000       0.76666699999999999      -0.69640264267936025     
        3392   3.7999999999999998       0.76666699999999999      -0.69662031856204965     
        3393   3.8333330000000001       0.76666699999999999      -0.69683100598503322     
        3394   3.8666670000000001       0.76666699999999999      -0.69703785612048752     
        3395   3.8999999999999999       0.76666699999999999      -0.69723450018289368     
        3396   3.9333330000000002       0.76666699999999999      -0.69741926950262823     
        3397   3.9666670000000002       0.76666699999999999      -0.69759636230080091     
        3398   4.0000000000000000       0.76666699999999999      -0.69776275354339190     
        3399   4.0333329999999998       0.76666699999999999      -0.69791769138191595     
        3400   4.0666669999999998       0.76666699999999999      -0.69806349448192317     
        3401   4.0999999999999996       0.76666699999999999      -0.69819801974147855     
        3402   4.1333330000000004       0.76666699999999999      -0.69832273267649125     
        3403   4.1666670000000003       0.76666699999999999      -0.69843627601498459     
        3404   4.2000000000000002       0.76666699999999999      -0.69854063360751240     
        3405   4.2333330000000000       0.76666699999999999      -0.69863871236021313     
        3406   4.2666670000000000       0.76666699999999999      -0.69872501750964755     
        3407   4.2999999999999998       0.76666699999999999      -0.69880091211909212     
        3408   4.3333329999999997       0.76666699999999999      -0.69886789453863674     
        3409   4.3666669999999996       0.76666699999999999      -0.69892478756817367     
        3410   4.4000000000000004       0.76666699999999999      -0.69897248736706064     
        3411   4.4333330000000002       0.76666699999999999      -0.69901455558897019     
        3412   4.4666670000000002       0.76666699999999999      -0.69904805166876693     
        3413   4.5000000000000000       0.76666699999999999      -0.69907075199784308     
        3414   4.5333329999999998       0.76666699999999999      -0.69908790881550831     
        3415   4.5666669999999998       0.76666699999999999      -0.69909896886277678     
        3416   4.5999999999999996       0.76666699999999999      -0.69910086537074301     
        3417   4.6333330000000004       0.76666699999999999      -0.69909731389344187     
        3418   4.6666670000000003       0.76666699999999999      -0.69908831762740231     
        3419   4.7000000000000002       0.76666699999999999      -0.69907627696510499     
        3420   4.7333330000000000       0.76666699999999999      -0.69906123933785469     
        3421   4.7666670000000000       0.76666699999999999      -0.69904282446316757     
        3422   4.7999999999999998       0.76666699999999999      -0.69902208174370761     
        3423   4.8333329999999997       0.76666699999999999      -0.69900107475638118     
        3424   4.8666669999999996       0.76666699999999999      -0.69898223189645425     
        3425   4.9000000000000004       0.76666699999999999      -0.69896565048498360     
        3426   4.9333330000000002       0.76666699999999999      -0.69895207735205866     
        3427   4.9666670000000002       0.76666699999999999      -0.69894326614523483     
        3428   5.0000000000000000       0.76666699999999999      -0.69893815071918719     
        3429   0.0000000000000000       0.80000000000000004        0.0000000000000000     
        3430   3.3333000000000002E-002  0.80000000000000004       -3.9984238892667452E-002
        3431   6.6667000000000004E-002  0.80000000000000004       -8.2362291494591441E-002
        3432  0.10000000000000001       0.80000000000000004      -0.12659879024986606     
        3433  0.13333300000000001       0.80000000000000004      -0.17315822801660244     
        3434  0.16666700000000001       0.80000000000000004      -0.22098899680656078     
        3435  0.20000000000000001       0.80000000000000004      -0.27035437956238878     
        3436  0.23333300000000001       0.80000000000000004      -0.32127125493756764     
        3437  0.26666699999999999       0.80000000000000004      -0.37417678924549752     
        3438  0.29999999999999999       0.80000000000000004      -0.42906564736132013     
        3439  0.33333299999999999       0.80000000000000004      -0.48573310105443690     
        3440  0.36666700000000002       0.80000000000000004      -0.54601140793373615     
        3441  0.40000000000000002       0.80000000000000004      -0.60945326008125844     
        3442  0.43333300000000002       0.80000000000000004      -0.67850047569933414     
        3443  0.46666700000000000       0.80000000000000004      -0.75299032563117030     
        3444  0.50000000000000000       0.80000000000000004      -0.83505467450617765     
        3445  0.53333299999999995       0.80000000000000004      -0.92755514512899429     
        3446  0.56666700000000003       0.80000000000000004       -1.0311021976942818     
        3447  0.59999999999999998       0.80000000000000004       -1.1487269883445461     
        3448  0.63333300000000003       0.80000000000000004       -1.2819080247382622     
        3449  0.66666700000000001       0.80000000000000004       -1.4337897710052832     
        3450  0.69999999999999996       0.80000000000000004       -1.6092491259402777     
        3451  0.73333300000000001       0.80000000000000004       -1.8072539786317752     
        3452  0.76666699999999999       0.80000000000000004       -2.0286986596454435     
        3453  0.80000000000000004       0.80000000000000004       -2.2796447070820207     
        3454  0.83333299999999999       0.80000000000000004       -2.5545325796525389     
        3455  0.86666699999999997       0.80000000000000004       -2.8518968066353336     
        3456  0.90000000000000002       0.80000000000000004       -3.1595678172556729     
        3457  0.93333299999999997       0.80000000000000004       -3.4783788558913709     
        3458  0.96666700000000005       0.80000000000000004       -3.7851433898698263     
        3459   1.0000000000000000       0.80000000000000004       -4.0766149397021074     
        3460   1.0333330000000001       0.80000000000000004       -4.3361371505790780     
        3461   1.0666670000000000       0.80000000000000004       -4.5513435831628444     
        3462   1.1000000000000001       0.80000000000000004       -4.7259986184147769     
        3463   1.1333329999999999       0.80000000000000004       -4.8571016728218988     
        3464   1.1666669999999999       0.80000000000000004       -4.9511231113860950     
        3465   1.2000000000000000       0.80000000000000004       -5.0148294276582357     
        3466   1.2333330000000000       0.80000000000000004       -5.0539790081383131     
        3467   1.2666670000000000       0.80000000000000004       -5.0747693360296191     
        3468   1.3000000000000000       0.80000000000000004       -5.0807283299478279     
        3469   1.3333330000000001       0.80000000000000004       -5.0729693054574714     
        3470   1.3666670000000001       0.80000000000000004       -5.0505046112197398     
        3471   1.3999999999999999       0.80000000000000004       -5.0101972297083099     
        3472   1.4333330000000000       0.80000000000000004       -4.9474514630360371     
        3473   1.4666669999999999       0.80000000000000004       -4.8557138203919132     
        3474   1.5000000000000000       0.80000000000000004       -4.7335688033166026     
        3475   1.5333330000000001       0.80000000000000004       -4.5757458294562854     
        3476   1.5666670000000000       0.80000000000000004       -4.3868873123663645     
        3477   1.6000000000000001       0.80000000000000004       -4.1735771824564054     
        3478   1.6333329999999999       0.80000000000000004       -3.9432487229171564     
        3479   1.6666669999999999       0.80000000000000004       -3.7040068135491335     
        3480   1.7000000000000000       0.80000000000000004       -3.4589563473433937     
        3481   1.7333330000000000       0.80000000000000004       -3.2202394377841772     
        3482   1.7666670000000000       0.80000000000000004       -2.9873272537634259     
        3483   1.8000000000000000       0.80000000000000004       -2.7658449389915214     
        3484   1.8333330000000001       0.80000000000000004       -2.5600493521585093     
        3485   1.8666670000000001       0.80000000000000004       -2.3682967049935382     
        3486   1.8999999999999999       0.80000000000000004       -2.1886100118551619     
        3487   1.9333330000000000       0.80000000000000004       -2.0259112018119203     
        3488   1.9666669999999999       0.80000000000000004       -1.8762473050964574     
        3489   2.0000000000000000       0.80000000000000004       -1.7396923565085944     
        3490   2.0333329999999998       0.80000000000000004       -1.6165686320155941     
        3491   2.0666669999999998       0.80000000000000004       -1.5053677426902239     
        3492   2.1000000000000001       0.80000000000000004       -1.4038149091151282     
        3493   2.1333329999999999       0.80000000000000004       -1.3123620596771988     
        3494   2.1666669999999999       0.80000000000000004       -1.2312979981597041     
        3495   2.2000000000000002       0.80000000000000004       -1.1572251648663698     
        3496   2.2333330000000000       0.80000000000000004       -1.0918585052078864     
        3497   2.2666670000000000       0.80000000000000004       -1.0326887772797950     
        3498   2.2999999999999998       0.80000000000000004      -0.97988918799533187     
        3499   2.3333330000000001       0.80000000000000004      -0.93316204598631536     
        3500   2.3666670000000001       0.80000000000000004      -0.89098954549057141     
        3501   2.3999999999999999       0.80000000000000004      -0.85373625013719134     
        3502   2.4333330000000002       0.80000000000000004      -0.82081735810084011     
        3503   2.4666670000000002       0.80000000000000004      -0.79162326729108368     
        3504   2.5000000000000000       0.80000000000000004      -0.76541677942079323     
        3505   2.5333329999999998       0.80000000000000004      -0.74263818957783945     
        3506   2.5666669999999998       0.80000000000000004      -0.72231093311846950     
        3507   2.6000000000000001       0.80000000000000004      -0.70464627290292237     
        3508   2.6333329999999999       0.80000000000000004      -0.68893237548841768     
        3509   2.6666669999999999       0.80000000000000004      -0.67537249604714222     
        3510   2.7000000000000002       0.80000000000000004      -0.66337455827017966     
        3511   2.7333330000000000       0.80000000000000004      -0.65295719851551026     
        3512   2.7666670000000000       0.80000000000000004      -0.64399828615783639     
        3513   2.7999999999999998       0.80000000000000004      -0.63613845678457170     
        3514   2.8333330000000001       0.80000000000000004      -0.62936435477811481     
        3515   2.8666670000000001       0.80000000000000004      -0.62360461642172493     
        3516   2.8999999999999999       0.80000000000000004      -0.61859790009171256     
        3517   2.9333330000000002       0.80000000000000004      -0.61437620684554439     
        3518   2.9666670000000002       0.80000000000000004      -0.61075476026481812     
        3519   3.0000000000000000       0.80000000000000004      -0.60771472206616628     
        3520   3.0333329999999998       0.80000000000000004      -0.60517123693973485     
        3521   3.0666669999999998       0.80000000000000004      -0.60304814882967406     
        3522   3.1000000000000001       0.80000000000000004      -0.60128404404599467     
        3523   3.1333329999999999       0.80000000000000004      -0.59984468194916241     
        3524   3.1666669999999999       0.80000000000000004      -0.59868395577309397     
        3525   3.2000000000000002       0.80000000000000004      -0.59775703915733669     
        3526   3.2333330000000000       0.80000000000000004      -0.59703332133818887     
        3527   3.2666670000000000       0.80000000000000004      -0.59648064139320334     
        3528   3.2999999999999998       0.80000000000000004      -0.59607164235866550     
        3529   3.3333330000000001       0.80000000000000004      -0.59578621118678377     
        3530   3.3666670000000001       0.80000000000000004      -0.59560184486030487     
        3531   3.3999999999999999       0.80000000000000004      -0.59550035223502196     
        3532   3.4333330000000002       0.80000000000000004      -0.59547193959081679     
        3533   3.4666670000000002       0.80000000000000004      -0.59549524894927863     
        3534   3.5000000000000000       0.80000000000000004      -0.59556842390013798     
        3535   3.5333329999999998       0.80000000000000004      -0.59567161184750250     
        3536   3.5666669999999998       0.80000000000000004      -0.59580672605912965     
        3537   3.6000000000000001       0.80000000000000004      -0.59596386794930112     
        3538   3.6333329999999999       0.80000000000000004      -0.59613014266545472     
        3539   3.6666669999999999       0.80000000000000004      -0.59631079600543768     
        3540   3.7000000000000002       0.80000000000000004      -0.59649490740679734     
        3541   3.7333330000000000       0.80000000000000004      -0.59668155732723183     
        3542   3.7666670000000000       0.80000000000000004      -0.59686744633397815     
        3543   3.7999999999999998       0.80000000000000004      -0.59705550985714106     
        3544   3.8333330000000001       0.80000000000000004      -0.59723548003771676     
        3545   3.8666670000000001       0.80000000000000004      -0.59740890028871252     
        3546   3.8999999999999999       0.80000000000000004      -0.59757774840189060     
        3547   3.9333330000000002       0.80000000000000004      -0.59773920883915999     
        3548   3.9666670000000002       0.80000000000000004      -0.59789130270879798     
        3549   4.0000000000000000       0.80000000000000004      -0.59803360034543684     
        3550   4.0333329999999998       0.80000000000000004      -0.59816805959337815     
        3551   4.0666669999999998       0.80000000000000004      -0.59829737073848255     
        3552   4.0999999999999996       0.80000000000000004      -0.59841584291376126     
        3553   4.1333330000000004       0.80000000000000004      -0.59852157193771172     
        3554   4.1666670000000003       0.80000000000000004      -0.59862241481478595     
        3555   4.2000000000000002       0.80000000000000004      -0.59871611596168206     
        3556   4.2333330000000000       0.80000000000000004      -0.59879949234105412     
        3557   4.2666670000000000       0.80000000000000004      -0.59887606620737222     
        3558   4.2999999999999998       0.80000000000000004      -0.59894240609896088     
        3559   4.3333329999999997       0.80000000000000004      -0.59900160095622612     
        3560   4.3666669999999996       0.80000000000000004      -0.59905374633702246     
        3561   4.4000000000000004       0.80000000000000004      -0.59909579901605925     
        3562   4.4333330000000002       0.80000000000000004      -0.59913335740462936     
        3563   4.4666670000000002       0.80000000000000004      -0.59916415402531931     
        3564   4.5000000000000000       0.80000000000000004      -0.59918726620407714     
        3565   4.5333329999999998       0.80000000000000004      -0.59920338615822732     
        3566   4.5666669999999998       0.80000000000000004      -0.59921274184080631     
        3567   4.5999999999999996       0.80000000000000004      -0.59921823548324848     
        3568   4.6333330000000004       0.80000000000000004      -0.59921892340454297     
        3569   4.6666670000000003       0.80000000000000004      -0.59921180284052511     
        3570   4.7000000000000002       0.80000000000000004      -0.59920240831011107     
        3571   4.7333330000000000       0.80000000000000004      -0.59919238608504177     
        3572   4.7666670000000000       0.80000000000000004      -0.59917924298746150     
        3573   4.7999999999999998       0.80000000000000004      -0.59916449979717912     
        3574   4.8333329999999997       0.80000000000000004      -0.59914814843161834     
        3575   4.8666669999999996       0.80000000000000004      -0.59913193510097928     
        3576   4.9000000000000004       0.80000000000000004      -0.59912056855898432     
        3577   4.9333330000000002       0.80000000000000004      -0.59911215344893343     
        3578   4.9666670000000002       0.80000000000000004      -0.59910373287077856     
        3579   5.0000000000000000       0.80000000000000004      -0.59909845787606475     
        3580   0.0000000000000000       0.83333299999999999        0.0000000000000000     
        3581   3.3333000000000002E-002  0.83333299999999999       -3.2862937931939722E-002
        3582   6.6667000000000004E-002  0.83333299999999999       -6.7585570376083565E-002
        3583  0.10000000000000001       0.83333299999999999      -0.10425920374592786     
        3584  0.13333300000000001       0.83333299999999999      -0.14218010865249250     
        3585  0.16666700000000001       0.83333299999999999      -0.18198870372422993     
        3586  0.20000000000000001       0.83333299999999999      -0.22300325568567123     
        3587  0.23333300000000001       0.83333299999999999      -0.26576383996483888     
        3588  0.26666699999999999       0.83333299999999999      -0.30970066123749668     
        3589  0.29999999999999999       0.83333299999999999      -0.35546005649141948     
        3590  0.33333299999999999       0.83333299999999999      -0.40383187835832007     
        3591  0.36666700000000002       0.83333299999999999      -0.45422778334738018     
        3592  0.40000000000000002       0.83333299999999999      -0.50865634665681991     
        3593  0.43333300000000002       0.83333299999999999      -0.56661452531254941     
        3594  0.46666700000000000       0.83333299999999999      -0.63021471088125081     
        3595  0.50000000000000000       0.83333299999999999      -0.70027584328658610     
        3596  0.53333299999999995       0.83333299999999999      -0.77819614314751118     
        3597  0.56666700000000003       0.83333299999999999      -0.86562492894268184     
        3598  0.59999999999999998       0.83333299999999999      -0.96364307454335973     
        3599  0.63333300000000003       0.83333299999999999       -1.0760112699334532     
        3600  0.66666700000000001       0.83333299999999999       -1.2035926595127064     
        3601  0.69999999999999996       0.83333299999999999       -1.3465920872916659     
        3602  0.73333300000000001       0.83333299999999999       -1.5096265773889428     
        3603  0.76666699999999999       0.83333299999999999       -1.6916085540830430     
        3604  0.80000000000000004       0.83333299999999999       -1.8929965485587359     
        3605  0.83333299999999999       0.83333299999999999       -2.1125035953550144     
        3606  0.86666699999999997       0.83333299999999999       -2.3472160373888431     
        3607  0.90000000000000002       0.83333299999999999       -2.5937262032890360     
        3608  0.93333299999999997       0.83333299999999999       -2.8410591895337376     
        3609  0.96666700000000005       0.83333299999999999       -3.0878258535209460     
        3610   1.0000000000000000       0.83333299999999999       -3.3184303474330057     
        3611   1.0333330000000001       0.83333299999999999       -3.5261738383430550     
        3612   1.0666670000000000       0.83333299999999999       -3.7088328699065847     
        3613   1.1000000000000001       0.83333299999999999       -3.8569584129893655     
        3614   1.1333329999999999       0.83333299999999999       -3.9761812587422676     
        3615   1.1666669999999999       0.83333299999999999       -4.0646074130448842     
        3616   1.2000000000000000       0.83333299999999999       -4.1277374001391562     
        3617   1.2333330000000000       0.83333299999999999       -4.1701237343490494     
        3618   1.2666670000000000       0.83333299999999999       -4.1943773968579716     
        3619   1.3000000000000000       0.83333299999999999       -4.2038161383110841     
        3620   1.3333330000000001       0.83333299999999999       -4.1993951928368514     
        3621   1.3666670000000001       0.83333299999999999       -4.1808536700941206     
        3622   1.3999999999999999       0.83333299999999999       -4.1463063893814338     
        3623   1.4333330000000000       0.83333299999999999       -4.0930917470262358     
        3624   1.4666669999999999       0.83333299999999999       -4.0185455839581019     
        3625   1.5000000000000000       0.83333299999999999       -3.9190728363701601     
        3626   1.5333330000000001       0.83333299999999999       -3.7960801704618827     
        3627   1.5666670000000000       0.83333299999999999       -3.6493430130839641     
        3628   1.6000000000000001       0.83333299999999999       -3.4837121748497122     
        3629   1.6333329999999999       0.83333299999999999       -3.3025268019491549     
        3630   1.6666669999999999       0.83333299999999999       -3.1109224636859403     
        3631   1.7000000000000000       0.83333299999999999       -2.9175772283641686     
        3632   1.7333330000000000       0.83333299999999999       -2.7246491519410596     
        3633   1.7666670000000000       0.83333299999999999       -2.5360030343418716     
        3634   1.8000000000000000       0.83333299999999999       -2.3543481222671940     
        3635   1.8333330000000001       0.83333299999999999       -2.1819424002090360     
        3636   1.8666670000000001       0.83333299999999999       -2.0202907190230461     
        3637   1.8999999999999999       0.83333299999999999       -1.8711803618910532     
        3638   1.9333330000000000       0.83333299999999999       -1.7314183445707430     
        3639   1.9666669999999999       0.83333299999999999       -1.6055370495338419     
        3640   2.0000000000000000       0.83333299999999999       -1.4883899393646325     
        3641   2.0333329999999998       0.83333299999999999       -1.3822386703981708     
        3642   2.0666669999999998       0.83333299999999999       -1.2862641154901715     
        3643   2.1000000000000001       0.83333299999999999       -1.1993221817843627     
        3644   2.1333329999999999       0.83333299999999999       -1.1212851368644896     
        3645   2.1666669999999999       0.83333299999999999       -1.0499931399863194     
        3646   2.2000000000000002       0.83333299999999999      -0.98694466056613994     
        3647   2.2333330000000000       0.83333299999999999      -0.92969965997749560     
        3648   2.2666670000000000       0.83333299999999999      -0.87841976829439916     
        3649   2.2999999999999998       0.83333299999999999      -0.83252661593913280     
        3650   2.3333330000000001       0.83333299999999999      -0.79175093527339613     
        3651   2.3666670000000001       0.83333299999999999      -0.75534605522615783     
        3652   2.3999999999999999       0.83333299999999999      -0.72314038662396218     
        3653   2.4333330000000002       0.83333299999999999      -0.69430637155108033     
        3654   2.4666670000000002       0.83333299999999999      -0.66865604903450993     
        3655   2.5000000000000000       0.83333299999999999      -0.64607864961921890     
        3656   2.5333329999999998       0.83333299999999999      -0.62597031550955573     
        3657   2.5666669999999998       0.83333299999999999      -0.60843393544383417     
        3658   2.6000000000000001       0.83333299999999999      -0.59278602355127863     
        3659   2.6333329999999999       0.83333299999999999      -0.57919154717528132     
        3660   2.6666669999999999       0.83333299999999999      -0.56719282777304603     
        3661   2.7000000000000002       0.83333299999999999      -0.55670900214174346     
        3662   2.7333330000000000       0.83333299999999999      -0.54760632757304484     
        3663   2.7666670000000000       0.83333299999999999      -0.53964397626001115     
        3664   2.7999999999999998       0.83333299999999999      -0.53274418147950142     
        3665   2.8333330000000001       0.83333299999999999      -0.52680108198449194     
        3666   2.8666670000000001       0.83333299999999999      -0.52164999228101994     
        3667   2.8999999999999999       0.83333299999999999      -0.51726037760363364     
        3668   2.9333330000000002       0.83333299999999999      -0.51346835220737619     
        3669   2.9666670000000002       0.83333299999999999      -0.51026283499519942     
        3670   3.0000000000000000       0.83333299999999999      -0.50756190887246599     
        3671   3.0333329999999998       0.83333299999999999      -0.50526489276229247     
        3672   3.0666669999999998       0.83333299999999999      -0.50334649552050093     
        3673   3.1000000000000001       0.83333299999999999      -0.50176430581406006     
        3674   3.1333329999999999       0.83333299999999999      -0.50046157864306906     
        3675   3.1666669999999999       0.83333299999999999      -0.49939401380826487     
        3676   3.2000000000000002       0.83333299999999999      -0.49854168242933167     
        3677   3.2333330000000000       0.83333299999999999      -0.49786623678151060     
        3678   3.2666670000000000       0.83333299999999999      -0.49734423985622117     
        3679   3.2999999999999998       0.83333299999999999      -0.49695109571974405     
        3680   3.3333330000000001       0.83333299999999999      -0.49666689992324403     
        3681   3.3666670000000001       0.83333299999999999      -0.49647490800920752     
        3682   3.3999999999999999       0.83333299999999999      -0.49635945403487769     
        3683   3.4333330000000002       0.83333299999999999      -0.49630486256078610     
        3684   3.4666670000000002       0.83333299999999999      -0.49630387695754691     
        3685   3.5000000000000000       0.83333299999999999      -0.49634298281194039     
        3686   3.5333329999999998       0.83333299999999999      -0.49641496062876767     
        3687   3.5666669999999998       0.83333299999999999      -0.49651334080236470     
        3688   3.6000000000000001       0.83333299999999999      -0.49663146888676141     
        3689   3.6333329999999999       0.83333299999999999      -0.49676413017559129     
        3690   3.6666669999999999       0.83333299999999999      -0.49690462806705288     
        3691   3.7000000000000002       0.83333299999999999      -0.49705545303720833     
        3692   3.7333330000000000       0.83333299999999999      -0.49720575615817603     
        3693   3.7666670000000000       0.83333299999999999      -0.49736008560982303     
        3694   3.7999999999999998       0.83333299999999999      -0.49751216905315210     
        3695   3.8333330000000001       0.83333299999999999      -0.49766246730304475     
        3696   3.8666670000000001       0.83333299999999999      -0.49780543782800940     
        3697   3.8999999999999999       0.83333299999999999      -0.49794553279398951     
        3698   3.9333330000000002       0.83333299999999999      -0.49808014615503760     
        3699   3.9666670000000002       0.83333299999999999      -0.49820875186696728     
        3700   4.0000000000000000       0.83333299999999999      -0.49832899992403396     
        3701   4.0333329999999998       0.83333299999999999      -0.49844282115898414     
        3702   4.0666669999999998       0.83333299999999999      -0.49855084026671825     
        3703   4.0999999999999996       0.83333299999999999      -0.49864964537298445     
        3704   4.1333330000000004       0.83333299999999999      -0.49874129056959826     
        3705   4.1666670000000003       0.83333299999999999      -0.49882669147007153     
        3706   4.2000000000000002       0.83333299999999999      -0.49890523543828208     
        3707   4.2333330000000000       0.83333299999999999      -0.49897625865434003     
        3708   4.2666670000000000       0.83333299999999999      -0.49904067314526651     
        3709   4.2999999999999998       0.83333299999999999      -0.49909820679944705     
        3710   4.3333329999999997       0.83333299999999999      -0.49914930473493152     
        3711   4.3666669999999996       0.83333299999999999      -0.49919324487176348     
        3712   4.4000000000000004       0.83333299999999999      -0.49923043161550534     
        3713   4.4333330000000002       0.83333299999999999      -0.49926290399428364     
        3714   4.4666670000000002       0.83333299999999999      -0.49929007717303708     
        3715   4.5000000000000000       0.83333299999999999      -0.49931076389588885     
        3716   4.5333329999999998       0.83333299999999999      -0.49932515542063460     
        3717   4.5666669999999998       0.83333299999999999      -0.49933465662487292     
        3718   4.5999999999999996       0.83333299999999999      -0.49934141412922589     
        3719   4.6333330000000004       0.83333299999999999      -0.49934287856340265     
        3720   4.6666670000000003       0.83333299999999999      -0.49933864998729122     
        3721   4.7000000000000002       0.83333299999999999      -0.49933286684478206     
        3722   4.7333330000000000       0.83333299999999999      -0.49932476885212906     
        3723   4.7666670000000000       0.83333299999999999      -0.49931574602994983     
        3724   4.7999999999999998       0.83333299999999999      -0.49930569484031206     
        3725   4.8333329999999997       0.83333299999999999      -0.49929325492963483     
        3726   4.8666669999999996       0.83333299999999999      -0.49928097183169090     
        3727   4.9000000000000004       0.83333299999999999      -0.49927213970769091     
        3728   4.9333330000000002       0.83333299999999999      -0.49926598280526618     
        3729   4.9666670000000002       0.83333299999999999      -0.49926060413989115     
        3730   5.0000000000000000       0.83333299999999999      -0.49925730131511642     
        3731   0.0000000000000000       0.86666699999999997        0.0000000000000000     
        3732   3.3333000000000002E-002  0.86666699999999997       -2.5844795291444411E-002
        3733   6.6667000000000004E-002  0.86666699999999997       -5.3545038099908654E-002
        3734  0.10000000000000001       0.86666699999999997       -8.2319014364543988E-002
        3735  0.13333300000000001       0.86666699999999997      -0.11275745170849037     
        3736  0.16666700000000001       0.86666699999999997      -0.14411258952582248     
        3737  0.20000000000000001       0.86666699999999997      -0.17707589766381962     
        3738  0.23333300000000001       0.86666699999999997      -0.21101391622248988     
        3739  0.26666699999999999       0.86666699999999997      -0.24639319273385973     
        3740  0.29999999999999999       0.86666699999999997      -0.28347854851272025     
        3741  0.33333299999999999       0.86666699999999997      -0.32215876205796329     
        3742  0.36666700000000002       0.86666699999999997      -0.36323629021850601     
        3743  0.40000000000000002       0.86666699999999997      -0.40697103738977186     
        3744  0.43333300000000002       0.86666699999999997      -0.45427029454456297     
        3745  0.46666700000000000       0.86666699999999997      -0.50590722312923175     
        3746  0.50000000000000000       0.86666699999999997      -0.56291075866551377     
        3747  0.53333299999999995       0.86666699999999997      -0.62574244796924205     
        3748  0.56666700000000003       0.86666699999999997      -0.69586758966162976     
        3749  0.59999999999999998       0.86666699999999997      -0.77584552724599443     
        3750  0.63333300000000003       0.86666699999999997      -0.86543419145764744     
        3751  0.66666700000000001       0.86666699999999997      -0.96595015373637794     
        3752  0.69999999999999996       0.86666699999999997       -1.0805934941649997     
        3753  0.73333300000000001       0.86666699999999997       -1.2093536524939066     
        3754  0.76666699999999999       0.86666699999999997       -1.3523320977364530     
        3755  0.80000000000000004       0.86666699999999997       -1.5090448706559605     
        3756  0.83333299999999999       0.86666699999999997       -1.6781335674036040     
        3757  0.86666699999999997       0.86666699999999997       -1.8574709824571847     
        3758  0.90000000000000002       0.86666699999999997       -2.0475239370420302     
        3759  0.93333299999999997       0.86666699999999997       -2.2393900296586851     
        3760  0.96666700000000005       0.86666699999999997       -2.4267541702916668     
        3761   1.0000000000000000       0.86666699999999997       -2.6035916466329829     
        3762   1.0333330000000001       0.86666699999999997       -2.7685935906531984     
        3763   1.0666670000000000       0.86666699999999997       -2.9121989442478893     
        3764   1.1000000000000001       0.86666699999999997       -3.0345864695522864     
        3765   1.1333329999999999       0.86666699999999997       -3.1329146354430812     
        3766   1.1666669999999999       0.86666699999999997       -3.2105409577465505     
        3767   1.2000000000000000       0.86666699999999997       -3.2675372738051927     
        3768   1.2333330000000000       0.86666699999999997       -3.3065804882738719     
        3769   1.2666670000000000       0.86666699999999997       -3.3309779447941934     
        3770   1.3000000000000000       0.86666699999999997       -3.3415481730796608     
        3771   1.3333330000000001       0.86666699999999997       -3.3398735212029012     
        3772   1.3666670000000001       0.86666699999999997       -3.3256963994295980     
        3773   1.3999999999999999       0.86666699999999997       -3.2982388206492126     
        3774   1.4333330000000000       0.86666699999999997       -3.2561729328312552     
        3775   1.4666669999999999       0.86666699999999997       -3.1975380552372616     
        3776   1.5000000000000000       0.86666699999999997       -3.1215141355113132     
        3777   1.5333330000000001       0.86666699999999997       -3.0261185357280582     
        3778   1.5666670000000000       0.86666699999999997       -2.9154914111494099     
        3779   1.6000000000000001       0.86666699999999997       -2.7903562807490978     
        3780   1.6333329999999999       0.86666699999999997       -2.6507684005074510     
        3781   1.6666669999999999       0.86666699999999997       -2.5065004824596868     
        3782   1.7000000000000000       0.86666699999999997       -2.3558878994814236     
        3783   1.7333330000000000       0.86666699999999997       -2.2051604545922459     
        3784   1.7666670000000000       0.86666699999999997       -2.0563736633477734     
        3785   1.8000000000000000       0.86666699999999997       -1.9146862997790659     
        3786   1.8333330000000001       0.86666699999999997       -1.7765744912040051     
        3787   1.8666670000000001       0.86666699999999997       -1.6474133549728898     
        3788   1.8999999999999999       0.86666699999999997       -1.5257899683748004     
        3789   1.9333330000000000       0.86666699999999997       -1.4145536514156141     
        3790   1.9666669999999999       0.86666699999999997       -1.3108148427735227     
        3791   2.0000000000000000       0.86666699999999997       -1.2159313917740264     
        3792   2.0333329999999998       0.86666699999999997       -1.1298318612828966     
        3793   2.0666669999999998       0.86666699999999997       -1.0502848017770130     
        3794   2.1000000000000001       0.86666699999999997      -0.97946011403788902     
        3795   2.1333329999999999       0.86666699999999997      -0.91468191500763463     
        3796   2.1666669999999999       0.86666699999999997      -0.85651400815886247     
        3797   2.2000000000000002       0.86666699999999997      -0.80393035132408897     
        3798   2.2333330000000000       0.86666699999999997      -0.75703962110387912     
        3799   2.2666670000000000       0.86666699999999997      -0.71475406291815780     
        3800   2.2999999999999998       0.86666699999999997      -0.67697577528209485     
        3801   2.3333330000000001       0.86666699999999997      -0.64293719427738605     
        3802   2.3666670000000001       0.86666699999999997      -0.61304744006627865     
        3803   2.3999999999999999       0.86666699999999997      -0.58620136312637805     
        3804   2.4333330000000002       0.86666699999999997      -0.56215140086860238     
        3805   2.4666670000000002       0.86666699999999997      -0.54108436778784630     
        3806   2.5000000000000000       0.86666699999999997      -0.52229513740473243     
        3807   2.5333329999999998       0.86666699999999997      -0.50574782512309957     
        3808   2.5666669999999998       0.86666699999999997      -0.49097214393288574     
        3809   2.6000000000000001       0.86666699999999997      -0.47812712392307138     
        3810   2.6333329999999999       0.86666699999999997      -0.46669884657543281     
        3811   2.6666669999999999       0.86666699999999997      -0.45670350894730488     
        3812   2.7000000000000002       0.86666699999999997      -0.44803392702557288     
        3813   2.7333330000000000       0.86666699999999997      -0.44037163564615933     
        3814   2.7666670000000000       0.86666699999999997      -0.43372004105744039     
        3815   2.7999999999999998       0.86666699999999997      -0.42799763664734503     
        3816   2.8333330000000001       0.86666699999999997      -0.42298387498881190     
        3817   2.8666670000000001       0.86666699999999997      -0.41866321068450568     
        3818   2.8999999999999999       0.86666699999999997      -0.41496227475666309     
        3819   2.9333330000000002       0.86666699999999997      -0.41179107266131543     
        3820   2.9666670000000002       0.86666699999999997      -0.40909816921895981     
        3821   3.0000000000000000       0.86666699999999997      -0.40679653887321593     
        3822   3.0333329999999998       0.86666699999999997      -0.40485851364594144     
        3823   3.0666669999999998       0.86666699999999997      -0.40323873823912637     
        3824   3.1000000000000001       0.86666699999999997      -0.40187874927614137     
        3825   3.1333329999999999       0.86666699999999997      -0.40076160585520848     
        3826   3.1666669999999999       0.86666699999999997      -0.39984995159004949     
        3827   3.2000000000000002       0.86666699999999997      -0.39911366913246399     
        3828   3.2333330000000000       0.86666699999999997      -0.39852225448204032     
        3829   3.2666670000000000       0.86666699999999997      -0.39806305073908171     
        3830   3.2999999999999998       0.86666699999999997      -0.39771310399362436     
        3831   3.3333330000000001       0.86666699999999997      -0.39745486911805983     
        3832   3.3666670000000001       0.86666699999999997      -0.39727533745375904     
        3833   3.3999999999999999       0.86666699999999997      -0.39716002983145332     
        3834   3.4333330000000002       0.86666699999999997      -0.39709882270554664     
        3835   3.4666670000000002       0.86666699999999997      -0.39708172926822594     
        3836   3.5000000000000000       0.86666699999999997      -0.39709845488524959     
        3837   3.5333329999999998       0.86666699999999997      -0.39714646866851383     
        3838   3.5666669999999998       0.86666699999999997      -0.39721635603274935     
        3839   3.6000000000000001       0.86666699999999997      -0.39730099417365139     
        3840   3.6333329999999999       0.86666699999999997      -0.39740150618041542     
        3841   3.6666669999999999       0.86666699999999997      -0.39751129769482846     
        3842   3.7000000000000002       0.86666699999999997      -0.39762567630853324     
        3843   3.7333330000000000       0.86666699999999997      -0.39774573541217584     
        3844   3.7666670000000000       0.86666699999999997      -0.39786647312079831     
        3845   3.7999999999999998       0.86666699999999997      -0.39798504629967590     
        3846   3.8333330000000001       0.86666699999999997      -0.39810444414914448     
        3847   3.8666670000000001       0.86666699999999997      -0.39822072363051209     
        3848   3.8999999999999999       0.86666699999999997      -0.39833024722711496     
        3849   3.9333330000000002       0.86666699999999997      -0.39843911183445846     
        3850   3.9666670000000002       0.86666699999999997      -0.39854081275077541     
        3851   4.0000000000000000       0.86666699999999997      -0.39863936976281827     
        3852   4.0333329999999998       0.86666699999999997      -0.39873246248281952     
        3853   4.0666669999999998       0.86666699999999997      -0.39881788193133605     
        3854   4.0999999999999996       0.86666699999999997      -0.39889827044199638     
        3855   4.1333330000000004       0.86666699999999997      -0.39897299888600418     
        3856   4.1666670000000003       0.86666699999999997      -0.39904253725295663     
        3857   4.2000000000000002       0.86666699999999997      -0.39910485106709981     
        3858   4.2333330000000000       0.86666699999999997      -0.39916209542206449     
        3859   4.2666670000000000       0.86666699999999997      -0.39921484949511166     
        3860   4.2999999999999998       0.86666699999999997      -0.39926292985017908     
        3861   4.3333329999999997       0.86666699999999997      -0.39930483842933906     
        3862   4.3666669999999996       0.86666699999999997      -0.39934104868600961     
        3863   4.4000000000000004       0.86666699999999997      -0.39937120557133071     
        3864   4.4333330000000002       0.86666699999999997      -0.39939795490086355     
        3865   4.4666670000000002       0.86666699999999997      -0.39942028804189394     
        3866   4.5000000000000000       0.86666699999999997      -0.39943792583756499     
        3867   4.5333329999999998       0.86666699999999997      -0.39945106854302465     
        3868   4.5666669999999998       0.86666699999999997      -0.39945953118012734     
        3869   4.5999999999999996       0.86666699999999997      -0.39946510436803079     
        3870   4.6333330000000004       0.86666699999999997      -0.39946665434156770     
        3871   4.6666670000000003       0.86666699999999997      -0.39946578597559795     
        3872   4.7000000000000002       0.86666699999999997      -0.39946240523290716     
        3873   4.7333330000000000       0.86666699999999997      -0.39945656810889901     
        3874   4.7666670000000000       0.86666699999999997      -0.39945006093963825     
        3875   4.7999999999999998       0.86666699999999997      -0.39944266818449153     
        3876   4.8333329999999997       0.86666699999999997      -0.39943406756010669     
        3877   4.8666669999999996       0.86666699999999997      -0.39942498052519726     
        3878   4.9000000000000004       0.86666699999999997      -0.39941850214640084     
        3879   4.9333330000000002       0.86666699999999997      -0.39941429481431140     
        3880   4.9666670000000002       0.86666699999999997      -0.39941000007670752     
        3881   5.0000000000000000       0.86666699999999997      -0.39940694615721817     
        3882   0.0000000000000000       0.90000000000000002        0.0000000000000000     
        3883   3.3333000000000002E-002  0.90000000000000002       -1.9348985584071381E-002
        3884   6.6667000000000004E-002  0.90000000000000002       -3.9682527034425014E-002
        3885  0.10000000000000001       0.90000000000000002       -6.1347694016672560E-002
        3886  0.13333300000000001       0.90000000000000002       -8.3795839834957767E-002
        3887  0.16666700000000001       0.90000000000000002      -0.10750737261884444     
        3888  0.20000000000000001       0.90000000000000002      -0.13196317140987543     
        3889  0.23333300000000001       0.90000000000000002      -0.15736115457435437     
        3890  0.26666699999999999       0.90000000000000002      -0.18417098727909742     
        3891  0.29999999999999999       0.90000000000000002      -0.21197708114533895     
        3892  0.33333299999999999       0.90000000000000002      -0.24107505507934193     
        3893  0.36666700000000002       0.90000000000000002      -0.27233926466287811     
        3894  0.40000000000000002       0.90000000000000002      -0.30523170508768210     
        3895  0.43333300000000002       0.90000000000000002      -0.34122948949701543     
        3896  0.46666700000000000       0.90000000000000002      -0.38032768787098337     
        3897  0.50000000000000000       0.90000000000000002      -0.42334928313165421     
        3898  0.53333299999999995       0.90000000000000002      -0.47114338550611556     
        3899  0.56666700000000003       0.90000000000000002      -0.52442673319446842     
        3900  0.59999999999999998       0.90000000000000002      -0.58419791853171232     
        3901  0.63333300000000003       0.90000000000000002      -0.65106395094331726     
        3902  0.66666700000000001       0.90000000000000002      -0.72711981347750965     
        3903  0.69999999999999996       0.90000000000000002      -0.81211723244959511     
        3904  0.73333300000000001       0.90000000000000002      -0.90652383915894164     
        3905  0.76666699999999999       0.90000000000000002       -1.0128382404616116     
        3906  0.80000000000000004       0.90000000000000002       -1.1270593755095535     
        3907  0.83333299999999999       0.90000000000000002       -1.2513636896154818     
        3908  0.86666699999999997       0.90000000000000002       -1.3833600143931977     
        3909  0.90000000000000002       0.90000000000000002       -1.5203164825575579     
        3910  0.93333299999999997       0.90000000000000002       -1.6585917547145697     
        3911  0.96666700000000005       0.90000000000000002       -1.7940801012804015     
        3912   1.0000000000000000       0.90000000000000002       -1.9259809681679150     
        3913   1.0333330000000001       0.90000000000000002       -2.0459105193216924     
        3914   1.0666670000000000       0.90000000000000002       -2.1525320967818957     
        3915   1.1000000000000001       0.90000000000000002       -2.2460867511022942     
        3916   1.1333329999999999       0.90000000000000002       -2.3228042598268046     
        3917   1.1666669999999999       0.90000000000000002       -2.3830360351160911     
        3918   1.2000000000000000       0.90000000000000002       -2.4295347015457205     
        3919   1.2333330000000000       0.90000000000000002       -2.4622544342694828     
        3920   1.2666670000000000       0.90000000000000002       -2.4828712916210329     
        3921   1.3000000000000000       0.90000000000000002       -2.4929452350832828     
        3922   1.3333330000000001       0.90000000000000002       -2.4928730430382431     
        3923   1.3666670000000001       0.90000000000000002       -2.4829939033451809     
        3924   1.3999999999999999       0.90000000000000002       -2.4630206148976601     
        3925   1.4333330000000000       0.90000000000000002       -2.4316731538292395     
        3926   1.4666669999999999       0.90000000000000002       -2.3890284840715168     
        3927   1.5000000000000000       0.90000000000000002       -2.3329632043812243     
        3928   1.5333330000000001       0.90000000000000002       -2.2648954422846286     
        3929   1.5666670000000000       0.90000000000000002       -2.1844731393973800     
        3930   1.6000000000000001       0.90000000000000002       -2.0933732289539679     
        3931   1.6333329999999999       0.90000000000000002       -1.9939957509773725     
        3932   1.6666669999999999       0.90000000000000002       -1.8878525459292443     
        3933   1.7000000000000000       0.90000000000000002       -1.7787086033355517     
        3934   1.7333330000000000       0.90000000000000002       -1.6683178469184030     
        3935   1.7666670000000000       0.90000000000000002       -1.5596983942834834     
        3936   1.8000000000000000       0.90000000000000002       -1.4524422187135790     
        3937   1.8333330000000001       0.90000000000000002       -1.3506342269657001     
        3938   1.8666670000000001       0.90000000000000002       -1.2531216223162447     
        3939   1.8999999999999999       0.90000000000000002       -1.1623942083494658     
        3940   1.9333330000000000       0.90000000000000002       -1.0775744758831520     
        3941   1.9666669999999999       0.90000000000000002      -0.99850655127856180     
        3942   2.0000000000000000       0.90000000000000002      -0.92715624772821503     
        3943   2.0333329999999998       0.90000000000000002      -0.86064475931527784     
        3944   2.0666669999999998       0.90000000000000002      -0.80098453172486583     
        3945   2.1000000000000001       0.90000000000000002      -0.74611756704651733     
        3946   2.1333329999999999       0.90000000000000002      -0.69637838607927927     
        3947   2.1666669999999999       0.90000000000000002      -0.65221033122364358     
        3948   2.2000000000000002       0.90000000000000002      -0.61172007332525102     
        3949   2.2333330000000000       0.90000000000000002      -0.57537344550848724     
        3950   2.2666670000000000       0.90000000000000002      -0.54315318355118336     
        3951   2.2999999999999998       0.90000000000000002      -0.51407923942316258     
        3952   2.3333330000000001       0.90000000000000002      -0.48818864484620206     
        3953   2.3666670000000001       0.90000000000000002      -0.46486172775110013     
        3954   2.3999999999999999       0.90000000000000002      -0.44414647605445945     
        3955   2.4333330000000002       0.90000000000000002      -0.42579203766278673     
        3956   2.4666670000000002       0.90000000000000002      -0.40940510432361144     
        3957   2.5000000000000000       0.90000000000000002      -0.39503163608964947     
        3958   2.5333329999999998       0.90000000000000002      -0.38212022073094454     
        3959   2.5666669999999998       0.90000000000000002      -0.37086370493423076     
        3960   2.6000000000000001       0.90000000000000002      -0.36081106728272977     
        3961   2.6333329999999999       0.90000000000000002      -0.35208237096359046     
        3962   2.6666669999999999       0.90000000000000002      -0.34432069222579748     
        3963   2.7000000000000002       0.90000000000000002      -0.33754529852840548     
        3964   2.7333330000000000       0.90000000000000002      -0.33168358455115071     
        3965   2.7666670000000000       0.90000000000000002      -0.32650394006667671     
        3966   2.7999999999999998       0.90000000000000002      -0.32203321746631358     
        3967   2.8333330000000001       0.90000000000000002      -0.31816036182818042     
        3968   2.8666670000000001       0.90000000000000002      -0.31482368948563272     
        3969   2.8999999999999999       0.90000000000000002      -0.31191885615288845     
        3970   2.9333330000000002       0.90000000000000002      -0.30946551708692677     
        3971   2.9666670000000002       0.90000000000000002      -0.30734691731638264     
        3972   3.0000000000000000       0.90000000000000002      -0.30554526697129847     
        3973   3.0333329999999998       0.90000000000000002      -0.30403946949250504     
        3974   3.0666669999999998       0.90000000000000002      -0.30275815453776128     
        3975   3.1000000000000001       0.90000000000000002      -0.30169589408478525     
        3976   3.1333329999999999       0.90000000000000002      -0.30081326997129504     
        3977   3.1666669999999999       0.90000000000000002      -0.30008883428644584     
        3978   3.2000000000000002       0.90000000000000002      -0.29950211271327531     
        3979   3.2333330000000000       0.90000000000000002      -0.29903317997942180     
        3980   3.2666670000000000       0.90000000000000002      -0.29866352358292975     
        3981   3.2999999999999998       0.90000000000000002      -0.29837987386849735     
        3982   3.3333330000000001       0.90000000000000002      -0.29816710840939531     
        3983   3.3666670000000001       0.90000000000000002      -0.29801644977045638     
        3984   3.3999999999999999       0.90000000000000002      -0.29791702185842400     
        3985   3.4333330000000002       0.90000000000000002      -0.29785985979496094     
        3986   3.4666670000000002       0.90000000000000002      -0.29783680279073738     
        3987   3.5000000000000000       0.90000000000000002      -0.29784257815554482     
        3988   3.5333329999999998       0.90000000000000002      -0.29787107706378296     
        3989   3.5666669999999998       0.90000000000000002      -0.29791708841397180     
        3990   3.6000000000000001       0.90000000000000002      -0.29797761995322392     
        3991   3.6333329999999999       0.90000000000000002      -0.29804705010978277     
        3992   3.6666669999999999       0.90000000000000002      -0.29812704450740735     
        3993   3.7000000000000002       0.90000000000000002      -0.29821255537890995     
        3994   3.7333330000000000       0.90000000000000002      -0.29830013996024179     
        3995   3.7666670000000000       0.90000000000000002      -0.29838854713854590     
        3996   3.7999999999999998       0.90000000000000002      -0.29847783475952955     
        3997   3.8333330000000001       0.90000000000000002      -0.29856599653235538     
        3998   3.8666670000000001       0.90000000000000002      -0.29865184790052379     
        3999   3.8999999999999999       0.90000000000000002      -0.29873539144943856     
        4000   3.9333330000000002       0.90000000000000002      -0.29881571697140030     
        4001   3.9666670000000002       0.90000000000000002      -0.29889318456913211     
        4002   4.0000000000000000       0.90000000000000002      -0.29896727863199229     
        4003   4.0333329999999998       0.90000000000000002      -0.29903732002162309     
        4004   4.0666669999999998       0.90000000000000002      -0.29910247278213020     
        4005   4.0999999999999996       0.90000000000000002      -0.29916326615681854     
        4006   4.1333330000000004       0.90000000000000002      -0.29921940030981814     
        4007   4.1666670000000003       0.90000000000000002      -0.29927176485031037     
        4008   4.2000000000000002       0.90000000000000002      -0.29931987516391556     
        4009   4.2333330000000000       0.90000000000000002      -0.29936289953617112     
        4010   4.2666670000000000       0.90000000000000002      -0.29940211794099242     
        4011   4.2999999999999998       0.90000000000000002      -0.29943943630250736     
        4012   4.3333329999999997       0.90000000000000002      -0.29947243157238423     
        4013   4.3666669999999996       0.90000000000000002      -0.29949929931294500     
        4014   4.4000000000000004       0.90000000000000002      -0.29952270092011102     
        4015   4.4333330000000002       0.90000000000000002      -0.29954266166474647     
        4016   4.4666670000000002       0.90000000000000002      -0.29955999139799633     
        4017   4.5000000000000000       0.90000000000000002      -0.29957436937905768     
        4018   4.5333329999999998       0.90000000000000002      -0.29958449997163406     
        4019   4.5666669999999998       0.90000000000000002      -0.29959085130542890     
        4020   4.5999999999999996       0.90000000000000002      -0.29959602836665061     
        4021   4.6333330000000004       0.90000000000000002      -0.29959861190270964     
        4022   4.6666670000000003       0.90000000000000002      -0.29959778780848112     
        4023   4.7000000000000002       0.90000000000000002      -0.29959504075698051     
        4024   4.7333330000000000       0.90000000000000002      -0.29959209992845665     
        4025   4.7666670000000000       0.90000000000000002      -0.29958835498039138     
        4026   4.7999999999999998       0.90000000000000002      -0.29958314939200376     
        4027   4.8333329999999997       0.90000000000000002      -0.29957681096706151     
        4028   4.8666669999999996       0.90000000000000002      -0.29957091410583764     
        4029   4.9000000000000004       0.90000000000000002      -0.29956643619520101     
        4030   4.9333330000000002       0.90000000000000002      -0.29956254308500102     
        4031   4.9666670000000002       0.90000000000000002      -0.29956002396575321     
        4032   5.0000000000000000       0.90000000000000002      -0.29955855344832383     
        4033   0.0000000000000000       0.93333299999999997        0.0000000000000000     
        4034   3.3333000000000002E-002  0.93333299999999997       -1.2750645037077617E-002
        4035   6.6667000000000004E-002  0.93333299999999997       -2.6359078783971160E-002
        4036  0.10000000000000001       0.93333299999999997       -4.0577319812333951E-002
        4037  0.13333300000000001       0.93333299999999997       -5.5640307253667851E-002
        4038  0.16666700000000001       0.93333299999999997       -7.1241668856948631E-002
        4039  0.20000000000000001       0.93333299999999997       -8.7591480792398951E-002
        4040  0.23333300000000001       0.93333299999999997      -0.10467221324504586     
        4041  0.26666699999999999       0.93333299999999997      -0.12242058128649709     
        4042  0.29999999999999999       0.93333299999999997      -0.14092589952025561     
        4043  0.33333299999999999       0.93333299999999997      -0.16064781677334086     
        4044  0.36666700000000002       0.93333299999999997      -0.18133740105002771     
        4045  0.40000000000000002       0.93333299999999997      -0.20371164657824428     
        4046  0.43333300000000002       0.93333299999999997      -0.22759248150966657     
        4047  0.46666700000000000       0.93333299999999997      -0.25396582488485420     
        4048  0.50000000000000000       0.93333299999999997      -0.28299652763566202     
        4049  0.53333299999999995       0.93333299999999997      -0.31471369711077635     
        4050  0.56666700000000003       0.93333299999999997      -0.35067191312019480     
        4051  0.59999999999999998       0.93333299999999997      -0.39018877108607669     
        4052  0.63333300000000003       0.93333299999999997      -0.43516338057374743     
        4053  0.66666700000000001       0.93333299999999997      -0.48590130970412831     
        4054  0.69999999999999996       0.93333299999999997      -0.54165198162775674     
        4055  0.73333300000000001       0.93333299999999997      -0.60491619920564899     
        4056  0.76666699999999999       0.93333299999999997      -0.67407201520440185     
        4057  0.80000000000000004       0.93333299999999997      -0.74873124514844913     
        4058  0.83333299999999999       0.93333299999999997      -0.83057812374035200     
        4059  0.86666699999999997       0.93333299999999997      -0.91723133515191657     
        4060  0.90000000000000002       0.93333299999999997       -1.0054770969568978     
        4061  0.93333299999999997       0.93333299999999997       -1.0960530116202527     
        4062  0.96666700000000005       0.93333299999999997       -1.1853479717070550     
        4063   1.0000000000000000       0.93333299999999997       -1.2700881978077603     
        4064   1.0333330000000001       0.93333299999999997       -1.3499218844125784     
        4065   1.0666670000000000       0.93333299999999997       -1.4213386815639704     
        4066   1.1000000000000001       0.93333299999999997       -1.4829113150351954     
        4067   1.1333329999999999       0.93333299999999997       -1.5353903940058096     
        4068   1.1666669999999999       0.93333299999999997       -1.5773309538168523     
        4069   1.2000000000000000       0.93333299999999997       -1.6091734340632242     
        4070   1.2333330000000000       0.93333299999999997       -1.6326244505812415     
        4071   1.2666670000000000       0.93333299999999997       -1.6477469460714631     
        4072   1.3000000000000000       0.93333299999999997       -1.6553942899426282     
        4073   1.3333330000000001       0.93333299999999997       -1.6560792316075013     
        4074   1.3666670000000001       0.93333299999999997       -1.6499445431529975     
        4075   1.3999999999999999       0.93333299999999997       -1.6367871469183382     
        4076   1.4333330000000000       0.93333299999999997       -1.6164872376851831     
        4077   1.4666669999999999       0.93333299999999997       -1.5880597470744131     
        4078   1.5000000000000000       0.93333299999999997       -1.5519258683921131     
        4079   1.5333330000000001       0.93333299999999997       -1.5078302873917762     
        4080   1.5666670000000000       0.93333299999999997       -1.4553014611339026     
        4081   1.6000000000000001       0.93333299999999997       -1.3959915167414749     
        4082   1.6333329999999999       0.93333299999999997       -1.3319015535634287     
        4083   1.6666669999999999       0.93333299999999997       -1.2622517592476805     
        4084   1.7000000000000000       0.93333299999999997       -1.1912260247763706     
        4085   1.7333330000000000       0.93333299999999997       -1.1194310654657187     
        4086   1.7666670000000000       0.93333299999999997       -1.0467009288052738     
        4087   1.8000000000000000       0.93333299999999997      -0.97644847607534713     
        4088   1.8333330000000001       0.93333299999999997      -0.90912926310601705     
        4089   1.8666670000000001       0.93333299999999997      -0.84363972709625812     
        4090   1.8999999999999999       0.93333299999999997      -0.78344423032376442     
        4091   1.9333330000000000       0.93333299999999997      -0.72603313882064158     
        4092   1.9666669999999999       0.93333299999999997      -0.67363710604709159     
        4093   2.0000000000000000       0.93333299999999997      -0.62480307877606345     
        4094   2.0333329999999998       0.93333299999999997      -0.58064459096471954     
        4095   2.0666669999999998       0.93333299999999997      -0.53981837638296404     
        4096   2.1000000000000001       0.93333299999999997      -0.50296730079487473     
        4097   2.1333329999999999       0.93333299999999997      -0.46966176365070056     
        4098   2.1666669999999999       0.93333299999999997      -0.43919102738284682     
        4099   2.2000000000000002       0.93333299999999997      -0.41205858780014987     
        4100   2.2333330000000000       0.93333299999999997      -0.38757769749228843     
        4101   2.2666670000000000       0.93333299999999997      -0.36541939433937598     
        4102   2.2999999999999998       0.93333299999999997      -0.34588861571764129     
        4103   2.3333330000000001       0.93333299999999997      -0.32811124862021573     
        4104   2.3666670000000001       0.93333299999999997      -0.31246234337116996     
        4105   2.3999999999999999       0.93333299999999997      -0.29827804183971213     
        4106   2.4333330000000002       0.93333299999999997      -0.28589733115589516     
        4107   2.4666670000000002       0.93333299999999997      -0.27472252993828739     
        4108   2.5000000000000000       0.93333299999999997      -0.26484770039905170     
        4109   2.5333329999999998       0.93333299999999997      -0.25619386627728125     
        4110   2.5666669999999998       0.93333299999999997      -0.24843587849702253     
        4111   2.6000000000000001       0.93333299999999997      -0.24168071498135610     
        4112   2.6333329999999999       0.93333299999999997      -0.23565336251090685     
        4113   2.6666669999999999       0.93333299999999997      -0.23041347435750434     
        4114   2.7000000000000002       0.93333299999999997      -0.22582238305341304     
        4115   2.7333330000000000       0.93333299999999997      -0.22176704412540485     
        4116   2.7666670000000000       0.93333299999999997      -0.21827155023686362     
        4117   2.7999999999999998       0.93333299999999997      -0.21519735005368948     
        4118   2.8333330000000001       0.93333299999999997      -0.21256740016778464     
        4119   2.8666670000000001       0.93333299999999997      -0.21026241253603634     
        4120   2.8999999999999999       0.93333299999999997      -0.20829954303857559     
        4121   2.9333330000000002       0.93333299999999997      -0.20659683192141265     
        4122   2.9666670000000002       0.93333299999999997      -0.20515570597165195     
        4123   3.0000000000000000       0.93333299999999997      -0.20392533289665191     
        4124   3.0333329999999998       0.93333299999999997      -0.20287766919985509     
        4125   3.0666669999999998       0.93333299999999997      -0.20200326719968609     
        4126   3.1000000000000001       0.93333299999999997      -0.20127203735504315     
        4127   3.1333329999999999       0.93333299999999997      -0.20065863252754160     
        4128   3.1666669999999999       0.93333299999999997      -0.20016040905022087     
        4129   3.2000000000000002       0.93333299999999997      -0.19975140742230935     
        4130   3.2333330000000000       0.93333299999999997      -0.19942415272447087     
        4131   3.2666670000000000       0.93333299999999997      -0.19916697625941804     
        4132   3.2999999999999998       0.93333299999999997      -0.19896635571957497     
        4133   3.3333330000000001       0.93333299999999997      -0.19881642877876962     
        4134   3.3666670000000001       0.93333299999999997      -0.19870787513703986     
        4135   3.3999999999999999       0.93333299999999997      -0.19863530884741717     
        4136   3.4333330000000002       0.93333299999999997      -0.19859153732975304     
        4137   3.4666670000000002       0.93333299999999997      -0.19857192689196548     
        4138   3.5000000000000000       0.93333299999999997      -0.19857100652709772     
        4139   3.5333329999999998       0.93333299999999997      -0.19858706583635133     
        4140   3.5666669999999998       0.93333299999999997      -0.19861543901604986     
        4141   3.6000000000000001       0.93333299999999997      -0.19865261793917452     
        4142   3.6333329999999999       0.93333299999999997      -0.19869841565566138     
        4143   3.6666669999999999       0.93333299999999997      -0.19874970302820025     
        4144   3.7000000000000002       0.93333299999999997      -0.19880457896005094     
        4145   3.7333330000000000       0.93333299999999997      -0.19886282413556436     
        4146   3.7666670000000000       0.93333299999999997      -0.19892184933330170     
        4147   3.7999999999999998       0.93333299999999997      -0.19898060380986710     
        4148   3.8333330000000001       0.93333299999999997      -0.19903831998789004     
        4149   3.8666670000000001       0.93333299999999997      -0.19909528710743765     
        4150   3.8999999999999999       0.93333299999999997      -0.19915181502758686     
        4151   3.9333330000000002       0.93333299999999997      -0.19920481418420841     
        4152   3.9666670000000002       0.93333299999999997      -0.19925706908893803     
        4153   4.0000000000000000       0.93333299999999997      -0.19930628311349369     
        4154   4.0333329999999998       0.93333299999999997      -0.19935282356443348     
        4155   4.0666669999999998       0.93333299999999997      -0.19939722872292143     
        4156   4.0999999999999996       0.93333299999999997      -0.19943777507766308     
        4157   4.1333330000000004       0.93333299999999997      -0.19947558204066176     
        4158   4.1666670000000003       0.93333299999999997      -0.19951059213803338     
        4159   4.2000000000000002       0.93333299999999997      -0.19954238448051653     
        4160   4.2333330000000000       0.93333299999999997      -0.19957192006620653     
        4161   4.2666670000000000       0.93333299999999997      -0.19959879414069254     
        4162   4.2999999999999998       0.93333299999999997      -0.19962302858115000     
        4163   4.3333329999999997       0.93333299999999997      -0.19964510732454657     
        4164   4.3666669999999996       0.93333299999999997      -0.19966407394716676     
        4165   4.4000000000000004       0.93333299999999997      -0.19967963549215847     
        4166   4.4333330000000002       0.93333299999999997      -0.19969275133778000     
        4167   4.4666670000000002       0.93333299999999997      -0.19970473586284440     
        4168   4.5000000000000000       0.93333299999999997      -0.19971462955550320     
        4169   4.5333329999999998       0.93333299999999997      -0.19972195689571068     
        4170   4.5666669999999998       0.93333299999999997      -0.19972681562750039     
        4171   4.5999999999999996       0.93333299999999997      -0.19973001934819762     
        4172   4.6333330000000004       0.93333299999999997      -0.19973166874907805     
        4173   4.6666670000000003       0.93333299999999997      -0.19973173657121213     
        4174   4.7000000000000002       0.93333299999999997      -0.19973066031674400     
        4175   4.7333330000000000       0.93333299999999997      -0.19972863985159506     
        4176   4.7666670000000000       0.93333299999999997      -0.19972607168903503     
        4177   4.7999999999999998       0.93333299999999997      -0.19972294525308706     
        4178   4.8333329999999997       0.93333299999999997      -0.19971921511611171     
        4179   4.8666669999999996       0.93333299999999997      -0.19971585928906482     
        4180   4.9000000000000004       0.93333299999999997      -0.19971268019245783     
        4181   4.9333330000000002       0.93333299999999997      -0.19970945019841965     
        4182   4.9666670000000002       0.93333299999999997      -0.19970803895310263     
        4183   5.0000000000000000       0.93333299999999997      -0.19970718239295035     
        4184   0.0000000000000000       0.96666700000000005        0.0000000000000000     
        4185   3.3333000000000002E-002  0.96666700000000005       -6.3215158275596811E-003
        4186   6.6667000000000004E-002  0.96666700000000005       -1.3120879278448265E-002
        4187  0.10000000000000001       0.96666700000000005       -2.0273351923898585E-002
        4188  0.13333300000000001       0.96666700000000005       -2.7723129940313184E-002
        4189  0.16666700000000001       0.96666700000000005       -3.5491905922023739E-002
        4190  0.20000000000000001       0.96666700000000005       -4.3728812610352552E-002
        4191  0.23333300000000001       0.96666700000000005       -5.2215435376143621E-002
        4192  0.26666699999999999       0.96666700000000005       -6.1056498302983618E-002
        4193  0.29999999999999999       0.96666700000000005       -7.0434378109951706E-002
        4194  0.33333299999999999       0.96666700000000005       -8.0206594026611039E-002
        4195  0.36666700000000002       0.96666700000000005       -9.0707964307042269E-002
        4196  0.40000000000000002       0.96666700000000005      -0.10181152599886049     
        4197  0.43333300000000002       0.96666700000000005      -0.11396809058566476     
        4198  0.46666700000000000       0.96666700000000005      -0.12710835789333019     
        4199  0.50000000000000000       0.96666700000000005      -0.14154694865704340     
        4200  0.53333299999999995       0.96666700000000005      -0.15769671434191079     
        4201  0.56666700000000003       0.96666700000000005      -0.17545494553436516     
        4202  0.59999999999999998       0.96666700000000005      -0.19557557331610981     
        4203  0.63333300000000003       0.96666700000000005      -0.21789649274076373     
        4204  0.66666700000000001       0.96666700000000005      -0.24293513590169141     
        4205  0.69999999999999996       0.96666700000000005      -0.27125399670164829     
        4206  0.73333300000000001       0.96666700000000005      -0.30234866897939588     
        4207  0.76666699999999999       0.96666700000000005      -0.33642051753421809     
        4208  0.80000000000000004       0.96666700000000005      -0.37415899764389232     
        4209  0.83333299999999999       0.96666700000000005      -0.41424218315310379     
        4210  0.86666699999999997       0.96666700000000005      -0.45670928595581906     
        4211  0.90000000000000002       0.96666700000000005      -0.50014073158594297     
        4212  0.93333299999999997       0.96666700000000005      -0.54512582154946188     
        4213  0.96666700000000005       0.96666700000000005      -0.58959135396643170     
        4214   1.0000000000000000       0.96666700000000005      -0.63130670611172390     
        4215   1.0333330000000001       0.96666700000000005      -0.67041767794767748     
        4216   1.0666670000000000       0.96666700000000005      -0.70658927667880278     
        4217   1.1000000000000001       0.96666700000000005      -0.73736013038329518     
        4218   1.1333329999999999       0.96666700000000005      -0.76345907469633156     
        4219   1.1666669999999999       0.96666700000000005      -0.78504328263407319     
        4220   1.2000000000000000       0.96666700000000005      -0.80164853185218676     
        4221   1.2333330000000000       0.96666700000000005      -0.81358850285691764     
        4222   1.2666670000000000       0.96666700000000005      -0.82145121219511663     
        4223   1.3000000000000000       0.96666700000000005      -0.82566896491647424     
        4224   1.3333330000000001       0.96666700000000005      -0.82621356439805138     
        4225   1.3666670000000001       0.96666700000000005      -0.82329051645602780     
        4226   1.3999999999999999       0.96666700000000005      -0.81689157183895245     
        4227   1.4333330000000000       0.96666700000000005      -0.80672101807925778     
        4228   1.4666669999999999       0.96666700000000005      -0.79286856209949186     
        4229   1.5000000000000000       0.96666700000000005      -0.77478368831586808     
        4230   1.5333330000000001       0.96666700000000005      -0.75311601092456748     
        4231   1.5666670000000000       0.96666700000000005      -0.72754728945010538     
        4232   1.6000000000000001       0.96666700000000005      -0.69802004660750749     
        4233   1.6333329999999999       0.96666700000000005      -0.66645507610558108     
        4234   1.6666669999999999       0.96666700000000005      -0.63246472618766192     
        4235   1.7000000000000000       0.96666700000000005      -0.59750221700183104     
        4236   1.7333330000000000       0.96666700000000005      -0.56127173868398739     
        4237   1.7666670000000000       0.96666700000000005      -0.52564908095141361     
        4238   1.8000000000000000       0.96666700000000005      -0.49089694230960890     
        4239   1.8333330000000001       0.96666700000000005      -0.45672361823871155     
        4240   1.8666670000000001       0.96666700000000005      -0.42461787709452059     
        4241   1.8999999999999999       0.96666700000000005      -0.39386568347620016     
        4242   1.9333330000000000       0.96666700000000005      -0.36543279731960426     
        4243   1.9666669999999999       0.96666700000000005      -0.33908929022043427     
        4244   2.0000000000000000       0.96666700000000005      -0.31478722207990834     
        4245   2.0333329999999998       0.96666700000000005      -0.29226724505532420     
        4246   2.0666669999999998       0.96666700000000005      -0.27163902835269221     
        4247   2.1000000000000001       0.96666700000000005      -0.25325642704809354     
        4248   2.1333329999999999       0.96666700000000005      -0.23624762528096929     
        4249   2.1666669999999999       0.96666700000000005      -0.22109686310904758     
        4250   2.2000000000000002       0.96666700000000005      -0.20721237468136255     
        4251   2.2333330000000000       0.96666700000000005      -0.19491942853861632     
        4252   2.2666670000000000       0.96666700000000005      -0.18384028024283525     
        4253   2.2999999999999998       0.96666700000000005      -0.17380448612059532     
        4254   2.3333330000000001       0.96666700000000005      -0.16494838344486851     
        4255   2.3666670000000001       0.96666700000000005      -0.15692320262624088     
        4256   2.3999999999999999       0.96666700000000005      -0.14986009337938433     
        4257   2.4333330000000002       0.96666700000000005      -0.14349603411294148     
        4258   2.4666670000000002       0.96666700000000005      -0.13789840094823094     
        4259   2.5000000000000000       0.96666700000000005      -0.13293541514362853     
        4260   2.5333329999999998       0.96666700000000005      -0.12849160304104970     
        4261   2.5666669999999998       0.96666700000000005      -0.12461601519402543     
        4262   2.6000000000000001       0.96666700000000005      -0.12115123960935757     
        4263   2.6333329999999999       0.96666700000000005      -0.11814062599870169     
        4264   2.6666669999999999       0.96666700000000005      -0.11546567540745978     
        4265   2.7000000000000002       0.96666700000000005      -0.11312362190052284     
        4266   2.7333330000000000       0.96666700000000005      -0.11109743700019616     
        4267   2.7666670000000000       0.96666700000000005      -0.10931014152052565     
        4268   2.7999999999999998       0.96666700000000005      -0.10775421559787300     
        4269   2.8333330000000001       0.96666700000000005      -0.10640856140015528     
        4270   2.8666670000000001       0.96666700000000005      -0.10525430461533627     
        4271   2.8999999999999999       0.96666700000000005      -0.10424646321009556     
        4272   2.9333330000000002       0.96666700000000005      -0.10339104459563515     
        4273   2.9666670000000002       0.96666700000000005      -0.10265055102627715     
        4274   3.0000000000000000       0.96666700000000005      -0.10202784881854057     
        4275   3.0333329999999998       0.96666700000000005      -0.10149846848185118     
        4276   3.0666669999999998       0.96666700000000005      -0.10104953370891194     
        4277   3.1000000000000001       0.96666700000000005      -0.10067435261599247     
        4278   3.1333329999999999       0.96666700000000005      -0.10036474455278056     
        4279   3.1666669999999999       0.96666700000000005      -0.10010749810742353     
        4280   3.2000000000000002       0.96666700000000005       -9.9899528220064052E-002
        4281   3.2333330000000000       0.96666700000000005       -9.9732263344560021E-002
        4282   3.2666670000000000       0.96666700000000005       -9.9598788204484145E-002
        4283   3.2999999999999998       0.96666700000000005       -9.9495939170834519E-002
        4284   3.3333330000000001       0.96666700000000005       -9.9418018243921408E-002
        4285   3.3666670000000001       0.96666700000000005       -9.9361742675136255E-002
        4286   3.3999999999999999       0.96666700000000005       -9.9323067463524164E-002
        4287   3.4333330000000002       0.96666700000000005       -9.9299685693480924E-002
        4288   3.4666670000000002       0.96666700000000005       -9.9288251989170476E-002
        4289   3.5000000000000000       0.96666700000000005       -9.9287034897777127E-002
        4290   3.5333329999999998       0.96666700000000005       -9.9293384720566397E-002
        4291   3.5666669999999998       0.96666700000000005       -9.9307100019038350E-002
        4292   3.6000000000000001       0.96666700000000005       -9.9325319269228371E-002
        4293   3.6333329999999999       0.96666700000000005       -9.9347409827474864E-002
        4294   3.6666669999999999       0.96666700000000005       -9.9372356734516984E-002
        4295   3.7000000000000002       0.96666700000000005       -9.9399888002052517E-002
        4296   3.7333330000000000       0.96666700000000005       -9.9428092319086961E-002
        4297   3.7666670000000000       0.96666700000000005       -9.9457953829937037E-002
        4298   3.7999999999999998       0.96666700000000005       -9.9487068554347038E-002
        4299   3.8333330000000001       0.96666700000000005       -9.9516042339342650E-002
        4300   3.8666670000000001       0.96666700000000005       -9.9544333107558169E-002
        4301   3.8999999999999999       0.96666700000000005       -9.9572096072017391E-002
        4302   3.9333330000000002       0.96666700000000005       -9.9599176991697833E-002
        4303   3.9666670000000002       0.96666700000000005       -9.9625124401222412E-002
        4304   4.0000000000000000       0.96666700000000005       -9.9650003880984814E-002
        4305   4.0333329999999998       0.96666700000000005       -9.9672805485137794E-002
        4306   4.0666669999999998       0.96666700000000005       -9.9695267008260272E-002
        4307   4.0999999999999996       0.96666700000000005       -9.9715958584901718E-002
        4308   4.1333330000000004       0.96666700000000005       -9.9734535422587645E-002
        4309   4.1666670000000003       0.96666700000000005       -9.9752145449220619E-002
        4310   4.2000000000000002       0.96666700000000005       -9.9768397554543281E-002
        4311   4.2333330000000000       0.96666700000000005       -9.9783204913935580E-002
        4312   4.2666670000000000       0.96666700000000005       -9.9796899102530007E-002
        4313   4.2999999999999998       0.96666700000000005       -9.9808739072810473E-002
        4314   4.3333329999999997       0.96666700000000005       -9.9819656669146689E-002
        4315   4.3666669999999996       0.96666700000000005       -9.9829422022347056E-002
        4316   4.4000000000000004       0.96666700000000005       -9.9837468455723222E-002
        4317   4.4333330000000002       0.96666700000000005       -9.9844132825200591E-002
        4318   4.4666670000000002       0.96666700000000005       -9.9849935399217382E-002
        4319   4.5000000000000000       0.96666700000000005       -9.9855035362254041E-002
        4320   4.5333329999999998       0.96666700000000005       -9.9858759375656636E-002
        4321   4.5666669999999998       0.96666700000000005       -9.9861396779170247E-002
        4322   4.5999999999999996       0.96666700000000005       -9.9862984013071185E-002
        4323   4.6333330000000004       0.96666700000000005       -9.9863799811780354E-002
        4324   4.6666670000000003       0.96666700000000005       -9.9864188524221922E-002
        4325   4.7000000000000002       0.96666700000000005       -9.9863743065084221E-002
        4326   4.7333330000000000       0.96666700000000005       -9.9862684297497104E-002
        4327   4.7666670000000000       0.96666700000000005       -9.9861356023063647E-002
        4328   4.7999999999999998       0.96666700000000005       -9.9859896303324119E-002
        4329   4.8333329999999997       0.96666700000000005       -9.9858286541300578E-002
        4330   4.8666669999999996       0.96666700000000005       -9.9856658078267796E-002
        4331   4.9000000000000004       0.96666700000000005       -9.9854979570783542E-002
        4332   4.9333330000000002       0.96666700000000005       -9.9853383614363828E-002
        4333   4.9666670000000002       0.96666700000000005       -9.9852716488717144E-002
        4334   5.0000000000000000       0.96666700000000005       -9.9852457240008449E-002
        4335   0.0000000000000000        1.0000000000000000        0.0000000000000000     
        4336   3.3333000000000002E-002   1.0000000000000000        0.0000000000000000     
        4337   6.6667000000000004E-002   1.0000000000000000        0.0000000000000000     
        4338  0.10000000000000001        1.0000000000000000        0.0000000000000000     
        4339  0.13333300000000001        1.0000000000000000        0.0000000000000000     
        4340  0.16666700000000001        1.0000000000000000        0.0000000000000000     
        4341  0.20000000000000001        1.0000000000000000        0.0000000000000000     
        4342  0.23333300000000001        1.0000000000000000        0.0000000000000000     
        4343  0.26666699999999999        1.0000000000000000        0.0000000000000000     
        4344  0.29999999999999999        1.0000000000000000        0.0000000000000000     
        4345  0.33333299999999999        1.0000000000000000        0.0000000000000000     
        4346  0.36666700000000002        1.0000000000000000        0.0000000000000000     
        4347  0.40000000000000002        1.0000000000000000        0.0000000000000000     
        4348  0.43333300000000002        1.0000000000000000        0.0000000000000000     
        4349  0.46666700000000000        1.0000000000000000        0.0000000000000000     
        4350  0.50000000000000000        1.0000000000000000        0.0000000000000000     
        4351  0.53333299999999995        1.0000000000000000        0.0000000000000000     
        4352  0.56666700000000003        1.0000000000000000        0.0000000000000000     
        4353  0.59999999999999998        1.0000000000000000        0.0000000000000000     
        4354  0.63333300000000003        1.0000000000000000        0.0000000000000000     
        4355  0.66666700000000001        1.0000000000000000        0.0000000000000000     
        4356  0.69999999999999996        1.0000000000000000        0.0000000000000000     
        4357  0.73333300000000001        1.0000000000000000        0.0000000000000000     
        4358  0.76666699999999999        1.0000000000000000        0.0000000000000000     
        4359  0.80000000000000004        1.0000000000000000        0.0000000000000000     
        4360  0.83333299999999999        1.0000000000000000        0.0000000000000000     
        4361  0.86666699999999997        1.0000000000000000        0.0000000000000000     
        4362  0.90000000000000002        1.0000000000000000        0.0000000000000000     
        4363  0.93333299999999997        1.0000000000000000        0.0000000000000000     
        4364  0.96666700000000005        1.0000000000000000        0.0000000000000000     
        4365   1.0000000000000000        1.0000000000000000        0.0000000000000000     
        4366   1.0333330000000001        1.0000000000000000        0.0000000000000000     
        4367   1.0666670000000000        1.0000000000000000        0.0000000000000000     
        4368   1.1000000000000001        1.0000000000000000        0.0000000000000000     
        4369   1.1333329999999999        1.0000000000000000        0.0000000000000000     
        4370   1.1666669999999999        1.0000000000000000        0.0000000000000000     
        4371   1.2000000000000000        1.0000000000000000        0.0000000000000000     
        4372   1.2333330000000000        1.0000000000000000        0.0000000000000000     
        4373   1.2666670000000000        1.0000000000000000        0.0000000000000000     
        4374   1.3000000000000000        1.0000000000000000        0.0000000000000000     
        4375   1.3333330000000001        1.0000000000000000        0.0000000000000000     
        4376   1.3666670000000001        1.0000000000000000        0.0000000000000000     
        4377   1.3999999999999999        1.0000000000000000        0.0000000000000000     
        4378   1.4333330000000000        1.0000000000000000        0.0000000000000000     
        4379   1.4666669999999999        1.0000000000000000        0.0000000000000000     
        4380   1.5000000000000000        1.0000000000000000        0.0000000000000000     
        4381   1.5333330000000001        1.0000000000000000        0.0000000000000000     
        4382   1.5666670000000000        1.0000000000000000        0.0000000000000000     
        4383   1.6000000000000001        1.0000000000000000        0.0000000000000000     
        4384   1.6333329999999999        1.0000000000000000        0.0000000000000000     
        4385   1.6666669999999999        1.0000000000000000        0.0000000000000000     
        4386   1.7000000000000000        1.0000000000000000        0.0000000000000000     
        4387   1.7333330000000000        1.0000000000000000        0.0000000000000000     
        4388   1.7666670000000000        1.0000000000000000        0.0000000000000000     
        4389   1.8000000000000000        1.0000000000000000        0.0000000000000000     
        4390   1.8333330000000001        1.0000000000000000        0.0000000000000000     
        4391   1.8666670000000001        1.0000000000000000        0.0000000000000000     
        4392   1.8999999999999999        1.0000000000000000        0.0000000000000000     
        4393   1.9333330000000000        1.0000000000000000        0.0000000000000000     
        4394   1.9666669999999999        1.0000000000000000        0.0000000000000000     
        4395   2.0000000000000000        1.0000000000000000        0.0000000000000000     
        4396   2.0333329999999998        1.0000000000000000        0.0000000000000000     
        4397   2.0666669999999998        1.0000000000000000        0.0000000000000000     
        4398   2.1000000000000001        1.0000000000000000        0.0000000000000000     
        4399   2.1333329999999999        1.0000000000000000        0.0000000000000000     
        4400   2.1666669999999999        1.0000000000000000        0.0000000000000000     
        4401   2.2000000000000002        1.0000000000000000        0.0000000000000000     
        4402   2.2333330000000000        1.0000000000000000        0.0000000000000000     
        4403   2.2666670000000000        1.0000000000000000        0.0000000000000000     
        4404   2.2999999999999998        1.0000000000000000        0.0000000000000000     
        4405   2.3333330000000001        1.0000000000000000        0.0000000000000000     
        4406   2.3666670000000001        1.0000000000000000        0.0000000000000000     
        4407   2.3999999999999999        1.0000000000000000        0.0000000000000000     
        4408   2.4333330000000002        1.0000000000000000        0.0000000000000000     
        4409   2.4666670000000002        1.0000000000000000        0.0000000000000000     
        4410   2.5000000000000000        1.0000000000000000        0.0000000000000000     
        4411   2.5333329999999998        1.0000000000000000        0.0000000000000000     
        4412   2.5666669999999998        1.0000000000000000        0.0000000000000000     
        4413   2.6000000000000001        1.0000000000000000        0.0000000000000000     
        4414   2.6333329999999999        1.0000000000000000        0.0000000000000000     
        4415   2.6666669999999999        1.0000000000000000        0.0000000000000000     
        4416   2.7000000000000002        1.0000000000000000        0.0000000000000000     
        4417   2.7333330000000000        1.0000000000000000        0.0000000000000000     
        4418   2.7666670000000000        1.0000000000000000        0.0000000000000000     
        4419   2.7999999999999998        1.0000000000000000        0.0000000000000000     
        4420   2.8333330000000001        1.0000000000000000        0.0000000000000000     
        4421   2.8666670000000001        1.0000000000000000        0.0000000000000000     
        4422   2.8999999999999999        1.0000000000000000        0.0000000000000000     
        4423   2.9333330000000002        1.0000000000000000        0.0000000000000000     
        4424   2.9666670000000002        1.0000000000000000        0.0000000000000000     
        4425   3.0000000000000000        1.0000000000000000        0.0000000000000000     
        4426   3.0333329999999998        1.0000000000000000        0.0000000000000000     
        4427   3.0666669999999998        1.0000000000000000        0.0000000000000000     
        4428   3.1000000000000001        1.0000000000000000        0.0000000000000000     
        4429   3.1333329999999999        1.0000000000000000        0.0000000000000000     
        4430   3.1666669999999999        1.0000000000000000        0.0000000000000000     
        4431   3.2000000000000002        1.0000000000000000        0.0000000000000000     
        4432   3.2333330000000000        1.0000000000000000        0.0000000000000000     
        4433   3.2666670000000000        1.0000000000000000        0.0000000000000000     
        4434   3.2999999999999998        1.0000000000000000        0.0000000000000000     
        4435   3.3333330000000001        1.0000000000000000        0.0000000000000000     
        4436   3.3666670000000001        1.0000000000000000        0.0000000000000000     
        4437   3.3999999999999999        1.0000000000000000        0.0000000000000000     
        4438   3.4333330000000002        1.0000000000000000        0.0000000000000000     
        4439   3.4666670000000002        1.0000000000000000        0.0000000000000000     
        4440   3.5000000000000000        1.0000000000000000        0.0000000000000000     
        4441   3.5333329999999998        1.0000000000000000        0.0000000000000000     
        4442   3.5666669999999998        1.0000000000000000        0.0000000000000000     
        4443   3.6000000000000001        1.0000000000000000        0.0000000000000000     
        4444   3.6333329999999999        1.0000000000000000        0.0000000000000000     
        4445   3.6666669999999999        1.0000000000000000        0.0000000000000000     
        4446   3.7000000000000002        1.0000000000000000        0.0000000000000000     
        4447   3.7333330000000000        1.0000000000000000        0.0000000000000000     
        4448   3.7666670000000000        1.0000000000000000        0.0000000000000000     
        4449   3.7999999999999998        1.0000000000000000        0.0000000000000000     
        4450   3.8333330000000001        1.0000000000000000        0.0000000000000000     
        4451   3.8666670000000001        1.0000000000000000        0.0000000000000000     
        4452   3.8999999999999999        1.0000000000000000        0.0000000000000000     
        4453   3.9333330000000002        1.0000000000000000        0.0000000000000000     
        4454   3.9666670000000002        1.0000000000000000        0.0000000000000000     
        4455   4.0000000000000000        1.0000000000000000        0.0000000000000000     
        4456   4.0333329999999998        1.0000000000000000        0.0000000000000000     
        4457   4.0666669999999998        1.0000000000000000        0.0000000000000000     
        4458   4.0999999999999996        1.0000000000000000        0.0000000000000000     
        4459   4.1333330000000004        1.0000000000000000        0.0000000000000000     
        4460   4.1666670000000003        1.0000000000000000        0.0000000000000000     
        4461   4.2000000000000002        1.0000000000000000        0.0000000000000000     
        4462   4.2333330000000000        1.0000000000000000        0.0000000000000000     
        4463   4.2666670000000000        1.0000000000000000        0.0000000000000000     
        4464   4.2999999999999998        1.0000000000000000        0.0000000000000000     
        4465   4.3333329999999997        1.0000000000000000        0.0000000000000000     
        4466   4.3666669999999996        1.0000000000000000        0.0000000000000000     
        4467   4.4000000000000004        1.0000000000000000        0.0000000000000000     
        4468   4.4333330000000002        1.0000000000000000        0.0000000000000000     
        4469   4.4666670000000002        1.0000000000000000        0.0000000000000000     
        4470   4.5000000000000000        1.0000000000000000        0.0000000000000000     
        4471   4.5333329999999998        1.0000000000000000        0.0000000000000000     
        4472   4.5666669999999998        1.0000000000000000        0.0000000000000000     
        4473   4.5999999999999996        1.0000000000000000        0.0000000000000000     
        4474   4.6333330000000004        1.0000000000000000        0.0000000000000000     
        4475   4.6666670000000003        1.0000000000000000        0.0000000000000000     
        4476   4.7000000000000002        1.0000000000000000        0.0000000000000000     
        4477   4.7333330000000000        1.0000000000000000        0.0000000000000000     
        4478   4.7666670000000000        1.0000000000000000        0.0000000000000000     
        4479   4.7999999999999998        1.0000000000000000        0.0000000000000000     
        4480   4.8333329999999997        1.0000000000000000        0.0000000000000000     
        4481   4.8666669999999996        1.0000000000000000        0.0000000000000000     
        4482   4.9000000000000004        1.0000000000000000        0.0000000000000000     
        4483   4.9333330000000002        1.0000000000000000        0.0000000000000000     
        4484   4.9666670000000002        1.0000000000000000        0.0000000000000000     
        4485   5.0000000000000000        1.0000000000000000        0.0000000000000000     
