           1   0.0000000000000000        0.0000000000000000        0.0000000000000000
           2   3.3333000000000002E-002   0.0000000000000000        0.0000000000000000
           3   6.6667000000000004E-002   0.0000000000000000        0.0000000000000000
           4  0.10000000000000001        0.0000000000000000        0.0000000000000000
           5  0.13333300000000001        0.0000000000000000        0.0000000000000000
           6  0.16666700000000001        0.0000000000000000        0.0000000000000000
           7  0.20000000000000001        0.0000000000000000        0.0000000000000000
           8  0.23333300000000001        0.0000000000000000        0.0000000000000000
           9  0.26666699999999999        0.0000000000000000        0.0000000000000000
          10  0.29999999999999999        0.0000000000000000        0.0000000000000000
          11  0.33333299999999999        0.0000000000000000        0.0000000000000000
          12  0.36666700000000002        0.0000000000000000        0.0000000000000000
          13  0.40000000000000002        0.0000000000000000        0.0000000000000000
          14  0.43333300000000002        0.0000000000000000        0.0000000000000000
          15  0.46666700000000000        0.0000000000000000        0.0000000000000000
          16  0.50000000000000000        0.0000000000000000        0.0000000000000000
          17  0.53333299999999995        0.0000000000000000        0.0000000000000000
          18  0.56666700000000003        0.0000000000000000        0.0000000000000000
          19  0.59999999999999998        0.0000000000000000        0.0000000000000000
          20  0.63333300000000003        0.0000000000000000        0.0000000000000000
          21  0.66666700000000001        0.0000000000000000        0.0000000000000000
          22  0.69999999999999996        0.0000000000000000        0.0000000000000000
          23  0.73333300000000001        0.0000000000000000        0.0000000000000000
          24  0.76666699999999999        0.0000000000000000        0.0000000000000000
          25  0.80000000000000004        0.0000000000000000        0.0000000000000000
          26  0.83333299999999999        0.0000000000000000        0.0000000000000000
          27  0.86666699999999997        0.0000000000000000        0.0000000000000000
          28  0.90000000000000002        0.0000000000000000        0.0000000000000000
          29  0.93333299999999997        0.0000000000000000        0.0000000000000000
          30  0.96666700000000005        0.0000000000000000        0.0000000000000000
          31   1.0000000000000000        0.0000000000000000        0.0000000000000000
          32   1.0333330000000001        0.0000000000000000        0.0000000000000000
          33   1.0666670000000000        0.0000000000000000        0.0000000000000000
          34   1.1000000000000001        0.0000000000000000        0.0000000000000000
          35   1.1333329999999999        0.0000000000000000        0.0000000000000000
          36   1.1666669999999999        0.0000000000000000        0.0000000000000000
          37   1.2000000000000000        0.0000000000000000        0.0000000000000000
          38   1.2333330000000000        0.0000000000000000        0.0000000000000000
          39   1.2666670000000000        0.0000000000000000        0.0000000000000000
          40   1.3000000000000000        0.0000000000000000        0.0000000000000000
          41   1.3333330000000001        0.0000000000000000        0.0000000000000000
          42   1.3666670000000001        0.0000000000000000        0.0000000000000000
          43   1.3999999999999999        0.0000000000000000        0.0000000000000000
          44   1.4333330000000000        0.0000000000000000        0.0000000000000000
          45   1.4666669999999999        0.0000000000000000        0.0000000000000000
          46   1.5000000000000000        0.0000000000000000        0.0000000000000000
          47   1.5333330000000001        0.0000000000000000        0.0000000000000000
          48   1.5666670000000000        0.0000000000000000        0.0000000000000000
          49   1.6000000000000001        0.0000000000000000        0.0000000000000000
          50   1.6333329999999999        0.0000000000000000        0.0000000000000000
          51   1.6666669999999999        0.0000000000000000        0.0000000000000000
          52   1.7000000000000000        0.0000000000000000        0.0000000000000000
          53   1.7333330000000000        0.0000000000000000        0.0000000000000000
          54   1.7666670000000000        0.0000000000000000        0.0000000000000000
          55   1.8000000000000000        0.0000000000000000        0.0000000000000000
          56   1.8333330000000001        0.0000000000000000        0.0000000000000000
          57   1.8666670000000001        0.0000000000000000        0.0000000000000000
          58   1.8999999999999999        0.0000000000000000        0.0000000000000000
          59   1.9333330000000000        0.0000000000000000        0.0000000000000000
          60   1.9666669999999999        0.0000000000000000        0.0000000000000000
          61   2.0000000000000000        0.0000000000000000        0.0000000000000000
          62   2.0333329999999998        0.0000000000000000        0.0000000000000000
          63   2.0666669999999998        0.0000000000000000        0.0000000000000000
          64   2.1000000000000001        0.0000000000000000        0.0000000000000000
          65   2.1333329999999999        0.0000000000000000        0.0000000000000000
          66   2.1666669999999999        0.0000000000000000        0.0000000000000000
          67   2.2000000000000002        0.0000000000000000        0.0000000000000000
          68   2.2333330000000000        0.0000000000000000        0.0000000000000000
          69   2.2666670000000000        0.0000000000000000        0.0000000000000000
          70   2.2999999999999998        0.0000000000000000        0.0000000000000000
          71   2.3333330000000001        0.0000000000000000        0.0000000000000000
          72   2.3666670000000001        0.0000000000000000        0.0000000000000000
          73   2.3999999999999999        0.0000000000000000        0.0000000000000000
          74   2.4333330000000002        0.0000000000000000        0.0000000000000000
          75   2.4666670000000002        0.0000000000000000        0.0000000000000000
          76   2.5000000000000000        0.0000000000000000        0.0000000000000000
          77   2.5333329999999998        0.0000000000000000        0.0000000000000000
          78   2.5666669999999998        0.0000000000000000        0.0000000000000000
          79   2.6000000000000001        0.0000000000000000        0.0000000000000000
          80   2.6333329999999999        0.0000000000000000        0.0000000000000000
          81   2.6666669999999999        0.0000000000000000        0.0000000000000000
          82   2.7000000000000002        0.0000000000000000        0.0000000000000000
          83   2.7333330000000000        0.0000000000000000        0.0000000000000000
          84   2.7666670000000000        0.0000000000000000        0.0000000000000000
          85   2.7999999999999998        0.0000000000000000        0.0000000000000000
          86   2.8333330000000001        0.0000000000000000        0.0000000000000000
          87   2.8666670000000001        0.0000000000000000        0.0000000000000000
          88   2.8999999999999999        0.0000000000000000        0.0000000000000000
          89   2.9333330000000002        0.0000000000000000        0.0000000000000000
          90   2.9666670000000002        0.0000000000000000        0.0000000000000000
          91   3.0000000000000000        0.0000000000000000        0.0000000000000000
          92   3.0333329999999998        0.0000000000000000        0.0000000000000000
          93   3.0666669999999998        0.0000000000000000        0.0000000000000000
          94   3.1000000000000001        0.0000000000000000        0.0000000000000000
          95   3.1333329999999999        0.0000000000000000        0.0000000000000000
          96   3.1666669999999999        0.0000000000000000        0.0000000000000000
          97   3.2000000000000002        0.0000000000000000        0.0000000000000000
          98   3.2333330000000000        0.0000000000000000        0.0000000000000000
          99   3.2666670000000000        0.0000000000000000        0.0000000000000000
         100   3.2999999999999998        0.0000000000000000        0.0000000000000000
         101   3.3333330000000001        0.0000000000000000        0.0000000000000000
         102   3.3666670000000001        0.0000000000000000        0.0000000000000000
         103   3.3999999999999999        0.0000000000000000        0.0000000000000000
         104   3.4333330000000002        0.0000000000000000        0.0000000000000000
         105   3.4666670000000002        0.0000000000000000        0.0000000000000000
         106   3.5000000000000000        0.0000000000000000        0.0000000000000000
         107   3.5333329999999998        0.0000000000000000        0.0000000000000000
         108   3.5666669999999998        0.0000000000000000        0.0000000000000000
         109   3.6000000000000001        0.0000000000000000        0.0000000000000000
         110   3.6333329999999999        0.0000000000000000        0.0000000000000000
         111   3.6666669999999999        0.0000000000000000        0.0000000000000000
         112   3.7000000000000002        0.0000000000000000        0.0000000000000000
         113   3.7333330000000000        0.0000000000000000        0.0000000000000000
         114   3.7666670000000000        0.0000000000000000        0.0000000000000000
         115   3.7999999999999998        0.0000000000000000        0.0000000000000000
         116   3.8333330000000001        0.0000000000000000        0.0000000000000000
         117   3.8666670000000001        0.0000000000000000        0.0000000000000000
         118   3.8999999999999999        0.0000000000000000        0.0000000000000000
         119   3.9333330000000002        0.0000000000000000        0.0000000000000000
         120   3.9666670000000002        0.0000000000000000        0.0000000000000000
         121   4.0000000000000000        0.0000000000000000        0.0000000000000000
         122   4.0333329999999998        0.0000000000000000        0.0000000000000000
         123   4.0666669999999998        0.0000000000000000        0.0000000000000000
         124   4.0999999999999996        0.0000000000000000        0.0000000000000000
         125   4.1333330000000004        0.0000000000000000        0.0000000000000000
         126   4.1666670000000003        0.0000000000000000        0.0000000000000000
         127   4.2000000000000002        0.0000000000000000        0.0000000000000000
         128   4.2333330000000000        0.0000000000000000        0.0000000000000000
         129   4.2666670000000000        0.0000000000000000        0.0000000000000000
         130   4.2999999999999998        0.0000000000000000        0.0000000000000000
         131   4.3333329999999997        0.0000000000000000        0.0000000000000000
         132   4.3666669999999996        0.0000000000000000        0.0000000000000000
         133   4.4000000000000004        0.0000000000000000        0.0000000000000000
         134   4.4333330000000002        0.0000000000000000        0.0000000000000000
         135   4.4666670000000002        0.0000000000000000        0.0000000000000000
         136   4.5000000000000000        0.0000000000000000        0.0000000000000000
         137   4.5333329999999998        0.0000000000000000        0.0000000000000000
         138   4.5666669999999998        0.0000000000000000        0.0000000000000000
         139   4.5999999999999996        0.0000000000000000        0.0000000000000000
         140   4.6333330000000004        0.0000000000000000        0.0000000000000000
         141   4.6666670000000003        0.0000000000000000        0.0000000000000000
         142   4.7000000000000002        0.0000000000000000        0.0000000000000000
         143   4.7333330000000000        0.0000000000000000        0.0000000000000000
         144   4.7666670000000000        0.0000000000000000        0.0000000000000000
         145   4.7999999999999998        0.0000000000000000        0.0000000000000000
         146   4.8333329999999997        0.0000000000000000        0.0000000000000000
         147   4.8666669999999996        0.0000000000000000        0.0000000000000000
         148   4.9000000000000004        0.0000000000000000        0.0000000000000000
         149   4.9333330000000002        0.0000000000000000        0.0000000000000000
         150   4.9666670000000002        0.0000000000000000        0.0000000000000000
         151   5.0000000000000000        0.0000000000000000        0.0000000000000000
         152   0.0000000000000000        3.3333000000000002E-002   3.3333000000000002E-002
         153   3.3333000000000002E-002   3.3333000000000002E-002   2.6102236942910466E-002
         154   6.6667000000000004E-002   3.3333000000000002E-002   2.0024694787867739E-002
         155  0.10000000000000001        3.3333000000000002E-002   1.6182068469819566E-002
         156  0.13333300000000001        3.3333000000000002E-002   1.2310829873530719E-002
         157  0.16666700000000001        3.3333000000000002E-002   1.0640818145855912E-002
         158  0.20000000000000001        3.3333000000000002E-002   8.0474542159216303E-003
         159  0.23333300000000001        3.3333000000000002E-002   7.0026505303362836E-003
         160  0.26666699999999999        3.3333000000000002E-002   5.7193655596471842E-003
         161  0.29999999999999999        3.3333000000000002E-002   4.6515329060706568E-003
         162  0.33333299999999999        3.3333000000000002E-002   3.4394576289636146E-003
         163  0.36666700000000002        3.3333000000000002E-002   3.1851628740202590E-003
         164  0.40000000000000002        3.3333000000000002E-002   2.1676974983038276E-003
         165  0.43333300000000002        3.3333000000000002E-002   2.0058936621154158E-003
         166  0.46666700000000000        3.3333000000000002E-002   1.1930061843635419E-003
         167  0.50000000000000000        3.3333000000000002E-002   1.0756727719916349E-003
         168  0.53333299999999995        3.3333000000000002E-002   3.9697339457262686E-004
         169  0.56666700000000003        3.3333000000000002E-002   3.0115091784717866E-004
         170  0.59999999999999998        3.3333000000000002E-002  -3.2960726083313969E-004
         171  0.63333300000000003        3.3333000000000002E-002  -4.9103829963599913E-004
         172  0.66666700000000001        3.3333000000000002E-002  -7.4345343623163083E-004
         173  0.69999999999999996        3.3333000000000002E-002  -9.2692656481100071E-004
         174  0.73333300000000001        3.3333000000000002E-002  -1.1891028452207287E-003
         175  0.76666699999999999        3.3333000000000002E-002  -1.4487051659146993E-003
         176  0.80000000000000004        3.3333000000000002E-002  -1.4384259882443148E-003
         177  0.83333299999999999        3.3333000000000002E-002  -1.4586968339520842E-003
         178  0.86666699999999997        3.3333000000000002E-002  -1.3656709746820014E-003
         179  0.90000000000000002        3.3333000000000002E-002  -1.2116199997456406E-003
         180  0.93333299999999997        3.3333000000000002E-002  -8.7433763971632363E-004
         181  0.96666700000000005        3.3333000000000002E-002  -4.8039797228581520E-004
         182   1.0000000000000000        3.3333000000000002E-002   0.0000000000000000
         183   1.5000000000000000        3.3333000000000002E-002   0.0000000000000000
         184   1.5333330000000001        3.3333000000000002E-002  -3.0254569372310298E-004
         185   1.5666670000000000        3.3333000000000002E-002  -6.5886128777977847E-004
         186   1.6000000000000001        3.3333000000000002E-002  -1.0560102428541192E-003
         187   1.6333329999999999        3.3333000000000002E-002  -1.3892940961776083E-003
         188   1.6666669999999999        3.3333000000000002E-002  -1.7110867117343597E-003
         189   1.7000000000000000        3.3333000000000002E-002  -1.9712657250234777E-003
         190   1.7333330000000000        3.3333000000000002E-002  -2.1327298662074255E-003
         191   1.7666670000000000        3.3333000000000002E-002  -2.2518780298845403E-003
         192   1.8000000000000000        3.3333000000000002E-002  -2.3201008072985872E-003
         193   1.8333330000000001        3.3333000000000002E-002  -2.3031859693032545E-003
         194   1.8666670000000001        3.3333000000000002E-002  -2.2435594595362749E-003
         195   1.8999999999999999        3.3333000000000002E-002  -2.1360935908254020E-003
         196   1.9333330000000000        3.3333000000000002E-002  -1.9886594198391290E-003
         197   1.9666669999999999        3.3333000000000002E-002  -1.8767269328326577E-003
         198   2.0000000000000000        3.3333000000000002E-002  -1.6903645826041849E-003
         199   2.0333329999999998        3.3333000000000002E-002  -1.5083432604691678E-003
         200   2.0666669999999998        3.3333000000000002E-002  -1.2405486316195457E-003
         201   2.1000000000000001        3.3333000000000002E-002  -1.1482774157891393E-003
         202   2.1333329999999999        3.3333000000000002E-002  -8.3702779601180482E-004
         203   2.1666669999999999        3.3333000000000002E-002  -6.7421473988972828E-004
         204   2.2000000000000002        3.3333000000000002E-002  -4.7770529428738421E-004
         205   2.2333330000000000        3.3333000000000002E-002  -2.7878149640893260E-004
         206   2.2666670000000000        3.3333000000000002E-002  -8.1880547130037736E-005
         207   2.2999999999999998        3.3333000000000002E-002   7.3290557659126991E-005
         208   2.3333330000000001        3.3333000000000002E-002   2.0466888296022701E-004
         209   2.3666670000000001        3.3333000000000002E-002   4.0353293704390646E-004
         210   2.3999999999999999        3.3333000000000002E-002   6.2766148179694485E-004
         211   2.4333330000000002        3.3333000000000002E-002   5.6428371206023733E-004
         212   2.4666670000000002        3.3333000000000002E-002   9.1912617205435149E-004
         213   2.5000000000000000        3.3333000000000002E-002   8.5883072156793614E-004
         214   2.5333329999999998        3.3333000000000002E-002   1.0521689499523891E-003
         215   2.5666669999999998        3.3333000000000002E-002   1.2418334231653286E-003
         216   2.6000000000000001        3.3333000000000002E-002   1.0885457362659360E-003
         217   2.6333329999999999        3.3333000000000002E-002   1.4217311763582152E-003
         218   2.6666669999999999        3.3333000000000002E-002   1.4882259112914086E-003
         219   2.7000000000000002        3.3333000000000002E-002   1.3027360425529357E-003
         220   2.7333330000000000        3.3333000000000002E-002   1.6040040926599394E-003
         221   2.7666670000000000        3.3333000000000002E-002   1.5631686283538323E-003
         222   2.7999999999999998        3.3333000000000002E-002   1.5484563479621391E-003
         223   2.8333330000000001        3.3333000000000002E-002   1.5934507525556902E-003
         224   2.8666670000000001        3.3333000000000002E-002   1.8669718093870644E-003
         225   2.8999999999999999        3.3333000000000002E-002   1.6643484701891226E-003
         226   2.9333330000000002        3.3333000000000002E-002   1.8727202606952595E-003
         227   2.9666670000000002        3.3333000000000002E-002   1.7306295004127889E-003
         228   3.0000000000000000        3.3333000000000002E-002   1.7390417676971337E-003
         229   3.0333329999999998        3.3333000000000002E-002   1.7784888258424048E-003
         230   3.0666669999999998        3.3333000000000002E-002   2.0657002010362759E-003
         231   3.1000000000000001        3.3333000000000002E-002   1.8822864118898189E-003
         232   3.1333329999999999        3.3333000000000002E-002   1.6594930822092277E-003
         233   3.1666669999999999        3.3333000000000002E-002   1.9655366631418196E-003
         234   3.2000000000000002        3.3333000000000002E-002   1.7953273778608544E-003
         235   3.2333330000000000        3.3333000000000002E-002   2.0443479652995995E-003
         236   3.2666670000000000        3.3333000000000002E-002   1.7898390121176551E-003
         237   3.2999999999999998        3.3333000000000002E-002   1.8837450869486592E-003
         238   3.3333330000000001        3.3333000000000002E-002   1.8453871923909042E-003
         239   3.3666670000000001        3.3333000000000002E-002   2.0960573438301832E-003
         240   3.3999999999999999        3.3333000000000002E-002   1.8323636489702613E-003
         241   3.4333330000000002        3.3333000000000002E-002   2.0056824861781073E-003
         242   3.4666670000000002        3.3333000000000002E-002   1.7637954265206370E-003
         243   3.5000000000000000        3.3333000000000002E-002   2.1015854821644633E-003
         244   3.5333329999999998        3.3333000000000002E-002   1.8667156781036413E-003
         245   3.5666669999999998        3.3333000000000002E-002   1.9203446425335349E-003
         246   3.6000000000000001        3.3333000000000002E-002   1.6463017726149314E-003
         247   3.6333329999999999        3.3333000000000002E-002   1.8702563238383041E-003
         248   3.6666669999999999        3.3333000000000002E-002   2.0361876462004387E-003
         249   3.7000000000000002        3.3333000000000002E-002   2.0064663203189200E-003
         250   3.7333330000000000        3.3333000000000002E-002   1.7139521850761219E-003
         251   3.7666670000000000        3.3333000000000002E-002   1.9958235665647494E-003
         252   3.7999999999999998        3.3333000000000002E-002   1.8502987009626013E-003
         253   3.8333330000000001        3.3333000000000002E-002   1.8977428411734859E-003
         254   3.8666670000000001        3.3333000000000002E-002   1.9677951203194727E-003
         255   3.8999999999999999        3.3333000000000002E-002   1.7112358341105584E-003
         256   3.9333330000000002        3.3333000000000002E-002   2.0433082181081069E-003
         257   3.9666670000000002        3.3333000000000002E-002   1.7863502650128278E-003
         258   4.0000000000000000        3.3333000000000002E-002   1.8905903829027544E-003
         259   4.0333329999999998        3.3333000000000002E-002   1.7742433602861427E-003
         260   4.0666669999999998        3.3333000000000002E-002   1.9726512019075048E-003
         261   4.0999999999999996        3.3333000000000002E-002   1.8474221165250149E-003
         262   4.1333330000000004        3.3333000000000002E-002   1.9511412453270438E-003
         263   4.1666670000000003        3.3333000000000002E-002   1.6436080828701519E-003
         264   4.2000000000000002        3.3333000000000002E-002   1.9178004564459530E-003
         265   4.2333330000000000        3.3333000000000002E-002   1.9800302452531969E-003
         266   4.2666670000000000        3.3333000000000002E-002   1.6943497288083027E-003
         267   4.2999999999999998        3.3333000000000002E-002   1.9504927012827409E-003
         268   4.3333329999999997        3.3333000000000002E-002   1.8691108515358895E-003
         269   4.3666669999999996        3.3333000000000002E-002   1.8419289162818146E-003
         270   4.4000000000000004        3.3333000000000002E-002   1.8778616235745167E-003
         271   4.4333330000000002        3.3333000000000002E-002   1.9407810266799661E-003
         272   4.4666670000000002        3.3333000000000002E-002   1.6545581569621121E-003
         273   4.5000000000000000        3.3333000000000002E-002   1.9779496815887036E-003
         274   4.5333329999999998        3.3333000000000002E-002   1.6690891670221749E-003
         275   4.5666669999999998        3.3333000000000002E-002   1.9678481994830207E-003
         276   4.5999999999999996        3.3333000000000002E-002   1.8984259426508407E-003
         277   4.6333330000000004        3.3333000000000002E-002   1.8887980002296285E-003
         278   4.6666670000000003        3.3333000000000002E-002   1.6349858148120516E-003
         279   4.7000000000000002        3.3333000000000002E-002   1.8940371773125810E-003
         280   4.7333330000000000        3.3333000000000002E-002   1.8886564131787144E-003
         281   4.7666670000000000        3.3333000000000002E-002   1.7914828249807958E-003
         282   4.7999999999999998        3.3333000000000002E-002   2.0324993922327316E-003
         283   4.8333329999999997        3.3333000000000002E-002   1.6848291573032645E-003
         284   4.8666669999999996        3.3333000000000002E-002   1.9091353606844432E-003
         285   4.9000000000000004        3.3333000000000002E-002   2.1040453976867951E-003
         286   4.9333330000000002        3.3333000000000002E-002   2.0074110007807749E-003
         287   4.9666670000000002        3.3333000000000002E-002   2.1879330790462682E-003
         288   5.0000000000000000        3.3333000000000002E-002   2.0345807302109384E-003
         289   0.0000000000000000        6.6667000000000004E-002   6.6667000000000004E-002
         290   3.3333000000000002E-002   6.6667000000000004E-002   5.5716081662360313E-002
         291   6.6667000000000004E-002   6.6667000000000004E-002   4.5672139231565642E-002
         292  0.10000000000000001        6.6667000000000004E-002   3.8291668620412236E-002
         293  0.13333300000000001        6.6667000000000004E-002   3.1844290498188967E-002
         294  0.16666700000000001        6.6667000000000004E-002   2.6651042638700221E-002
         295  0.20000000000000001        6.6667000000000004E-002   2.2826854820811093E-002
         296  0.23333300000000001        6.6667000000000004E-002   1.9079183223315699E-002
         297  0.26666699999999999        6.6667000000000004E-002   1.6529041996999571E-002
         298  0.29999999999999999        6.6667000000000004E-002   1.3684416332523541E-002
         299  0.33333299999999999        6.6667000000000004E-002   1.2086360620898962E-002
         300  0.36666700000000002        6.6667000000000004E-002   1.0004070863572771E-002
         301  0.40000000000000002        6.6667000000000004E-002   8.7855329664014870E-003
         302  0.43333300000000002        6.6667000000000004E-002   7.1238157817580536E-003
         303  0.46666700000000000        6.6667000000000004E-002   6.2159628210579736E-003
         304  0.50000000000000000        6.6667000000000004E-002   4.7967772527835340E-003
         305  0.53333299999999995        6.6667000000000004E-002   4.0059343730237517E-003
         306  0.56666700000000003        6.6667000000000004E-002   2.8625974670881031E-003
         307  0.59999999999999998        6.6667000000000004E-002   1.9548539504546688E-003
         308  0.63333300000000003        6.6667000000000004E-002   1.1313363626656448E-003
         309  0.66666700000000001        6.6667000000000004E-002   2.2826659398558679E-004
         310  0.69999999999999996        6.6667000000000004E-002  -4.5869293933064806E-004
         311  0.73333300000000001        6.6667000000000004E-002  -1.2506329996248016E-003
         312  0.76666699999999999        6.6667000000000004E-002  -1.6884115607014227E-003
         313  0.80000000000000004        6.6667000000000004E-002  -2.1316339474341307E-003
         314  0.83333299999999999        6.6667000000000004E-002  -2.2831570908139909E-003
         315  0.86666699999999997        6.6667000000000004E-002  -2.3570557921628785E-003
         316  0.90000000000000002        6.6667000000000004E-002  -2.1122584811241471E-003
         317  0.93333299999999997        6.6667000000000004E-002  -1.6477456753770487E-003
         318  0.96666700000000005        6.6667000000000004E-002  -8.9436668040372149E-004
         319   1.0000000000000000        6.6667000000000004E-002   0.0000000000000000
         320   1.5000000000000000        6.6667000000000004E-002   0.0000000000000000
         321   1.5333330000000001        6.6667000000000004E-002  -6.9549689725744628E-004
         322   1.5666670000000000        6.6667000000000004E-002  -1.4916316741303299E-003
         323   1.6000000000000001        6.6667000000000004E-002  -2.2905992353656848E-003
         324   1.6333329999999999        6.6667000000000004E-002  -3.0204362312817425E-003
         325   1.6666669999999999        6.6667000000000004E-002  -3.6355651336731150E-003
         326   1.7000000000000000        6.6667000000000004E-002  -4.1227227212962221E-003
         327   1.7333330000000000        6.6667000000000004E-002  -4.4061119083484051E-003
         328   1.7666670000000000        6.6667000000000004E-002  -4.5803964060751514E-003
         329   1.8000000000000000        6.6667000000000004E-002  -4.5985654933840331E-003
         330   1.8333330000000001        6.6667000000000004E-002  -4.4834977248240518E-003
         331   1.8666670000000001        6.6667000000000004E-002  -4.2337282197703217E-003
         332   1.8999999999999999        6.6667000000000004E-002  -3.9550495698693717E-003
         333   1.9333330000000000        6.6667000000000004E-002  -3.5505390761701567E-003
         334   1.9666669999999999        6.6667000000000004E-002  -3.0896028883705298E-003
         335   2.0000000000000000        6.6667000000000004E-002  -2.6670144338558077E-003
         336   2.0333329999999998        6.6667000000000004E-002  -2.0461026156606576E-003
         337   2.0666669999999998        6.6667000000000004E-002  -1.6301706387253586E-003
         338   2.1000000000000001        6.6667000000000004E-002  -1.0054086690623454E-003
         339   2.1333329999999999        6.6667000000000004E-002  -4.5394992900026288E-004
         340   2.1666669999999999        6.6667000000000004E-002  -1.9769219051229680E-005
         341   2.2000000000000002        6.6667000000000004E-002   5.5464104845675893E-004
         342   2.2333330000000000        6.6667000000000004E-002   1.0413593890850449E-003
         343   2.2666670000000000        6.6667000000000004E-002   1.6060827389958157E-003
         344   2.2999999999999998        6.6667000000000004E-002   1.9867966112581620E-003
         345   2.3333330000000001        6.6667000000000004E-002   2.2510261042184300E-003
         346   2.3666670000000001        6.6667000000000004E-002   2.7991382567775468E-003
         347   2.3999999999999999        6.6667000000000004E-002   3.2922953457927215E-003
         348   2.4333330000000002        6.6667000000000004E-002   3.6204356523112376E-003
         349   2.4666670000000002        6.6667000000000004E-002   3.7676869174987065E-003
         350   2.5000000000000000        6.6667000000000004E-002   4.1892047998641560E-003
         351   2.5333329999999998        6.6667000000000004E-002   4.5233453915224479E-003
         352   2.5666669999999998        6.6667000000000004E-002   4.8865260742436099E-003
         353   2.6000000000000001        6.6667000000000004E-002   5.0690784548102826E-003
         354   2.6333329999999999        6.6667000000000004E-002   5.2779286867552172E-003
         355   2.6666669999999999        6.6667000000000004E-002   5.4446099715086561E-003
         356   2.7000000000000002        6.6667000000000004E-002   5.7043782260353375E-003
         357   2.7333330000000000        6.6667000000000004E-002   5.8321700730418089E-003
         358   2.7666670000000000        6.6667000000000004E-002   5.8801401207081491E-003
         359   2.7999999999999998        6.6667000000000004E-002   5.8602187670076114E-003
         360   2.8333330000000001        6.6667000000000004E-002   6.2848155226241974E-003
         361   2.8666670000000001        6.6667000000000004E-002   6.1456651780753928E-003
         362   2.8999999999999999        6.6667000000000004E-002   6.3374675796219774E-003
         363   2.9333330000000002        6.6667000000000004E-002   6.5479495402001250E-003
         364   2.9666670000000002        6.6667000000000004E-002   6.7648903952037768E-003
         365   3.0000000000000000        6.6667000000000004E-002   6.4478003544899305E-003
         366   3.0333329999999998        6.6667000000000004E-002   6.8268293389024282E-003
         367   3.0666669999999998        6.6667000000000004E-002   6.6406039843819728E-003
         368   3.1000000000000001        6.6667000000000004E-002   6.8639739818830226E-003
         369   3.1333329999999999        6.6667000000000004E-002   6.8649516827041417E-003
         370   3.1666669999999999        6.6667000000000004E-002   6.9691195665673271E-003
         371   3.2000000000000002        6.6667000000000004E-002   6.7959910635249391E-003
         372   3.2333330000000000        6.6667000000000004E-002   6.6717041392408234E-003
         373   3.2666670000000000        6.6667000000000004E-002   6.8751975745698392E-003
         374   3.2999999999999998        6.6667000000000004E-002   7.0236850313711401E-003
         375   3.3333330000000001        6.6667000000000004E-002   7.0602322491208139E-003
         376   3.3666670000000001        6.6667000000000004E-002   6.8174717962462350E-003
         377   3.3999999999999999        6.6667000000000004E-002   6.9274756232129506E-003
         378   3.4333330000000002        6.6667000000000004E-002   7.0578311785087951E-003
         379   3.4666670000000002        6.6667000000000004E-002   7.1736767384161697E-003
         380   3.5000000000000000        6.6667000000000004E-002   6.9018776420566854E-003
         381   3.5333329999999998        6.6667000000000004E-002   7.1452555729194572E-003
         382   3.5666669999999998        6.6667000000000004E-002   6.8201920825397607E-003
         383   3.6000000000000001        6.6667000000000004E-002   7.0070959579669710E-003
         384   3.6333329999999999        6.6667000000000004E-002   6.9837191405318303E-003
         385   3.6666669999999999        6.6667000000000004E-002   6.9502848962422273E-003
         386   3.7000000000000002        6.6667000000000004E-002   6.9357600840228486E-003
         387   3.7333330000000000        6.6667000000000004E-002   7.1082976013053826E-003
         388   3.7666670000000000        6.6667000000000004E-002   7.0791002420961370E-003
         389   3.7999999999999998        6.6667000000000004E-002   6.7279979196219301E-003
         390   3.8333330000000001        6.6667000000000004E-002   6.9779457601158749E-003
         391   3.8666670000000001        6.6667000000000004E-002   6.9250445283045971E-003
         392   3.8999999999999999        6.6667000000000004E-002   7.0995988843538804E-003
         393   3.9333330000000002        6.6667000000000004E-002   6.8184691272637748E-003
         394   3.9666670000000002        6.6667000000000004E-002   6.9583718869119593E-003
         395   4.0000000000000000        6.6667000000000004E-002   7.1850673635690653E-003
         396   4.0333329999999998        6.6667000000000004E-002   6.9787178651903540E-003
         397   4.0666669999999998        6.6667000000000004E-002   6.9371465167362310E-003
         398   4.0999999999999996        6.6667000000000004E-002   6.6972505407154733E-003
         399   4.1333330000000004        6.6667000000000004E-002   6.9782634755175110E-003
         400   4.1666670000000003        6.6667000000000004E-002   6.9646084403961316E-003
         401   4.2000000000000002        6.6667000000000004E-002   6.7346967261178109E-003
         402   4.2333330000000000        6.6667000000000004E-002   6.9783245676763497E-003
         403   4.2666670000000000        6.6667000000000004E-002   7.1194874049697564E-003
         404   4.2999999999999998        6.6667000000000004E-002   6.9085434600098562E-003
         405   4.3333329999999997        6.6667000000000004E-002   6.8991293470012918E-003
         406   4.3666669999999996        6.6667000000000004E-002   6.8507402968248504E-003
         407   4.4000000000000004        6.6667000000000004E-002   6.9233060562947923E-003
         408   4.4333330000000002        6.6667000000000004E-002   6.9191947363541522E-003
         409   4.4666670000000002        6.6667000000000004E-002   6.9686159862203077E-003
         410   4.5000000000000000        6.6667000000000004E-002   6.7307276880800874E-003
         411   4.5333329999999998        6.6667000000000004E-002   7.0052814761356321E-003
         412   4.5666669999999998        6.6667000000000004E-002   6.9787258045234226E-003
         413   4.5999999999999996        6.6667000000000004E-002   6.9596574243581738E-003
         414   4.6333330000000004        6.6667000000000004E-002   6.7105003939476535E-003
         415   4.6666670000000003        6.6667000000000004E-002   7.0238655182966745E-003
         416   4.7000000000000002        6.6667000000000004E-002   6.7426164788128530E-003
         417   4.7333330000000000        6.6667000000000004E-002   7.0703368880757952E-003
         418   4.7666670000000000        6.6667000000000004E-002   7.0167052212734690E-003
         419   4.7999999999999998        6.6667000000000004E-002   6.8107246943135301E-003
         420   4.8333329999999997        6.6667000000000004E-002   7.0904365988049495E-003
         421   4.8666669999999996        6.6667000000000004E-002   7.0829516117079834E-003
         422   4.9000000000000004        6.6667000000000004E-002   7.1843069723797250E-003
         423   4.9333330000000002        6.6667000000000004E-002   6.9804356488751187E-003
         424   4.9666670000000002        6.6667000000000004E-002   7.2839442455464535E-003
         425   5.0000000000000000        6.6667000000000004E-002   7.5450703877961087E-003
         426   0.0000000000000000       0.10000000000000001       0.10000000000000001
         427   3.3333000000000002E-002  0.10000000000000001        8.6905378333942129E-002
         428   6.6667000000000004E-002  0.10000000000000001        7.4870846101253608E-002
         429  0.10000000000000001       0.10000000000000001        6.4101416727886523E-002
         430  0.13333300000000001       0.10000000000000001        5.5512377635009949E-002
         431  0.16666700000000001       0.10000000000000001        4.7888214149844073E-002
         432  0.20000000000000001       0.10000000000000001        4.1121173924985467E-002
         433  0.23333300000000001       0.10000000000000001        3.6032690671284881E-002
         434  0.26666699999999999       0.10000000000000001        3.1675181172961794E-002
         435  0.29999999999999999       0.10000000000000001        2.7610374053536585E-002
         436  0.33333299999999999       0.10000000000000001        2.4099433150220857E-002
         437  0.36666700000000002       0.10000000000000001        2.1366241850432545E-002
         438  0.40000000000000002       0.10000000000000001        1.8374570809076896E-002
         439  0.43333300000000002       0.10000000000000001        1.6207579940696534E-002
         440  0.46666700000000000       0.10000000000000001        1.3944383601615876E-002
         441  0.50000000000000000       0.10000000000000001        1.1958307442358320E-002
         442  0.53333299999999995       0.10000000000000001        9.8433737435643202E-003
         443  0.56666700000000003       0.10000000000000001        8.2182820239282452E-003
         444  0.59999999999999998       0.10000000000000001        6.5154972606983694E-003
         445  0.63333300000000003       0.10000000000000001        4.6274518250879488E-003
         446  0.66666700000000001       0.10000000000000001        3.2569438367209260E-003
         447  0.69999999999999996       0.10000000000000001        1.5540325005947171E-003
         448  0.73333300000000001       0.10000000000000001        3.4774694861601355E-004
         449  0.76666699999999999       0.10000000000000001       -8.2815160294457920E-004
         450  0.80000000000000004       0.10000000000000001       -1.8374120722501673E-003
         451  0.83333299999999999       0.10000000000000001       -2.5558307421209379E-003
         452  0.86666699999999997       0.10000000000000001       -2.7734372973346488E-003
         453  0.90000000000000002       0.10000000000000001       -2.6988261394089558E-003
         454  0.93333299999999997       0.10000000000000001       -2.1371939619567663E-003
         455  0.96666700000000005       0.10000000000000001       -1.2538577087554124E-003
         456   1.0000000000000000       0.10000000000000001        0.0000000000000000
         457   1.5000000000000000       0.10000000000000001        0.0000000000000000
         458   1.5333330000000001       0.10000000000000001       -1.1214071430447321E-003
         459   1.5666670000000000       0.10000000000000001       -2.4008339525653914E-003
         460   1.6000000000000001       0.10000000000000001       -3.6450936984351338E-003
         461   1.6333329999999999       0.10000000000000001       -4.7317518687612671E-003
         462   1.6666669999999999       0.10000000000000001       -5.6038730154683962E-003
         463   1.7000000000000000       0.10000000000000001       -6.2647387066872753E-003
         464   1.7333330000000000       0.10000000000000001       -6.6353135156635556E-003
         465   1.7666670000000000       0.10000000000000001       -6.7398662021666798E-003
         466   1.8000000000000000       0.10000000000000001       -6.5697662842351227E-003
         467   1.8333330000000001       0.10000000000000001       -6.3223484002944922E-003
         468   1.8666670000000001       0.10000000000000001       -5.8102020500017688E-003
         469   1.8999999999999999       0.10000000000000001       -5.1039455304219472E-003
         470   1.9333330000000000       0.10000000000000001       -4.4411798543213402E-003
         471   1.9666669999999999       0.10000000000000001       -3.5238621408593168E-003
         472   2.0000000000000000       0.10000000000000001       -2.5404268953550546E-003
         473   2.0333329999999998       0.10000000000000001       -1.6572360181844701E-003
         474   2.0666669999999998       0.10000000000000001       -6.4350009573547746E-004
         475   2.1000000000000001       0.10000000000000001        3.0790950253616197E-004
         476   2.1333329999999999       0.10000000000000001        1.1882142789992449E-003
         477   2.1666669999999999       0.10000000000000001        2.2247820046816685E-003
         478   2.2000000000000002       0.10000000000000001        3.2856971192297452E-003
         479   2.2333330000000000       0.10000000000000001        3.9585279188092976E-003
         480   2.2666670000000000       0.10000000000000001        4.9600842558372603E-003
         481   2.2999999999999998       0.10000000000000001        5.8680261335139258E-003
         482   2.3333330000000001       0.10000000000000001        6.6109423397521707E-003
         483   2.3666670000000001       0.10000000000000001        7.2921472621588256E-003
         484   2.3999999999999999       0.10000000000000001        7.8826418556705979E-003
         485   2.4333330000000002       0.10000000000000001        8.6647660322631912E-003
         486   2.4666670000000002       0.10000000000000001        9.3354284623732176E-003
         487   2.5000000000000000       0.10000000000000001        9.9265997025048645E-003
         488   2.5333329999999998       0.10000000000000001        1.0347410743586690E-002
         489   2.5666669999999998       0.10000000000000001        1.0744740563515105E-002
         490   2.6000000000000001       0.10000000000000001        1.1495227756389611E-002
         491   2.6333329999999999       0.10000000000000001        1.1708477321674191E-002
         492   2.6666669999999999       0.10000000000000001        1.1898627793563309E-002
         493   2.7000000000000002       0.10000000000000001        1.2411132241664843E-002
         494   2.7333330000000000       0.10000000000000001        1.2793273223181778E-002
         495   2.7666670000000000       0.10000000000000001        1.2955780226732157E-002
         496   2.7999999999999998       0.10000000000000001        1.3366608964249412E-002
         497   2.8333330000000001       0.10000000000000001        1.3382209360684195E-002
         498   2.8666670000000001       0.10000000000000001        1.3823715445041617E-002
         499   2.8999999999999999       0.10000000000000001        1.3821161833820806E-002
         500   2.9333330000000002       0.10000000000000001        1.4070108792522814E-002
         501   2.9666670000000002       0.10000000000000001        1.4245957190157860E-002
         502   3.0000000000000000       0.10000000000000001        1.4313334039822198E-002
         503   3.0333329999999998       0.10000000000000001        1.4381954075465733E-002
         504   3.0666669999999998       0.10000000000000001        1.4718827806089662E-002
         505   3.1000000000000001       0.10000000000000001        1.4532259501976908E-002
         506   3.1333329999999999       0.10000000000000001        1.4905246938040418E-002
         507   3.1666669999999999       0.10000000000000001        1.4733183496423153E-002
         508   3.2000000000000002       0.10000000000000001        1.4730977878681375E-002
         509   3.2333330000000000       0.10000000000000001        1.4969074092698008E-002
         510   3.2666670000000000       0.10000000000000001        1.5023397294545692E-002
         511   3.2999999999999998       0.10000000000000001        1.4799462629379471E-002
         512   3.3333330000000001       0.10000000000000001        1.5067759906064236E-002
         513   3.3666670000000001       0.10000000000000001        1.5239710067229786E-002
         514   3.3999999999999999       0.10000000000000001        1.5049226649672351E-002
         515   3.4333330000000002       0.10000000000000001        1.5176583165156372E-002
         516   3.4666670000000002       0.10000000000000001        1.5007616440407844E-002
         517   3.5000000000000000       0.10000000000000001        1.5269433720967137E-002
         518   3.5333329999999998       0.10000000000000001        1.5033656979482111E-002
         519   3.5666669999999998       0.10000000000000001        1.5288313745390497E-002
         520   3.6000000000000001       0.10000000000000001        1.5118818371715859E-002
         521   3.6333329999999999       0.10000000000000001        1.5174427240960471E-002
         522   3.6666669999999999       0.10000000000000001        1.4944155953345771E-002
         523   3.7000000000000002       0.10000000000000001        1.5263878088032718E-002
         524   3.7333330000000000       0.10000000000000001        1.5262087251372652E-002
         525   3.7666670000000000       0.10000000000000001        1.5063589375708189E-002
         526   3.7999999999999998       0.10000000000000001        1.5120533902528292E-002
         527   3.8333330000000001       0.10000000000000001        1.4944669387959035E-002
         528   3.8666670000000001       0.10000000000000001        1.5249142178448600E-002
         529   3.8999999999999999       0.10000000000000001        1.5001810124024862E-002
         530   3.9333330000000002       0.10000000000000001        1.5293529721886454E-002
         531   3.9666670000000002       0.10000000000000001        1.5133222607445450E-002
         532   4.0000000000000000       0.10000000000000001        1.4972626861044846E-002
         533   4.0333329999999998       0.10000000000000001        1.5108762225906614E-002
         534   4.0666669999999998       0.10000000000000001        1.5193765545167322E-002
         535   4.0999999999999996       0.10000000000000001        1.5152564393406618E-002
         536   4.1333330000000004       0.10000000000000001        1.4885506807612605E-002
         537   4.1666670000000003       0.10000000000000001        1.5066696603089083E-002
         538   4.2000000000000002       0.10000000000000001        1.5202938267152320E-002
         539   4.2333330000000000       0.10000000000000001        1.5175126494809354E-002
         540   4.2666670000000000       0.10000000000000001        1.4959355991245744E-002
         541   4.2999999999999998       0.10000000000000001        1.5269336528491162E-002
         542   4.3333329999999997       0.10000000000000001        1.5067559504319459E-002
         543   4.3666669999999996       0.10000000000000001        1.4856473407310345E-002
         544   4.4000000000000004       0.10000000000000001        1.5125932512893989E-002
         545   4.4333330000000002       0.10000000000000001        1.4959784551867941E-002
         546   4.4666670000000002       0.10000000000000001        1.5138593865283054E-002
         547   4.5000000000000000       0.10000000000000001        1.5097903411905381E-002
         548   4.5333329999999998       0.10000000000000001        1.5212978088555196E-002
         549   4.5666669999999998       0.10000000000000001        1.5082328302130457E-002
         550   4.5999999999999996       0.10000000000000001        1.4846263343233726E-002
         551   4.6333330000000004       0.10000000000000001        1.5101510030346162E-002
         552   4.6666670000000003       0.10000000000000001        1.5070355116185747E-002
         553   4.7000000000000002       0.10000000000000001        1.5114707728660599E-002
         554   4.7333330000000000       0.10000000000000001        1.5210062200958191E-002
         555   4.7666670000000000       0.10000000000000001        1.4991014676421619E-002
         556   4.7999999999999998       0.10000000000000001        1.5243831891791576E-002
         557   4.8333329999999997       0.10000000000000001        1.5356496562804779E-002
         558   4.8666669999999996       0.10000000000000001        1.5245202545444522E-002
         559   4.9000000000000004       0.10000000000000001        1.5156137508829153E-002
         560   4.9333330000000002       0.10000000000000001        1.5517600044899136E-002
         561   4.9666670000000002       0.10000000000000001        1.5376351469728416E-002
         562   5.0000000000000000       0.10000000000000001        1.5504197904790852E-002
         563   0.0000000000000000       0.13333300000000001       0.13333300000000001
         564   3.3333000000000002E-002  0.13333300000000001       0.11891390902756398
         565   6.6667000000000004E-002  0.13333300000000001       0.10525714566992658
         566  0.10000000000000001       0.13333300000000001        9.3031697701386237E-002
         567  0.13333300000000001       0.13333300000000001        8.1839050688274684E-002
         568  0.16666700000000001       0.13333300000000001        7.2181373806591675E-002
         569  0.20000000000000001       0.13333300000000001        6.3880705432518392E-002
         570  0.23333300000000001       0.13333300000000001        5.6755971766831351E-002
         571  0.26666699999999999       0.13333300000000001        5.0197060176951969E-002
         572  0.29999999999999999       0.13333300000000001        4.5113537662080011E-002
         573  0.33333299999999999       0.13333300000000001        4.0021517364406185E-002
         574  0.36666700000000002       0.13333300000000001        3.5519862167615483E-002
         575  0.40000000000000002       0.13333300000000001        3.1927761663441051E-002
         576  0.43333300000000002       0.13333300000000001        2.8181377865143662E-002
         577  0.46666700000000000       0.13333300000000001        2.4595234529920663E-002
         578  0.50000000000000000       0.13333300000000001        2.1736245759857633E-002
         579  0.53333299999999995       0.13333300000000001        1.8892759522146124E-002
         580  0.56666700000000003       0.13333300000000001        1.5783161576876675E-002
         581  0.59999999999999998       0.13333300000000001        1.3265907744482528E-002
         582  0.63333300000000003       0.13333300000000001        1.0540541376343374E-002
         583  0.66666700000000001       0.13333300000000001        7.9649708090481948E-003
         584  0.69999999999999996       0.13333300000000001        5.5288337814621939E-003
         585  0.73333300000000001       0.13333300000000001        3.3101015692302612E-003
         586  0.76666699999999999       0.13333300000000001        1.1184076739527849E-003
         587  0.80000000000000004       0.13333300000000001       -4.6860605789241275E-004
         588  0.83333299999999999       0.13333300000000001       -1.7625089105282319E-003
         589  0.86666699999999997       0.13333300000000001       -2.6761837831142236E-003
         590  0.90000000000000002       0.13333300000000001       -2.7977106055787674E-003
         591  0.93333299999999997       0.13333300000000001       -2.5246379898185125E-003
         592  0.96666700000000005       0.13333300000000001       -1.4738939642336710E-003
         593   1.0000000000000000       0.13333300000000001        0.0000000000000000
         594   1.5000000000000000       0.13333300000000001        0.0000000000000000
         595   1.5333330000000001       0.13333300000000001       -1.6106740373177189E-003
         596   1.5666670000000000       0.13333300000000001       -3.3538293522821696E-003
         597   1.6000000000000001       0.13333300000000001       -4.9969753873236773E-003
         598   1.6333329999999999       0.13333300000000001       -6.4023570897347674E-003
         599   1.6666669999999999       0.13333300000000001       -7.5137345281699576E-003
         600   1.7000000000000000       0.13333300000000001       -8.2136037927504641E-003
         601   1.7333330000000000       0.13333300000000001       -8.5315738928847772E-003
         602   1.7666670000000000       0.13333300000000001       -8.5466076585726403E-003
         603   1.8000000000000000       0.13333300000000001       -8.1533365977934230E-003
         604   1.8333330000000001       0.13333300000000001       -7.4973958846048265E-003
         605   1.8666670000000001       0.13333300000000001       -6.5902586116775019E-003
         606   1.8999999999999999       0.13333300000000001       -5.5767591197626847E-003
         607   1.9333330000000000       0.13333300000000001       -4.2092782991209245E-003
         608   1.9666669999999999       0.13333300000000001       -2.8937421257768615E-003
         609   2.0000000000000000       0.13333300000000001       -1.5130134375731352E-003
         610   2.0333329999999998       0.13333300000000001        7.9001619984709213E-005
         611   2.0666669999999998       0.13333300000000001        1.5575394424841946E-003
         612   2.1000000000000001       0.13333300000000001        3.1324727745107588E-003
         613   2.1333329999999999       0.13333300000000001        4.7229078523538743E-003
         614   2.1666669999999999       0.13333300000000001        6.0755250005930621E-003
         615   2.2000000000000002       0.13333300000000001        7.5353394644018133E-003
         616   2.2333330000000000       0.13333300000000001        8.9096338866625352E-003
         617   2.2666670000000000       0.13333300000000001        1.0265272504201969E-002
         618   2.2999999999999998       0.13333300000000001        1.1513827829110600E-002
         619   2.3333330000000001       0.13333300000000001        1.2685276051899926E-002
         620   2.3666670000000001       0.13333300000000001        1.3915814387769706E-002
         621   2.3999999999999999       0.13333300000000001        1.5099839359754371E-002
         622   2.4333330000000002       0.13333300000000001        1.6004058512536248E-002
         623   2.4666670000000002       0.13333300000000001        1.6844878696411648E-002
         624   2.5000000000000000       0.13333300000000001        1.7735605693422838E-002
         625   2.5333329999999998       0.13333300000000001        1.8523927715352627E-002
         626   2.5666669999999998       0.13333300000000001        1.9431449564044242E-002
         627   2.6000000000000001       0.13333300000000001        2.0079709157721389E-002
         628   2.6333329999999999       0.13333300000000001        2.0630416398155889E-002
         629   2.6666669999999999       0.13333300000000001        2.1383718850163169E-002
         630   2.7000000000000002       0.13333300000000001        2.1805459029977329E-002
         631   2.7333330000000000       0.13333300000000001        2.2138250140475508E-002
         632   2.7666670000000000       0.13333300000000001        2.2834193809553028E-002
         633   2.7999999999999998       0.13333300000000001        2.3033810156835439E-002
         634   2.8333330000000001       0.13333300000000001        2.3624425491275473E-002
         635   2.8666670000000001       0.13333300000000001        2.3749892821996313E-002
         636   2.8999999999999999       0.13333300000000001        2.4229286563193401E-002
         637   2.9333330000000002       0.13333300000000001        2.4417929336343437E-002
         638   2.9666670000000002       0.13333300000000001        2.4624243496016655E-002
         639   3.0000000000000000       0.13333300000000001        2.4952739895137042E-002
         640   3.0333329999999998       0.13333300000000001        2.4957548557364789E-002
         641   3.0666669999999998       0.13333300000000001        2.5205895026701539E-002
         642   3.1000000000000001       0.13333300000000001        2.5429467154430587E-002
         643   3.1333329999999999       0.13333300000000001        2.5392477027569117E-002
         644   3.1666669999999999       0.13333300000000001        2.5678535090376060E-002
         645   3.2000000000000002       0.13333300000000001        2.5775498685857309E-002
         646   3.2333330000000000       0.13333300000000001        2.5849781679747059E-002
         647   3.2666670000000000       0.13333300000000001        2.5873694528613225E-002
         648   3.2999999999999998       0.13333300000000001        2.5960306164964808E-002
         649   3.3333330000000001       0.13333300000000001        2.6091041764410249E-002
         650   3.3666670000000001       0.13333300000000001        2.5975630830880433E-002
         651   3.3999999999999999       0.13333300000000001        2.6265597847776437E-002
         652   3.4333330000000002       0.13333300000000001        2.6049660058161939E-002
         653   3.4666670000000002       0.13333300000000001        2.6335720046856772E-002
         654   3.5000000000000000       0.13333300000000001        2.6100051164477774E-002
         655   3.5333329999999998       0.13333300000000001        2.6365297643923365E-002
         656   3.5666669999999998       0.13333300000000001        2.6148205702657717E-002
         657   3.6000000000000001       0.13333300000000001        2.6441785530508587E-002
         658   3.6333329999999999       0.13333300000000001        2.6124927456288083E-002
         659   3.6666669999999999       0.13333300000000001        2.6340707296686805E-002
         660   3.7000000000000002       0.13333300000000001        2.6377738746412267E-002
         661   3.7333330000000000       0.13333300000000001        2.6096631546965621E-002
         662   3.7666670000000000       0.13333300000000001        2.6269189004674374E-002
         663   3.7999999999999998       0.13333300000000001        2.6214691576054938E-002
         664   3.8333330000000001       0.13333300000000001        2.6398644042955829E-002
         665   3.8666670000000001       0.13333300000000001        2.6109576584092957E-002
         666   3.8999999999999999       0.13333300000000001        2.6334851821355268E-002
         667   3.9333330000000002       0.13333300000000001        2.6206385743325036E-002
         668   3.9666670000000002       0.13333300000000001        2.6287184061367520E-002
         669   4.0000000000000000       0.13333300000000001        2.6435646118449604E-002
         670   4.0333329999999998       0.13333300000000001        2.6270336462649282E-002
         671   4.0666669999999998       0.13333300000000001        2.6070673209419502E-002
         672   4.0999999999999996       0.13333300000000001        2.6309349754917801E-002
         673   4.1333330000000004       0.13333300000000001        2.6319860151550894E-002
         674   4.1666670000000003       0.13333300000000001        2.6194972612016164E-002
         675   4.2000000000000002       0.13333300000000001        2.6311678620849231E-002
         676   4.2333330000000000       0.13333300000000001        2.6055904418479950E-002
         677   4.2666670000000000       0.13333300000000001        2.6253060542153990E-002
         678   4.2999999999999998       0.13333300000000001        2.6132509479616605E-002
         679   4.3333329999999997       0.13333300000000001        2.6231910250959712E-002
         680   4.3666669999999996       0.13333300000000001        2.6364267904774946E-002
         681   4.4000000000000004       0.13333300000000001        2.6243932677712266E-002
         682   4.4333330000000002       0.13333300000000001        2.6148452064569828E-002
         683   4.4666670000000002       0.13333300000000001        2.6024809680914213E-002
         684   4.5000000000000000       0.13333300000000001        2.6276497948511293E-002
         685   4.5333329999999998       0.13333300000000001        2.6164006411079282E-002
         686   4.5666669999999998       0.13333300000000001        2.6279000672101406E-002
         687   4.5999999999999996       0.13333300000000001        2.6226298065860177E-002
         688   4.6333330000000004       0.13333300000000001        2.6259257053681186E-002
         689   4.6666670000000003       0.13333300000000001        2.6046630035956548E-002
         690   4.7000000000000002       0.13333300000000001        2.6404857272993795E-002
         691   4.7333330000000000       0.13333300000000001        2.6164288579487202E-002
         692   4.7666670000000000       0.13333300000000001        2.6479239990552614E-002
         693   4.7999999999999998       0.13333300000000001        2.6297312764014452E-002
         694   4.8333329999999997       0.13333300000000001        2.6343231038828151E-002
         695   4.8666669999999996       0.13333300000000001        2.6364019980715157E-002
         696   4.9000000000000004       0.13333300000000001        2.6630326370432347E-002
         697   4.9333330000000002       0.13333300000000001        2.6518048792432598E-002
         698   4.9666670000000002       0.13333300000000001        2.6589145591964115E-002
         699   5.0000000000000000       0.13333300000000001        2.6615561669387926E-002
         700   0.0000000000000000       0.16666700000000001       0.16666700000000001
         701   3.3333000000000002E-002  0.16666700000000001       0.15140924187807736
         702   6.6667000000000004E-002  0.16666700000000001       0.13682912837773359
         703  0.10000000000000001       0.16666700000000001       0.12291310851086708
         704  0.13333300000000001       0.16666700000000001       0.11059207020327755
         705  0.16666700000000001       0.16666700000000001        9.9008236307523034E-002
         706  0.20000000000000001       0.16666700000000001        8.9256742032525885E-002
         707  0.23333300000000001       0.16666700000000001        8.0246551996822318E-002
         708  0.26666699999999999       0.16666700000000001        7.2428115001762980E-002
         709  0.29999999999999999       0.16666700000000001        6.5156478402436602E-002
         710  0.33333299999999999       0.16666700000000001        5.9049644577004214E-002
         711  0.36666700000000002       0.16666700000000001        5.3473129546609481E-002
         712  0.40000000000000002       0.16666700000000001        4.7887912859707282E-002
         713  0.43333300000000002       0.16666700000000001        4.3240498849268359E-002
         714  0.46666700000000000       0.16666700000000001        3.8592911689742646E-002
         715  0.50000000000000000       0.16666700000000001        3.4362751376949781E-002
         716  0.53333299999999995       0.16666700000000001        3.0027182700054247E-002
         717  0.56666700000000003       0.16666700000000001        2.6178825542912055E-002
         718  0.59999999999999998       0.16666700000000001        2.2215595028020649E-002
         719  0.63333300000000003       0.16666700000000001        1.8569934135978808E-002
         720  0.66666700000000001       0.16666700000000001        1.4629347446052987E-002
         721  0.69999999999999996       0.16666700000000001        1.1273353421238213E-002
         722  0.73333300000000001       0.16666700000000001        7.7697567927545426E-003
         723  0.76666699999999999       0.16666700000000001        4.7140677931678324E-003
         724  0.80000000000000004       0.16666700000000001        1.8694806393904357E-003
         725  0.83333299999999999       0.16666700000000001       -1.4424041222390617E-004
         726  0.86666699999999997       0.16666700000000001       -1.6968516804896350E-003
         727  0.90000000000000002       0.16666700000000001       -2.5711245273860894E-003
         728  0.93333299999999997       0.16666700000000001       -2.5264286428456806E-003
         729  0.96666700000000005       0.16666700000000001       -1.7025432659736879E-003
         730   1.0000000000000000       0.16666700000000001        0.0000000000000000
         731   1.5000000000000000       0.16666700000000001        0.0000000000000000
         732   1.5333330000000001       0.16666700000000001       -2.1158190350842464E-003
         733   1.5666670000000000       0.16666700000000001       -4.2940329239909676E-003
         734   1.6000000000000001       0.16666700000000001       -6.3155736851602468E-003
         735   1.6333329999999999       0.16666700000000001       -8.0166967704054619E-003
         736   1.6666669999999999       0.16666700000000001       -9.1727567060994296E-003
         737   1.7000000000000000       0.16666700000000001       -9.7755510413702184E-003
         738   1.7333330000000000       0.16666700000000001       -1.0073695280337492E-002
         739   1.7666670000000000       0.16666700000000001       -9.6682094466135852E-003
         740   1.8000000000000000       0.16666700000000001       -9.0453716178593071E-003
         741   1.8333330000000001       0.16666700000000001       -7.7900981713894136E-003
         742   1.8666670000000001       0.16666700000000001       -6.5444113096098534E-003
         743   1.8999999999999999       0.16666700000000001       -4.7688163077481997E-003
         744   1.9333330000000000       0.16666700000000001       -3.0630030485118741E-003
         745   1.9666669999999999       0.16666700000000001       -9.8031980384337435E-004
         746   2.0000000000000000       0.16666700000000001        1.2023051803319552E-003
         747   2.0333329999999998       0.16666700000000001        3.1597665117987020E-003
         748   2.0666669999999998       0.16666700000000001        5.4962312290335758E-003
         749   2.1000000000000001       0.16666700000000001        7.5683520162632472E-003
         750   2.1333329999999999       0.16666700000000001        9.6147162264396246E-003
         751   2.1666669999999999       0.16666700000000001        1.1852967280326636E-002
         752   2.2000000000000002       0.16666700000000001        1.3653150828176273E-002
         753   2.2333330000000000       0.16666700000000001        1.5753148492377394E-002
         754   2.2666670000000000       0.16666700000000001        1.7590855745342294E-002
         755   2.2999999999999998       0.16666700000000001        1.9198663199593891E-002
         756   2.3333330000000001       0.16666700000000001        2.1072269884187551E-002
         757   2.3666670000000001       0.16666700000000001        2.2671696577175753E-002
         758   2.3999999999999999       0.16666700000000001        2.4015171955993057E-002
         759   2.4333330000000002       0.16666700000000001        2.5574397488741733E-002
         760   2.4666670000000002       0.16666700000000001        2.6891117220178534E-002
         761   2.5000000000000000       0.16666700000000001        2.7915934730281960E-002
         762   2.5333329999999998       0.16666700000000001        2.9276058878089036E-002
         763   2.5666669999999998       0.16666700000000001        3.0333916859454163E-002
         764   2.6000000000000001       0.16666700000000001        3.1155270799251587E-002
         765   2.6333329999999999       0.16666700000000001        3.2174625409458868E-002
         766   2.6666669999999999       0.16666700000000001        3.2837422081407601E-002
         767   2.7000000000000002       0.16666700000000001        3.3770322321994929E-002
         768   2.7333330000000000       0.16666700000000001        3.4474668287710127E-002
         769   2.7666670000000000       0.16666700000000001        3.4904807750460835E-002
         770   2.7999999999999998       0.16666700000000001        3.5736438536330836E-002
         771   2.8333330000000001       0.16666700000000001        3.6061789156947500E-002
         772   2.8666670000000001       0.16666700000000001        3.6813210920617886E-002
         773   2.8999999999999999       0.16666700000000001        3.7122188870855839E-002
         774   2.9333330000000002       0.16666700000000001        3.7407305654451203E-002
         775   2.9666670000000002       0.16666700000000001        3.7573715306674256E-002
         776   3.0000000000000000       0.16666700000000001        3.8152135841522064E-002
         777   3.0333329999999998       0.16666700000000001        3.8442276234266624E-002
         778   3.0666669999999998       0.16666700000000001        3.8460034254873258E-002
         779   3.1000000000000001       0.16666700000000001        3.8859879787624417E-002
         780   3.1333329999999999       0.16666700000000001        3.9223350551425451E-002
         781   3.1666669999999999       0.16666700000000001        3.9123869144285742E-002
         782   3.2000000000000002       0.16666700000000001        3.9597214500524544E-002
         783   3.2333330000000000       0.16666700000000001        3.9562809733943549E-002
         784   3.2666670000000000       0.16666700000000001        3.9470386434587050E-002
         785   3.2999999999999998       0.16666700000000001        3.9858777565302865E-002
         786   3.3333330000000001       0.16666700000000001        3.9708938303336626E-002
         787   3.3666670000000001       0.16666700000000001        4.0060333664595757E-002
         788   3.3999999999999999       0.16666700000000001        3.9869433472170292E-002
         789   3.4333330000000002       0.16666700000000001        4.0190748217367914E-002
         790   3.4666670000000002       0.16666700000000001        4.0073831392310293E-002
         791   3.5000000000000000       0.16666700000000001        4.0211270968800186E-002
         792   3.5333329999999998       0.16666700000000001        4.0072253793283261E-002
         793   3.5666669999999998       0.16666700000000001        4.0286320023029606E-002
         794   3.6000000000000001       0.16666700000000001        4.0271696730802990E-002
         795   3.6333329999999999       0.16666700000000001        4.0340577429399706E-002
         796   3.6666669999999999       0.16666700000000001        4.0284089007862144E-002
         797   3.7000000000000002       0.16666700000000001        4.0198661568793891E-002
         798   3.7333330000000000       0.16666700000000001        4.0288152694655986E-002
         799   3.7666670000000000       0.16666700000000001        4.0094951339934091E-002
         800   3.7999999999999998       0.16666700000000001        4.0400319048008775E-002
         801   3.8333330000000001       0.16666700000000001        4.0234940484262384E-002
         802   3.8666670000000001       0.16666700000000001        4.0275539946517565E-002
         803   3.8999999999999999       0.16666700000000001        4.0400793052477145E-002
         804   3.9333330000000002       0.16666700000000001        4.0264068307901697E-002
         805   3.9666670000000002       0.16666700000000001        4.0241229586123542E-002
         806   4.0000000000000000       0.16666700000000001        4.0124811136553806E-002
         807   4.0333329999999998       0.16666700000000001        4.0335272743949074E-002
         808   4.0666669999999998       0.16666700000000001        4.0335883468777804E-002
         809   4.0999999999999996       0.16666700000000001        4.0095864240803775E-002
         810   4.1333330000000004       0.16666700000000001        4.0272781871649330E-002
         811   4.1666670000000003       0.16666700000000001        4.0422027336937637E-002
         812   4.2000000000000002       0.16666700000000001        4.0195445726916093E-002
         813   4.2333330000000000       0.16666700000000001        4.0314220919604800E-002
         814   4.2666670000000000       0.16666700000000001        4.0250023958797468E-002
         815   4.2999999999999998       0.16666700000000001        4.0138593140902061E-002
         816   4.3333329999999997       0.16666700000000001        4.0238552735170900E-002
         817   4.3666669999999996       0.16666700000000001        4.0041862988865431E-002
         818   4.4000000000000004       0.16666700000000001        4.0212636422260521E-002
         819   4.4333330000000002       0.16666700000000001        4.0240665161631085E-002
         820   4.4666670000000002       0.16666700000000001        4.0368972878652508E-002
         821   4.5000000000000000       0.16666700000000001        4.0206135576094697E-002
         822   4.5333329999999998       0.16666700000000001        4.0251770804426129E-002
         823   4.5666669999999998       0.16666700000000001        4.0049808216458739E-002
         824   4.5999999999999996       0.16666700000000001        4.0378696944437381E-002
         825   4.6333330000000004       0.16666700000000001        4.0068972917128839E-002
         826   4.6666670000000003       0.16666700000000001        4.0286553266049706E-002
         827   4.7000000000000002       0.16666700000000001        4.0211305392737789E-002
         828   4.7333330000000000       0.16666700000000001        4.0397596413423387E-002
         829   4.7666670000000000       0.16666700000000001        4.0381329198092841E-002
         830   4.7999999999999998       0.16666700000000001        4.0465704455603213E-002
         831   4.8333329999999997       0.16666700000000001        4.0243213344655589E-002
         832   4.8666669999999996       0.16666700000000001        4.0566632923398606E-002
         833   4.9000000000000004       0.16666700000000001        4.0384614050590573E-002
         834   4.9333330000000002       0.16666700000000001        4.0653447266891150E-002
         835   4.9666670000000002       0.16666700000000001        4.0650813894444929E-002
         836   5.0000000000000000       0.16666700000000001        4.0605770403850640E-002
         837   0.0000000000000000       0.20000000000000001       0.20000000000000001
         838   3.3333000000000002E-002  0.20000000000000001       0.18420857645391406
         839   6.6667000000000004E-002  0.20000000000000001       0.16881843731626603
         840  0.10000000000000001       0.20000000000000001       0.15422311354320417
         841  0.13333300000000001       0.20000000000000001       0.14044246459707801
         842  0.16666700000000001       0.20000000000000001       0.12811737298643902
         843  0.20000000000000001       0.20000000000000001       0.11660269835936371
         844  0.23333300000000001       0.20000000000000001       0.10602493740110008
         845  0.26666699999999999       0.20000000000000001        9.6927761626075706E-002
         846  0.29999999999999999       0.20000000000000001        8.8576764719311404E-002
         847  0.33333299999999999       0.20000000000000001        8.0881283116473773E-002
         848  0.36666700000000002       0.20000000000000001        7.3609454917430220E-002
         849  0.40000000000000002       0.20000000000000001        6.7121163899680342E-002
         850  0.43333300000000002       0.20000000000000001        6.0837129042280946E-002
         851  0.46666700000000000       0.20000000000000001        5.5071788270635920E-002
         852  0.50000000000000000       0.20000000000000001        4.9446637213397766E-002
         853  0.53333299999999995       0.20000000000000001        4.4233915023843183E-002
         854  0.56666700000000003       0.20000000000000001        3.8800375650859212E-002
         855  0.59999999999999998       0.20000000000000001        3.3666302314576339E-002
         856  0.63333300000000003       0.20000000000000001        2.8430713197710459E-002
         857  0.66666700000000001       0.20000000000000001        2.3632476298963222E-002
         858  0.69999999999999996       0.20000000000000001        1.8555118707995397E-002
         859  0.73333300000000001       0.20000000000000001        1.4084701364747629E-002
         860  0.76666699999999999       0.20000000000000001        9.6844505896271117E-003
         861  0.80000000000000004       0.20000000000000001        5.7394936603273406E-003
         862  0.83333299999999999       0.20000000000000001        2.3604370368276086E-003
         863  0.86666699999999997       0.20000000000000001       -9.2296346646319110E-005
         864  0.90000000000000002       0.20000000000000001       -1.6864290619093547E-003
         865  0.93333299999999997       0.20000000000000001       -2.3017099503974299E-003
         866  0.96666700000000005       0.20000000000000001       -1.6265379874254166E-003
         867   1.0000000000000000       0.20000000000000001        0.0000000000000000
         868   1.5000000000000000       0.20000000000000001        0.0000000000000000
         869   1.5333330000000001       0.20000000000000001       -2.5982277043458740E-003
         870   1.5666670000000000       0.20000000000000001       -5.2473908999413534E-003
         871   1.6000000000000001       0.20000000000000001       -7.5164999822149598E-003
         872   1.6333329999999999       0.20000000000000001       -9.2479803485696621E-003
         873   1.6666669999999999       0.20000000000000001       -1.0483234476404243E-002
         874   1.7000000000000000       0.20000000000000001       -1.0961375892640766E-002
         875   1.7333330000000000       0.20000000000000001       -1.0799260603600688E-002
         876   1.7666670000000000       0.20000000000000001       -1.0181905430395490E-002
         877   1.8000000000000000       0.20000000000000001       -8.8106081683347534E-003
         878   1.8333330000000001       0.20000000000000001       -7.1472463684469183E-003
         879   1.8666670000000001       0.20000000000000001       -5.0955902810699621E-003
         880   1.8999999999999999       0.20000000000000001       -2.8882367130237383E-003
         881   1.9333330000000000       0.20000000000000001       -2.2089846803176325E-004
         882   1.9666669999999999       0.20000000000000001        2.4424844042869420E-003
         883   2.0000000000000000       0.20000000000000001        5.2409126051138136E-003
         884   2.0333329999999998       0.20000000000000001        8.1172514607736196E-003
         885   2.0666669999999998       0.20000000000000001        1.0856190890802015E-002
         886   2.1000000000000001       0.20000000000000001        1.3801625627932437E-002
         887   2.1333329999999999       0.20000000000000001        1.6743747493803574E-002
         888   2.1666669999999999       0.20000000000000001        1.9311175339250339E-002
         889   2.2000000000000002       0.20000000000000001        2.2012881660789116E-002
         890   2.2333330000000000       0.20000000000000001        2.4491622088494251E-002
         891   2.2666670000000000       0.20000000000000001        2.6792414529228717E-002
         892   2.2999999999999998       0.20000000000000001        2.9322349679995290E-002
         893   2.3333330000000001       0.20000000000000001        3.1462287191577273E-002
         894   2.3666670000000001       0.20000000000000001        3.3431637877519779E-002
         895   2.3999999999999999       0.20000000000000001        3.5572790384822008E-002
         896   2.4333330000000002       0.20000000000000001        3.7207091625998764E-002
         897   2.4666670000000002       0.20000000000000001        3.9072592877442990E-002
         898   2.5000000000000000       0.20000000000000001        4.0759671893871106E-002
         899   2.5333329999999998       0.20000000000000001        4.2231755658378702E-002
         900   2.5666669999999998       0.20000000000000001        4.3399837692161478E-002
         901   2.6000000000000001       0.20000000000000001        4.4767973003316600E-002
         902   2.6333329999999999       0.20000000000000001        4.6045838686226720E-002
         903   2.6666669999999999       0.20000000000000001        4.7219044004863132E-002
         904   2.7000000000000002       0.20000000000000001        4.7991118589392950E-002
         905   2.7333330000000000       0.20000000000000001        4.9118199879298302E-002
         906   2.7666670000000000       0.20000000000000001        4.9868518514502504E-002
         907   2.7999999999999998       0.20000000000000001        5.0606904118085591E-002
         908   2.8333330000000001       0.20000000000000001        5.1424243348032528E-002
         909   2.8666670000000001       0.20000000000000001        5.2007308654288889E-002
         910   2.8999999999999999       0.20000000000000001        5.2586988432632355E-002
         911   2.9333330000000002       0.20000000000000001        5.3080461969964063E-002
         912   2.9666670000000002       0.20000000000000001        5.3555835221276965E-002
         913   3.0000000000000000       0.20000000000000001        5.3814069730311637E-002
         914   3.0333329999999998       0.20000000000000001        5.4366802392315901E-002
         915   3.0666669999999998       0.20000000000000001        5.4831618145690507E-002
         916   3.1000000000000001       0.20000000000000001        5.4964609293472487E-002
         917   3.1333329999999999       0.20000000000000001        5.5281519374288192E-002
         918   3.1666669999999999       0.20000000000000001        5.5538920222794823E-002
         919   3.2000000000000002       0.20000000000000001        5.5704056432567491E-002
         920   3.2333330000000000       0.20000000000000001        5.6007576258878894E-002
         921   3.2666670000000000       0.20000000000000001        5.6164259673968181E-002
         922   3.2999999999999998       0.20000000000000001        5.6089408521225008E-002
         923   3.3333330000000001       0.20000000000000001        5.6423612747583729E-002
         924   3.3666670000000001       0.20000000000000001        5.6490547181633752E-002
         925   3.3999999999999999       0.20000000000000001        5.6575789160681192E-002
         926   3.4333330000000002       0.20000000000000001        5.6580632712530478E-002
         927   3.4666670000000002       0.20000000000000001        5.6740536088471252E-002
         928   3.5000000000000000       0.20000000000000001        5.6859729042573130E-002
         929   3.5333329999999998       0.20000000000000001        5.7063216325631112E-002
         930   3.5666669999999998       0.20000000000000001        5.6919605267669121E-002
         931   3.6000000000000001       0.20000000000000001        5.6770135529603867E-002
         932   3.6333329999999999       0.20000000000000001        5.6952725571687075E-002
         933   3.6666669999999999       0.20000000000000001        5.6995960153497213E-002
         934   3.7000000000000002       0.20000000000000001        5.7053911838785269E-002
         935   3.7333330000000000       0.20000000000000001        5.7040575741354183E-002
         936   3.7666670000000000       0.20000000000000001        5.7085610599978492E-002
         937   3.7999999999999998       0.20000000000000001        5.6889454035868300E-002
         938   3.8333330000000001       0.20000000000000001        5.7083980810406040E-002
         939   3.8666670000000001       0.20000000000000001        5.7090523727962701E-002
         940   3.8999999999999999       0.20000000000000001        5.7032413951129700E-002
         941   3.9333330000000002       0.20000000000000001        5.6962164346942852E-002
         942   3.9666670000000002       0.20000000000000001        5.7044075572832711E-002
         943   4.0000000000000000       0.20000000000000001        5.7162097406999485E-002
         944   4.0333329999999998       0.20000000000000001        5.6916811095978202E-002
         945   4.0666669999999998       0.20000000000000001        5.7130405852356556E-002
         946   4.0999999999999996       0.20000000000000001        5.7143370730453107E-002
         947   4.1333330000000004       0.20000000000000001        5.7012301156289934E-002
         948   4.1666670000000003       0.20000000000000001        5.6864317420284353E-002
         949   4.2000000000000002       0.20000000000000001        5.6963185320466868E-002
         950   4.2333330000000000       0.20000000000000001        5.7046739370338953E-002
         951   4.2666670000000000       0.20000000000000001        5.7055590870633492E-002
         952   4.2999999999999998       0.20000000000000001        5.7146474505098986E-002
         953   4.3333329999999997       0.20000000000000001        5.6853232800054408E-002
         954   4.3666669999999996       0.20000000000000001        5.7036144815565896E-002
         955   4.4000000000000004       0.20000000000000001        5.7087267041921130E-002
         956   4.4333330000000002       0.20000000000000001        5.6995794354734730E-002
         957   4.4666670000000002       0.20000000000000001        5.6846244100484979E-002
         958   4.5000000000000000       0.20000000000000001        5.7141955396044199E-002
         959   4.5333329999999998       0.20000000000000001        5.6899277535486001E-002
         960   4.5666669999999998       0.20000000000000001        5.6975097049082837E-002
         961   4.5999999999999996       0.20000000000000001        5.7012240839146369E-002
         962   4.6333330000000004       0.20000000000000001        5.7036630390945788E-002
         963   4.6666670000000003       0.20000000000000001        5.7112773653711577E-002
         964   4.7000000000000002       0.20000000000000001        5.6989258393238915E-002
         965   4.7333330000000000       0.20000000000000001        5.7126069348031154E-002
         966   4.7666670000000000       0.20000000000000001        5.6962854089535733E-002
         967   4.7999999999999998       0.20000000000000001        5.7230901480729464E-002
         968   4.8333329999999997       0.20000000000000001        5.7271035112277484E-002
         969   4.8666669999999996       0.20000000000000001        5.7107610399956626E-002
         970   4.9000000000000004       0.20000000000000001        5.7343902618705242E-002
         971   4.9333330000000002       0.20000000000000001        5.7344499462432266E-002
         972   4.9666670000000002       0.20000000000000001        5.7461814963413939E-002
         973   5.0000000000000000       0.20000000000000001        5.7241763135696837E-002
         974   0.0000000000000000       0.23333300000000001       0.23333300000000001
         975   3.3333000000000002E-002  0.23333300000000001       0.21719850362927087
         976   6.6667000000000004E-002  0.23333300000000001       0.20128995518609152
         977  0.10000000000000001       0.23333300000000001       0.18611928774942096
         978  0.13333300000000001       0.23333300000000001       0.17177635828428228
         979  0.16666700000000001       0.23333300000000001       0.15810887552599848
         980  0.20000000000000001       0.23333300000000001       0.14575570040333716
         981  0.23333300000000001       0.23333300000000001       0.13422470522799337
         982  0.26666699999999999       0.23333300000000001       0.12370069148759334
         983  0.29999999999999999       0.23333300000000001       0.11385209002603278
         984  0.33333299999999999       0.23333300000000001       0.10484931682565282
         985  0.36666700000000002       0.23333300000000001        9.6481601254509705E-002
         986  0.40000000000000002       0.23333300000000001        8.8583135126495446E-002
         987  0.43333300000000002       0.23333300000000001        8.1276171931425584E-002
         988  0.46666700000000000       0.23333300000000001        7.4169277337248402E-002
         989  0.50000000000000000       0.23333300000000001        6.7265353574053527E-002
         990  0.53333299999999995       0.23333300000000001        6.0397129688771908E-002
         991  0.56666700000000003       0.23333300000000001        5.4062658506473391E-002
         992  0.59999999999999998       0.23333300000000001        4.7251012534784184E-002
         993  0.63333300000000003       0.23333300000000001        4.0980306833716541E-002
         994  0.66666700000000001       0.23333300000000001        3.4427079884008865E-002
         995  0.69999999999999996       0.23333300000000001        2.8160375090986605E-002
         996  0.73333300000000001       0.23333300000000001        2.2084850926738800E-002
         997  0.76666699999999999       0.23333300000000001        1.6260986000492986E-002
         998  0.80000000000000004       0.23333300000000001        1.1084569983014828E-002
         999  0.83333299999999999       0.23333300000000001        6.1570381974161183E-003
        1000  0.86666699999999997       0.23333300000000001        2.4594322604173163E-003
        1001  0.90000000000000002       0.23333300000000001       -4.1928725093103351E-004
        1002  0.93333299999999997       0.23333300000000001       -1.6129012560797561E-003
        1003  0.96666700000000005       0.23333300000000001       -1.6792290844193660E-003
        1004   1.0000000000000000       0.23333300000000001        0.0000000000000000
        1005   1.5000000000000000       0.23333300000000001        0.0000000000000000
        1006   1.5333330000000001       0.23333300000000001       -3.0953656796157245E-003
        1007   1.5666670000000000       0.23333300000000001       -6.0563423023656431E-003
        1008   1.6000000000000001       0.23333300000000001       -8.4905125973920234E-003
        1009   1.6333329999999999       0.23333300000000001       -1.0323503353759844E-002
        1010   1.6666669999999999       0.23333300000000001       -1.1153823056307247E-002
        1011   1.7000000000000000       0.23333300000000001       -1.1496338854153814E-002
        1012   1.7333330000000000       0.23333300000000001       -1.0732561891706233E-002
        1013   1.7666670000000000       0.23333300000000001       -9.3567361949571069E-003
        1014   1.8000000000000000       0.23333300000000001       -7.4662321316440964E-003
        1015   1.8333330000000001       0.23333300000000001       -5.2436728073387267E-003
        1016   1.8666670000000001       0.23333300000000001       -2.3229911732322926E-003
        1017   1.8999999999999999       0.23333300000000001        9.1243933142648567E-004
        1018   1.9333330000000000       0.23333300000000001        4.1618002180641043E-003
        1019   1.9666669999999999       0.23333300000000001        7.5712639797809898E-003
        1020   2.0000000000000000       0.23333300000000001        1.1034501242224420E-002
        1021   2.0333329999999998       0.23333300000000001        1.4807344068105015E-002
        1022   2.0666669999999998       0.23333300000000001        1.8566871192686577E-002
        1023   2.1000000000000001       0.23333300000000001        2.1983709643770100E-002
        1024   2.1333329999999999       0.23333300000000001        2.5557712676227140E-002
        1025   2.1666669999999999       0.23333300000000001        2.8944896043361857E-002
        1026   2.2000000000000002       0.23333300000000001        3.2281918467342685E-002
        1027   2.2333330000000000       0.23333300000000001        3.5442146705174517E-002
        1028   2.2666670000000000       0.23333300000000001        3.8515364795210713E-002
        1029   2.2999999999999998       0.23333300000000001        4.1227943330162886E-002
        1030   2.3333330000000001       0.23333300000000001        4.4131638096461027E-002
        1031   2.3666670000000001       0.23333300000000001        4.6870221229057242E-002
        1032   2.3999999999999999       0.23333300000000001        4.9079073419267968E-002
        1033   2.4333330000000002       0.23333300000000001        5.1525215515671033E-002
        1034   2.4666670000000002       0.23333300000000001        5.3648223991308960E-002
        1035   2.5000000000000000       0.23333300000000001        5.5681615736245312E-002
        1036   2.5333329999999998       0.23333300000000001        5.7373126102305202E-002
        1037   2.5666669999999998       0.23333300000000001        5.9308036137442684E-002
        1038   2.6000000000000001       0.23333300000000001        6.0778335197281701E-002
        1039   2.6333329999999999       0.23333300000000001        6.2350279569716796E-002
        1040   2.6666669999999999       0.23333300000000001        6.3565346403195597E-002
        1041   2.7000000000000002       0.23333300000000001        6.5010172646961004E-002
        1042   2.7333330000000000       0.23333300000000001        6.6132121391703214E-002
        1043   2.7666670000000000       0.23333300000000001        6.7234317050333545E-002
        1044   2.7999999999999998       0.23333300000000001        6.8227376380825086E-002
        1045   2.8333330000000001       0.23333300000000001        6.9044810720889679E-002
        1046   2.8666670000000001       0.23333300000000001        6.9669030353350772E-002
        1047   2.8999999999999999       0.23333300000000001        7.0604003296431864E-002
        1048   2.9333330000000002       0.23333300000000001        7.1251514145623862E-002
        1049   2.9666670000000002       0.23333300000000001        7.1823600814161448E-002
        1050   3.0000000000000000       0.23333300000000001        7.2520838051079339E-002
        1051   3.0333329999999998       0.23333300000000001        7.2897116886521604E-002
        1052   3.0666669999999998       0.23333300000000001        7.3219480482672877E-002
        1053   3.1000000000000001       0.23333300000000001        7.3835697307189210E-002
        1054   3.1333329999999999       0.23333300000000001        7.3961883398193137E-002
        1055   3.1666669999999999       0.23333300000000001        7.4583881942580338E-002
        1056   3.2000000000000002       0.23333300000000001        7.4671669204557367E-002
        1057   3.2333330000000000       0.23333300000000001        7.4750736867099002E-002
        1058   3.2666670000000000       0.23333300000000001        7.5228551176361555E-002
        1059   3.2999999999999998       0.23333300000000001        7.5357112655576500E-002
        1060   3.3333330000000001       0.23333300000000001        7.5556164465923933E-002
        1061   3.3666670000000001       0.23333300000000001        7.5517239078138912E-002
        1062   3.3999999999999999       0.23333300000000001        7.5946475948339934E-002
        1063   3.4333330000000002       0.23333300000000001        7.5866116927780960E-002
        1064   3.4666670000000002       0.23333300000000001        7.6059507523436584E-002
        1065   3.5000000000000000       0.23333300000000001        7.6039081648441961E-002
        1066   3.5333329999999998       0.23333300000000001        7.6146526471735990E-002
        1067   3.5666669999999998       0.23333300000000001        7.6179170555133610E-002
        1068   3.6000000000000001       0.23333300000000001        7.6434868763668729E-002
        1069   3.6333329999999999       0.23333300000000001        7.6331362985208706E-002
        1070   3.6666669999999999       0.23333300000000001        7.6322992556358230E-002
        1071   3.7000000000000002       0.23333300000000001        7.6183261620179715E-002
        1072   3.7333330000000000       0.23333300000000001        7.6368955455121609E-002
        1073   3.7666670000000000       0.23333300000000001        7.6504989409723556E-002
        1074   3.7999999999999998       0.23333300000000001        7.6505444943525250E-002
        1075   3.8333330000000001       0.23333300000000001        7.6330197386473272E-002
        1076   3.8666670000000001       0.23333300000000001        7.6592710333828654E-002
        1077   3.8999999999999999       0.23333300000000001        7.6337067898689354E-002
        1078   3.9333330000000002       0.23333300000000001        7.6582860704862671E-002
        1079   3.9666670000000002       0.23333300000000001        7.6455271323035826E-002
        1080   4.0000000000000000       0.23333300000000001        7.6326151178582102E-002
        1081   4.0333329999999998       0.23333300000000001        7.6567482054635733E-002
        1082   4.0666669999999998       0.23333300000000001        7.6340499050465763E-002
        1083   4.0999999999999996       0.23333300000000001        7.6531775049264061E-002
        1084   4.1333330000000004       0.23333300000000001        7.6416651271497368E-002
        1085   4.1666670000000003       0.23333300000000001        7.6591257435722440E-002
        1086   4.2000000000000002       0.23333300000000001        7.6395594746057741E-002
        1087   4.2333330000000000       0.23333300000000001        7.6503980861942822E-002
        1088   4.2666670000000000       0.23333300000000001        7.6429744082826004E-002
        1089   4.2999999999999998       0.23333300000000001        7.6305884475968352E-002
        1090   4.3333329999999997       0.23333300000000001        7.6527209771727916E-002
        1091   4.3666669999999996       0.23333300000000001        7.6362891986067771E-002
        1092   4.4000000000000004       0.23333300000000001        7.6323903058283585E-002
        1093   4.4333330000000002       0.23333300000000001        7.6461289149403033E-002
        1094   4.4666670000000002       0.23333300000000001        7.6414836432231473E-002
        1095   4.5000000000000000       0.23333300000000001        7.6384536655449836E-002
        1096   4.5333329999999998       0.23333300000000001        7.6332392956736619E-002
        1097   4.5666669999999998       0.23333300000000001        7.6573340665419154E-002
        1098   4.5999999999999996       0.23333300000000001        7.6329944775535841E-002
        1099   4.6333330000000004       0.23333300000000001        7.6586617391458403E-002
        1100   4.6666670000000003       0.23333300000000001        7.6358231800355267E-002
        1101   4.7000000000000002       0.23333300000000001        7.6591357455060752E-002
        1102   4.7333330000000000       0.23333300000000001        7.6373033228276446E-002
        1103   4.7666670000000000       0.23333300000000001        7.6645788031014253E-002
        1104   4.7999999999999998       0.23333300000000001        7.6439119300963781E-002
        1105   4.8333329999999997       0.23333300000000001        7.6696790720411911E-002
        1106   4.8666669999999996       0.23333300000000001        7.6768413763294546E-002
        1107   4.9000000000000004       0.23333300000000001        7.6724786916729223E-002
        1108   4.9333330000000002       0.23333300000000001        7.6564616489030818E-002
        1109   4.9666670000000002       0.23333300000000001        7.6787826894215774E-002
        1110   5.0000000000000000       0.23333300000000001        7.6932704811563252E-002
        1111   0.0000000000000000       0.26666699999999999       0.26666699999999999
        1112   3.3333000000000002E-002  0.26666699999999999       0.25035486751734615
        1113   6.6667000000000004E-002  0.26666699999999999       0.23429121158019958
        1114  0.10000000000000001       0.26666699999999999       0.21865594970935856
        1115  0.13333300000000001       0.26666699999999999       0.20362489809913698
        1116  0.16666700000000001       0.26666699999999999       0.18958797283060363
        1117  0.20000000000000001       0.26666699999999999       0.17608885213455031
        1118  0.23333300000000001       0.26666699999999999       0.16387551599699690
        1119  0.26666699999999999       0.26666699999999999       0.15202174196038321
        1120  0.29999999999999999       0.26666699999999999       0.14141429003019099
        1121  0.33333299999999999       0.26666699999999999       0.13097035776652002
        1122  0.36666700000000002       0.26666699999999999       0.12162214472023836
        1123  0.40000000000000002       0.26666699999999999       0.11260720365205938
        1124  0.43333300000000002       0.26666699999999999       0.10376261163503470
        1125  0.46666700000000000       0.26666699999999999        9.5679739195676558E-002
        1126  0.50000000000000000       0.26666699999999999        8.7220611207239493E-002
        1127  0.53333299999999995       0.26666699999999999        7.9399919749880712E-002
        1128  0.56666700000000003       0.26666699999999999        7.1452350642773790E-002
        1129  0.59999999999999998       0.26666699999999999        6.3524723488826138E-002
        1130  0.63333300000000003       0.26666699999999999        5.5396506615824508E-002
        1131  0.66666700000000001       0.26666699999999999        4.7656211691680550E-002
        1132  0.69999999999999996       0.26666699999999999        3.9898580170788421E-002
        1133  0.73333300000000001       0.26666699999999999        3.2091013827109979E-002
        1134  0.76666699999999999       0.26666699999999999        2.4843212470756396E-002
        1135  0.80000000000000004       0.26666699999999999        1.7677274251549829E-002
        1136  0.83333299999999999       0.26666699999999999        1.1341495928389103E-002
        1137  0.86666699999999997       0.26666699999999999        5.9748486211477552E-003
        1138  0.90000000000000002       0.26666699999999999        1.9205897923271658E-003
        1139  0.93333299999999997       0.26666699999999999       -7.7982534191397179E-004
        1140  0.96666700000000005       0.26666699999999999       -1.2690106586680610E-003
        1141   1.0000000000000000       0.26666699999999999        0.0000000000000000
        1142   1.5000000000000000       0.26666699999999999        0.0000000000000000
        1143   1.5333330000000001       0.26666699999999999       -3.5719794697094010E-003
        1144   1.5666670000000000       0.26666699999999999       -6.7077004703519436E-003
        1145   1.6000000000000001       0.26666699999999999       -9.2700633225418338E-003
        1146   1.6333329999999999       0.26666699999999999       -1.0648949781013935E-002
        1147   1.6666669999999999       0.26666699999999999       -1.1284311403559804E-002
        1148   1.7000000000000000       0.26666699999999999       -1.0855982014479444E-002
        1149   1.7333330000000000       0.26666699999999999       -9.4267062891526983E-003
        1150   1.7666670000000000       0.26666699999999999       -7.4096707126898621E-003
        1151   1.8000000000000000       0.26666699999999999       -4.8356932290308918E-003
        1152   1.8333330000000001       0.26666699999999999       -1.3387614562008119E-003
        1153   1.8666670000000001       0.26666699999999999        2.1900601863242028E-003
        1154   1.8999999999999999       0.26666699999999999        6.0788697557664848E-003
        1155   1.9333330000000000       0.26666699999999999        1.0463596788526448E-002
        1156   1.9666669999999999       0.26666699999999999        1.4732785064147661E-002
        1157   2.0000000000000000       0.26666699999999999        1.9307918623423556E-002
        1158   2.0333329999999998       0.26666699999999999        2.3607171688192253E-002
        1159   2.0666669999999998       0.26666699999999999        2.8019717969320301E-002
        1160   2.1000000000000001       0.26666699999999999        3.2473645222120852E-002
        1161   2.1333329999999999       0.26666699999999999        3.6642865302618587E-002
        1162   2.1666669999999999       0.26666699999999999        4.0745314653703894E-002
        1163   2.2000000000000002       0.26666699999999999        4.4851178753685002E-002
        1164   2.2333330000000000       0.26666699999999999        4.8611103106926096E-002
        1165   2.2666670000000000       0.26666699999999999        5.2387088072428686E-002
        1166   2.2999999999999998       0.26666699999999999        5.5806250798831447E-002
        1167   2.3333330000000001       0.26666699999999999        5.9127176099211726E-002
        1168   2.3666670000000001       0.26666699999999999        6.2285899717807701E-002
        1169   2.3999999999999999       0.26666699999999999        6.5259398723640796E-002
        1170   2.4333330000000002       0.26666699999999999        6.7998347411556928E-002
        1171   2.4666670000000002       0.26666699999999999        7.0522242119616330E-002
        1172   2.5000000000000000       0.26666699999999999        7.2798220547019843E-002
        1173   2.5333329999999998       0.26666699999999999        7.5255904116203726E-002
        1174   2.5666669999999998       0.26666699999999999        7.7182885747985736E-002
        1175   2.6000000000000001       0.26666699999999999        7.9327120029722656E-002
        1176   2.6333329999999999       0.26666699999999999        8.0914546524061243E-002
        1177   2.6666669999999999       0.26666699999999999        8.2741650558673080E-002
        1178   2.7000000000000002       0.26666699999999999        8.4271935042539076E-002
        1179   2.7333330000000000       0.26666699999999999        8.5497809665616237E-002
        1180   2.7666670000000000       0.26666699999999999        8.7032811915129751E-002
        1181   2.7999999999999998       0.26666699999999999        8.7984087366537234E-002
        1182   2.8333330000000001       0.26666699999999999        8.9215958056630795E-002
        1183   2.8666670000000001       0.26666699999999999        9.0181200098205891E-002
        1184   2.8999999999999999       0.26666699999999999        9.0901908384134394E-002
        1185   2.9333330000000002       0.26666699999999999        9.1891542705261134E-002
        1186   2.9666670000000002       0.26666699999999999        9.2763545978847853E-002
        1187   3.0000000000000000       0.26666699999999999        9.3157378725528192E-002
        1188   3.0333329999999998       0.26666699999999999        9.3901986596222814E-002
        1189   3.0666669999999998       0.26666699999999999        9.4554372763096611E-002
        1190   3.1000000000000001       0.26666699999999999        9.4823002726404190E-002
        1191   3.1333329999999999       0.26666699999999999        9.5408492044863583E-002
        1192   3.1666669999999999       0.26666699999999999        9.5799218048930476E-002
        1193   3.2000000000000002       0.26666699999999999        9.6107758403150889E-002
        1194   3.2333330000000000       0.26666699999999999        9.6384799658658690E-002
        1195   3.2666670000000000       0.26666699999999999        9.6712746695403348E-002
        1196   3.2999999999999998       0.26666699999999999        9.7016118860377976E-002
        1197   3.3333330000000001       0.26666699999999999        9.7005780296903613E-002
        1198   3.3666670000000001       0.26666699999999999        9.7395314842481068E-002
        1199   3.3999999999999999       0.26666699999999999        9.7489932681838934E-002
        1200   3.4333330000000002       0.26666699999999999        9.7783429989727597E-002
        1201   3.4666670000000002       0.26666699999999999        9.7686473012379094E-002
        1202   3.5000000000000000       0.26666699999999999        9.8004536290930783E-002
        1203   3.5333329999999998       0.26666699999999999        9.7831762994676497E-002
        1204   3.5666669999999998       0.26666699999999999        9.8137067779740572E-002
        1205   3.6000000000000001       0.26666699999999999        9.8135327038566950E-002
        1206   3.6333329999999999       0.26666699999999999        9.8131489059362573E-002
        1207   3.6666669999999999       0.26666699999999999        9.8300547730107352E-002
        1208   3.7000000000000002       0.26666699999999999        9.8349454715375484E-002
        1209   3.7333330000000000       0.26666699999999999        9.8271321842913206E-002
        1210   3.7666670000000000       0.26666699999999999        9.8174351080413974E-002
        1211   3.7999999999999998       0.26666699999999999        9.8394221482959093E-002
        1212   3.8333330000000001       0.26666699999999999        9.8510655106817308E-002
        1213   3.8666670000000001       0.26666699999999999        9.8300268657500925E-002
        1214   3.8999999999999999       0.26666699999999999        9.8515712022622146E-002
        1215   3.9333330000000002       0.26666699999999999        9.8265686037654842E-002
        1216   3.9666670000000002       0.26666699999999999        9.8401645344264585E-002
        1217   4.0000000000000000       0.26666699999999999        9.8499098161070775E-002
        1218   4.0333329999999998       0.26666699999999999        9.8377000135902795E-002
        1219   4.0666669999999998       0.26666699999999999        9.8513784220459311E-002
        1220   4.0999999999999996       0.26666699999999999        9.8350109892066676E-002
        1221   4.1333330000000004       0.26666699999999999        9.8482481961253449E-002
        1222   4.1666670000000003       0.26666699999999999        9.8380806304139132E-002
        1223   4.2000000000000002       0.26666699999999999        9.8476485937093988E-002
        1224   4.2333330000000000       0.26666699999999999        9.8269322876773244E-002
        1225   4.2666670000000000       0.26666699999999999        9.8393436475917001E-002
        1226   4.2999999999999998       0.26666699999999999        9.8507251361133932E-002
        1227   4.3333329999999997       0.26666699999999999        9.8281016250711034E-002
        1228   4.3666669999999996       0.26666699999999999        9.8519815040558525E-002
        1229   4.4000000000000004       0.26666699999999999        9.8358546486910545E-002
        1230   4.4333330000000002       0.26666699999999999        9.8238177844148442E-002
        1231   4.4666670000000002       0.26666699999999999        9.8490734517941686E-002
        1232   4.5000000000000000       0.26666699999999999        9.8209569232282148E-002
        1233   4.5333329999999998       0.26666699999999999        9.8428971141565888E-002
        1234   4.5666669999999998       0.26666699999999999        9.8350962699863140E-002
        1235   4.5999999999999996       0.26666699999999999        9.8536935742733478E-002
        1236   4.6333330000000004       0.26666699999999999        9.8316517714162527E-002
        1237   4.6666670000000003       0.26666699999999999        9.8530759953261479E-002
        1238   4.7000000000000002       0.26666699999999999        9.8339116983811009E-002
        1239   4.7333330000000000       0.26666699999999999        9.8515462593145489E-002
        1240   4.7666670000000000       0.26666699999999999        9.8500821620583559E-002
        1241   4.7999999999999998       0.26666699999999999        9.8565096079585787E-002
        1242   4.8333329999999997       0.26666699999999999        9.8429330005669710E-002
        1243   4.8666669999999996       0.26666699999999999        9.8644695058965892E-002
        1244   4.9000000000000004       0.26666699999999999        9.8749895454469577E-002
        1245   4.9333330000000002       0.26666699999999999        9.8765353284293506E-002
        1246   4.9666670000000002       0.26666699999999999        9.8711901201643068E-002
        1247   5.0000000000000000       0.26666699999999999        9.8592925990448069E-002
        1248   0.0000000000000000       0.29999999999999999       0.29999999999999999
        1249   3.3333000000000002E-002  0.29999999999999999       0.28361751685824405
        1250   6.6667000000000004E-002  0.29999999999999999       0.26745206218679984
        1251  0.10000000000000001       0.29999999999999999       0.25165092352586038
        1252  0.13333300000000001       0.29999999999999999       0.23642443717832323
        1253  0.16666700000000001       0.29999999999999999       0.22169451038381668
        1254  0.20000000000000001       0.29999999999999999       0.20778303691408684
        1255  0.23333300000000001       0.29999999999999999       0.19461282299348800
        1256  0.26666699999999999       0.29999999999999999       0.18217445107210697
        1257  0.29999999999999999       0.29999999999999999       0.17041575582548496
        1258  0.33333299999999999       0.29999999999999999       0.15928452273861413
        1259  0.36666700000000002       0.29999999999999999       0.14853212342347594
        1260  0.40000000000000002       0.29999999999999999       0.13853517938067794
        1261  0.43333300000000002       0.29999999999999999       0.12883255346107036
        1262  0.46666700000000000       0.29999999999999999       0.11922925121528949
        1263  0.50000000000000000       0.29999999999999999       0.10983450687212173
        1264  0.53333299999999995       0.29999999999999999       0.10056354794420139
        1265  0.56666700000000003       0.29999999999999999        9.1256937596912002E-002
        1266  0.59999999999999998       0.29999999999999999        8.2002500440437665E-002
        1267  0.63333300000000003       0.29999999999999999        7.2621226718968826E-002
        1268  0.66666700000000001       0.29999999999999999        6.3300730963262011E-002
        1269  0.69999999999999996       0.29999999999999999        5.3707001925056425E-002
        1270  0.73333300000000001       0.29999999999999999        4.4368138289391020E-002
        1271  0.76666699999999999       0.29999999999999999        3.4986295900271712E-002
        1272  0.80000000000000004       0.29999999999999999        2.6327841036824545E-002
        1273  0.83333299999999999       0.29999999999999999        1.8147790168404784E-002
        1274  0.86666699999999997       0.29999999999999999        1.0657710153267530E-002
        1275  0.90000000000000002       0.29999999999999999        5.0431737142357554E-003
        1276  0.93333299999999997       0.29999999999999999        1.0610063815208355E-003
        1277  0.96666700000000005       0.29999999999999999       -7.4876620252942009E-004
        1278   1.0000000000000000       0.29999999999999999        0.0000000000000000
        1279   1.5000000000000000       0.29999999999999999        0.0000000000000000
        1280   1.5333330000000001       0.29999999999999999       -3.9172616926710421E-003
        1281   1.5666670000000000       0.29999999999999999       -7.2831397848347424E-003
        1282   1.6000000000000001       0.29999999999999999       -9.3653450121302141E-003
        1283   1.6333329999999999       0.29999999999999999       -1.0569508451834698E-002
        1284   1.6666669999999999       0.29999999999999999       -1.0248056795160240E-002
        1285   1.7000000000000000       0.29999999999999999       -9.0244880269842818E-003
        1286   1.7333330000000000       0.29999999999999999       -6.8936695290228644E-003
        1287   1.7666670000000000       0.29999999999999999       -3.7287181919948699E-003
        1288   1.8000000000000000       0.29999999999999999       -9.2993219616302539E-006
        1289   1.8333330000000001       0.29999999999999999        4.1062586029836888E-003
        1290   1.8666670000000001       0.29999999999999999        8.7055961251925225E-003
        1291   1.8999999999999999       0.29999999999999999        1.3891171726739352E-002
        1292   1.9333330000000000       0.29999999999999999        1.8813353256843426E-002
        1293   1.9666669999999999       0.29999999999999999        2.4325518277449953E-002
        1294   2.0000000000000000       0.29999999999999999        2.9398087970055484E-002
        1295   2.0333329999999998       0.29999999999999999        3.4985847175778489E-002
        1296   2.0666669999999998       0.29999999999999999        4.0069343489280727E-002
        1297   2.1000000000000001       0.29999999999999999        4.5142466720051219E-002
        1298   2.1333329999999999       0.29999999999999999        5.0018647467122077E-002
        1299   2.1666669999999999       0.29999999999999999        5.5159646283117703E-002
        1300   2.2000000000000002       0.29999999999999999        5.9611939792314279E-002
        1301   2.2333330000000000       0.29999999999999999        6.4357570541020370E-002
        1302   2.2666670000000000       0.29999999999999999        6.8451846446821826E-002
        1303   2.2999999999999998       0.29999999999999999        7.2698024727371177E-002
        1304   2.3333330000000001       0.29999999999999999        7.6485945646218759E-002
        1305   2.3666670000000001       0.29999999999999999        8.0083644174543361E-002
        1306   2.3999999999999999       0.29999999999999999        8.3512470497373550E-002
        1307   2.4333330000000002       0.29999999999999999        8.6891134197641343E-002
        1308   2.4666670000000002       0.29999999999999999        8.9851703905898514E-002
        1309   2.5000000000000000       0.29999999999999999        9.2683334992649177E-002
        1310   2.5333329999999998       0.29999999999999999        9.5147704777603662E-002
        1311   2.5666669999999998       0.29999999999999999        9.7805383833228524E-002
        1312   2.6000000000000001       0.29999999999999999        9.9919219217987409E-002
        1313   2.6333329999999999       0.29999999999999999       0.10222204159461445
        1314   2.6666669999999999       0.29999999999999999       0.10408087986452344
        1315   2.7000000000000002       0.29999999999999999       0.10571801096650560
        1316   2.7333330000000000       0.29999999999999999       0.10756740996905260
        1317   2.7666670000000000       0.29999999999999999       0.10892641378063540
        1318   2.7999999999999998       0.29999999999999999       0.11049425195313139
        1319   2.8333330000000001       0.29999999999999999       0.11156357347374911
        1320   2.8666670000000001       0.29999999999999999       0.11284019704799826
        1321   2.8999999999999999       0.29999999999999999       0.11399623985939034
        1322   2.9333330000000002       0.29999999999999999       0.11495690310526853
        1323   2.9666670000000002       0.29999999999999999       0.11572392230038520
        1324   3.0000000000000000       0.29999999999999999       0.11653785557474440
        1325   3.0333329999999998       0.29999999999999999       0.11732794910165141
        1326   3.0666669999999998       0.29999999999999999       0.11782897339456443
        1327   3.1000000000000001       0.29999999999999999       0.11861447213894540
        1328   3.1333329999999999       0.29999999999999999       0.11899745025859029
        1329   3.1666669999999999       0.29999999999999999       0.11946577728758734
        1330   3.2000000000000002       0.29999999999999999       0.11993349400784292
        1331   3.2333330000000000       0.29999999999999999       0.12031408041320520
        1332   3.2666670000000000       0.29999999999999999       0.12060701157204173
        1333   3.2999999999999998       0.29999999999999999       0.12095721223645647
        1334   3.3333330000000001       0.29999999999999999       0.12122578754022942
        1335   3.3666670000000001       0.29999999999999999       0.12154436891928422
        1336   3.3999999999999999       0.29999999999999999       0.12162709739497653
        1337   3.4333330000000002       0.29999999999999999       0.12168382711816056
        1338   3.4666670000000002       0.29999999999999999       0.12208878770631075
        1339   3.5000000000000000       0.29999999999999999       0.12205770048356766
        1340   3.5333329999999998       0.29999999999999999       0.12223706435970363
        1341   3.5666669999999998       0.29999999999999999       0.12239382086369779
        1342   3.6000000000000001       0.29999999999999999       0.12225963497538628
        1343   3.6333329999999999       0.29999999999999999       0.12255668888412885
        1344   3.6666669999999999       0.29999999999999999       0.12241419360530434
        1345   3.7000000000000002       0.29999999999999999       0.12264164809401318
        1346   3.7333330000000000       0.29999999999999999       0.12260422734638980
        1347   3.7666670000000000       0.29999999999999999       0.12274547927867778
        1348   3.7999999999999998       0.29999999999999999       0.12280208747270563
        1349   3.8333330000000001       0.29999999999999999       0.12262893395760513
        1350   3.8666670000000001       0.29999999999999999       0.12280645387831940
        1351   3.8999999999999999       0.29999999999999999       0.12277250391617092
        1352   3.9333330000000002       0.29999999999999999       0.12278997761251674
        1353   3.9666670000000002       0.29999999999999999       0.12280804517582414
        1354   4.0000000000000000       0.29999999999999999       0.12290086048789142
        1355   4.0333329999999998       0.29999999999999999       0.12276402725924795
        1356   4.0666669999999998       0.29999999999999999       0.12260319214401882
        1357   4.0999999999999996       0.29999999999999999       0.12271033495989445
        1358   4.1333330000000004       0.29999999999999999       0.12279391547330741
        1359   4.1666670000000003       0.29999999999999999       0.12281244920160979
        1360   4.2000000000000002       0.29999999999999999       0.12287281866306238
        1361   4.2333330000000000       0.29999999999999999       0.12293961272632964
        1362   4.2666670000000000       0.29999999999999999       0.12279503294396837
        1363   4.2999999999999998       0.29999999999999999       0.12266713140358833
        1364   4.3333329999999997       0.29999999999999999       0.12280796593231529
        1365   4.3666669999999996       0.29999999999999999       0.12269578715997909
        1366   4.4000000000000004       0.29999999999999999       0.12278136574558859
        1367   4.4333330000000002       0.29999999999999999       0.12288150517909284
        1368   4.4666670000000002       0.29999999999999999       0.12271980693235260
        1369   4.5000000000000000       0.29999999999999999       0.12277379135245763
        1370   4.5333329999999998       0.29999999999999999       0.12283836308102830
        1371   4.5666669999999998       0.29999999999999999       0.12270867590047882
        1372   4.5999999999999996       0.29999999999999999       0.12276986527673256
        1373   4.6333330000000004       0.29999999999999999       0.12285122977840963
        1374   4.6666670000000003       0.29999999999999999       0.12272830061630202
        1375   4.7000000000000002       0.29999999999999999       0.12295702686265550
        1376   4.7333330000000000       0.29999999999999999       0.12286240990216425
        1377   4.7666670000000000       0.29999999999999999       0.12272176810326292
        1378   4.7999999999999998       0.29999999999999999       0.12290250001355453
        1379   4.8333329999999997       0.29999999999999999       0.12304112300025744
        1380   4.8666669999999996       0.29999999999999999       0.12305081788254685
        1381   4.9000000000000004       0.29999999999999999       0.12288791148824903
        1382   4.9333330000000002       0.29999999999999999       0.12303847745910684
        1383   4.9666670000000002       0.29999999999999999       0.12311479106265348
        1384   5.0000000000000000       0.29999999999999999       0.12323185213836356
        1385   0.0000000000000000       0.33333299999999999       0.33333299999999999
        1386   3.3333000000000002E-002  0.33333299999999999       0.31706022513849846
        1387   6.6667000000000004E-002  0.33333299999999999       0.30091020875991126
        1388  0.10000000000000001       0.33333299999999999       0.28503867245349501
        1389  0.13333300000000001       0.33333299999999999       0.26953103221323554
        1390  0.16666700000000001       0.33333299999999999       0.25469606631521841
        1391  0.20000000000000001       0.33333299999999999       0.24038101585082322
        1392  0.23333300000000001       0.33333299999999999       0.22653692356382463
        1393  0.26666699999999999       0.33333299999999999       0.21362460191220004
        1394  0.29999999999999999       0.33333299999999999       0.20096627108960813
        1395  0.33333299999999999       0.33333299999999999       0.18904026222758041
        1396  0.36666700000000002       0.33333299999999999       0.17772109510316270
        1397  0.40000000000000002       0.33333299999999999       0.16648747251822740
        1398  0.43333300000000002       0.33333299999999999       0.15574004483254886
        1399  0.46666700000000000       0.33333299999999999       0.14494485523016645
        1400  0.50000000000000000       0.33333299999999999       0.13466286457055596
        1401  0.53333299999999995       0.33333299999999999       0.12413056747331895
        1402  0.56666700000000003       0.33333299999999999       0.11339066033760857
        1403  0.59999999999999998       0.33333299999999999       0.10298722467796988
        1404  0.63333300000000003       0.33333299999999999        9.2196443040080622E-002
        1405  0.66666700000000001       0.33333299999999999        8.1254812893209918E-002
        1406  0.69999999999999996       0.33333299999999999        7.0187338489746190E-002
        1407  0.73333300000000001       0.33333299999999999        5.8820288265658292E-002
        1408  0.76666699999999999       0.33333299999999999        4.7962775866654463E-002
        1409  0.80000000000000004       0.33333299999999999        3.6789957299616025E-002
        1410  0.83333299999999999       0.33333299999999999        2.6680004358907480E-002
        1411  0.86666699999999997       0.33333299999999999        1.7445137088975788E-002
        1412  0.90000000000000002       0.33333299999999999        9.0191615545590579E-003
        1413  0.93333299999999997       0.33333299999999999        3.3082573710575694E-003
        1414  0.96666700000000005       0.33333299999999999        1.3804556821597834E-004
        1415   1.0000000000000000       0.33333299999999999        0.0000000000000000
        1416   1.5000000000000000       0.33333299999999999        0.0000000000000000
        1417   1.5333330000000001       0.33333299999999999       -4.2713887422002744E-003
        1418   1.5666670000000000       0.33333299999999999       -7.2356043079371607E-003
        1419   1.6000000000000001       0.33333299999999999       -9.0767350268218857E-003
        1420   1.6333329999999999       0.33333299999999999       -9.0552120646318311E-003
        1421   1.6666669999999999       0.33333299999999999       -8.1064635837960180E-003
        1422   1.7000000000000000       0.33333299999999999       -5.4370677330435636E-003
        1423   1.7333330000000000       0.33333299999999999       -2.3239244061025051E-003
        1424   1.7666670000000000       0.33333299999999999        1.6196595443963484E-003
        1425   1.8000000000000000       0.33333299999999999        6.7162220804789239E-003
        1426   1.8333330000000001       0.33333299999999999        1.2194679734991042E-002
        1427   1.8666670000000001       0.33333299999999999        1.7784874725474138E-002
        1428   1.8999999999999999       0.33333299999999999        2.3730129234265259E-002
        1429   1.9333330000000000       0.33333299999999999        3.0049391379872444E-002
        1430   1.9666669999999999       0.33333299999999999        3.6069268703092461E-002
        1431   2.0000000000000000       0.33333299999999999        4.2342204376002147E-002
        1432   2.0333329999999998       0.33333299999999999        4.8527193093084640E-002
        1433   2.0666669999999998       0.33333299999999999        5.4584845022507440E-002
        1434   2.1000000000000001       0.33333299999999999        6.0428185738626863E-002
        1435   2.1333329999999999       0.33333299999999999        6.6305149678850164E-002
        1436   2.1666669999999999       0.33333299999999999        7.1830363991583643E-002
        1437   2.2000000000000002       0.33333299999999999        7.7179101117337584E-002
        1438   2.2333330000000000       0.33333299999999999        8.2289496622472438E-002
        1439   2.2666670000000000       0.33333299999999999        8.7404375761721748E-002
        1440   2.2999999999999998       0.33333299999999999        9.1934793549498198E-002
        1441   2.3333330000000001       0.33333299999999999        9.6279045917942410E-002
        1442   2.3666670000000001       0.33333299999999999       0.10027826664433268
        1443   2.3999999999999999       0.33333299999999999       0.10440981281128384
        1444   2.4333330000000002       0.33333299999999999       0.10804624150304000
        1445   2.4666670000000002       0.33333299999999999       0.11151823152312797
        1446   2.5000000000000000       0.33333299999999999       0.11477046808951613
        1447   2.5333329999999998       0.33333299999999999       0.11777704403249444
        1448   2.5666669999999998       0.33333299999999999       0.12043556578093977
        1449   2.6000000000000001       0.33333299999999999       0.12324886918119590
        1450   2.6333329999999999       0.33333299999999999       0.12543686894374059
        1451   2.6666669999999999       0.33333299999999999       0.12783743909401138
        1452   2.7000000000000002       0.33333299999999999       0.12988198249212260
        1453   2.7333330000000000       0.33333299999999999       0.13159408427685088
        1454   2.7666670000000000       0.33333299999999999       0.13354836906255049
        1455   2.7999999999999998       0.33333299999999999       0.13497377846507555
        1456   2.8333330000000001       0.33333299999999999       0.13665065826233536
        1457   2.8666670000000001       0.33333299999999999       0.13783451363802332
        1458   2.8999999999999999       0.33333299999999999       0.13912794144871249
        1459   2.9333330000000002       0.33333299999999999       0.14007455592014006
        1460   2.9666670000000002       0.33333299999999999       0.14124286041892303
        1461   3.0000000000000000       0.33333299999999999       0.14215902997677990
        1462   3.0333329999999998       0.33333299999999999       0.14291357612352890
        1463   3.0666669999999998       0.33333299999999999       0.14380668984263173
        1464   3.1000000000000001       0.33333299999999999       0.14430517659759012
        1465   3.1333329999999999       0.33333299999999999       0.14511677159588035
        1466   3.1666669999999999       0.33333299999999999       0.14540303986913888
        1467   3.2000000000000002       0.33333299999999999       0.14610432430127301
        1468   3.2333330000000000       0.33333299999999999       0.14657583438523097
        1469   3.2666670000000000       0.33333299999999999       0.14672675785208927
        1470   3.2999999999999998       0.33333299999999999       0.14724945857238664
        1471   3.3333330000000001       0.33333299999999999       0.14765127656620342
        1472   3.3666670000000001       0.33333299999999999       0.14783468696338734
        1473   3.3999999999999999       0.33333299999999999       0.14806929712112507
        1474   3.4333330000000002       0.33333299999999999       0.14827940664588402
        1475   3.4666670000000002       0.33333299999999999       0.14845068529757083
        1476   3.5000000000000000       0.33333299999999999       0.14857851233911412
        1477   3.5333329999999998       0.33333299999999999       0.14893727546917712
        1478   3.5666669999999998       0.33333299999999999       0.14886091165229340
        1479   3.6000000000000001       0.33333299999999999       0.14901245158722864
        1480   3.6333329999999999       0.33333299999999999       0.14895265670716315
        1481   3.6666669999999999       0.33333299999999999       0.14922295874346628
        1482   3.7000000000000002       0.33333299999999999       0.14912523060098137
        1483   3.7333330000000000       0.33333299999999999       0.14943552126459719
        1484   3.7666670000000000       0.33333299999999999       0.14931211253617807
        1485   3.7999999999999998       0.33333299999999999       0.14936997115228040
        1486   3.8333330000000001       0.33333299999999999       0.14947224440888504
        1487   3.8666670000000001       0.33333299999999999       0.14943829764217911
        1488   3.8999999999999999       0.33333299999999999       0.14930545377421556
        1489   3.9333330000000002       0.33333299999999999       0.14960536438358657
        1490   3.9666670000000002       0.33333299999999999       0.14945078763779363
        1491   4.0000000000000000       0.33333299999999999       0.14946807896901576
        1492   4.0333329999999998       0.33333299999999999       0.14948768834983414
        1493   4.0666669999999998       0.33333299999999999       0.14950930757192227
        1494   4.0999999999999996       0.33333299999999999       0.14940841503241331
        1495   4.1333330000000004       0.33333299999999999       0.14948534287648155
        1496   4.1666670000000003       0.33333299999999999       0.14951779516198441
        1497   4.2000000000000002       0.33333299999999999       0.14957886582872282
        1498   4.2333330000000000       0.33333299999999999       0.14936566667063794
        1499   4.2666670000000000       0.33333299999999999       0.14949699436243516
        1500   4.2999999999999998       0.33333299999999999       0.14964837934332778
        1501   4.3333329999999997       0.33333299999999999       0.14951036897296710
        1502   4.3666669999999996       0.33333299999999999       0.14938803070642157
        1503   4.4000000000000004       0.33333299999999999       0.14950832664243416
        1504   4.4333330000000002       0.33333299999999999       0.14933259430795712
        1505   4.4666670000000002       0.33333299999999999       0.14944804823351043
        1506   4.5000000000000000       0.33333299999999999       0.14962813822824694
        1507   4.5333329999999998       0.33333299999999999       0.14938399145546216
        1508   4.5666669999999998       0.33333299999999999       0.14957211478411941
        1509   4.5999999999999996       0.33333299999999999       0.14932031058058604
        1510   4.6333330000000004       0.33333299999999999       0.14951346551743019
        1511   4.6666670000000003       0.33333299999999999       0.14966565966583673
        1512   4.7000000000000002       0.33333299999999999       0.14944364630857357
        1513   4.7333330000000000       0.33333299999999999       0.14957279013911451
        1514   4.7666670000000000       0.33333299999999999       0.14970965629890470
        1515   4.7999999999999998       0.33333299999999999       0.14959665219368454
        1516   4.8333329999999997       0.33333299999999999       0.14970030987119273
        1517   4.8666669999999996       0.33333299999999999       0.14956507033323962
        1518   4.9000000000000004       0.33333299999999999       0.14979181580456591
        1519   4.9333330000000002       0.33333299999999999       0.14969337103006611
        1520   4.9666670000000002       0.33333299999999999       0.14978328676795899
        1521   5.0000000000000000       0.33333299999999999       0.14964227024958285
        1522   0.0000000000000000       0.36666700000000002       0.36666700000000002
        1523   3.3333000000000002E-002  0.36666700000000002       0.35054196329509724
        1524   6.6667000000000004E-002  0.36666700000000002       0.33454520103648488
        1525  0.10000000000000001       0.36666700000000002       0.31877654676975076
        1526  0.13333300000000001       0.36666700000000002       0.30330649521050101
        1527  0.16666700000000001       0.36666700000000002       0.28824698333561938
        1528  0.20000000000000001       0.36666700000000002       0.27367840249678299
        1529  0.23333300000000001       0.36666700000000002       0.25969153093236919
        1530  0.26666699999999999       0.36666700000000002       0.24600241719716714
        1531  0.29999999999999999       0.36666700000000002       0.23300263414614278
        1532  0.33333299999999999       0.36666700000000002       0.22049946383370364
        1533  0.36666700000000002       0.36666700000000002       0.20820327126737836
        1534  0.40000000000000002       0.36666700000000002       0.19641598485366904
        1535  0.43333300000000002       0.36666700000000002       0.18451699594095139
        1536  0.46666700000000000       0.36666700000000002       0.17309224838098297
        1537  0.50000000000000000       0.36666700000000002       0.16160380224674253
        1538  0.53333299999999995       0.36666700000000002       0.14980628572011220
        1539  0.56666700000000003       0.36666700000000002       0.13826682460161799
        1540  0.59999999999999998       0.36666700000000002       0.12632563640867289
        1541  0.63333300000000003       0.36666700000000002       0.11433390207342135
        1542  0.66666700000000001       0.36666700000000002       0.10181809150810933
        1543  0.69999999999999996       0.36666700000000002        8.9116989718542414E-002
        1544  0.73333300000000001       0.36666700000000002        7.6380519099891714E-002
        1545  0.76666699999999999       0.36666700000000002        6.3166688499938298E-002
        1546  0.80000000000000004       0.36666700000000002        5.0258482184967229E-002
        1547  0.83333299999999999       0.36666700000000002        3.7633124804746350E-002
        1548  0.86666699999999997       0.36666700000000002        2.5739310952122136E-002
        1549  0.90000000000000002       0.36666700000000002        1.5169179846513649E-002
        1550  0.93333299999999997       0.36666700000000002        6.8119195391734702E-003
        1551  0.96666700000000005       0.36666700000000002        1.0229705837604180E-003
        1552   1.0000000000000000       0.36666700000000002        0.0000000000000000
        1553   1.5000000000000000       0.36666700000000002        0.0000000000000000
        1554   1.5333330000000001       0.36666700000000002       -4.1178825617206316E-003
        1555   1.5666670000000000       0.36666700000000002       -6.9441448025067938E-003
        1556   1.6000000000000001       0.36666700000000002       -7.2866224723837714E-003
        1557   1.6333329999999999       0.36666700000000002       -6.5843318523402831E-003
        1558   1.6666669999999999       0.36666700000000002       -3.6773852080536507E-003
        1559   1.7000000000000000       0.36666700000000002       -2.2698071180997508E-004
        1560   1.7333330000000000       0.36666700000000002        4.5493362093800256E-003
        1561   1.7666670000000000       0.36666700000000002        9.9890728899325581E-003
        1562   1.8000000000000000       0.36666700000000002        1.6152171580059212E-002
        1563   1.8333330000000001       0.36666700000000002        2.2683992013817253E-002
        1564   1.8666670000000001       0.36666700000000002        2.9556200194467062E-002
        1565   1.8999999999999999       0.36666700000000002        3.6582927920282990E-002
        1566   1.9333330000000000       0.36666700000000002        4.3495656422071774E-002
        1567   1.9666669999999999       0.36666700000000002        5.0814691595369978E-002
        1568   2.0000000000000000       0.36666700000000002        5.8143773523478992E-002
        1569   2.0333329999999998       0.36666700000000002        6.4839412728403642E-002
        1570   2.0666669999999998       0.36666700000000002        7.1932871209781188E-002
        1571   2.1000000000000001       0.36666700000000002        7.8675960689744168E-002
        1572   2.1333329999999999       0.36666700000000002        8.5039461578446149E-002
        1573   2.1666669999999999       0.36666700000000002        9.1121902026796223E-002
        1574   2.2000000000000002       0.36666700000000002        9.7418863693638891E-002
        1575   2.2333330000000000       0.36666700000000002       0.10298319951757295
        1576   2.2666670000000000       0.36666700000000002       0.10850465788111090
        1577   2.2999999999999998       0.36666700000000002       0.11367588227031841
        1578   2.3333330000000001       0.36666700000000002       0.11870681022777262
        1579   2.3666670000000001       0.36666700000000002       0.12335396495750832
        1580   2.3999999999999999       0.36666700000000002       0.12766645824047065
        1581   2.4333330000000002       0.36666700000000002       0.13158475529698396
        1582   2.4666670000000002       0.36666700000000002       0.13560904177538016
        1583   2.5000000000000000       0.36666700000000002       0.13929378321809377
        1584   2.5333329999999998       0.36666700000000002       0.14256873149616950
        1585   2.5666669999999998       0.36666700000000002       0.14580048913311727
        1586   2.6000000000000001       0.36666700000000002       0.14864357395614033
        1587   2.6333329999999999       0.36666700000000002       0.15130915543364079
        1588   2.6666669999999999       0.36666700000000002       0.15374387336683801
        1589   2.7000000000000002       0.36666700000000002       0.15616095708375935
        1590   2.7333330000000000       0.36666700000000002       0.15823267082117401
        1591   2.7666670000000000       0.36666700000000002       0.16012529367078554
        1592   2.7999999999999998       0.36666700000000002       0.16205197652792339
        1593   2.8333330000000001       0.36666700000000002       0.16365606611434247
        1594   2.8666670000000001       0.36666700000000002       0.16520649153470199
        1595   2.8999999999999999       0.36666700000000002       0.16639515871026300
        1596   2.9333330000000002       0.36666700000000002       0.16782358032586434
        1597   2.9666670000000002       0.36666700000000002       0.16880625504428085
        1598   3.0000000000000000       0.36666700000000002       0.17007063208662090
        1599   3.0333329999999998       0.36666700000000002       0.17087148244769323
        1600   3.0666669999999998       0.36666700000000002       0.17161132707210958
        1601   3.1000000000000001       0.36666700000000002       0.17254992514107156
        1602   3.1333329999999999       0.36666700000000002       0.17319713524790142
        1603   3.1666669999999999       0.36666700000000002       0.17379940289916831
        1604   3.2000000000000002       0.36666700000000002       0.17431247134668668
        1605   3.2333330000000000       0.36666700000000002       0.17495079897072549
        1606   3.2666670000000000       0.36666700000000002       0.17535970019521829
        1607   3.2999999999999998       0.36666700000000002       0.17582966777741005
        1608   3.3333330000000001       0.36666700000000002       0.17609450936032156
        1609   3.3666670000000001       0.36666700000000002       0.17626313524174114
        1610   3.3999999999999999       0.36666700000000002       0.17671040516551209
        1611   3.4333330000000002       0.36666700000000002       0.17707273092930814
        1612   3.4666670000000002       0.36666700000000002       0.17705274373091390
        1613   3.5000000000000000       0.36666700000000002       0.17740399291109382
        1614   3.5333329999999998       0.36666700000000002       0.17752823702748008
        1615   3.5666669999999998       0.36666700000000002       0.17765796596167169
        1616   3.6000000000000001       0.36666700000000002       0.17778986967106797
        1617   3.6333329999999999       0.36666700000000002       0.17793625858787626
        1618   3.6666669999999999       0.36666700000000002       0.17786013329401007
        1619   3.7000000000000002       0.36666700000000002       0.17812283946136248
        1620   3.7333330000000000       0.36666700000000002       0.17816296510430968
        1621   3.7666670000000000       0.36666700000000002       0.17824851028572389
        1622   3.7999999999999998       0.36666700000000002       0.17810778088714610
        1623   3.8333330000000001       0.36666700000000002       0.17827364625106260
        1624   3.8666670000000001       0.36666700000000002       0.17836722139409555
        1625   3.8999999999999999       0.36666700000000002       0.17833788240257070
        1626   3.9333330000000002       0.36666700000000002       0.17834242367359898
        1627   3.9666670000000002       0.36666700000000002       0.17848038004601333
        1628   4.0000000000000000       0.36666700000000002       0.17825350593292683
        1629   4.0333329999999998       0.36666700000000002       0.17841220528354246
        1630   4.0666669999999998       0.36666700000000002       0.17836510961364949
        1631   4.0999999999999996       0.36666700000000002       0.17849085497799960
        1632   4.1333330000000004       0.36666700000000002       0.17842610488283484
        1633   4.1666670000000003       0.36666700000000002       0.17839997808668795
        1634   4.2000000000000002       0.36666700000000002       0.17840687439599601
        1635   4.2333330000000000       0.36666700000000002       0.17838899348087889
        1636   4.2666670000000000       0.36666700000000002       0.17838600643447622
        1637   4.2999999999999998       0.36666700000000002       0.17839097544560967
        1638   4.3333329999999997       0.36666700000000002       0.17840492706142211
        1639   4.3666669999999996       0.36666700000000002       0.17840454164230901
        1640   4.4000000000000004       0.36666700000000002       0.17838114753523820
        1641   4.4333330000000002       0.36666700000000002       0.17843729041147477
        1642   4.4666670000000002       0.36666700000000002       0.17832065500787442
        1643   4.5000000000000000       0.36666700000000002       0.17837976591851770
        1644   4.5333329999999998       0.36666700000000002       0.17844268154901563
        1645   4.5666669999999998       0.36666700000000002       0.17834856639540680
        1646   4.5999999999999996       0.36666700000000002       0.17837098700447021
        1647   4.6333330000000004       0.36666700000000002       0.17842554219753426
        1648   4.6666670000000003       0.36666700000000002       0.17844989720956628
        1649   4.7000000000000002       0.36666700000000002       0.17852295645876320
        1650   4.7333330000000000       0.36666700000000002       0.17848277770102758
        1651   4.7666670000000000       0.36666700000000002       0.17841874926270812
        1652   4.7999999999999998       0.36666700000000002       0.17863803768339692
        1653   4.8333329999999997       0.36666700000000002       0.17844470609408972
        1654   4.8666669999999996       0.36666700000000002       0.17865424557238080
        1655   4.9000000000000004       0.36666700000000002       0.17848887449056777
        1656   4.9333330000000002       0.36666700000000002       0.17871783892440279
        1657   4.9666670000000002       0.36666700000000002       0.17852481955702368
        1658   5.0000000000000000       0.36666700000000002       0.17870253043517642
        1659   0.0000000000000000       0.40000000000000002       0.40000000000000002
        1660   3.3333000000000002E-002  0.40000000000000002       0.38416064667432498
        1661   6.6667000000000004E-002  0.40000000000000002       0.36839990623968549
        1662  0.10000000000000001       0.40000000000000002       0.35277010287013100
        1663  0.13333300000000001       0.40000000000000002       0.33749159961157921
        1664  0.16666700000000001       0.40000000000000002       0.32238386399392527
        1665  0.20000000000000001       0.40000000000000002       0.30783802847625530
        1666  0.23333300000000001       0.40000000000000002       0.29348417569042801
        1667  0.26666699999999999       0.40000000000000002       0.27976077116605658
        1668  0.29999999999999999       0.40000000000000002       0.26623886833205490
        1669  0.33333299999999999       0.40000000000000002       0.25322989385583239
        1670  0.36666700000000002       0.40000000000000002       0.24038427703903698
        1671  0.40000000000000002       0.40000000000000002       0.22775362920772074
        1672  0.43333300000000002       0.40000000000000002       0.21549997432680357
        1673  0.46666700000000000       0.40000000000000002       0.20302033060822861
        1674  0.50000000000000000       0.40000000000000002       0.19062801139097513
        1675  0.53333299999999995       0.40000000000000002       0.17812472419608288
        1676  0.56666700000000003       0.40000000000000002       0.16541043020118729
        1677  0.59999999999999998       0.40000000000000002       0.15242243300451483
        1678  0.63333300000000003       0.40000000000000002       0.13900407435956941
        1679  0.66666700000000001       0.40000000000000002       0.12507644877204233
        1680  0.69999999999999996       0.40000000000000002       0.11119459835880514
        1681  0.73333300000000001       0.40000000000000002        9.6306930350550365E-002
        1682  0.76666699999999999       0.40000000000000002        8.1590139727417355E-002
        1683  0.80000000000000004       0.40000000000000002        6.6820261432388686E-002
        1684  0.83333299999999999       0.40000000000000002        5.1526627666558869E-002
        1685  0.86666699999999997       0.40000000000000002        3.6624826382757193E-002
        1686  0.90000000000000002       0.40000000000000002        2.3619929929550330E-002
        1687  0.93333299999999997       0.40000000000000002        1.1577518687535896E-002
        1688  0.96666700000000005       0.40000000000000002        3.6155058857574389E-003
        1689   1.0000000000000000       0.40000000000000002        0.0000000000000000
        1690   1.5000000000000000       0.40000000000000002        0.0000000000000000
        1691   1.5333330000000001       0.40000000000000002       -3.7994846400303262E-003
        1692   1.5666670000000000       0.40000000000000002       -5.2754491520126713E-003
        1693   1.6000000000000001       0.40000000000000002       -4.3246609913285038E-003
        1694   1.6333329999999999       0.40000000000000002       -1.5779929854791606E-003
        1695   1.6666669999999999       0.40000000000000002        2.6431184966718515E-003
        1696   1.7000000000000000       0.40000000000000002        7.8987217502534349E-003
        1697   1.7333330000000000       0.40000000000000002        1.4409427188066686E-002
        1698   1.7666670000000000       0.40000000000000002        2.1285314113051287E-002
        1699   1.8000000000000000       0.40000000000000002        2.8704160287371380E-002
        1700   1.8333330000000001       0.40000000000000002        3.6176528728762238E-002
        1701   1.8666670000000001       0.40000000000000002        4.4530200807075121E-002
        1702   1.8999999999999999       0.40000000000000002        5.2206531981236072E-002
        1703   1.9333330000000000       0.40000000000000002        6.0687052078378129E-002
        1704   1.9666669999999999       0.40000000000000002        6.8555105088778032E-002
        1705   2.0000000000000000       0.40000000000000002        7.6533031040047522E-002
        1706   2.0333329999999998       0.40000000000000002        8.4550213512633629E-002
        1707   2.0666669999999998       0.40000000000000002        9.1920464117132783E-002
        1708   2.1000000000000001       0.40000000000000002        9.9566076974079459E-002
        1709   2.1333329999999999       0.40000000000000002       0.10669078759977907
        1710   2.1666669999999999       0.40000000000000002       0.11361394499912081
        1711   2.2000000000000002       0.40000000000000002       0.12005969112432364
        1712   2.2333330000000000       0.40000000000000002       0.12658593501165180
        1713   2.2666670000000000       0.40000000000000002       0.13234658392329562
        1714   2.2999999999999998       0.40000000000000002       0.13830690610624297
        1715   2.3333330000000001       0.40000000000000002       0.14344382398183000
        1716   2.3666670000000001       0.40000000000000002       0.14866931591460236
        1717   2.3999999999999999       0.40000000000000002       0.15357016178965460
        1718   2.4333330000000002       0.40000000000000002       0.15797651545182953
        1719   2.4666670000000002       0.40000000000000002       0.16222899958576467
        1720   2.5000000000000000       0.40000000000000002       0.16603657572670794
        1721   2.5333329999999998       0.40000000000000002       0.16991082065032959
        1722   2.5666669999999998       0.40000000000000002       0.17332774952942903
        1723   2.6000000000000001       0.40000000000000002       0.17634168072453429
        1724   2.6333329999999999       0.40000000000000002       0.17951117012265463
        1725   2.6666669999999999       0.40000000000000002       0.18211562398449807
        1726   2.7000000000000002       0.40000000000000002       0.18452801012261991
        1727   2.7333330000000000       0.40000000000000002       0.18711840523329418
        1728   2.7666670000000000       0.40000000000000002       0.18908994574613919
        1729   2.7999999999999998       0.40000000000000002       0.19116813661331780
        1730   2.8333330000000001       0.40000000000000002       0.19278977014568746
        1731   2.8666670000000001       0.40000000000000002       0.19464994649599207
        1732   2.8999999999999999       0.40000000000000002       0.19616498410888952
        1733   2.9333330000000002       0.40000000000000002       0.19738798348784270
        1734   2.9666670000000002       0.40000000000000002       0.19882650014140485
        1735   3.0000000000000000       0.40000000000000002       0.19981425770178549
        1736   3.0333329999999998       0.40000000000000002       0.20094342931113604
        1737   3.0666669999999998       0.40000000000000002       0.20195522010116096
        1738   3.1000000000000001       0.40000000000000002       0.20278951099018694
        1739   3.1333329999999999       0.40000000000000002       0.20339332730701315
        1740   3.1666669999999999       0.40000000000000002       0.20432445058629603
        1741   3.2000000000000002       0.40000000000000002       0.20480380175379137
        1742   3.2333330000000000       0.40000000000000002       0.20527917844921950
        1743   3.2666670000000000       0.40000000000000002       0.20597471012652754
        1744   3.2999999999999998       0.40000000000000002       0.20634136830195471
        1745   3.3333330000000001       0.40000000000000002       0.20669714200718098
        1746   3.3666670000000001       0.40000000000000002       0.20716679349208450
        1747   3.3999999999999999       0.40000000000000002       0.20750363136609132
        1748   3.4333330000000002       0.40000000000000002       0.20762712951123882
        1749   3.4666670000000002       0.40000000000000002       0.20804417172763459
        1750   3.5000000000000000       0.40000000000000002       0.20817401869031882
        1751   3.5333329999999998       0.40000000000000002       0.20820509490879768
        1752   3.5666669999999998       0.40000000000000002       0.20852783253951673
        1753   3.6000000000000001       0.40000000000000002       0.20862926297037024
        1754   3.6333329999999999       0.40000000000000002       0.20886457827773808
        1755   3.6666669999999999       0.40000000000000002       0.20893105027159728
        1756   3.7000000000000002       0.40000000000000002       0.20906763342851312
        1757   3.7333330000000000       0.40000000000000002       0.20894508553548594
        1758   3.7666670000000000       0.40000000000000002       0.20913766210688511
        1759   3.7999999999999998       0.40000000000000002       0.20931819301416707
        1760   3.8333330000000001       0.40000000000000002       0.20923278933038245
        1761   3.8666670000000001       0.40000000000000002       0.20916675081422156
        1762   3.8999999999999999       0.40000000000000002       0.20940525469839447
        1763   3.9333330000000002       0.40000000000000002       0.20939163754729578
        1764   3.9666670000000002       0.40000000000000002       0.20926713892362048
        1765   4.0000000000000000       0.40000000000000002       0.20943994377733044
        1766   4.0333329999999998       0.40000000000000002       0.20929369314038615
        1767   4.0666669999999998       0.40000000000000002       0.20947868328748753
        1768   4.0999999999999996       0.40000000000000002       0.20949759754129685
        1769   4.1333330000000004       0.40000000000000002       0.20942060412838093
        1770   4.1666670000000003       0.40000000000000002       0.20934207139165426
        1771   4.2000000000000002       0.40000000000000002       0.20937161159110779
        1772   4.2333330000000000       0.40000000000000002       0.20947292370772252
        1773   4.2666670000000000       0.40000000000000002       0.20936150158427522
        1774   4.2999999999999998       0.40000000000000002       0.20923794823864719
        1775   4.3333329999999997       0.40000000000000002       0.20940908543486383
        1776   4.3666669999999996       0.40000000000000002       0.20952117883925048
        1777   4.4000000000000004       0.40000000000000002       0.20928882738347307
        1778   4.4333330000000002       0.40000000000000002       0.20945213432764076
        1779   4.4666670000000002       0.40000000000000002       0.20945414734929893
        1780   4.5000000000000000       0.40000000000000002       0.20924256590676557
        1781   4.5333329999999998       0.40000000000000002       0.20939613233667737
        1782   4.5666669999999998       0.40000000000000002       0.20946388522034695
        1783   4.5999999999999996       0.40000000000000002       0.20946753993124798
        1784   4.6333330000000004       0.40000000000000002       0.20946415454635584
        1785   4.6666670000000003       0.40000000000000002       0.20929995010685290
        1786   4.7000000000000002       0.40000000000000002       0.20945253158092558
        1787   4.7333330000000000       0.40000000000000002       0.20951180544109119
        1788   4.7666670000000000       0.40000000000000002       0.20963735770964625
        1789   4.7999999999999998       0.40000000000000002       0.20948746729071227
        1790   4.8333329999999997       0.40000000000000002       0.20957666834419744
        1791   4.8666669999999996       0.40000000000000002       0.20951241692262657
        1792   4.9000000000000004       0.40000000000000002       0.20957930807824895
        1793   4.9333330000000002       0.40000000000000002       0.20955712432891438
        1794   4.9666670000000002       0.40000000000000002       0.20968138439743825
        1795   5.0000000000000000       0.40000000000000002       0.20951050426907109
        1796   0.0000000000000000       0.43333300000000002       0.43333300000000002
        1797   3.3333000000000002E-002  0.43333300000000002       0.41784830950622720
        1798   6.6667000000000004E-002  0.43333300000000002       0.40239761965922505
        1799  0.10000000000000001       0.43333300000000002       0.38711799814625769
        1800  0.13333300000000001       0.43333300000000002       0.37198200951916899
        1801  0.16666700000000001       0.43333300000000002       0.35715346660474573
        1802  0.20000000000000001       0.43333300000000002       0.34251594816094433
        1803  0.23333300000000001       0.43333300000000002       0.32827571576885212
        1804  0.26666699999999999       0.43333300000000002       0.31422678061808690
        1805  0.29999999999999999       0.43333300000000002       0.30067456686252791
        1806  0.33333299999999999       0.43333300000000002       0.28713539961059320
        1807  0.36666700000000002       0.43333300000000002       0.27403137986935439
        1808  0.40000000000000002       0.43333300000000002       0.26108900910358335
        1809  0.43333300000000002       0.43333300000000002       0.24794728173498298
        1810  0.46666700000000000       0.43333300000000002       0.23509772916801305
        1811  0.50000000000000000       0.43333300000000002       0.22178469276387128
        1812  0.53333299999999995       0.43333300000000002       0.20871310155019501
        1813  0.56666700000000003       0.43333300000000002       0.19499094490711757
        1814  0.59999999999999998       0.43333300000000002       0.18082814413011095
        1815  0.63333300000000003       0.43333300000000002       0.16653587545021892
        1816  0.66666700000000001       0.43333300000000002       0.15165038808954398
        1817  0.69999999999999996       0.43333300000000002       0.13608047990888938
        1818  0.73333300000000001       0.43333300000000002       0.11997598774381338
        1819  0.76666699999999999       0.43333300000000002       0.10334782199412847
        1820  0.80000000000000004       0.43333300000000002        8.6298970372494010E-002
        1821  0.83333299999999999       0.43333300000000002        6.8982533623101402E-002
        1822  0.86666699999999997       0.43333300000000002        5.1713598640221514E-002
        1823  0.90000000000000002       0.43333300000000002        3.4566102060435991E-002
        1824  0.93333299999999997       0.43333300000000002        2.0053456079249240E-002
        1825  0.96666700000000005       0.43333300000000002        7.3873922433360939E-003
        1826   1.0000000000000000       0.43333300000000002        0.0000000000000000
        1827   1.5000000000000000       0.43333300000000002        0.0000000000000000
        1828   1.5333330000000001       0.43333300000000002       -2.6652474717789583E-003
        1829   1.5666670000000000       0.43333300000000002       -1.7791055623547351E-003
        1830   1.6000000000000001       0.43333300000000002        9.8566142572685013E-004
        1831   1.6333329999999999       0.43333300000000002        6.5170215471240809E-003
        1832   1.6666669999999999       0.43333300000000002        1.2176166033951311E-002
        1833   1.7000000000000000       0.43333300000000002        1.9816551137968850E-002
        1834   1.7333330000000000       0.43333300000000002        2.7322684575691317E-002
        1835   1.7666670000000000       0.43333300000000002        3.6137338788277587E-002
        1836   1.8000000000000000       0.43333300000000002        4.4413940900323266E-002
        1837   1.8333330000000001       0.43333300000000002        5.3778491148686151E-002
        1838   1.8666670000000001       0.43333300000000002        6.2585307774465831E-002
        1839   1.8999999999999999       0.43333300000000002        7.1656899372742194E-002
        1840   1.9333330000000000       0.43333300000000002        8.0722436740932435E-002
        1841   1.9666669999999999       0.43333300000000002        8.9973094112415442E-002
        1842   2.0000000000000000       0.43333300000000002        9.8489174954722272E-002
        1843   2.0333329999999998       0.43333300000000002       0.10691275170851310
        1844   2.0666669999999998       0.43333300000000002       0.11550852744790667
        1845   2.1000000000000001       0.43333300000000002       0.12330726228272698
        1846   2.1333329999999999       0.43333300000000002       0.13127518897277085
        1847   2.1666669999999999       0.43333300000000002       0.13880534212605983
        1848   2.2000000000000002       0.43333300000000002       0.14605500334583166
        1849   2.2333330000000000       0.43333300000000002       0.15262740468297087
        1850   2.2666670000000000       0.43333300000000002       0.15925231536800716
        1851   2.2999999999999998       0.43333300000000002       0.16535589327445654
        1852   2.3333330000000001       0.43333300000000002       0.17121331840918808
        1853   2.3666670000000001       0.43333300000000002       0.17659627248716456
        1854   2.3999999999999999       0.43333300000000002       0.18184289990082972
        1855   2.4333330000000002       0.43333300000000002       0.18673580624706224
        1856   2.4666670000000002       0.43333300000000002       0.19111471879370531
        1857   2.5000000000000000       0.43333300000000002       0.19558040726682846
        1858   2.5333329999999998       0.43333300000000002       0.19947493479800651
        1859   2.5666669999999998       0.43333300000000002       0.20301217170901778
        1860   2.6000000000000001       0.43333300000000002       0.20665555771360153
        1861   2.6333329999999999       0.43333300000000002       0.20965150125839366
        1862   2.6666669999999999       0.43333300000000002       0.21272523479037472
        1863   2.7000000000000002       0.43333300000000002       0.21542233190645690
        1864   2.7333330000000000       0.43333300000000002       0.21796736829585275
        1865   2.7666670000000000       0.43333300000000002       0.22028269714515780
        1866   2.7999999999999998       0.43333300000000002       0.22241088772367243
        1867   2.8333330000000001       0.43333300000000002       0.22433636765801301
        1868   2.8666670000000001       0.43333300000000002       0.22609634090913031
        1869   2.8999999999999999       0.43333300000000002       0.22786766897889493
        1870   2.9333330000000002       0.43333300000000002       0.22936592661716684
        1871   2.9666670000000002       0.43333300000000002       0.23060947720176944
        1872   3.0000000000000000       0.43333300000000002       0.23203655900451578
        1873   3.0333329999999998       0.43333300000000002       0.23309523289686046
        1874   3.0666669999999998       0.43333300000000002       0.23410274318940777
        1875   3.1000000000000001       0.43333300000000002       0.23490060158077491
        1876   3.1333329999999999       0.43333300000000002       0.23587428222375001
        1877   3.1666669999999999       0.43333300000000002       0.23660697673683936
        1878   3.2000000000000002       0.43333300000000002       0.23725762210553070
        1879   3.2333330000000000       0.43333300000000002       0.23799905180855424
        1880   3.2666670000000000       0.43333300000000002       0.23854266530472967
        1881   3.2999999999999998       0.43333300000000002       0.23884083355944299
        1882   3.3333330000000001       0.43333300000000002       0.23946469668095860
        1883   3.3666670000000001       0.43333300000000002       0.23982904925273038
        1884   3.3999999999999999       0.43333300000000002       0.24015412516413787
        1885   3.4333330000000002       0.43333300000000002       0.24050586575619265
        1886   3.4666670000000002       0.43333300000000002       0.24063241491501144
        1887   3.5000000000000000       0.43333300000000002       0.24100818582353178
        1888   3.5333329999999998       0.43333300000000002       0.24121251147781156
        1889   3.5666669999999998       0.43333300000000002       0.24126789788021294
        1890   3.6000000000000001       0.43333300000000002       0.24162288855650213
        1891   3.6333329999999999       0.43333300000000002       0.24161255366672735
        1892   3.6666669999999999       0.43333300000000002       0.24188477796150437
        1893   3.7000000000000002       0.43333300000000002       0.24192398907971208
        1894   3.7333330000000000       0.43333300000000002       0.24204299757938683
        1895   3.7666670000000000       0.43333300000000002       0.24201319421071010
        1896   3.7999999999999998       0.43333300000000002       0.24211131031316191
        1897   3.8333330000000001       0.43333300000000002       0.24214849245944975
        1898   3.8666670000000001       0.43333300000000002       0.24229770440270909
        1899   3.8999999999999999       0.43333300000000002       0.24236380723007975
        1900   3.9333330000000002       0.43333300000000002       0.24220968566209761
        1901   3.9666670000000002       0.43333300000000002       0.24239575789203996
        1902   4.0000000000000000       0.43333300000000002       0.24226548001329598
        1903   4.0333329999999998       0.43333300000000002       0.24248492686155187
        1904   4.0666669999999998       0.43333300000000002       0.24240029483257886
        1905   4.0999999999999996       0.43333300000000002       0.24226105210631363
        1906   4.1333330000000004       0.43333300000000002       0.24239908296374660
        1907   4.1666670000000003       0.43333300000000002       0.24248043112940038
        1908   4.2000000000000002       0.43333300000000002       0.24226660646291445
        1909   4.2333330000000000       0.43333300000000002       0.24241369714306460
        1910   4.2666670000000000       0.43333300000000002       0.24233357258840502
        1911   4.2999999999999998       0.43333300000000002       0.24243676797757102
        1912   4.3333329999999997       0.43333300000000002       0.24245763578928228
        1913   4.3666669999999996       0.43333300000000002       0.24230599664551533
        1914   4.4000000000000004       0.43333300000000002       0.24244872340281912
        1915   4.4333330000000002       0.43333300000000002       0.24229264776907214
        1916   4.4666670000000002       0.43333300000000002       0.24244727467280516
        1917   4.5000000000000000       0.43333300000000002       0.24238886583850738
        1918   4.5333329999999998       0.43333300000000002       0.24242198490075550
        1919   4.5666669999999998       0.43333300000000002       0.24230801449021608
        1920   4.5999999999999996       0.43333300000000002       0.24253921893118666
        1921   4.6333330000000004       0.43333300000000002       0.24232816342905528
        1922   4.6666670000000003       0.43333300000000002       0.24248147271486933
        1923   4.7000000000000002       0.43333300000000002       0.24246120227195694
        1924   4.7333330000000000       0.43333300000000002       0.24245989948587768
        1925   4.7666670000000000       0.43333300000000002       0.24245464480010739
        1926   4.7999999999999998       0.43333300000000002       0.24242193939157741
        1927   4.8333329999999997       0.43333300000000002       0.24250584664558480
        1928   4.8666669999999996       0.43333300000000002       0.24256179314665172
        1929   4.9000000000000004       0.43333300000000002       0.24272251209948614
        1930   4.9333330000000002       0.43333300000000002       0.24257060790656132
        1931   4.9666670000000002       0.43333300000000002       0.24245367864852460
        1932   5.0000000000000000       0.43333300000000002       0.24261770158847046
        1933   0.0000000000000000       0.46666700000000000       0.46666700000000000
        1934   3.3333000000000002E-002  0.46666700000000000       0.45161801067173474
        1935   6.6667000000000004E-002  0.46666700000000000       0.43661191958913975
        1936  0.10000000000000001       0.46666700000000000       0.42170151735991895
        1937  0.13333300000000001       0.46666700000000000       0.40689519470056146
        1938  0.16666700000000001       0.46666700000000000       0.39224488091426241
        1939  0.20000000000000001       0.46666700000000000       0.37787135728986054
        1940  0.23333300000000001       0.46666700000000000       0.36374105805225820
        1941  0.26666699999999999       0.46666700000000000       0.34979541139783216
        1942  0.29999999999999999       0.46666700000000000       0.33597849109884903
        1943  0.33333299999999999       0.46666700000000000       0.32251530614137769
        1944  0.36666700000000002       0.46666700000000000       0.30906687353485973
        1945  0.40000000000000002       0.46666700000000000       0.29570834926059225
        1946  0.43333300000000002       0.46666700000000000       0.28238610381870466
        1947  0.46666700000000000       0.46666700000000000       0.26883747945029179
        1948  0.50000000000000000       0.46666700000000000       0.25520944046040717
        1949  0.53333299999999995       0.46666700000000000       0.24126710093061079
        1950  0.56666700000000003       0.46666700000000000       0.22706852008571804
        1951  0.59999999999999998       0.46666700000000000       0.21228474817612944
        1952  0.63333300000000003       0.46666700000000000       0.19701936324961197
        1953  0.66666700000000001       0.46666700000000000       0.18101580811122323
        1954  0.69999999999999996       0.46666700000000000       0.16422665698346101
        1955  0.73333300000000001       0.46666700000000000       0.14718250120786663
        1956  0.76666699999999999       0.46666700000000000       0.12889664367858591
        1957  0.80000000000000004       0.46666700000000000       0.10982233650542231
        1958  0.83333299999999999       0.46666700000000000        9.0752047168030758E-002
        1959  0.86666699999999997       0.46666700000000000        7.0904438154470298E-002
        1960  0.90000000000000002       0.46666700000000000        5.0941587854206577E-002
        1961  0.93333299999999997       0.46666700000000000        3.1451292623050110E-002
        1962  0.96666700000000005       0.46666700000000000        1.4020380896440489E-002
        1963   1.0000000000000000       0.46666700000000000        0.0000000000000000
        1964   1.5000000000000000       0.46666700000000000        0.0000000000000000
        1965   1.5333330000000001       0.46666700000000000        7.2222675458938400E-004
        1966   1.5666670000000000       0.46666700000000000        4.6697070273721431E-003
        1967   1.6000000000000001       0.46666700000000000        1.0923594807326506E-002
        1968   1.6333329999999999       0.46666700000000000        1.8057380567980421E-002
        1969   1.6666669999999999       0.46666700000000000        2.6575597463907332E-002
        1970   1.7000000000000000       0.46666700000000000        3.5137380533849925E-002
        1971   1.7333330000000000       0.46666700000000000        4.5160255417239670E-002
        1972   1.7666670000000000       0.46666700000000000        5.4500019471949039E-002
        1973   1.8000000000000000       0.46666700000000000        6.4707617535969472E-002
        1974   1.8333330000000001       0.46666700000000000        7.4647238667427007E-002
        1975   1.8666670000000001       0.46666700000000000        8.4900257596839598E-002
        1976   1.8999999999999999       0.46666700000000000        9.4865849029929117E-002
        1977   1.9333330000000000       0.46666700000000000       0.10469113235107327
        1978   1.9666669999999999       0.46666700000000000       0.11439907281254083
        1979   2.0000000000000000       0.46666700000000000       0.12383290128309229
        1980   2.0333329999999998       0.46666700000000000       0.13329751817198593
        1981   2.0666669999999998       0.46666700000000000       0.14191242778193872
        1982   2.1000000000000001       0.46666700000000000       0.15076936368860896
        1983   2.1333329999999999       0.46666700000000000       0.15909744763100281
        1984   2.1666669999999999       0.46666700000000000       0.16698413820679178
        1985   2.2000000000000002       0.46666700000000000       0.17448515994405342
        1986   2.2333330000000000       0.46666700000000000       0.18202436672854477
        1987   2.2666670000000000       0.46666700000000000       0.18874444200450524
        1988   2.2999999999999998       0.46666700000000000       0.19506447117802586
        1989   2.3333330000000001       0.46666700000000000       0.20142679599963562
        1990   2.3666670000000001       0.46666700000000000       0.20734589442544551
        1991   2.3999999999999999       0.46666700000000000       0.21271994486586135
        1992   2.4333330000000002       0.46666700000000000       0.21784836620644699
        1993   2.4666670000000002       0.46666700000000000       0.22279575336489488
        1994   2.5000000000000000       0.46666700000000000       0.22711214198646584
        1995   2.5333329999999998       0.46666700000000000       0.23149254862554283
        1996   2.5666669999999998       0.46666700000000000       0.23533758299045296
        1997   2.6000000000000001       0.46666700000000000       0.23897304197369160
        1998   2.6333329999999999       0.46666700000000000       0.24239325046072172
        1999   2.6666669999999999       0.46666700000000000       0.24537193363609511
        2000   2.7000000000000002       0.46666700000000000       0.24842752388396577
        2001   2.7333330000000000       0.46666700000000000       0.25100958720031874
        2002   2.7666670000000000       0.46666700000000000       0.25358846327027862
        2003   2.7999999999999998       0.46666700000000000       0.25579335571737843
        2004   2.8333330000000001       0.46666700000000000       0.25794915336151691
        2005   2.8666670000000001       0.46666700000000000       0.25975778689526208
        2006   2.8999999999999999       0.46666700000000000       0.26142943114213923
        2007   2.9333330000000002       0.46666700000000000       0.26316575879881121
        2008   2.9666670000000002       0.46666700000000000       0.26471765205764808
        2009   3.0000000000000000       0.46666700000000000       0.26587869178262430
        2010   3.0333329999999998       0.46666700000000000       0.26717113312170898
        2011   3.0666669999999998       0.46666700000000000       0.26832909337482752
        2012   3.1000000000000001       0.46666700000000000       0.26932315557388203
        2013   3.1333329999999999       0.46666700000000000       0.27014085811033839
        2014   3.1666669999999999       0.46666700000000000       0.27084940313159633
        2015   3.2000000000000002       0.46666700000000000       0.27178233505090649
        2016   3.2333330000000000       0.46666700000000000       0.27245765236654429
        2017   3.2666670000000000       0.46666700000000000       0.27291337027678153
        2018   3.2999999999999998       0.46666700000000000       0.27349170427856423
        2019   3.3333330000000001       0.46666700000000000       0.27403154764347387
        2020   3.3666670000000001       0.46666700000000000       0.27438847627692908
        2021   3.3999999999999999       0.46666700000000000       0.27465372715931424
        2022   3.4333330000000002       0.46666700000000000       0.27515004440758895
        2023   3.4666670000000002       0.46666700000000000       0.27544993766438680
        2024   3.5000000000000000       0.46666700000000000       0.27557271355584345
        2025   3.5333329999999998       0.46666700000000000       0.27591037155392334
        2026   3.5666669999999998       0.46666700000000000       0.27618940609529419
        2027   3.6000000000000001       0.46666700000000000       0.27622337254357104
        2028   3.6333329999999999       0.46666700000000000       0.27656104770196799
        2029   3.6666669999999999       0.46666700000000000       0.27661546751116312
        2030   3.7000000000000002       0.46666700000000000       0.27658285893378420
        2031   3.7333330000000000       0.46666700000000000       0.27683488875145690
        2032   3.7666670000000000       0.46666700000000000       0.27692818060561586
        2033   3.7999999999999998       0.46666700000000000       0.27685017212278834
        2034   3.8333330000000001       0.46666700000000000       0.27712148762013844
        2035   3.8666670000000001       0.46666700000000000       0.27705955641655305
        2036   3.8999999999999999       0.46666700000000000       0.27710918863821349
        2037   3.9333330000000002       0.46666700000000000       0.27717986895287738
        2038   3.9666670000000002       0.46666700000000000       0.27708783574606677
        2039   4.0000000000000000       0.46666700000000000       0.27723532350993180
        2040   4.0333329999999998       0.46666700000000000       0.27722817362810437
        2041   4.0666669999999998       0.46666700000000000       0.27724840677031581
        2042   4.0999999999999996       0.46666700000000000       0.27724358535657873
        2043   4.1333330000000004       0.46666700000000000       0.27730739950521943
        2044   4.1666670000000003       0.46666700000000000       0.27716334356360467
        2045   4.2000000000000002       0.46666700000000000       0.27729903883825091
        2046   4.2333330000000000       0.46666700000000000       0.27715316583991034
        2047   4.2666670000000000       0.46666700000000000       0.27730032986479092
        2048   4.2999999999999998       0.46666700000000000       0.27727162107432968
        2049   4.3333329999999997       0.46666700000000000       0.27725106295665236
        2050   4.3666669999999996       0.46666700000000000       0.27729736693406232
        2051   4.4000000000000004       0.46666700000000000       0.27715858397673865
        2052   4.4333330000000002       0.46666700000000000       0.27732405983606617
        2053   4.4666670000000002       0.46666700000000000       0.27722671309945429
        2054   4.5000000000000000       0.46666700000000000       0.27730199231584801
        2055   4.5333329999999998       0.46666700000000000       0.27716838214204648
        2056   4.5666669999999998       0.46666700000000000       0.27730919280950661
        2057   4.5999999999999996       0.46666700000000000       0.27730477856785685
        2058   4.6333330000000004       0.46666700000000000       0.27732988064519626
        2059   4.6666670000000003       0.46666700000000000       0.27739137845127643
        2060   4.7000000000000002       0.46666700000000000       0.27732729328356914
        2061   4.7333330000000000       0.46666700000000000       0.27728799034610618
        2062   4.7666670000000000       0.46666700000000000       0.27719335373312198
        2063   4.7999999999999998       0.46666700000000000       0.27741798415047469
        2064   4.8333329999999997       0.46666700000000000       0.27733741181373389
        2065   4.8666669999999996       0.46666700000000000       0.27738021917872963
        2066   4.9000000000000004       0.46666700000000000       0.27742761498799168
        2067   4.9333330000000002       0.46666700000000000       0.27742210752509278
        2068   4.9666670000000002       0.46666700000000000       0.27744150237658372
        2069   5.0000000000000000       0.46666700000000000       0.27730162429810867
        2070   0.0000000000000000       0.50000000000000000       0.50000000000000000
        2071   3.3333000000000002E-002  0.50000000000000000       0.48546496571940168
        2072   6.6667000000000004E-002  0.50000000000000000       0.47096907138942701
        2073  0.10000000000000001       0.50000000000000000       0.45648896188818611
        2074  0.13333300000000001       0.50000000000000000       0.44214752334992186
        2075  0.16666700000000001       0.50000000000000000       0.42793893356740947
        2076  0.20000000000000001       0.50000000000000000       0.41380208376934458
        2077  0.23333300000000001       0.50000000000000000       0.39981654456723004
        2078  0.26666699999999999       0.50000000000000000       0.38609242018993611
        2079  0.29999999999999999       0.50000000000000000       0.37248948085497952
        2080  0.33333299999999999       0.50000000000000000       0.35894306309901808
        2081  0.36666700000000002       0.50000000000000000       0.34539516874641496
        2082  0.40000000000000002       0.50000000000000000       0.33179358724035912
        2083  0.43333300000000002       0.50000000000000000       0.31834131201126198
        2084  0.46666700000000000       0.50000000000000000       0.30460158737960730
        2085  0.50000000000000000       0.50000000000000000       0.29068816497502681
        2086  0.53333299999999995       0.50000000000000000       0.27626859253941183
        2087  0.56666700000000003       0.50000000000000000       0.26139618011879939
        2088  0.59999999999999998       0.50000000000000000       0.24631952301852816
        2089  0.63333300000000003       0.50000000000000000       0.23012558208213521
        2090  0.66666700000000001       0.50000000000000000       0.21360005224350997
        2091  0.69999999999999996       0.50000000000000000       0.19625049852974844
        2092  0.73333300000000001       0.50000000000000000       0.17765041086784436
        2093  0.76666699999999999       0.50000000000000000       0.15859503162093297
        2094  0.80000000000000004       0.50000000000000000       0.13862192199505341
        2095  0.83333299999999999       0.50000000000000000       0.11720813519978049
        2096  0.86666699999999997       0.50000000000000000        9.5743438394433805E-002
        2097  0.90000000000000002       0.50000000000000000        7.3784426291464728E-002
        2098  0.93333299999999997       0.50000000000000000        5.0890157374805615E-002
        2099  0.96666700000000005       0.50000000000000000        2.6130297591171320E-002
        2100   1.0000000000000000       0.50000000000000000        0.0000000000000000
        2101   1.0333330000000001       0.50000000000000000        0.0000000000000000
        2102   1.0666670000000000       0.50000000000000000        0.0000000000000000
        2103   1.1000000000000001       0.50000000000000000        0.0000000000000000
        2104   1.1333329999999999       0.50000000000000000        0.0000000000000000
        2105   1.1666669999999999       0.50000000000000000        0.0000000000000000
        2106   1.2000000000000000       0.50000000000000000        0.0000000000000000
        2107   1.2333330000000000       0.50000000000000000        0.0000000000000000
        2108   1.2666670000000000       0.50000000000000000        0.0000000000000000
        2109   1.3000000000000000       0.50000000000000000        0.0000000000000000
        2110   1.3333330000000001       0.50000000000000000        0.0000000000000000
        2111   1.3666670000000001       0.50000000000000000        0.0000000000000000
        2112   1.3999999999999999       0.50000000000000000        0.0000000000000000
        2113   1.4333330000000000       0.50000000000000000        0.0000000000000000
        2114   1.4666669999999999       0.50000000000000000        0.0000000000000000
        2115   1.5000000000000000       0.50000000000000000        0.0000000000000000
        2116   1.5333330000000001       0.50000000000000000        7.3131048481882652E-003
        2117   1.5666670000000000       0.50000000000000000        1.6537473628339759E-002
        2118   1.6000000000000001       0.50000000000000000        2.5925901635384122E-002
        2119   1.6333329999999999       0.50000000000000000        3.5577692270908810E-002
        2120   1.6666669999999999       0.50000000000000000        4.5931963649856238E-002
        2121   1.7000000000000000       0.50000000000000000        5.6307525547607214E-002
        2122   1.7333330000000000       0.50000000000000000        6.7113188629223525E-002
        2123   1.7666670000000000       0.50000000000000000        7.8460548962309265E-002
        2124   1.8000000000000000       0.50000000000000000        8.9089890558044463E-002
        2125   1.8333330000000001       0.50000000000000000       0.10022456461671471
        2126   1.8666670000000001       0.50000000000000000       0.11090466332140471
        2127   1.8999999999999999       0.50000000000000000       0.12216679296076718
        2128   1.9333330000000000       0.50000000000000000       0.13250778285063031
        2129   1.9666669999999999       0.50000000000000000       0.14263850358877864
        2130   2.0000000000000000       0.50000000000000000       0.15311603438118010
        2131   2.0333329999999998       0.50000000000000000       0.16270391265748879
        2132   2.0666669999999998       0.50000000000000000       0.17223668414006735
        2133   2.1000000000000001       0.50000000000000000       0.18125203933612186
        2134   2.1333329999999999       0.50000000000000000       0.18976538780600410
        2135   2.1666669999999999       0.50000000000000000       0.19833912124539507
        2136   2.2000000000000002       0.50000000000000000       0.20644405588891118
        2137   2.2333330000000000       0.50000000000000000       0.21396342249088404
        2138   2.2666670000000000       0.50000000000000000       0.22115076652556920
        2139   2.2999999999999998       0.50000000000000000       0.22796434557118875
        2140   2.3333330000000001       0.50000000000000000       0.23442756019836838
        2141   2.3666670000000001       0.50000000000000000       0.24054263664476702
        2142   2.3999999999999999       0.50000000000000000       0.24607867919492835
        2143   2.4333330000000002       0.50000000000000000       0.25167928225257485
        2144   2.4666670000000002       0.50000000000000000       0.25652840948384897
        2145   2.5000000000000000       0.50000000000000000       0.26136380141710674
        2146   2.5333329999999998       0.50000000000000000       0.26575336658002413
        2147   2.5666669999999998       0.50000000000000000       0.26987670390968660
        2148   2.6000000000000001       0.50000000000000000       0.27349526002844299
        2149   2.6333329999999999       0.50000000000000000       0.27720048582582679
        2150   2.6666669999999999       0.50000000000000000       0.28050954174299286
        2151   2.7000000000000002       0.50000000000000000       0.28348389683244440
        2152   2.7333330000000000       0.50000000000000000       0.28625480403141113
        2153   2.7666670000000000       0.50000000000000000       0.28881315996730483
        2154   2.7999999999999998       0.50000000000000000       0.29108510092910156
        2155   2.8333330000000001       0.50000000000000000       0.29343122250408865
        2156   2.8666670000000001       0.50000000000000000       0.29537856190273282
        2157   2.8999999999999999       0.50000000000000000       0.29733932835451654
        2158   2.9333330000000002       0.50000000000000000       0.29894828586480282
        2159   2.9666670000000002       0.50000000000000000       0.30041049109490459
        2160   3.0000000000000000       0.50000000000000000       0.30196845316722076
        2161   3.0333329999999998       0.50000000000000000       0.30315837824899228
        2162   3.0666669999999998       0.50000000000000000       0.30420377256363346
        2163   3.1000000000000001       0.50000000000000000       0.30538759457540954
        2164   3.1333329999999999       0.50000000000000000       0.30628126465447569
        2165   3.1666669999999999       0.50000000000000000       0.30721563143171804
        2166   3.2000000000000002       0.50000000000000000       0.30802110189926624
        2167   3.2333330000000000       0.50000000000000000       0.30860765430318493
        2168   3.2666670000000000       0.50000000000000000       0.30921723637850340
        2169   3.2999999999999998       0.50000000000000000       0.30991709182142996
        2170   3.3333330000000001       0.50000000000000000       0.31024997430876400
        2171   3.3666670000000001       0.50000000000000000       0.31079119491760177
        2172   3.3999999999999999       0.50000000000000000       0.31125736721499542
        2173   3.4333330000000002       0.50000000000000000       0.31145835525202015
        2174   3.4666670000000002       0.50000000000000000       0.31189453222013419
        2175   3.5000000000000000       0.50000000000000000       0.31225713275372691
        2176   3.5333329999999998       0.50000000000000000       0.31241792627864956
        2177   3.5666669999999998       0.50000000000000000       0.31252315395563723
        2178   3.6000000000000001       0.50000000000000000       0.31285606712048586
        2179   3.6333329999999999       0.50000000000000000       0.31296052763658511
        2180   3.6666669999999999       0.50000000000000000       0.31318574154686807
        2181   3.7000000000000002       0.50000000000000000       0.31329501148810340
        2182   3.7333330000000000       0.50000000000000000       0.31325596852547705
        2183   3.7666670000000000       0.50000000000000000       0.31346709906276404
        2184   3.7999999999999998       0.50000000000000000       0.31357998183920838
        2185   3.8333330000000001       0.50000000000000000       0.31359774142581048
        2186   3.8666670000000001       0.50000000000000000       0.31374967341564652
        2187   3.8999999999999999       0.50000000000000000       0.31360860944158697
        2188   3.9333330000000002       0.50000000000000000       0.31376782523759605
        2189   3.9666670000000002       0.50000000000000000       0.31388463528371119
        2190   4.0000000000000000       0.50000000000000000       0.31381586667917932
        2191   4.0333329999999998       0.50000000000000000       0.31372142067947256
        2192   4.0666669999999998       0.50000000000000000       0.31388109579721263
        2193   4.0999999999999996       0.50000000000000000       0.31389908805447114
        2194   4.1333330000000004       0.50000000000000000       0.31389964547357974
        2195   4.1666670000000003       0.50000000000000000       0.31391481021938827
        2196   4.2000000000000002       0.50000000000000000       0.31378694766115400
        2197   4.2333330000000000       0.50000000000000000       0.31394901241949841
        2198   4.2666670000000000       0.50000000000000000       0.31390206672759763
        2199   4.2999999999999998       0.50000000000000000       0.31386086341180608
        2200   4.3333329999999997       0.50000000000000000       0.31375895296980422
        2201   4.3666669999999996       0.50000000000000000       0.31393371813433268
        2202   4.4000000000000004       0.50000000000000000       0.31391579641975392
        2203   4.4333330000000002       0.50000000000000000       0.31379371804954431
        2204   4.4666670000000002       0.50000000000000000       0.31390076107895604
        2205   4.5000000000000000       0.50000000000000000       0.31388461010549212
        2206   4.5333329999999998       0.50000000000000000       0.31399286933314396
        2207   4.5666669999999998       0.50000000000000000       0.31391632481534931
        2208   4.5999999999999996       0.50000000000000000       0.31382343024326542
        2209   4.6333330000000004       0.50000000000000000       0.31404086035427858
        2210   4.6666670000000003       0.50000000000000000       0.31390590671208352
        2211   4.7000000000000002       0.50000000000000000       0.31393242284412043
        2212   4.7333330000000000       0.50000000000000000       0.31393497219208105
        2213   4.7666670000000000       0.50000000000000000       0.31396405182246989
        2214   4.7999999999999998       0.50000000000000000       0.31389406926861346
        2215   4.8333329999999997       0.50000000000000000       0.31409271355975094
        2216   4.8666669999999996       0.50000000000000000       0.31395599291183779
        2217   4.9000000000000004       0.50000000000000000       0.31396545297383743
        2218   4.9333330000000002       0.50000000000000000       0.31400985929583547
        2219   4.9666670000000002       0.50000000000000000       0.31404673336211442
        2220   5.0000000000000000       0.50000000000000000       0.31405393960582190
        2221   0.0000000000000000       0.53333299999999995       0.53333299999999995
        2222   3.3333000000000002E-002  0.53333299999999995       0.51939062461453123
        2223   6.6667000000000004E-002  0.53333299999999995       0.50545028119921831
        2224  0.10000000000000001       0.53333299999999995       0.49157186044435280
        2225  0.13333300000000001       0.53333299999999995       0.47773361291764971
        2226  0.16666700000000001       0.53333299999999995       0.46394114536272613
        2227  0.20000000000000001       0.53333299999999995       0.45025289643618394
        2228  0.23333300000000001       0.53333299999999995       0.43671237473379176
        2229  0.26666699999999999       0.53333299999999995       0.42321512778344439
        2230  0.29999999999999999       0.53333299999999995       0.40980755191666268
        2231  0.33333299999999999       0.53333299999999995       0.39632743809890575
        2232  0.36666700000000002       0.53333299999999995       0.38300677767564928
        2233  0.40000000000000002       0.53333299999999995       0.36952097876729034
        2234  0.43333300000000002       0.53333299999999995       0.35580213486936335
        2235  0.46666700000000000       0.53333299999999995       0.34207698641530121
        2236  0.50000000000000000       0.53333299999999995       0.32802053882487586
        2237  0.53333299999999995       0.53333299999999995       0.31345383042697950
        2238  0.56666700000000003       0.53333299999999995       0.29842852646292928
        2239  0.59999999999999998       0.53333299999999995       0.28281790640302901
        2240  0.63333300000000003       0.53333299999999995       0.26648747652453242
        2241  0.66666700000000001       0.53333299999999995       0.24945436620920117
        2242  0.69999999999999996       0.53333299999999995       0.23130628137531625
        2243  0.73333300000000001       0.53333299999999995       0.21258922989702481
        2244  0.76666699999999999       0.53333299999999995       0.19274163244147879
        2245  0.80000000000000004       0.53333299999999995       0.17154044368910859
        2246  0.83333299999999999       0.53333299999999995       0.15008357417323237
        2247  0.86666699999999997       0.53333299999999995       0.12707997324906276
        2248  0.90000000000000002       0.53333299999999995       0.10378539948912305
        2249  0.93333299999999997       0.53333299999999995        7.9883032504817403E-002
        2250  0.96666700000000005       0.53333299999999995        5.6756065388896659E-002
        2251   1.0000000000000000       0.53333299999999995        3.4937181984099674E-002
        2252   1.0333330000000001       0.53333299999999995        2.5985063076211349E-002
        2253   1.0666670000000000       0.53333299999999995        1.9681759222692417E-002
        2254   1.1000000000000001       0.53333299999999995        1.7531578138728000E-002
        2255   1.1333329999999999       0.53333299999999995        1.5178765327112776E-002
        2256   1.1666669999999999       0.53333299999999995        1.2705227078358057E-002
        2257   1.2000000000000000       0.53333299999999995        1.2764932303178080E-002
        2258   1.2333330000000000       0.53333299999999995        1.3016887856734723E-002
        2259   1.2666670000000000       0.53333299999999995        1.1310099436153805E-002
        2260   1.3000000000000000       0.53333299999999995        1.2493469993768656E-002
        2261   1.3333330000000001       0.53333299999999995        1.0988459255147907E-002
        2262   1.3666670000000001       0.53333299999999995        1.2070516838869781E-002
        2263   1.3999999999999999       0.53333299999999995        1.3124377193934405E-002
        2264   1.4333330000000000       0.53333299999999995        1.3660884442024330E-002
        2265   1.4666669999999999       0.53333299999999995        1.5684699099108267E-002
        2266   1.5000000000000000       0.53333299999999995        1.9203710282168440E-002
        2267   1.5333330000000001       0.53333299999999995        2.7501599827500205E-002
        2268   1.5666670000000000       0.53333299999999995        3.7442926772923026E-002
        2269   1.6000000000000001       0.53333299999999995        4.8546265046506706E-002
        2270   1.6333329999999999       0.53333299999999995        5.9419434168351361E-002
        2271   1.6666669999999999       0.53333299999999995        7.0590955831151631E-002
        2272   1.7000000000000000       0.53333299999999995        8.3085049365625052E-002
        2273   1.7333330000000000       0.53333299999999995        9.4919857031521407E-002
        2274   1.7666670000000000       0.53333299999999995       0.10658878042961713
        2275   1.8000000000000000       0.53333299999999995       0.11867156717614623
        2276   1.8333330000000001       0.53333299999999995       0.13006963182845227
        2277   1.8666670000000001       0.53333299999999995       0.14208211973230395
        2278   1.8999999999999999       0.53333299999999995       0.15311309932885794
        2279   1.9333330000000000       0.53333299999999995       0.16444309057652276
        2280   1.9666669999999999       0.53333299999999995       0.17543983898388077
        2281   2.0000000000000000       0.53333299999999995       0.18562553430871584
        2282   2.0333329999999998       0.53333299999999995       0.19607164985379005
        2283   2.0666669999999998       0.53333299999999995       0.20575433405221324
        2284   2.1000000000000001       0.53333299999999995       0.21531052625776415
        2285   2.1333329999999999       0.53333299999999995       0.22427161519645566
        2286   2.1666669999999999       0.53333299999999995       0.23294949527496009
        2287   2.2000000000000002       0.53333299999999995       0.24122731338484557
        2288   2.2333330000000000       0.53333299999999995       0.24883101294781187
        2289   2.2666670000000000       0.53333299999999995       0.25643666789447311
        2290   2.2999999999999998       0.53333299999999995       0.26363251068738375
        2291   2.3333330000000001       0.53333299999999995       0.27011838925734788
        2292   2.3666670000000001       0.53333299999999995       0.27621888341930056
        2293   2.3999999999999999       0.53333299999999995       0.28231558526044043
        2294   2.4333330000000002       0.53333299999999995       0.28769387893241549
        2295   2.4666670000000002       0.53333299999999995       0.29306648800291796
        2296   2.5000000000000000       0.53333299999999995       0.29775709013493179
        2297   2.5333329999999998       0.53333299999999995       0.30228960207610744
        2298   2.5666669999999998       0.53333299999999995       0.30655250396614897
        2299   2.6000000000000001       0.53333299999999995       0.31049541633547667
        2300   2.6333329999999999       0.53333299999999995       0.31398258980634342
        2301   2.6666669999999999       0.53333299999999995       0.31752930842523663
        2302   2.7000000000000002       0.53333299999999995       0.32058200205664744
        2303   2.7333330000000000       0.53333299999999995       0.32352657481118047
        2304   2.7666670000000000       0.53333299999999995       0.32611636096324864
        2305   2.7999999999999998       0.53333299999999995       0.32866226688830263
        2306   2.8333330000000001       0.53333299999999995       0.33077850651746088
        2307   2.8666670000000001       0.53333299999999995       0.33300492408439292
        2308   2.8999999999999999       0.53333299999999995       0.33475053329661270
        2309   2.9333330000000002       0.53333299999999995       0.33659184158415872
        2310   2.9666670000000002       0.53333299999999995       0.33827690765292290
        2311   3.0000000000000000       0.53333299999999995       0.33955490632563512
        2312   3.0333329999999998       0.53333299999999995       0.34097642742837025
        2313   3.0666669999999998       0.53333299999999995       0.34217752788657096
        2314   3.1000000000000001       0.53333299999999995       0.34314344340048364
        2315   3.1333329999999999       0.53333299999999995       0.34431742247620845
        2316   3.1666669999999999       0.53333299999999995       0.34508757327486672
        2317   3.2000000000000002       0.53333299999999995       0.34586984166779378
        2318   3.2333330000000000       0.53333299999999995       0.34667522883491753
        2319   3.2666670000000000       0.53333299999999995       0.34735091847640570
        2320   3.2999999999999998       0.53333299999999995       0.34781018236245181
        2321   3.3333330000000001       0.53333299999999995       0.34845920704602201
        2322   3.3666670000000001       0.53333299999999995       0.34891668085154387
        2323   3.3999999999999999       0.53333299999999995       0.34922409492541140
        2324   3.4333330000000002       0.53333299999999995       0.34972619655440157
        2325   3.4666670000000002       0.53333299999999995       0.35005803250545103
        2326   3.5000000000000000       0.53333299999999995       0.35024004617912319
        2327   3.5333329999999998       0.53333299999999995       0.35062586587389288
        2328   3.5666669999999998       0.53333299999999995       0.35082216390202658
        2329   3.6000000000000001       0.53333299999999995       0.35107881822593362
        2330   3.6333329999999999       0.53333299999999995       0.35116730355000048
        2331   3.6666669999999999       0.53333299999999995       0.35125195134058063
        2332   3.7000000000000002       0.53333299999999995       0.35151756647977328
        2333   3.7333330000000000       0.53333299999999995       0.35162120261731517
        2334   3.7666670000000000       0.53333299999999995       0.35175044859382065
        2335   3.7999999999999998       0.53333299999999995       0.35176795401766858
        2336   3.8333330000000001       0.53333299999999995       0.35187049270416765
        2337   3.8666670000000001       0.53333299999999995       0.35183109026721432
        2338   3.8999999999999999       0.53333299999999995       0.35200500747282826
        2339   3.9333330000000002       0.53333299999999995       0.35204669449522230
        2340   3.9666670000000002       0.53333299999999995       0.35196626638907874
        2341   4.0000000000000000       0.53333299999999995       0.35207136807293399
        2342   4.0333329999999998       0.53333299999999995       0.35216030702472034
        2343   4.0666669999999998       0.53333299999999995       0.35203990077547043
        2344   4.0999999999999996       0.53333299999999995       0.35220435283162554
        2345   4.1333330000000004       0.53333299999999995       0.35214681547506765
        2346   4.1666670000000003       0.53333299999999995       0.35217637481767672
        2347   4.2000000000000002       0.53333299999999995       0.35218752715737350
        2348   4.2333330000000000       0.53333299999999995       0.35205540829944248
        2349   4.2666670000000000       0.53333299999999995       0.35215068642934483
        2350   4.2999999999999998       0.53333299999999995       0.35216376992950948
        2351   4.3333329999999997       0.53333299999999995       0.35219460160254107
        2352   4.3666669999999996       0.53333299999999995       0.35214998139008064
        2353   4.4000000000000004       0.53333299999999995       0.35214614609231093
        2354   4.4333330000000002       0.53333299999999995       0.35223969345730133
        2355   4.4666670000000002       0.53333299999999995       0.35208576985119328
        2356   4.5000000000000000       0.53333299999999995       0.35226375472233579
        2357   4.5333329999999998       0.53333299999999995       0.35210516656687746
        2358   4.5666669999999998       0.53333299999999995       0.35219439246384920
        2359   4.5999999999999996       0.53333299999999995       0.35223788584387455
        2360   4.6333330000000004       0.53333299999999995       0.35220725688747367
        2361   4.6666670000000003       0.53333299999999995       0.35219841618502379
        2362   4.7000000000000002       0.53333299999999995       0.35221584742831558
        2363   4.7333330000000000       0.53333299999999995       0.35220955012866240
        2364   4.7666670000000000       0.53333299999999995       0.35220287056466382
        2365   4.7999999999999998       0.53333299999999995       0.35230629480642933
        2366   4.8333329999999997       0.53333299999999995       0.35228554286761066
        2367   4.8666669999999996       0.53333299999999995       0.35230488485565220
        2368   4.9000000000000004       0.53333299999999995       0.35213929378175945
        2369   4.9333330000000002       0.53333299999999995       0.35225749425984360
        2370   4.9666670000000002       0.53333299999999995       0.35233380795502589
        2371   5.0000000000000000       0.53333299999999995       0.35245448049277345
        2372   0.0000000000000000       0.56666700000000003       0.56666700000000003
        2373   3.3333000000000002E-002  0.56666700000000003       0.55338573399436897
        2374   6.6667000000000004E-002  0.56666700000000003       0.54010967656393438
        2375  0.10000000000000001       0.56666700000000003       0.52685199630474910
        2376  0.13333300000000001       0.56666700000000003       0.51358926088913126
        2377  0.16666700000000001       0.56666700000000003       0.50041288089782632
        2378  0.20000000000000001       0.56666700000000003       0.48726159285535525
        2379  0.23333300000000001       0.56666700000000003       0.47415708644903209
        2380  0.26666699999999999       0.56666700000000003       0.46106430389583980
        2381  0.29999999999999999       0.56666700000000003       0.44796598786418129
        2382  0.33333299999999999       0.56666700000000003       0.43491394646195758
        2383  0.36666700000000002       0.56666700000000003       0.42173598467078433
        2384  0.40000000000000002       0.56666700000000003       0.40847780562166097
        2385  0.43333300000000002       0.56666700000000003       0.39502130122922674
        2386  0.46666700000000000       0.56666700000000003       0.38131568138293692
        2387  0.50000000000000000       0.56666700000000003       0.36714924660566128
        2388  0.53333299999999995       0.56666700000000003       0.35273230768544139
        2389  0.56666700000000003       0.56666700000000003       0.33779335933336069
        2390  0.59999999999999998       0.56666700000000003       0.32197130960904841
        2391  0.63333300000000003       0.56666700000000003       0.30563137694912063
        2392  0.66666700000000001       0.56666700000000003       0.28834484528109122
        2393  0.69999999999999996       0.56666700000000003       0.27038937088219389
        2394  0.73333300000000001       0.56666700000000003       0.25113444742030377
        2395  0.76666699999999999       0.56666700000000003       0.23103396210600913
        2396  0.80000000000000004       0.56666700000000003       0.21001096246372833
        2397  0.83333299999999999       0.56666700000000003       0.18766546699780776
        2398  0.86666699999999997       0.56666700000000003       0.16533110037877899
        2399  0.90000000000000002       0.56666700000000003       0.14156144068176293
        2400  0.93333299999999997       0.56666700000000003       0.11745569000412447
        2401  0.96666700000000005       0.56666700000000003        9.5740064164698671E-002
        2402   1.0000000000000000       0.56666700000000003        7.7219680757242809E-002
        2403   1.0333330000000001       0.56666700000000003        6.2694157681978183E-002
        2404   1.0666670000000000       0.56666700000000003        5.3759303347731498E-002
        2405   1.1000000000000001       0.56666700000000003        4.7455959131931513E-002
        2406   1.1333329999999999       0.56666700000000003        4.2409446110202406E-002
        2407   1.1666669999999999       0.56666700000000003        4.0832018064884366E-002
        2408   1.2000000000000000       0.56666700000000003        3.8420875807853749E-002
        2409   1.2333330000000000       0.56666700000000003        3.6597923574329908E-002
        2410   1.2666670000000000       0.56666700000000003        3.6661334040110793E-002
        2411   1.3000000000000000       0.56666700000000003        3.6115304302425488E-002
        2412   1.3333330000000001       0.56666700000000003        3.6228957517879933E-002
        2413   1.3666670000000001       0.56666700000000003        3.7035508194253698E-002
        2414   1.3999999999999999       0.56666700000000003        3.7660689711462761E-002
        2415   1.4333330000000000       0.56666700000000003        3.9724171001140840E-002
        2416   1.4666669999999999       0.56666700000000003        4.3740682738559154E-002
        2417   1.5000000000000000       0.56666700000000003        4.8066735955772127E-002
        2418   1.5333330000000001       0.56666700000000003        5.7842063827404221E-002
        2419   1.5666670000000000       0.56666700000000003        6.7262013665295120E-002
        2420   1.6000000000000001       0.56666700000000003        7.8651899803090133E-002
        2421   1.6333329999999999       0.56666700000000003        9.0722524567764654E-002
        2422   1.6666669999999999       0.56666700000000003       0.10310847901731292
        2423   1.7000000000000000       0.56666700000000003       0.11574768594420014
        2424   1.7333330000000000       0.56666700000000003       0.12775568827780293
        2425   1.7666670000000000       0.56666700000000003       0.14062699791095698
        2426   1.8000000000000000       0.56666700000000003       0.15318794285507073
        2427   1.8333330000000001       0.56666700000000003       0.16561193540255964
        2428   1.8666670000000001       0.56666700000000003       0.17721074738721485
        2429   1.8999999999999999       0.56666700000000003       0.18935869845654196
        2430   1.9333330000000000       0.56666700000000003       0.20064485966838455
        2431   1.9666669999999999       0.56666700000000003       0.21155894422678839
        2432   2.0000000000000000       0.56666700000000003       0.22262960486254726
        2433   2.0333329999999998       0.56666700000000003       0.23301271600741585
        2434   2.0666669999999998       0.56666700000000003       0.24315244556408819
        2435   2.1000000000000001       0.56666700000000003       0.25251745744176485
        2436   2.1333329999999999       0.56666700000000003       0.26200148197065198
        2437   2.1666669999999999       0.56666700000000003       0.27077136900701571
        2438   2.2000000000000002       0.56666700000000003       0.27894150855760780
        2439   2.2333330000000000       0.56666700000000003       0.28714760738769679
        2440   2.2666670000000000       0.56666700000000003       0.29460572316720351
        2441   2.2999999999999998       0.56666700000000003       0.30160999943696409
        2442   2.3333330000000001       0.56666700000000003       0.30852277901945646
        2443   2.3666670000000001       0.56666700000000003       0.31488274254084003
        2444   2.3999999999999999       0.56666700000000003       0.32071697663553644
        2445   2.4333330000000002       0.56666700000000003       0.32651915920770763
        2446   2.4666670000000002       0.56666700000000003       0.33165052193085270
        2447   2.5000000000000000       0.56666700000000003       0.33663122755875818
        2448   2.5333329999999998       0.56666700000000003       0.34104947085663068
        2449   2.5666669999999998       0.56666700000000003       0.34544791142480091
        2450   2.6000000000000001       0.56666700000000003       0.34949843396229241
        2451   2.6333329999999999       0.56666700000000003       0.35313529986227865
        2452   2.6666669999999999       0.56666700000000003       0.35653876627349901
        2453   2.7000000000000002       0.56666700000000003       0.35983313854900961
        2454   2.7333330000000000       0.56666700000000003       0.36260297717319651
        2455   2.7666670000000000       0.56666700000000003       0.36544926437657366
        2456   2.7999999999999998       0.56666700000000003       0.36779504021331183
        2457   2.8333330000000001       0.56666700000000003       0.37024059131341502
        2458   2.8666670000000001       0.56666700000000003       0.37221365885192648
        2459   2.8999999999999999       0.56666700000000003       0.37424762562592018
        2460   2.9333330000000002       0.56666700000000003       0.37601245710615544
        2461   2.9666670000000002       0.56666700000000003       0.37762463261432455
        2462   3.0000000000000000       0.56666700000000003       0.37913103387690839
        2463   3.0333329999999998       0.56666700000000003       0.38034824510884330
        2464   3.0666669999999998       0.56666700000000003       0.38169810031152707
        2465   3.1000000000000001       0.56666700000000003       0.38279140835538261
        2466   3.1333329999999999       0.56666700000000003       0.38380394665401790
        2467   3.1666669999999999       0.56666700000000003       0.38476349812658772
        2468   3.2000000000000002       0.56666700000000003       0.38552219660649040
        2469   3.2333330000000000       0.56666700000000003       0.38617687694481412
        2470   3.2666670000000000       0.56666700000000003       0.38698595070141778
        2471   3.2999999999999998       0.56666700000000003       0.38757807597836091
        2472   3.3333330000000001       0.56666700000000003       0.38813984292981579
        2473   3.3666670000000001       0.56666700000000003       0.38848815667528447
        2474   3.3999999999999999       0.56666700000000003       0.38905253503470505
        2475   3.4333330000000002       0.56666700000000003       0.38943991212178031
        2476   3.4666670000000002       0.56666700000000003       0.38966394263586474
        2477   3.5000000000000000       0.56666700000000003       0.39007121442609710
        2478   3.5333329999999998       0.56666700000000003       0.39031472855357641
        2479   3.5666669999999998       0.56666700000000003       0.39058115113614494
        2480   3.6000000000000001       0.56666700000000003       0.39076058546646253
        2481   3.6333329999999999       0.56666700000000003       0.39091576435168240
        2482   3.6666669999999999       0.56666700000000003       0.39118719022533888
        2483   3.7000000000000002       0.56666700000000003       0.39119292277216638
        2484   3.7333330000000000       0.56666700000000003       0.39148066378069857
        2485   3.7666670000000000       0.56666700000000003       0.39143661103488536
        2486   3.7999999999999998       0.56666700000000003       0.39165640143475328
        2487   3.8333330000000001       0.56666700000000003       0.39157673439491392
        2488   3.8666670000000001       0.56666700000000003       0.39175087478221027
        2489   3.8999999999999999       0.56666700000000003       0.39180755913189530
        2490   3.9333330000000002       0.56666700000000003       0.39174012261731617
        2491   3.9666670000000002       0.56666700000000003       0.39191551268995062
        2492   4.0000000000000000       0.56666700000000003       0.39188362975462582
        2493   4.0333329999999998       0.56666700000000003       0.39183620522364104
        2494   4.0666669999999998       0.56666700000000003       0.39196851845308261
        2495   4.0999999999999996       0.56666700000000003       0.39200739165774318
        2496   4.1333330000000004       0.56666700000000003       0.39186731809704073
        2497   4.1666670000000003       0.56666700000000003       0.39199878127690180
        2498   4.2000000000000002       0.56666700000000003       0.39200801283348474
        2499   4.2333330000000000       0.56666700000000003       0.39199150470527749
        2500   4.2666670000000000       0.56666700000000003       0.39202498326917562
        2501   4.2999999999999998       0.56666700000000003       0.39199272496221094
        2502   4.3333329999999997       0.56666700000000003       0.39198341492768290
        2503   4.3666669999999996       0.56666700000000003       0.39188815916239461
        2504   4.4000000000000004       0.56666700000000003       0.39207168211088855
        2505   4.4333330000000002       0.56666700000000003       0.39196335665286169
        2506   4.4666670000000002       0.56666700000000003       0.39199836674058763
        2507   4.5000000000000000       0.56666700000000003       0.39200991566935028
        2508   4.5333329999999998       0.56666700000000003       0.39202949538999532
        2509   4.5666669999999998       0.56666700000000003       0.39206344646628799
        2510   4.5999999999999996       0.56666700000000003       0.39200520036489328
        2511   4.6333330000000004       0.56666700000000003       0.39191554510074861
        2512   4.6666670000000003       0.56666700000000003       0.39200986961427381
        2513   4.7000000000000002       0.56666700000000003       0.39206811495398353
        2514   4.7333330000000000       0.56666700000000003       0.39202947490798939
        2515   4.7666670000000000       0.56666700000000003       0.39212442063240277
        2516   4.7999999999999998       0.56666700000000003       0.39212083675084225
        2517   4.8333329999999997       0.56666700000000003       0.39200095441682048
        2518   4.8666669999999996       0.56666700000000003       0.39211649210526933
        2519   4.9000000000000004       0.56666700000000003       0.39208740797408315
        2520   4.9333330000000002       0.56666700000000003       0.39209064115371861
        2521   4.9666670000000002       0.56666700000000003       0.39212000477272102
        2522   5.0000000000000000       0.56666700000000003       0.39212573565950359
        2523   0.0000000000000000       0.59999999999999998       0.59999999999999998
        2524   3.3333000000000002E-002  0.59999999999999998       0.58744971808963942
        2525   6.6667000000000004E-002  0.59999999999999998       0.57489961978111170
        2526  0.10000000000000001       0.59999999999999998       0.56233033320267001
        2527  0.13333300000000001       0.59999999999999998       0.54979858505893131
        2528  0.16666700000000001       0.59999999999999998       0.53722773694316306
        2529  0.20000000000000001       0.59999999999999998       0.52473310630911996
        2530  0.23333300000000001       0.59999999999999998       0.51220714290028979
        2531  0.26666699999999999       0.59999999999999998       0.49963394545849615
        2532  0.29999999999999999       0.59999999999999998       0.48704129340976809
        2533  0.33333299999999999       0.59999999999999998       0.47437978379113988
        2534  0.36666700000000002       0.59999999999999998       0.46156546477197974
        2535  0.40000000000000002       0.59999999999999998       0.44872884175762595
        2536  0.43333300000000002       0.59999999999999998       0.43566101516732869
        2537  0.46666700000000000       0.59999999999999998       0.42209261959169919
        2538  0.50000000000000000       0.59999999999999998       0.40839219810969007
        2539  0.53333299999999995       0.59999999999999998       0.39406688073771001
        2540  0.56666700000000003       0.59999999999999998       0.37913842175549850
        2541  0.59999999999999998       0.59999999999999998       0.36373799236170362
        2542  0.63333300000000003       0.59999999999999998       0.34768208963044001
        2543  0.66666700000000001       0.59999999999999998       0.33050506284591941
        2544  0.69999999999999996       0.59999999999999998       0.31242196962139729
        2545  0.73333300000000001       0.59999999999999998       0.29377128478435965
        2546  0.76666699999999999       0.59999999999999998       0.27353547579580656
        2547  0.80000000000000004       0.59999999999999998       0.25292168990062625
        2548  0.83333299999999999       0.59999999999999998       0.23130588492349394
        2549  0.86666699999999997       0.59999999999999998       0.20868550046406228
        2550  0.90000000000000002       0.59999999999999998       0.18618553527985879
        2551  0.93333299999999997       0.59999999999999998       0.16377280021717008
        2552  0.96666700000000005       0.59999999999999998       0.14218816501985082
        2553   1.0000000000000000       0.59999999999999998       0.12364202291938971
        2554   1.0333330000000001       0.59999999999999998       0.10898371841231208
        2555   1.0666670000000000       0.59999999999999998        9.6576339686086657E-002
        2556   1.1000000000000001       0.59999999999999998        8.9304702437096137E-002
        2557   1.1333329999999999       0.59999999999999998        8.3188313381967319E-002
        2558   1.1666669999999999       0.59999999999999998        7.8067211102871528E-002
        2559   1.2000000000000000       0.59999999999999998        7.5679358624630641E-002
        2560   1.2333330000000000       0.59999999999999998        7.4252220551633358E-002
        2561   1.2666670000000000       0.59999999999999998        7.2399455693267459E-002
        2562   1.3000000000000000       0.59999999999999998        7.0997801574043562E-002
        2563   1.3333330000000001       0.59999999999999998        7.2395834797859646E-002
        2564   1.3666670000000001       0.59999999999999998        7.2136091360002680E-002
        2565   1.3999999999999999       0.59999999999999998        7.4692284288775890E-002
        2566   1.4333330000000000       0.59999999999999998        7.6317521751288656E-002
        2567   1.4666669999999999       0.59999999999999998        8.1683450171307972E-002
        2568   1.5000000000000000       0.59999999999999998        8.7537067883180705E-002
        2569   1.5333330000000001       0.59999999999999998        9.5855447216883730E-002
        2570   1.5666670000000000       0.59999999999999998       0.10656603849840252
        2571   1.6000000000000001       0.59999999999999998       0.11676207441396796
        2572   1.6333329999999999       0.59999999999999998       0.12946207367832341
        2573   1.6666669999999999       0.59999999999999998       0.14242481538941837
        2574   1.7000000000000000       0.59999999999999998       0.15446043183376257
        2575   1.7333330000000000       0.59999999999999998       0.16766678840646185
        2576   1.7666670000000000       0.59999999999999998       0.18043305275116509
        2577   1.8000000000000000       0.59999999999999998       0.19293049826525774
        2578   1.8333330000000001       0.59999999999999998       0.20519038071906315
        2579   1.8666670000000001       0.59999999999999998       0.21781382089432583
        2580   1.8999999999999999       0.59999999999999998       0.22929995736566069
        2581   1.9333330000000000       0.59999999999999998       0.24126421531884512
        2582   1.9666669999999999       0.59999999999999998       0.25256838371144547
        2583   2.0000000000000000       0.59999999999999998       0.26328986967266838
        2584   2.0333329999999998       0.59999999999999998       0.27359570197360206
        2585   2.0666669999999998       0.59999999999999998       0.28402517265190541
        2586   2.1000000000000001       0.59999999999999998       0.29369603789331028
        2587   2.1333329999999999       0.59999999999999998       0.30286699294774189
        2588   2.1666669999999999       0.59999999999999998       0.31153036973689280
        2589   2.2000000000000002       0.59999999999999998       0.32017559720583699
        2590   2.2333330000000000       0.59999999999999998       0.32791469861829370
        2591   2.2666670000000000       0.59999999999999998       0.33569423240439022
        2592   2.2999999999999998       0.59999999999999998       0.34281735043018408
        2593   2.3333330000000001       0.59999999999999998       0.34936614738562294
        2594   2.3666670000000001       0.59999999999999998       0.35589445983687906
        2595   2.3999999999999999       0.59999999999999998       0.36196507612971657
        2596   2.4333330000000002       0.59999999999999998       0.36737717028777167
        2597   2.4666670000000002       0.59999999999999998       0.37270710070990481
        2598   2.5000000000000000       0.59999999999999998       0.37767001131978750
        2599   2.5333329999999998       0.59999999999999998       0.38232648400214359
        2600   2.5666669999999998       0.59999999999999998       0.38650922392639814
        2601   2.6000000000000001       0.59999999999999998       0.39040391012171655
        2602   2.6333329999999999       0.59999999999999998       0.39425193392906410
        2603   2.6666669999999999       0.59999999999999998       0.39765474211186674
        2604   2.7000000000000002       0.59999999999999998       0.40072632627155824
        2605   2.7333330000000000       0.59999999999999998       0.40380066695532574
        2606   2.7666670000000000       0.59999999999999998       0.40636360819612011
        2607   2.7999999999999998       0.59999999999999998       0.40895992331941117
        2608   2.8333330000000001       0.59999999999999998       0.41122661349076345
        2609   2.8666670000000001       0.59999999999999998       0.41344018062117616
        2610   2.8999999999999999       0.59999999999999998       0.41528935741352840
        2611   2.9333330000000002       0.59999999999999998       0.41711244084781279
        2612   2.9666670000000002       0.59999999999999998       0.41860762301624282
        2613   3.0000000000000000       0.59999999999999998       0.42024037512353168
        2614   3.0333329999999998       0.59999999999999998       0.42157592060699450
        2615   3.0666669999999998       0.59999999999999998       0.42271741861722062
        2616   3.1000000000000001       0.59999999999999998       0.42397693736557684
        2617   3.1333329999999999       0.59999999999999998       0.42482668864334128
        2618   3.1666669999999999       0.59999999999999998       0.42584878483033434
        2619   3.2000000000000002       0.59999999999999998       0.42673394133995995
        2620   3.2333330000000000       0.59999999999999998       0.42745756979907940
        2621   3.2666670000000000       0.59999999999999998       0.42805081949588630
        2622   3.2999999999999998       0.59999999999999998       0.42880099120084053
        2623   3.3333330000000001       0.59999999999999998       0.42924193202718364
        2624   3.3666670000000001       0.59999999999999998       0.42975932154810076
        2625   3.3999999999999999       0.59999999999999998       0.43024403659237004
        2626   3.4333330000000002       0.59999999999999998       0.43051955673239961
        2627   3.4666670000000002       0.59999999999999998       0.43099509686804421
        2628   3.5000000000000000       0.59999999999999998       0.43124843141009517
        2629   3.5333329999999998       0.59999999999999998       0.43142750687884840
        2630   3.5666669999999998       0.59999999999999998       0.43183726385538607
        2631   3.6000000000000001       0.59999999999999998       0.43191218887121768
        2632   3.6333329999999999       0.59999999999999998       0.43220413738292612
        2633   3.6666669999999999       0.59999999999999998       0.43233894587100330
        2634   3.7000000000000002       0.59999999999999998       0.43248891918492471
        2635   3.7333330000000000       0.59999999999999998       0.43262260216195292
        2636   3.7666670000000000       0.59999999999999998       0.43276153960945013
        2637   3.7999999999999998       0.59999999999999998       0.43279507562445285
        2638   3.8333330000000001       0.59999999999999998       0.43293211038414103
        2639   3.8666670000000001       0.59999999999999998       0.43296802710199606
        2640   3.8999999999999999       0.59999999999999998       0.43293258997509421
        2641   3.9333330000000002       0.59999999999999998       0.43309458759210318
        2642   3.9666670000000002       0.59999999999999998       0.43302353779890568
        2643   4.0000000000000000       0.59999999999999998       0.43313955397785475
        2644   4.0333329999999998       0.59999999999999998       0.43323741437640217
        2645   4.0666669999999998       0.59999999999999998       0.43317187461948609
        2646   4.0999999999999996       0.59999999999999998       0.43318926638824556
        2647   4.1333330000000004       0.59999999999999998       0.43322261603373718
        2648   4.1666670000000003       0.59999999999999998       0.43314389860113561
        2649   4.2000000000000002       0.59999999999999998       0.43328431769872777
        2650   4.2333330000000000       0.59999999999999998       0.43328959417148338
        2651   4.2666670000000000       0.59999999999999998       0.43316621232343611
        2652   4.2999999999999998       0.59999999999999998       0.43322962749117455
        2653   4.3333329999999997       0.59999999999999998       0.43328932550498928
        2654   4.3666669999999996       0.59999999999999998       0.43325655038513017
        2655   4.4000000000000004       0.59999999999999998       0.43324310878828232
        2656   4.4333330000000002       0.59999999999999998       0.43322357963600167
        2657   4.4666670000000002       0.59999999999999998       0.43334802874160172
        2658   4.5000000000000000       0.59999999999999998       0.43319863800467401
        2659   4.5333329999999998       0.59999999999999998       0.43335331672773397
        2660   4.5666669999999998       0.59999999999999998       0.43322734587192996
        2661   4.5999999999999996       0.59999999999999998       0.43323633971418651
        2662   4.6333330000000004       0.59999999999999998       0.43335015735658966
        2663   4.6666670000000003       0.59999999999999998       0.43328977683090708
        2664   4.7000000000000002       0.59999999999999998       0.43321986653865968
        2665   4.7333330000000000       0.59999999999999998       0.43337773153417158
        2666   4.7666670000000000       0.59999999999999998       0.43332849448484817
        2667   4.7999999999999998       0.59999999999999998       0.43325396547347472
        2668   4.8333329999999997       0.59999999999999998       0.43339035621984184
        2669   4.8666669999999996       0.59999999999999998       0.43327465416762673
        2670   4.9000000000000004       0.59999999999999998       0.43341624180351429
        2671   4.9333330000000002       0.59999999999999998       0.43332891242875482
        2672   4.9666670000000002       0.59999999999999998       0.43336098614593066
        2673   5.0000000000000000       0.59999999999999998       0.43325790895163391
        2674   0.0000000000000000       0.63333300000000003       0.63333300000000003
        2675   3.3333000000000002E-002  0.63333300000000003       0.62157284829352499
        2676   6.6667000000000004E-002  0.63333300000000003       0.60981208101361184
        2677  0.10000000000000001       0.63333300000000003       0.59804619098030132
        2678  0.13333300000000001       0.63333300000000003       0.58623673545367971
        2679  0.16666700000000001       0.63333300000000003       0.57445823345972868
        2680  0.20000000000000001       0.63333300000000003       0.56261551719645519
        2681  0.23333300000000001       0.63333300000000003       0.55075324471672382
        2682  0.26666699999999999       0.63333300000000003       0.53883775937622092
        2683  0.29999999999999999       0.63333300000000003       0.52688771184680760
        2684  0.33333299999999999       0.63333300000000003       0.51478844408475799
        2685  0.36666700000000002       0.63333300000000003       0.50260957463695788
        2686  0.40000000000000002       0.63333300000000003       0.49021054390568508
        2687  0.43333300000000002       0.63333300000000003       0.47751888722495295
        2688  0.46666700000000000       0.63333300000000003       0.46456791614771886
        2689  0.50000000000000000       0.63333300000000003       0.45111238187943142
        2690  0.53333299999999995       0.63333300000000003       0.43737788393144922
        2691  0.56666700000000003       0.63333300000000003       0.42298765815998413
        2692  0.59999999999999998       0.63333300000000003       0.40786148367296615
        2693  0.63333300000000003       0.63333300000000003       0.39208861915599935
        2694  0.66666700000000001       0.63333300000000003       0.37560108019607080
        2695  0.69999999999999996       0.63333300000000003       0.35813270334536823
        2696  0.73333300000000001       0.63333300000000003       0.33976573704767099
        2697  0.76666699999999999       0.63333300000000003       0.32051314399968667
        2698  0.80000000000000004       0.63333300000000003       0.30052570272820384
        2699  0.83333299999999999       0.63333300000000003       0.27951735078388390
        2700  0.86666699999999997       0.63333300000000003       0.25795786862455461
        2701  0.90000000000000002       0.63333300000000003       0.23599374243032173
        2702  0.93333299999999997       0.63333300000000003       0.21522050146811644
        2703  0.96666700000000005       0.63333300000000003       0.19551260210844698
        2704   1.0000000000000000       0.63333300000000003       0.17649257207893865
        2705   1.0333330000000001       0.63333300000000003       0.16191962164792531
        2706   1.0666670000000000       0.63333300000000003       0.14939441957147645
        2707   1.1000000000000001       0.63333300000000003       0.13965030703254375
        2708   1.1333329999999999       0.63333300000000003       0.13233081369943228
        2709   1.1666669999999999       0.63333300000000003       0.12755501397229801
        2710   1.2000000000000000       0.63333300000000003       0.12305550493930399
        2711   1.2333330000000000       0.63333300000000003       0.11965525943289855
        2712   1.2666670000000000       0.63333300000000003       0.11859425144123772
        2713   1.3000000000000000       0.63333300000000003       0.11754469508928618
        2714   1.3333330000000001       0.63333300000000003       0.11744728693453915
        2715   1.3666670000000001       0.63333300000000003       0.11892843097503143
        2716   1.3999999999999999       0.63333300000000003       0.11995092455016081
        2717   1.4333330000000000       0.63333300000000003       0.12382799104121707
        2718   1.4666669999999999       0.63333300000000003       0.12835333568823448
        2719   1.5000000000000000       0.63333300000000003       0.13498071395884934
        2720   1.5333330000000001       0.63333300000000003       0.14316319504637032
        2721   1.5666670000000000       0.63333300000000003       0.15249603136724438
        2722   1.6000000000000001       0.63333300000000003       0.16352084469666786
        2723   1.6333329999999999       0.63333300000000003       0.17545683890243496
        2724   1.6666669999999999       0.63333300000000003       0.18732990003912578
        2725   1.7000000000000000       0.63333300000000003       0.20058354824101862
        2726   1.7333330000000000       0.63333300000000003       0.21293858280166994
        2727   1.7666670000000000       0.63333300000000003       0.22515343159635737
        2728   1.8000000000000000       0.63333300000000003       0.23812100216779197
        2729   1.8333330000000001       0.63333300000000003       0.25082551112386781
        2730   1.8666670000000001       0.63333300000000003       0.26256365076310878
        2731   1.8999999999999999       0.63333300000000003       0.27441573089183685
        2732   1.9333330000000000       0.63333300000000003       0.28585423128087623
        2733   1.9666669999999999       0.63333300000000003       0.29731001697030296
        2734   2.0000000000000000       0.63333300000000003       0.30795363003944010
        2735   2.0333329999999998       0.63333300000000003       0.31854030524368931
        2736   2.0666669999999998       0.63333300000000003       0.32830400917876668
        2737   2.1000000000000001       0.63333300000000003       0.33790436899318987
        2738   2.1333329999999999       0.63333300000000003       0.34714113026821719
        2739   2.1666669999999999       0.63333300000000003       0.35596039427974330
        2740   2.2000000000000002       0.63333300000000003       0.36405867339389136
        2741   2.2333330000000000       0.63333300000000003       0.37197108059955186
        2742   2.2666670000000000       0.63333300000000003       0.37942822323766001
        2743   2.2999999999999998       0.63333300000000003       0.38651031519831613
        2744   2.3333330000000001       0.63333300000000003       0.39316437955908179
        2745   2.3666670000000001       0.63333300000000003       0.39946763893722315
        2746   2.3999999999999999       0.63333300000000003       0.40523237839155468
        2747   2.4333330000000002       0.63333300000000003       0.41094495035670436
        2748   2.4666670000000002       0.63333300000000003       0.41602683143262414
        2749   2.5000000000000000       0.63333300000000003       0.42085361971736124
        2750   2.5333329999999998       0.63333300000000003       0.42527352381032912
        2751   2.5666669999999998       0.63333300000000003       0.42961139079730287
        2752   2.6000000000000001       0.63333300000000003       0.43362341728048714
        2753   2.6333329999999999       0.63333300000000003       0.43718650245422847
        2754   2.6666669999999999       0.63333300000000003       0.44046487062472289
        2755   2.7000000000000002       0.63333300000000003       0.44373641346553749
        2756   2.7333330000000000       0.63333300000000003       0.44654958425177810
        2757   2.7666670000000000       0.63333300000000003       0.44928737295922433
        2758   2.7999999999999998       0.63333300000000003       0.45170075653281749
        2759   2.8333330000000001       0.63333300000000003       0.45400469801486693
        2760   2.8666670000000001       0.63333300000000003       0.45600785129489657
        2761   2.8999999999999999       0.63333300000000003       0.45803875794209975
        2762   2.9333330000000002       0.63333300000000003       0.45974237736625495
        2763   2.9666670000000002       0.63333300000000003       0.46134197589419418
        2764   3.0000000000000000       0.63333300000000003       0.46282425145227096
        2765   3.0333329999999998       0.63333300000000003       0.46415061065516772
        2766   3.0666669999999998       0.63333300000000003       0.46546178507358738
        2767   3.1000000000000001       0.63333300000000003       0.46648782193486793
        2768   3.1333329999999999       0.63333300000000003       0.46749768995334740
        2769   3.1666669999999999       0.63333300000000003       0.46842832901530684
        2770   3.2000000000000002       0.63333300000000003       0.46924237769719257
        2771   3.2333330000000000       0.63333300000000003       0.46998286117063420
        2772   3.2666670000000000       0.63333300000000003       0.47074846206334936
        2773   3.2999999999999998       0.63333300000000003       0.47122530389279615
        2774   3.3333330000000001       0.63333300000000003       0.47183390975575373
        2775   3.3666670000000001       0.63333300000000003       0.47237717201741286
        2776   3.3999999999999999       0.63333300000000003       0.47276143034668350
        2777   3.4333330000000002       0.63333300000000003       0.47316852613857985
        2778   3.4666670000000002       0.63333300000000003       0.47343188270886039
        2779   3.5000000000000000       0.63333300000000003       0.47382376479965144
        2780   3.5333329999999998       0.63333300000000003       0.47407277104889001
        2781   3.5666669999999998       0.63333300000000003       0.47430908338565525
        2782   3.6000000000000001       0.63333300000000003       0.47460745558922834
        2783   3.6333329999999999       0.63333300000000003       0.47474044573621504
        2784   3.6666669999999999       0.63333300000000003       0.47481303393758295
        2785   3.7000000000000002       0.63333300000000003       0.47510209451279894
        2786   3.7333330000000000       0.63333300000000003       0.47509625993300736
        2787   3.7666670000000000       0.63333300000000003       0.47528167540497301
        2788   3.7999999999999998       0.63333300000000003       0.47537775854649078
        2789   3.8333330000000001       0.63333300000000003       0.47547835226471635
        2790   3.8666670000000001       0.63333300000000003       0.47557524087426756
        2791   3.8999999999999999       0.63333300000000003       0.47561865179257967
        2792   3.9333330000000002       0.63333300000000003       0.47556143384172178
        2793   3.9666670000000002       0.63333300000000003       0.47570344080050903
        2794   4.0000000000000000       0.63333300000000003       0.47573309715665874
        2795   4.0333329999999998       0.63333300000000003       0.47568179537072819
        2796   4.0666669999999998       0.63333300000000003       0.47582301805473726
        2797   4.0999999999999996       0.63333300000000003       0.47569371534191462
        2798   4.1333330000000004       0.63333300000000003       0.47578115336780497
        2799   4.1666670000000003       0.63333300000000003       0.47583084286018784
        2800   4.2000000000000002       0.63333300000000003       0.47580579999064199
        2801   4.2333330000000000       0.63333300000000003       0.47580817440897127
        2802   4.2666670000000000       0.63333300000000003       0.47588267088689185
        2803   4.2999999999999998       0.63333300000000003       0.47579204548247783
        2804   4.3333329999999997       0.63333300000000003       0.47579858855561935
        2805   4.3666669999999996       0.63333300000000003       0.47590942866002461
        2806   4.4000000000000004       0.63333300000000003       0.47576143524749154
        2807   4.4333330000000002       0.63333300000000003       0.47587367527911445
        2808   4.4666670000000002       0.63333300000000003       0.47585336048911203
        2809   4.5000000000000000       0.63333300000000003       0.47584715193911659
        2810   4.5333329999999998       0.63333300000000003       0.47583978539720739
        2811   4.5666669999999998       0.63333300000000003       0.47580909767394391
        2812   4.5999999999999996       0.63333300000000003       0.47589713069619960
        2813   4.6333330000000004       0.63333300000000003       0.47584107873062043
        2814   4.6666670000000003       0.63333300000000003       0.47590239199168038
        2815   4.7000000000000002       0.63333300000000003       0.47590800866185107
        2816   4.7333330000000000       0.63333300000000003       0.47581512196592290
        2817   4.7666670000000000       0.63333300000000003       0.47588084869994568
        2818   4.7999999999999998       0.63333300000000003       0.47593997519429060
        2819   4.8333329999999997       0.63333300000000003       0.47591365906317540
        2820   4.8666669999999996       0.63333300000000003       0.47593898507628390
        2821   4.9000000000000004       0.63333300000000003       0.47585563334352854
        2822   4.9333330000000002       0.63333300000000003       0.47598136411276459
        2823   4.9666670000000002       0.63333300000000003       0.47584820140686412
        2824   5.0000000000000000       0.63333300000000003       0.47594693882740086
        2825   0.0000000000000000       0.66666700000000001       0.66666700000000001
        2826   3.3333000000000002E-002  0.66666700000000001       0.65576925863306745
        2827   6.6667000000000004E-002  0.66666700000000001       0.64485443512787555
        2828  0.10000000000000001       0.66666700000000001       0.63392474664450993
        2829  0.13333300000000001       0.66666700000000001       0.62297279019677998
        2830  0.16666700000000001       0.66666700000000001       0.61196658953814020
        2831  0.20000000000000001       0.66666700000000001       0.60096631690178892
        2832  0.23333300000000001       0.66666700000000001       0.58983550034802157
        2833  0.26666699999999999       0.66666700000000001       0.57872045175783127
        2834  0.29999999999999999       0.66666700000000001       0.56742369017421135
        2835  0.33333299999999999       0.66666700000000001       0.55610719846215029
        2836  0.36666700000000002       0.66666700000000001       0.54453524420981247
        2837  0.40000000000000002       0.66666700000000001       0.53271910685738899
        2838  0.43333300000000002       0.66666700000000001       0.52076681192762098
        2839  0.46666700000000000       0.66666700000000001       0.50841552777727761
        2840  0.50000000000000000       0.66666700000000001       0.49565981039845669
        2841  0.53333299999999995       0.66666700000000001       0.48242517637180110
        2842  0.56666700000000003       0.66666700000000001       0.46871690241617037
        2843  0.59999999999999998       0.66666700000000001       0.45440586094793700
        2844  0.63333300000000003       0.66666700000000001       0.43923417506601647
        2845  0.66666700000000001       0.66666700000000001       0.42330915373316569
        2846  0.69999999999999996       0.66666700000000001       0.40687692032813261
        2847  0.73333300000000001       0.66666700000000001       0.38914949829021822
        2848  0.76666699999999999       0.66666700000000001       0.37103073425641336
        2849  0.80000000000000004       0.66666700000000001       0.35188864371441930
        2850  0.83333299999999999       0.66666700000000001       0.33206261549276350
        2851  0.86666699999999997       0.66666700000000001       0.31209732217031128
        2852  0.90000000000000002       0.66666700000000001       0.29185666977530134
        2853  0.93333299999999997       0.66666700000000001       0.27217865596249108
        2854  0.96666700000000005       0.66666700000000001       0.25310253495683072
        2855   1.0000000000000000       0.66666700000000001       0.23608992085703795
        2856   1.0333330000000001       0.66666700000000001       0.22062469625045006
        2857   1.0666670000000000       0.66666700000000001       0.20882700375153651
        2858   1.1000000000000001       0.66666700000000001       0.19772689958873382
        2859   1.1333329999999999       0.66666700000000001       0.19048961131466641
        2860   1.1666669999999999       0.66666700000000001       0.18344794580611490
        2861   1.2000000000000000       0.66666700000000001       0.17933048668191948
        2862   1.2333330000000000       0.66666700000000001       0.17597995055097890
        2863   1.2666670000000000       0.66666700000000001       0.17311122736001897
        2864   1.3000000000000000       0.66666700000000001       0.17285164299697686
        2865   1.3333330000000001       0.66666700000000001       0.17251499239690976
        2866   1.3666670000000001       0.66666700000000001       0.17276153638547345
        2867   1.3999999999999999       0.66666700000000001       0.17552612710584203
        2868   1.4333330000000000       0.66666700000000001       0.17880247941613084
        2869   1.4666669999999999       0.66666700000000001       0.18284305149936142
        2870   1.5000000000000000       0.66666700000000001       0.19017864863869088
        2871   1.5333330000000001       0.66666700000000001       0.19699410075827745
        2872   1.5666670000000000       0.66666700000000001       0.20672950802885873
        2873   1.6000000000000001       0.66666700000000001       0.21716375079990277
        2874   1.6333329999999999       0.66666700000000001       0.22769516800966441
        2875   1.6666669999999999       0.66666700000000001       0.23986813150175559
        2876   1.7000000000000000       0.66666700000000001       0.25178499402380056
        2877   1.7333330000000000       0.66666700000000001       0.26424189153140210
        2878   1.7666670000000000       0.66666700000000001       0.27634791113267854
        2879   1.8000000000000000       0.66666700000000001       0.28857633586703718
        2880   1.8333330000000001       0.66666700000000001       0.30058219028798405
        2881   1.8666670000000001       0.66666700000000001       0.31240344217717692
        2882   1.8999999999999999       0.66666700000000001       0.32408910755995435
        2883   1.9333330000000000       0.66666700000000001       0.33498407775623740
        2884   1.9666669999999999       0.66666700000000001       0.34592712220831179
        2885   2.0000000000000000       0.66666700000000001       0.35670717266834395
        2886   2.0333329999999998       0.66666700000000001       0.36650074113727388
        2887   2.0666669999999998       0.66666700000000001       0.37639686239812026
        2888   2.1000000000000001       0.66666700000000001       0.38589377196820107
        2889   2.1333329999999999       0.66666700000000001       0.39460715654409811
        2890   2.1666669999999999       0.66666700000000001       0.40288521294081620
        2891   2.2000000000000002       0.66666700000000001       0.41110013369851028
        2892   2.2333330000000000       0.66666700000000001       0.41888202442354716
        2893   2.2666670000000000       0.66666700000000001       0.42586013483865343
        2894   2.2999999999999998       0.66666700000000001       0.43283869348683224
        2895   2.3333330000000001       0.66666700000000001       0.43941320833282438
        2896   2.3666670000000001       0.66666700000000001       0.44528717648380450
        2897   2.3999999999999999       0.66666700000000001       0.45115680173195366
        2898   2.4333330000000002       0.66666700000000001       0.45639963363205421
        2899   2.4666670000000002       0.66666700000000001       0.46142989748479379
        2900   2.5000000000000000       0.66666700000000001       0.46621208432248423
        2901   2.5333329999999998       0.66666700000000001       0.47057429852209676
        2902   2.5666669999999998       0.66666700000000001       0.47468563049348006
        2903   2.6000000000000001       0.66666700000000001       0.47836494563557619
        2904   2.6333329999999999       0.66666700000000001       0.48197984481824463
        2905   2.6666669999999999       0.66666700000000001       0.48532102650070297
        2906   2.7000000000000002       0.66666700000000001       0.48820252520513763
        2907   2.7333330000000000       0.66666700000000001       0.49109319057422030
        2908   2.7666670000000000       0.66666700000000001       0.49372667013872307
        2909   2.7999999999999998       0.66666700000000001       0.49619055168819726
        2910   2.8333330000000001       0.66666700000000001       0.49825078519433907
        2911   2.8666670000000001       0.66666700000000001       0.50037038435538361
        2912   2.8999999999999999       0.66666700000000001       0.50222962342965038
        2913   2.9333330000000002       0.66666700000000001       0.50382540640962203
        2914   2.9666670000000002       0.66666700000000001       0.50549345018610459
        2915   3.0000000000000000       0.66666700000000001       0.50688475418119661
        2916   3.0333329999999998       0.66666700000000001       0.50823753273707117
        2917   3.0666669999999998       0.66666700000000001       0.50934559427376314
        2918   3.1000000000000001       0.66666700000000001       0.51050733088907696
        2919   3.1333329999999999       0.66666700000000001       0.51149339270841954
        2920   3.1666669999999999       0.66666700000000001       0.51237982680949823
        2921   3.2000000000000002       0.66666700000000001       0.51309082720960930
        2922   3.2333330000000000       0.66666700000000001       0.51392387164072806
        2923   3.2666670000000000       0.66666700000000001       0.51456063390295337
        2924   3.2999999999999998       0.66666700000000001       0.51516220827214632
        2925   3.3333330000000001       0.66666700000000001       0.51572041196883289
        2926   3.3666670000000001       0.66666700000000001       0.51616704653563972
        2927   3.3999999999999999       0.66666700000000001       0.51649740227447949
        2928   3.4333330000000002       0.66666700000000001       0.51697027529265671
        2929   3.4666670000000002       0.66666700000000001       0.51736499365657973
        2930   3.5000000000000000       0.66666700000000001       0.51756539736626528
        2931   3.5333329999999998       0.66666700000000001       0.51792840621883085
        2932   3.5666669999999998       0.66666700000000001       0.51814438950691433
        2933   3.6000000000000001       0.66666700000000001       0.51827749306235749
        2934   3.6333329999999999       0.66666700000000001       0.51854987284499399
        2935   3.6666669999999999       0.66666700000000001       0.51868613346808690
        2936   3.7000000000000002       0.66666700000000001       0.51881822663236765
        2937   3.7333330000000000       0.66666700000000001       0.51899297260280075
        2938   3.7666670000000000       0.66666700000000001       0.51910187940957320
        2939   3.7999999999999998       0.66666700000000001       0.51916651909929035
        2940   3.8333330000000001       0.66666700000000001       0.51923881828455365
        2941   3.8666670000000001       0.66666700000000001       0.51925402591159786
        2942   3.8999999999999999       0.66666700000000001       0.51940520544687885
        2943   3.9333330000000002       0.66666700000000001       0.51944276776549536
        2944   3.9666670000000002       0.66666700000000001       0.51949570037957327
        2945   4.0000000000000000       0.66666700000000001       0.51942600952001139
        2946   4.0333329999999998       0.66666700000000001       0.51954794888296252
        2947   4.0666669999999998       0.66666700000000001       0.51955261265633179
        2948   4.0999999999999996       0.66666700000000001       0.51959625307819768
        2949   4.1333330000000004       0.66666700000000001       0.51958915131936356
        2950   4.1666670000000003       0.66666700000000001       0.51959348294489616
        2951   4.2000000000000002       0.66666700000000001       0.51953033899701573
        2952   4.2333330000000000       0.66666700000000001       0.51965966886601400
        2953   4.2666670000000000       0.66666700000000001       0.51957306612533827
        2954   4.2999999999999998       0.66666700000000001       0.51966279286794526
        2955   4.3333329999999997       0.66666700000000001       0.51962771193238799
        2956   4.3666669999999996       0.66666700000000001       0.51963037145660063
        2957   4.4000000000000004       0.66666700000000001       0.51963692934182926
        2958   4.4333330000000002       0.66666700000000001       0.51965865291084212
        2959   4.4666670000000002       0.66666700000000001       0.51957667018123299
        2960   4.5000000000000000       0.66666700000000001       0.51969226205827956
        2961   4.5333329999999998       0.66666700000000001       0.51958189994968085
        2962   4.5666669999999998       0.66666700000000001       0.51967907575848393
        2963   4.5999999999999996       0.66666700000000001       0.51970477269066473
        2964   4.6333330000000004       0.66666700000000001       0.51964008920102989
        2965   4.6666670000000003       0.66666700000000001       0.51959187737298795
        2966   4.7000000000000002       0.66666700000000001       0.51969743960482151
        2967   4.7333330000000000       0.66666700000000001       0.51971221898041275
        2968   4.7666670000000000       0.66666700000000001       0.51965378471595813
        2969   4.7999999999999998       0.66666700000000001       0.51971406256211017
        2970   4.8333329999999997       0.66666700000000001       0.51961751873186202
        2971   4.8666669999999996       0.66666700000000001       0.51971448971680767
        2972   4.9000000000000004       0.66666700000000001       0.51970369866664423
        2973   4.9333330000000002       0.66666700000000001       0.51970218922249412
        2974   4.9666670000000002       0.66666700000000001       0.51972111246820896
        2975   5.0000000000000000       0.66666700000000001       0.51964288072617737
        2976   0.0000000000000000       0.69999999999999996       0.69999999999999996
        2977   3.3333000000000002E-002  0.69999999999999996       0.69001585447864977
        2978   6.6667000000000004E-002  0.69999999999999996       0.68001738366092401
        2979  0.10000000000000001       0.69999999999999996       0.66998041925465024
        2980  0.13333300000000001       0.69999999999999996       0.65993064549021863
        2981  0.16666700000000001       0.69999999999999996       0.64983425077585122
        2982  0.20000000000000001       0.69999999999999996       0.63967331604162381
        2983  0.23333300000000001       0.69999999999999996       0.62944531479051447
        2984  0.26666699999999999       0.69999999999999996       0.61910303965871749
        2985  0.29999999999999999       0.69999999999999996       0.60871269711411424
        2986  0.33333299999999999       0.69999999999999996       0.59809610709352512
        2987  0.36666700000000002       0.69999999999999996       0.58739182689234737
        2988  0.40000000000000002       0.69999999999999996       0.57640093026694961
        2989  0.43333300000000002       0.69999999999999996       0.56514563859638745
        2990  0.46666700000000000       0.69999999999999996       0.55361620884556229
        2991  0.50000000000000000       0.69999999999999996       0.54170867810564849
        2992  0.53333299999999995       0.69999999999999996       0.52930248915413125
        2993  0.56666700000000003       0.69999999999999996       0.51633493259400232
        2994  0.59999999999999998       0.69999999999999996       0.50274378173283962
        2995  0.63333300000000003       0.69999999999999996       0.48866307651227670
        2996  0.66666700000000001       0.69999999999999996       0.47385668745226794
        2997  0.69999999999999996       0.69999999999999996       0.45823242149243426
        2998  0.73333300000000001       0.69999999999999996       0.44192633248893470
        2999  0.76666699999999999       0.69999999999999996       0.42473089829244953
        3000  0.80000000000000004       0.69999999999999996       0.40698545897428645
        3001  0.83333299999999999       0.69999999999999996       0.38883359254265537
        3002  0.86666699999999997       0.69999999999999996       0.37001361019590595
        3003  0.90000000000000002       0.69999999999999996       0.35180120363601203
        3004  0.93333299999999997       0.69999999999999996       0.33311619002676346
        3005  0.96666700000000005       0.69999999999999996       0.31602705311921903
        3006   1.0000000000000000       0.69999999999999996       0.29988180196157371
        3007   1.0333330000000001       0.69999999999999996       0.28594118306947053
        3008   1.0666670000000000       0.69999999999999996       0.27302307168094353
        3009   1.1000000000000001       0.69999999999999996       0.26329694947406118
        3010   1.1333329999999999       0.69999999999999996       0.25425928431038519
        3011   1.1666669999999999       0.69999999999999996       0.24817322747641143
        3012   1.2000000000000000       0.69999999999999996       0.24231610894110062
        3013   1.2333330000000000       0.69999999999999996       0.23913112297598810
        3014   1.2666670000000000       0.69999999999999996       0.23686455650806482
        3015   1.3000000000000000       0.69999999999999996       0.23555256796863078
        3016   1.3333330000000001       0.69999999999999996       0.23447853354426773
        3017   1.3666670000000001       0.69999999999999996       0.23590158343599474
        3018   1.3999999999999999       0.69999999999999996       0.23787493057293455
        3019   1.4333330000000000       0.69999999999999996       0.24043095437110668
        3020   1.4666669999999999       0.69999999999999996       0.24560601104625293
        3021   1.5000000000000000       0.69999999999999996       0.25154174570953469
        3022   1.5333330000000001       0.69999999999999996       0.25877273153008212
        3023   1.5666670000000000       0.69999999999999996       0.26673567506988705
        3024   1.6000000000000001       0.69999999999999996       0.27676922438701079
        3025   1.6333329999999999       0.69999999999999996       0.28741311432155231
        3026   1.6666669999999999       0.69999999999999996       0.29792294405506137
        3027   1.7000000000000000       0.69999999999999996       0.30940720003141764
        3028   1.7333330000000000       0.69999999999999996       0.32052863655237035
        3029   1.7666670000000000       0.69999999999999996       0.33257956873493172
        3030   1.8000000000000000       0.69999999999999996       0.34412634756648419
        3031   1.8333330000000001       0.69999999999999996       0.35511743552893132
        3032   1.8666670000000001       0.69999999999999996       0.36665071229615281
        3033   1.8999999999999999       0.69999999999999996       0.37790225692287066
        3034   1.9333330000000000       0.69999999999999996       0.38847493176226994
        3035   1.9666669999999999       0.69999999999999996       0.39884838538458151
        3036   2.0000000000000000       0.69999999999999996       0.40868000329274023
        3037   2.0333329999999998       0.69999999999999996       0.41857395395831160
        3038   2.0666669999999998       0.69999999999999996       0.42784868069724857
        3039   2.1000000000000001       0.69999999999999996       0.43655150189840275
        3040   2.1333329999999999       0.69999999999999996       0.44521206445312383
        3041   2.1666669999999999       0.69999999999999996       0.45326510745325366
        3042   2.2000000000000002       0.69999999999999996       0.46097275671387572
        3043   2.2333330000000000       0.69999999999999996       0.46813149233093954
        3044   2.2666670000000000       0.69999999999999996       0.47521883523518560
        3045   2.2999999999999998       0.69999999999999996       0.48165223063300555
        3046   2.3333330000000001       0.69999999999999996       0.48769986254695075
        3047   2.3666670000000001       0.69999999999999996       0.49367484891924823
        3048   2.3999999999999999       0.69999999999999996       0.49893855178184821
        3049   2.4333330000000002       0.69999999999999996       0.50415371651741148
        3050   2.4666670000000002       0.69999999999999996       0.50906273483135811
        3051   2.5000000000000000       0.69999999999999996       0.51337137600961058
        3052   2.5333329999999998       0.69999999999999996       0.51770533150195652
        3053   2.5666669999999998       0.69999999999999996       0.52149475251563016
        3054   2.6000000000000001       0.69999999999999996       0.52517509981989041
        3055   2.6333329999999999       0.69999999999999996       0.52850208939982701
        3056   2.6666669999999999       0.69999999999999996       0.53158574099795697
        3057   2.7000000000000002       0.69999999999999996       0.53451297709354151
        3058   2.7333330000000000       0.69999999999999996       0.53724783777127694
        3059   2.7666670000000000       0.69999999999999996       0.53966141888609787
        3060   2.7999999999999998       0.69999999999999996       0.54195348588517722
        3061   2.8333330000000001       0.69999999999999996       0.54414694485992798
        3062   2.8666670000000001       0.69999999999999996       0.54603321118741577
        3063   2.8999999999999999       0.69999999999999996       0.54772907572387641
        3064   2.9333330000000002       0.69999999999999996       0.54947004124085885
        3065   2.9666670000000002       0.69999999999999996       0.55091950669007406
        3066   3.0000000000000000       0.69999999999999996       0.55219761452763649
        3067   3.0333329999999998       0.69999999999999996       0.55354762759166787
        3068   3.0666669999999998       0.69999999999999996       0.55473998443382877
        3069   3.1000000000000001       0.69999999999999996       0.55567973214120758
        3070   3.1333329999999999       0.69999999999999996       0.55672538453480425
        3071   3.1666669999999999       0.69999999999999996       0.55747165339890548
        3072   3.2000000000000002       0.69999999999999996       0.55833758103170383
        3073   3.2333330000000000       0.69999999999999996       0.55899647589439394
        3074   3.2666670000000000       0.69999999999999996       0.55955448451444045
        3075   3.2999999999999998       0.69999999999999996       0.56024849784863062
        3076   3.3333330000000001       0.69999999999999996       0.56066078794766872
        3077   3.3666670000000001       0.69999999999999996       0.56119007129166776
        3078   3.3999999999999999       0.69999999999999996       0.56157564109864566
        3079   3.4333330000000002       0.69999999999999996       0.56196038431873974
        3080   3.4666670000000002       0.69999999999999996       0.56223083882602487
        3081   3.5000000000000000       0.69999999999999996       0.56261998635939325
        3082   3.5333329999999998       0.69999999999999996       0.56284223838668457
        3083   3.5666669999999998       0.69999999999999996       0.56299091284505487
        3084   3.6000000000000001       0.69999999999999996       0.56327817570136851
        3085   3.6333329999999999       0.69999999999999996       0.56342184662779726
        3086   3.6666669999999999       0.69999999999999996       0.56364556725231907
        3087   3.7000000000000002       0.69999999999999996       0.56378398232768889
        3088   3.7333330000000000       0.69999999999999996       0.56386218103848629
        3089   3.7666670000000000       0.69999999999999996       0.56389097378630704
        3090   3.7999999999999998       0.69999999999999996       0.56404623330902448
        3091   3.8333330000000001       0.69999999999999996       0.56415478661298391
        3092   3.8666670000000001       0.69999999999999996       0.56426165582868137
        3093   3.8999999999999999       0.69999999999999996       0.56422950143065942
        3094   3.9333330000000002       0.69999999999999996       0.56438867452215113
        3095   3.9666670000000002       0.69999999999999996       0.56433475050526261
        3096   4.0000000000000000       0.69999999999999996       0.56439223158724705
        3097   4.0333329999999998       0.69999999999999996       0.56443741151077165
        3098   4.0666669999999998       0.69999999999999996       0.56436019653569358
        3099   4.0999999999999996       0.69999999999999996       0.56445578602194801
        3100   4.1333330000000004       0.69999999999999996       0.56448464074172533
        3101   4.1666670000000003       0.69999999999999996       0.56452271855971625
        3102   4.2000000000000002       0.69999999999999996       0.56452861949118049
        3103   4.2333330000000000       0.69999999999999996       0.56445966938680026
        3104   4.2666670000000000       0.69999999999999996       0.56455386694211340
        3105   4.2999999999999998       0.69999999999999996       0.56456554386519309
        3106   4.3333329999999997       0.69999999999999996       0.56451918315759686
        3107   4.3666669999999996       0.69999999999999996       0.56446607121079495
        3108   4.4000000000000004       0.69999999999999996       0.56457929728157996
        3109   4.4333330000000002       0.69999999999999996       0.56447344649210163
        3110   4.4666670000000002       0.69999999999999996       0.56457047262500337
        3111   4.5000000000000000       0.69999999999999996       0.56449678243449264
        3112   4.5333329999999998       0.69999999999999996       0.56458484204426351
        3113   4.5666669999999998       0.69999999999999996       0.56452863341103854
        3114   4.5999999999999996       0.69999999999999996       0.56452934653663689
        3115   4.6333330000000004       0.69999999999999996       0.56452375094715368
        3116   4.6666670000000003       0.69999999999999996       0.56459623312975749
        3117   4.7000000000000002       0.69999999999999996       0.56450425300274509
        3118   4.7333330000000000       0.69999999999999996       0.56459071609229117
        3119   4.7666670000000000       0.69999999999999996       0.56458365129173005
        3120   4.7999999999999998       0.69999999999999996       0.56457148672309188
        3121   4.8333329999999997       0.69999999999999996       0.56459627873767770
        3122   4.8666669999999996       0.69999999999999996       0.56452413622317366
        3123   4.9000000000000004       0.69999999999999996       0.56462495548522784
        3124   4.9333330000000002       0.69999999999999996       0.56452174194079985
        3125   4.9666670000000002       0.69999999999999996       0.56459907219493499
        3126   5.0000000000000000       0.69999999999999996       0.56465044884337157
        3127   0.0000000000000000       0.73333300000000001       0.73333300000000001
        3128   3.3333000000000002E-002  0.73333300000000001       0.72431387011277282
        3129   6.6667000000000004E-002  0.73333300000000001       0.71528354265323102
        3130  0.10000000000000001       0.73333300000000001       0.70622190468169388
        3131  0.13333300000000001       0.73333300000000001       0.69712455585059552
        3132  0.16666700000000001       0.73333300000000001       0.68796374203284538
        3133  0.20000000000000001       0.73333300000000001       0.67874759856655087
        3134  0.23333300000000001       0.73333300000000001       0.66945381448901486
        3135  0.26666699999999999       0.73333300000000001       0.66008655999216082
        3136  0.29999999999999999       0.73333300000000001       0.65054671774197315
        3137  0.33333299999999999       0.73333300000000001       0.64089853719517931
        3138  0.36666700000000002       0.73333300000000001       0.63105965116100893
        3139  0.40000000000000002       0.73333300000000001       0.62101650478639514
        3140  0.43333300000000002       0.73333300000000001       0.61069903090822386
        3141  0.46666700000000000       0.73333300000000001       0.60004995001379391
        3142  0.50000000000000000       0.73333300000000001       0.58902724916229265
        3143  0.53333299999999995       0.73333300000000001       0.57759598277593283
        3144  0.56666700000000003       0.73333300000000001       0.56569156227844464
        3145  0.59999999999999998       0.73333300000000001       0.55324962239678321
        3146  0.63333300000000003       0.73333300000000001       0.54024735223977183
        3147  0.66666700000000001       0.73333300000000001       0.52653387808257635
        3148  0.69999999999999996       0.73333300000000001       0.51208307531265207
        3149  0.73333300000000001       0.73333300000000001       0.49723884464155355
        3150  0.76666699999999999       0.73333300000000001       0.48162966565562459
        3151  0.80000000000000004       0.73333300000000001       0.46521026355558931
        3152  0.83333299999999999       0.73333300000000001       0.44877355254881235
        3153  0.86666699999999997       0.73333300000000001       0.43207862231102723
        3154  0.90000000000000002       0.73333300000000001       0.41496127714363923
        3155  0.93333299999999997       0.73333300000000001       0.39875143931772528
        3156  0.96666700000000005       0.73333300000000001       0.38260155951534591
        3157   1.0000000000000000       0.73333300000000001       0.36838871029296943
        3158   1.0333330000000001       0.73333300000000001       0.35456236294890775
        3159   1.0666670000000000       0.73333300000000001       0.34327271455182018
        3160   1.1000000000000001       0.73333300000000001       0.33302404341296055
        3161   1.1333329999999999       0.73333300000000001       0.32508610911743452
        3162   1.1666669999999999       0.73333300000000001       0.31777971825802670
        3163   1.2000000000000000       0.73333300000000001       0.31298604917259187
        3164   1.2333330000000000       0.73333300000000001       0.30920024314172484
        3165   1.2666670000000000       0.73333300000000001       0.30613701995871567
        3166   1.3000000000000000       0.73333300000000001       0.30466919228266626
        3167   1.3333330000000001       0.73333300000000001       0.30446625964279062
        3168   1.3666670000000001       0.73333300000000001       0.30497892220945799
        3169   1.3999999999999999       0.73333300000000001       0.30627373960262150
        3170   1.4333330000000000       0.73333300000000001       0.30984167879230667
        3171   1.4666669999999999       0.73333300000000001       0.31393413642396173
        3172   1.5000000000000000       0.73333300000000001       0.31928934566764622
        3173   1.5333330000000001       0.73333300000000001       0.32584380814512903
        3174   1.5666670000000000       0.73333300000000001       0.33399638016171113
        3175   1.6000000000000001       0.73333300000000001       0.34235698503296219
        3176   1.6333329999999999       0.73333300000000001       0.35146067886725968
        3177   1.6666669999999999       0.73333300000000001       0.36190990143692769
        3178   1.7000000000000000       0.73333300000000001       0.37210467272947012
        3179   1.7333330000000000       0.73333300000000001       0.38285360940292074
        3180   1.7666670000000000       0.73333300000000001       0.39334734274134309
        3181   1.8000000000000000       0.73333300000000001       0.40411607553196788
        3182   1.8333330000000001       0.73333300000000001       0.41486299693822459
        3183   1.8666670000000001       0.73333300000000001       0.42518738084114976
        3184   1.8999999999999999       0.73333300000000001       0.43556411469257461
        3185   1.9333330000000000       0.73333300000000001       0.44570568720328618
        3186   1.9666669999999999       0.73333300000000001       0.45515437001921683
        3187   2.0000000000000000       0.73333300000000001       0.46482280788935187
        3188   2.0333329999999998       0.73333300000000001       0.47373291617379454
        3189   2.0666669999999998       0.73333300000000001       0.48225811723672574
        3190   2.1000000000000001       0.73333300000000001       0.49081662154145267
        3191   2.1333329999999999       0.73333300000000001       0.49853684452480290
        3192   2.1666669999999999       0.73333300000000001       0.50636343824681174
        3193   2.2000000000000002       0.73333300000000001       0.51331653657510889
        3194   2.2333330000000000       0.73333300000000001       0.52034119169611648
        3195   2.2666670000000000       0.73333300000000001       0.52660703767642636
        3196   2.2999999999999998       0.73333300000000001       0.53283447220749069
        3197   2.3333330000000001       0.73333300000000001       0.53856577271398354
        3198   2.3666670000000001       0.73333300000000001       0.54397322544678373
        3199   2.3999999999999999       0.73333300000000001       0.54906830903914017
        3200   2.4333330000000002       0.73333300000000001       0.55385941829058916
        3201   2.4666670000000002       0.73333300000000001       0.55835809145472282
        3202   2.5000000000000000       0.73333300000000001       0.56255289172351364
        3203   2.5333329999999998       0.73333300000000001       0.56636978249728409
        3204   2.5666669999999998       0.73333300000000001       0.57010029853604893
        3205   2.6000000000000001       0.73333300000000001       0.57349094340514617
        3206   2.6333329999999999       0.73333300000000001       0.57662444982936201
        3207   2.6666669999999999       0.73333300000000001       0.57955176951364162
        3208   2.7000000000000002       0.73333300000000001       0.58227677881195838
        3209   2.7333330000000000       0.73333300000000001       0.58477719101869896
        3210   2.7666670000000000       0.73333300000000001       0.58713600782862874
        3211   2.7999999999999998       0.73333300000000001       0.58921874986037970
        3212   2.8333330000000001       0.73333300000000001       0.59113312400077245
        3213   2.8666670000000001       0.73333300000000001       0.59304310360404389
        3214   2.8999999999999999       0.73333300000000001       0.59469663865583156
        3215   2.9333330000000002       0.73333300000000001       0.59615170170499054
        3216   2.9666670000000002       0.73333300000000001       0.59762229410342349
        3217   3.0000000000000000       0.73333300000000001       0.59889120445263622
        3218   3.0333329999999998       0.73333300000000001       0.60009078612259270
        3219   3.0666669999999998       0.73333300000000001       0.60109787827788597
        3220   3.1000000000000001       0.73333300000000001       0.60215503457268671
        3221   3.1333329999999999       0.73333300000000001       0.60295541245712780
        3222   3.1666669999999999       0.73333300000000001       0.60383071113183506
        3223   3.2000000000000002       0.73333300000000001       0.60448026557087453
        3224   3.2333330000000000       0.73333300000000001       0.60519815284694789
        3225   3.2666670000000000       0.73333300000000001       0.60577479273942203
        3226   3.2999999999999998       0.73333300000000001       0.60629460201532970
        3227   3.3333330000000001       0.73333300000000001       0.60683479673085594
        3228   3.3666670000000001       0.73333300000000001       0.60720668187596583
        3229   3.3999999999999999       0.73333300000000001       0.60764272253897567
        3230   3.4333330000000002       0.73333300000000001       0.60791022475428902
        3231   3.4666670000000002       0.73333300000000001       0.60831264500561311
        3232   3.5000000000000000       0.73333300000000001       0.60850743484500092
        3233   3.5333329999999998       0.73333300000000001       0.60882709292555459
        3234   3.5666669999999998       0.73333300000000001       0.60902642509976268
        3235   3.6000000000000001       0.73333300000000001       0.60924193713984154
        3236   3.6333329999999999       0.73333300000000001       0.60938171533656493
        3237   3.6666669999999999       0.73333300000000001       0.60950818720455779
        3238   3.7000000000000002       0.73333300000000001       0.60964558577314309
        3239   3.7333330000000000       0.73333300000000001       0.60977206422702990
        3240   3.7666670000000000       0.73333300000000001       0.60987457848670779
        3241   3.7999999999999998       0.73333300000000001       0.60996298420209738
        3242   3.8333330000000001       0.73333300000000001       0.61006253514989017
        3243   3.8666670000000001       0.73333300000000001       0.61006826742970233
        3244   3.8999999999999999       0.73333300000000001       0.61018224656575026
        3245   3.9333330000000002       0.73333300000000001       0.61020752653265098
        3246   3.9666670000000002       0.73333300000000001       0.61022629278017815
        3247   4.0000000000000000       0.73333300000000001       0.61034224975858831
        3248   4.0333329999999998       0.73333300000000001       0.61028330449521750
        3249   4.0666669999999998       0.73333300000000001       0.61031493073896315
        3250   4.0999999999999996       0.73333300000000001       0.61037214986763233
        3251   4.1333330000000004       0.73333300000000001       0.61036114529532903
        3252   4.1666670000000003       0.73333300000000001       0.61031861004162791
        3253   4.2000000000000002       0.73333300000000001       0.61041798793425150
        3254   4.2333330000000000       0.73333300000000001       0.61041741696766572
        3255   4.2666670000000000       0.73333300000000001       0.61043370426434196
        3256   4.2999999999999998       0.73333300000000001       0.61036132792435227
        3257   4.3333329999999997       0.73333300000000001       0.61040852748769203
        3258   4.3666669999999996       0.73333300000000001       0.61045717710101866
        3259   4.4000000000000004       0.73333300000000001       0.61040170801453353
        3260   4.4333330000000002       0.73333300000000001       0.61040748258946698
        3261   4.4666670000000002       0.73333300000000001       0.61039612343241312
        3262   4.5000000000000000       0.73333300000000001       0.61046197624768217
        3263   4.5333329999999998       0.73333300000000001       0.61039332352473485
        3264   4.5666669999999998       0.73333300000000001       0.61046940213964518
        3265   4.5999999999999996       0.73333300000000001       0.61037067266382494
        3266   4.6333330000000004       0.73333300000000001       0.61047760413052854
        3267   4.6666670000000003       0.73333300000000001       0.61042646621529328
        3268   4.7000000000000002       0.73333300000000001       0.61045547447437809
        3269   4.7333330000000000       0.73333300000000001       0.61039870663991436
        3270   4.7666670000000000       0.73333300000000001       0.61049235286469983
        3271   4.7999999999999998       0.73333300000000001       0.61040241193007905
        3272   4.8333329999999997       0.73333300000000001       0.61048948444912443
        3273   4.8666669999999996       0.73333300000000001       0.61048348623716508
        3274   4.9000000000000004       0.73333300000000001       0.61041154522702457
        3275   4.9333330000000002       0.73333300000000001       0.61048330325418365
        3276   4.9666670000000002       0.73333300000000001       0.61049485774293188
        3277   5.0000000000000000       0.73333300000000001       0.61042201843967259
        3278   0.0000000000000000       0.76666699999999999       0.76666699999999999
        3279   3.3333000000000002E-002  0.76666699999999999       0.75866564044358153
        3280   6.6667000000000004E-002  0.76666699999999999       0.75064530360219039
        3281  0.10000000000000001       0.76666699999999999       0.74260719421341059
        3282  0.13333300000000001       0.76666699999999999       0.73450854296445356
        3283  0.16666700000000001       0.76666699999999999       0.72637628395831055
        3284  0.20000000000000001       0.76666699999999999       0.71815712547978594
        3285  0.23333300000000001       0.76666699999999999       0.70988953041730507
        3286  0.26666699999999999       0.76666699999999999       0.70148112172238042
        3287  0.29999999999999999       0.76666699999999999       0.69297198816455863
        3288  0.33333299999999999       0.76666699999999999       0.68435105925948803
        3289  0.36666700000000002       0.76666699999999999       0.67547793794896416
        3290  0.40000000000000002       0.76666699999999999       0.66648890538212158
        3291  0.43333300000000002       0.76666699999999999       0.65713929838200835
        3292  0.46666700000000000       0.76666699999999999       0.64758274692628848
        3293  0.50000000000000000       0.76666699999999999       0.63769048310087717
        3294  0.53333299999999995       0.76666699999999999       0.62728716773344106
        3295  0.56666700000000003       0.76666699999999999       0.61659114789911640
        3296  0.59999999999999998       0.76666699999999999       0.60540729400785276
        3297  0.63333300000000003       0.76666699999999999       0.59358113538284418
        3298  0.66666700000000001       0.76666699999999999       0.58131930593779280
        3299  0.69999999999999996       0.76666699999999999       0.56842909398918773
        3300  0.73333300000000001       0.76666699999999999       0.55484906507525955
        3301  0.76666699999999999       0.76666699999999999       0.54099683997007286
        3302  0.80000000000000004       0.76666699999999999       0.52656620150352895
        3303  0.83333299999999999       0.76666699999999999       0.51171542058300368
        3304  0.86666699999999997       0.76666699999999999       0.49661812180406634
        3305  0.90000000000000002       0.76666699999999999       0.48191199431445131
        3306  0.93333299999999997       0.76666699999999999       0.46699436096169777
        3307  0.96666700000000005       0.76666699999999999       0.45324350685257725
        3308   1.0000000000000000       0.76666699999999999       0.43983735125231982
        3309   1.0333330000000001       0.76666699999999999       0.42790424527172199
        3310   1.0666670000000000       0.76666699999999999       0.41728343458800876
        3311   1.1000000000000001       0.76666699999999999       0.40772623370238958
        3312   1.1333329999999999       0.76666699999999999       0.39954635685511608
        3313   1.1666669999999999       0.76666699999999999       0.39364753731243812
        3314   1.2000000000000000       0.76666699999999999       0.38816629099451500
        3315   1.2333330000000000       0.76666699999999999       0.38429683684644422
        3316   1.2666670000000000       0.76666699999999999       0.38173760456157652
        3317   1.3000000000000000       0.76666699999999999       0.37958580339831399
        3318   1.3333330000000001       0.76666699999999999       0.37942418524518612
        3319   1.3666670000000001       0.76666699999999999       0.38019683966226286
        3320   1.3999999999999999       0.76666699999999999       0.38159867072125042
        3321   1.4333330000000000       0.76666699999999999       0.38435527821438126
        3322   1.4666669999999999       0.76666699999999999       0.38776808995555118
        3323   1.5000000000000000       0.76666699999999999       0.39261747084261250
        3324   1.5333330000000001       0.76666699999999999       0.39875392745326144
        3325   1.5666670000000000       0.76666699999999999       0.40520215422564587
        3326   1.6000000000000001       0.76666699999999999       0.41321545770511348
        3327   1.6333329999999999       0.76666699999999999       0.42173952624149841
        3328   1.6666669999999999       0.76666699999999999       0.43057461498720928
        3329   1.7000000000000000       0.76666699999999999       0.43942634496780086
        3330   1.7333330000000000       0.76666699999999999       0.44941775549718405
        3331   1.7666670000000000       0.76666699999999999       0.45910479494622974
        3332   1.8000000000000000       0.76666699999999999       0.46844458054964194
        3333   1.8333330000000001       0.76666699999999999       0.47835437856152208
        3334   1.8666670000000001       0.76666699999999999       0.48805344501742265
        3335   1.8999999999999999       0.76666699999999999       0.49704828695186942
        3336   1.9333330000000000       0.76666699999999999       0.50639572122411824
        3337   1.9666669999999999       0.76666699999999999       0.51541803973565248
        3338   2.0000000000000000       0.76666699999999999       0.52369388929029448
        3339   2.0333329999999998       0.76666699999999999       0.53208874082696900
        3340   2.0666669999999998       0.76666699999999999       0.54013843306114540
        3341   2.1000000000000001       0.76666699999999999       0.54757731773556484
        3342   2.1333329999999999       0.76666699999999999       0.55488822930365866
        3343   2.1666669999999999       0.76666699999999999       0.56181978974063418
        3344   2.2000000000000002       0.76666699999999999       0.56840287325465855
        3345   2.2333330000000000       0.76666699999999999       0.57464750091121120
        3346   2.2666670000000000       0.76666699999999999       0.58057571537228325
        3347   2.2999999999999998       0.76666699999999999       0.58603331078340148
        3348   2.3333330000000001       0.76666699999999999       0.59146283256661603
        3349   2.3666670000000001       0.76666699999999999       0.59626613551996632
        3350   2.3999999999999999       0.76666699999999999       0.60106339419191457
        3351   2.4333330000000002       0.76666699999999999       0.60537947270324710
        3352   2.4666670000000002       0.76666699999999999       0.60944193491322429
        3353   2.5000000000000000       0.76666699999999999       0.61327751512091977
        3354   2.5333329999999998       0.76666699999999999       0.61692879445904480
        3355   2.5666669999999998       0.76666699999999999       0.62014506109018275
        3356   2.6000000000000001       0.76666699999999999       0.62333185730183516
        3357   2.6333329999999999       0.76666699999999999       0.62618265904509041
        3358   2.6666669999999999       0.76666699999999999       0.62891453627937366
        3359   2.7000000000000002       0.76666699999999999       0.63140755784179992
        3360   2.7333330000000000       0.76666699999999999       0.63360205257509805
        3361   2.7666670000000000       0.76666699999999999       0.63580154748801399
        3362   2.7999999999999998       0.76666699999999999       0.63773933262789362
        3363   2.8333330000000001       0.76666699999999999       0.63953836604779934
        3364   2.8666670000000001       0.76666699999999999       0.64118559726863700
        3365   2.8999999999999999       0.76666699999999999       0.64270773573423279
        3366   2.9333330000000002       0.76666699999999999       0.64416070909645162
        3367   2.9666670000000002       0.76666699999999999       0.64536265742591170
        3368   3.0000000000000000       0.76666699999999999       0.64661512301129909
        3369   3.0333329999999998       0.76666699999999999       0.64764368019648177
        3370   3.0666669999999998       0.76666699999999999       0.64868171885498327
        3371   3.1000000000000001       0.76666699999999999       0.64951957174601660
        3372   3.1333329999999999       0.76666699999999999       0.65036268593788349
        3373   3.1666669999999999       0.76666699999999999       0.65103726204860035
        3374   3.2000000000000002       0.76666699999999999       0.65178773326029127
        3375   3.2333330000000000       0.76666699999999999       0.65231606468314307
        3376   3.2666670000000000       0.76666699999999999       0.65294752653134547
        3377   3.2999999999999998       0.76666699999999999       0.65338970183783662
        3378   3.3333330000000001       0.76666699999999999       0.65378104302859086
        3379   3.3666670000000001       0.76666699999999999       0.65422009880085052
        3380   3.3999999999999999       0.76666699999999999       0.65461833810684722
        3381   3.4333330000000002       0.76666699999999999       0.65491884636061171
        3382   3.4666670000000002       0.76666699999999999       0.65519802140616634
        3383   3.5000000000000000       0.76666699999999999       0.65545772639373423
        3384   3.5333329999999998       0.76666699999999999       0.65568262642842623
        3385   3.5666669999999998       0.76666699999999999       0.65591532657433382
        3386   3.6000000000000001       0.76666699999999999       0.65602964970344091
        3387   3.6333329999999999       0.76666699999999999       0.65624047056470203
        3388   3.6666669999999999       0.76666699999999999       0.65638249620761735
        3389   3.7000000000000002       0.76666699999999999       0.65642009376804855
        3390   3.7333330000000000       0.76666699999999999       0.65658902291516641
        3391   3.7666670000000000       0.76666699999999999       0.65673661928912785
        3392   3.7999999999999998       0.76666699999999999       0.65675077912786284
        3393   3.8333330000000001       0.76666699999999999       0.65680839827143067
        3394   3.8666670000000001       0.76666699999999999       0.65694171694522296
        3395   3.8999999999999999       0.76666699999999999       0.65694935364826501
        3396   3.9333330000000002       0.76666699999999999       0.65693259345429156
        3397   3.9666670000000002       0.76666699999999999       0.65703950175453563
        3398   4.0000000000000000       0.76666699999999999       0.65705520149241436
        3399   4.0333329999999998       0.76666699999999999       0.65707581463375442
        3400   4.0666669999999998       0.76666699999999999       0.65710717075965741
        3401   4.0999999999999996       0.76666699999999999       0.65710070545494914
        3402   4.1333330000000004       0.76666699999999999       0.65715075235242504
        3403   4.1666670000000003       0.76666699999999999       0.65714772988833503
        3404   4.2000000000000002       0.76666699999999999       0.65715157978078353
        3405   4.2333330000000000       0.76666699999999999       0.65722191911606709
        3406   4.2666670000000000       0.76666699999999999       0.65714668096965023
        3407   4.2999999999999998       0.76666699999999999       0.65721337885742659
        3408   4.3333329999999997       0.76666699999999999       0.65717881636346887
        3409   4.3666669999999996       0.76666699999999999       0.65714119655263203
        3410   4.4000000000000004       0.76666699999999999       0.65720154265060537
        3411   4.4333330000000002       0.76666699999999999       0.65722302546140898
        3412   4.4666670000000002       0.76666699999999999       0.65718351308440692
        3413   4.5000000000000000       0.76666699999999999       0.65715077550824896
        3414   4.5333329999999998       0.76666699999999999       0.65723399317218401
        3415   4.5666669999999998       0.76666699999999999       0.65717418449736198
        3416   4.5999999999999996       0.76666699999999999       0.65718343243621635
        3417   4.6333330000000004       0.76666699999999999       0.65717880260747685
        3418   4.6666670000000003       0.76666699999999999       0.65721596759420120
        3419   4.7000000000000002       0.76666699999999999       0.65721957350054583
        3420   4.7333330000000000       0.76666699999999999       0.65723351395771812
        3421   4.7666670000000000       0.76666699999999999       0.65717394638011095
        3422   4.7999999999999998       0.76666699999999999       0.65723351613144099
        3423   4.8333329999999997       0.76666699999999999       0.65722119362089859
        3424   4.8666669999999996       0.76666699999999999       0.65723582670066039
        3425   4.9000000000000004       0.76666699999999999       0.65723151645783351
        3426   4.9333330000000002       0.76666699999999999       0.65723206633282338
        3427   4.9666670000000002       0.76666699999999999       0.65722038458210441
        3428   5.0000000000000000       0.76666699999999999       0.65722492129909826
        3429   0.0000000000000000       0.80000000000000004       0.80000000000000004
        3430   3.3333000000000002E-002  0.80000000000000004       0.79305811621673994
        3431   6.6667000000000004E-002  0.80000000000000004       0.78610215345928780
        3432  0.10000000000000001       0.80000000000000004       0.77911348574591244
        3433  0.13333300000000001       0.80000000000000004       0.77209711755169863
        3434  0.16666700000000001       0.80000000000000004       0.76501564776379571
        3435  0.20000000000000001       0.80000000000000004       0.75786573806985691
        3436  0.23333300000000001       0.80000000000000004       0.75063446068851092
        3437  0.26666699999999999       0.80000000000000004       0.74332812806300319
        3438  0.29999999999999999       0.80000000000000004       0.73591613708630610
        3439  0.33333299999999999       0.80000000000000004       0.72832148546233066
        3440  0.36666700000000002       0.80000000000000004       0.72061711225844516
        3441  0.40000000000000002       0.80000000000000004       0.71266096382315425
        3442  0.43333300000000002       0.80000000000000004       0.70454594031880802
        3443  0.46666700000000000       0.80000000000000004       0.69609651050120092
        3444  0.50000000000000000       0.80000000000000004       0.68733343444631878
        3445  0.53333299999999995       0.80000000000000004       0.67831327754500970
        3446  0.56666700000000003       0.80000000000000004       0.66886307392424982
        3447  0.59999999999999998       0.80000000000000004       0.65900896007850496
        3448  0.63333300000000003       0.80000000000000004       0.64863446746834552
        3449  0.66666700000000001       0.80000000000000004       0.63777304019344760
        3450  0.69999999999999996       0.80000000000000004       0.62657500035630354
        3451  0.73333300000000001       0.80000000000000004       0.61479599087748826
        3452  0.76666699999999999       0.80000000000000004       0.60245445952070897
        3453  0.80000000000000004       0.80000000000000004       0.58996855434767037
        3454  0.83333299999999999       0.80000000000000004       0.57714250820144419
        3455  0.86666699999999997       0.80000000000000004       0.56425161289505454
        3456  0.90000000000000002       0.80000000000000004       0.55105141986710038
        3457  0.93333299999999997       0.80000000000000004       0.53854236002010369
        3458  0.96666700000000005       0.80000000000000004       0.52603960486069234
        3459   1.0000000000000000       0.80000000000000004       0.51469040489819340
        3460   1.0333330000000001       0.80000000000000004       0.50430987767517199
        3461   1.0666670000000000       0.80000000000000004       0.49432129666848329
        3462   1.1000000000000001       0.80000000000000004       0.48614781792440859
        3463   1.1333329999999999       0.80000000000000004       0.47889234469234249
        3464   1.1666669999999999       0.80000000000000004       0.47280387740947877
        3465   1.2000000000000000       0.80000000000000004       0.46829923774565008
        3466   1.2333330000000000       0.80000000000000004       0.46405424604909118
        3467   1.2666670000000000       0.80000000000000004       0.46174943210393016
        3468   1.3000000000000000       0.80000000000000004       0.46042860047596473
        3469   1.3333330000000001       0.80000000000000004       0.45941676225241629
        3470   1.3666670000000001       0.80000000000000004       0.45984085710647971
        3471   1.3999999999999999       0.80000000000000004       0.46137772309334912
        3472   1.4333330000000000       0.80000000000000004       0.46323068397472816
        3473   1.4666669999999999       0.80000000000000004       0.46693469414371991
        3474   1.5000000000000000       0.80000000000000004       0.47055876968876031
        3475   1.5333330000000001       0.80000000000000004       0.47597665970063774
        3476   1.5666670000000000       0.80000000000000004       0.48210752312014976
        3477   1.6000000000000001       0.80000000000000004       0.48877510888554637
        3478   1.6333329999999999       0.80000000000000004       0.49582536972244440
        3479   1.6666669999999999       0.80000000000000004       0.50329125306533729
        3480   1.7000000000000000       0.80000000000000004       0.51167639560038336
        3481   1.7333330000000000       0.80000000000000004       0.51989594556018381
        3482   1.7666670000000000       0.80000000000000004       0.52857752233048616
        3483   1.8000000000000000       0.80000000000000004       0.53732377063629522
        3484   1.8333330000000001       0.80000000000000004       0.54563985941268667
        3485   1.8666670000000001       0.80000000000000004       0.55389593344838361
        3486   1.8999999999999999       0.80000000000000004       0.56246024989342625
        3487   1.9333330000000000       0.80000000000000004       0.57040334933638093
        3488   1.9666669999999999       0.80000000000000004       0.57832557345280133
        3489   2.0000000000000000       0.80000000000000004       0.58602315916811565
        3490   2.0333329999999998       0.80000000000000004       0.59329510190478529
        3491   2.0666669999999998       0.80000000000000004       0.60022048866937117
        3492   2.1000000000000001       0.80000000000000004       0.60712614093501960
        3493   2.1333329999999999       0.80000000000000004       0.61371187047603182
        3494   2.1666669999999999       0.80000000000000004       0.61967819218912457
        3495   2.2000000000000002       0.80000000000000004       0.62570402990188934
        3496   2.2333330000000000       0.80000000000000004       0.63111738425282438
        3497   2.2666670000000000       0.80000000000000004       0.63644124495962473
        3498   2.2999999999999998       0.80000000000000004       0.64144704584144518
        3499   2.3333330000000001       0.80000000000000004       0.64602778593031340
        3500   2.3666670000000001       0.80000000000000004       0.65055432555319270
        3501   2.3999999999999999       0.80000000000000004       0.65470953161458789
        3502   2.4333330000000002       0.80000000000000004       0.65852032485934853
        3503   2.4666670000000002       0.80000000000000004       0.66208929173981512
        3504   2.5000000000000000       0.80000000000000004       0.66564002118897958
        3505   2.5333329999999998       0.80000000000000004       0.66873164605715774
        3506   2.5666669999999998       0.80000000000000004       0.67178096623863337
        3507   2.6000000000000001       0.80000000000000004       0.67445998732767865
        3508   2.6333329999999999       0.80000000000000004       0.67712454187041016
        3509   2.6666669999999999       0.80000000000000004       0.67941029372802819
        3510   2.7000000000000002       0.80000000000000004       0.68168934535120429
        3511   2.7333330000000000       0.80000000000000004       0.68376452617996752
        3512   2.7666670000000000       0.80000000000000004       0.68555508904298712
        3513   2.7999999999999998       0.80000000000000004       0.68735779761413407
        3514   2.8333330000000001       0.80000000000000004       0.68901416259127179
        3515   2.8666670000000001       0.80000000000000004       0.69039377914108890
        3516   2.8999999999999999       0.80000000000000004       0.69183132394530289
        3517   2.9333330000000002       0.80000000000000004       0.69301279230970791
        3518   2.9666670000000002       0.80000000000000004       0.69421960145648742
        3519   3.0000000000000000       0.80000000000000004       0.69527106746705902
        3520   3.0333329999999998       0.80000000000000004       0.69618964721670762
        3521   3.0666669999999998       0.80000000000000004       0.69702634825387788
        3522   3.1000000000000001       0.80000000000000004       0.69786066191994878
        3523   3.1333329999999999       0.80000000000000004       0.69861669745011035
        3524   3.1666669999999999       0.80000000000000004       0.69925843327046266
        3525   3.2000000000000002       0.80000000000000004       0.69985767137314148
        3526   3.2333330000000000       0.80000000000000004       0.70040534227498730
        3527   3.2666670000000000       0.80000000000000004       0.70084271620796523
        3528   3.2999999999999998       0.80000000000000004       0.70133234954808876
        3529   3.3333330000000001       0.80000000000000004       0.70173618035033170
        3530   3.3666670000000001       0.80000000000000004       0.70206240353026295
        3531   3.3999999999999999       0.80000000000000004       0.70235505252569674
        3532   3.4333330000000002       0.80000000000000004       0.70271334235726746
        3533   3.4666670000000002       0.80000000000000004       0.70290180754121034
        3534   3.5000000000000000       0.80000000000000004       0.70320305046075893
        3535   3.5333329999999998       0.80000000000000004       0.70332551919633435
        3536   3.5666669999999998       0.80000000000000004       0.70355941801778332
        3537   3.6000000000000001       0.80000000000000004       0.70375338174743174
        3538   3.6333329999999999       0.80000000000000004       0.70382098273699267
        3539   3.6666669999999999       0.80000000000000004       0.70399526537409784
        3540   3.7000000000000002       0.80000000000000004       0.70409207147009711
        3541   3.7333330000000000       0.80000000000000004       0.70419783468695452
        3542   3.7666670000000000       0.80000000000000004       0.70424501280135166
        3543   3.7999999999999998       0.80000000000000004       0.70438416973205498
        3544   3.8333330000000001       0.80000000000000004       0.70438548460654771
        3545   3.8666670000000001       0.80000000000000004       0.70445309257704869
        3546   3.8999999999999999       0.80000000000000004       0.70450977527767100
        3547   3.9333330000000002       0.80000000000000004       0.70455947835845700
        3548   3.9666670000000002       0.80000000000000004       0.70457507747357506
        3549   4.0000000000000000       0.80000000000000004       0.70455020130598089
        3550   4.0333329999999998       0.80000000000000004       0.70462621708149886
        3551   4.0666669999999998       0.80000000000000004       0.70468755338384881
        3552   4.0999999999999996       0.80000000000000004       0.70467897211059771
        3553   4.1333330000000004       0.80000000000000004       0.70464301402116847
        3554   4.1666670000000003       0.80000000000000004       0.70472047975660468
        3555   4.2000000000000002       0.80000000000000004       0.70472519774505138
        3556   4.2333330000000000       0.80000000000000004       0.70468422721733037
        3557   4.2666670000000000       0.80000000000000004       0.70474374207129264
        3558   4.2999999999999998       0.80000000000000004       0.70467906951659953
        3559   4.3333329999999997       0.80000000000000004       0.70472152412859956
        3560   4.3666669999999996       0.80000000000000004       0.70475371528636688
        3561   4.4000000000000004       0.80000000000000004       0.70469053556448213
        3562   4.4333330000000002       0.80000000000000004       0.70473155213610361
        3563   4.4666670000000002       0.80000000000000004       0.70473391903388971
        3564   4.5000000000000000       0.80000000000000004       0.70475060531835987
        3565   4.5333329999999998       0.80000000000000004       0.70473052783144463
        3566   4.5666669999999998       0.80000000000000004       0.70471770966845626
        3567   4.5999999999999996       0.80000000000000004       0.70476177799966011
        3568   4.6333330000000004       0.80000000000000004       0.70474612848825635
        3569   4.6666670000000003       0.80000000000000004       0.70468978765724088
        3570   4.7000000000000002       0.80000000000000004       0.70474352420662156
        3571   4.7333330000000000       0.80000000000000004       0.70477423075534207
        3572   4.7666670000000000       0.80000000000000004       0.70476380798895299
        3573   4.7999999999999998       0.80000000000000004       0.70476891478653492
        3574   4.8333329999999997       0.80000000000000004       0.70471450213575348
        3575   4.8666669999999996       0.80000000000000004       0.70477726792035389
        3576   4.9000000000000004       0.80000000000000004       0.70479839343635919
        3577   4.9333330000000002       0.80000000000000004       0.70476318657763526
        3578   4.9666670000000002       0.80000000000000004       0.70471817818391025
        3579   5.0000000000000000       0.80000000000000004       0.70478863117203083
        3580   0.0000000000000000       0.83333299999999999       0.83333299999999999
        3581   3.3333000000000002E-002  0.83333299999999999       0.82748833635311891
        3582   6.6667000000000004E-002  0.83333299999999999       0.82162963637154629
        3583  0.10000000000000001       0.83333299999999999       0.81574946525702163
        3584  0.13333300000000001       0.83333299999999999       0.80982184274182678
        3585  0.16666700000000001       0.83333299999999999       0.80385789382975215
        3586  0.20000000000000001       0.83333299999999999       0.79782456757840869
        3587  0.23333300000000001       0.83333299999999999       0.79173705136433115
        3588  0.26666699999999999       0.83333299999999999       0.78553906664056794
        3589  0.29999999999999999       0.83333299999999999       0.77923796091315578
        3590  0.33333299999999999       0.83333299999999999       0.77284952444772914
        3591  0.36666700000000002       0.83333299999999999       0.76626263001357309
        3592  0.40000000000000002       0.83333299999999999       0.75956551097067848
        3593  0.43333300000000002       0.83333299999999999       0.75260781715990988
        3594  0.46666700000000000       0.83333299999999999       0.74545197407067110
        3595  0.50000000000000000       0.83333299999999999       0.73803101673423088
        3596  0.53333299999999995       0.83333299999999999       0.73031861269940490
        3597  0.56666700000000003       0.83333299999999999       0.72227740302645760
        3598  0.59999999999999998       0.83333299999999999       0.71382196786551977
        3599  0.63333300000000003       0.83333299999999999       0.70507931810944269
        3600  0.66666700000000001       0.83333299999999999       0.69594284416420238
        3601  0.69999999999999996       0.83333299999999999       0.68630288014059393
        3602  0.73333300000000001       0.83333299999999999       0.67637008013006228
        3603  0.76666699999999999       0.83333299999999999       0.66604325098255879
        3604  0.80000000000000004       0.83333299999999999       0.65543901257716841
        3605  0.83333299999999999       0.83333299999999999       0.64459731189077829
        3606  0.86666699999999997       0.83333299999999999       0.63364737297586604
        3607  0.90000000000000002       0.83333299999999999       0.62278574292016131
        3608  0.93333299999999997       0.83333299999999999       0.61192767848763063
        3609  0.96666700000000005       0.83333299999999999       0.60179509665103481
        3610   1.0000000000000000       0.83333299999999999       0.59202809797249223
        3611   1.0333330000000001       0.83333299999999999       0.58279263870522091
        3612   1.0666670000000000       0.83333299999999999       0.57485754136744760
        3613   1.1000000000000001       0.83333299999999999       0.56727137454762433
        3614   1.1333329999999999       0.83333299999999999       0.56136708558085657
        3615   1.1666669999999999       0.83333299999999999       0.55585314807126140
        3616   1.2000000000000000       0.83333299999999999       0.55134497000057558
        3617   1.2333330000000000       0.83333299999999999       0.54836256807991812
        3618   1.2666670000000000       0.83333299999999999       0.54573822358344737
        3619   1.3000000000000000       0.83333299999999999       0.54430058683352067
        3620   1.3333330000000001       0.83333299999999999       0.54378047493172610
        3621   1.3666670000000001       0.83333299999999999       0.54358272789355633
        3622   1.3999999999999999       0.83333299999999999       0.54497993636478193
        3623   1.4333330000000000       0.83333299999999999       0.54696252249672472
        3624   1.4666669999999999       0.83333299999999999       0.54950200512785508
        3625   1.5000000000000000       0.83333299999999999       0.55324634572205156
        3626   1.5333330000000001       0.83333299999999999       0.55726814491251053
        3627   1.5666670000000000       0.83333299999999999       0.56229524288887556
        3628   1.6000000000000001       0.83333299999999999       0.56779635494700276
        3629   1.6333329999999999       0.83333299999999999       0.57387262869439470
        3630   1.6666669999999999       0.83333299999999999       0.58063707565432909
        3631   1.7000000000000000       0.83333299999999999       0.58733619023531314
        3632   1.7333330000000000       0.83333299999999999       0.59434534898620728
        3633   1.7666670000000000       0.83333299999999999       0.60152602873042127
        3634   1.8000000000000000       0.83333299999999999       0.60888692833399372
        3635   1.8333330000000001       0.83333299999999999       0.61620874826919592
        3636   1.8666670000000001       0.83333299999999999       0.62344592264433651
        3637   1.8999999999999999       0.83333299999999999       0.63038747966016573
        3638   1.9333330000000000       0.83333299999999999       0.63753909091788963
        3639   1.9666669999999999       0.83333299999999999       0.64403778262851452
        3640   2.0000000000000000       0.83333299999999999       0.65074265478804516
        3641   2.0333329999999998       0.83333299999999999       0.65711223909038818
        3642   2.0666669999999998       0.83333299999999999       0.66314299800503329
        3643   2.1000000000000001       0.83333299999999999       0.66897368575062788
        3644   2.1333329999999999       0.83333299999999999       0.67441383432000679
        3645   2.1666669999999999       0.83333299999999999       0.67985777940780578
        3646   2.2000000000000002       0.83333299999999999       0.68474541256067145
        3647   2.2333330000000000       0.83333299999999999       0.68957240927457075
        3648   2.2666670000000000       0.83333299999999999       0.69414550812159337
        3649   2.2999999999999998       0.83333299999999999       0.69848040987346238
        3650   2.3333330000000001       0.83333299999999999       0.70248474113869419
        3651   2.3666670000000001       0.83333299999999999       0.70628916728633029
        3652   2.3999999999999999       0.83333299999999999       0.70976672512582872
        3653   2.4333330000000002       0.83333299999999999       0.71311343359234070
        3654   2.4666670000000002       0.83333299999999999       0.71629090415492336
        3655   2.5000000000000000       0.83333299999999999       0.71919930431180634
        3656   2.5333329999999998       0.83333299999999999       0.72199587799626441
        3657   2.5666669999999998       0.83333299999999999       0.72447112160444949
        3658   2.6000000000000001       0.83333299999999999       0.72692334504069689
        3659   2.6333329999999999       0.83333299999999999       0.72908427689257560
        3660   2.6666669999999999       0.83333299999999999       0.73115111511057829
        3661   2.7000000000000002       0.83333299999999999       0.73307264847584175
        3662   2.7333330000000000       0.83333299999999999       0.73479666588547965
        3663   2.7666670000000000       0.83333299999999999       0.73643652313359864
        3664   2.7999999999999998       0.83333299999999999       0.73795410617147439
        3665   2.8333330000000001       0.83333299999999999       0.73931093435045492
        3666   2.8666670000000001       0.83333299999999999       0.74060997330892986
        3667   2.8999999999999999       0.83333299999999999       0.74173390574944909
        3668   2.9333330000000002       0.83333299999999999       0.74286693822438910
        3669   2.9666670000000002       0.83333299999999999       0.74385275659979255
        3670   3.0000000000000000       0.83333299999999999       0.74469317647758027
        3671   3.0333329999999998       0.83333299999999999       0.74555590056606469
        3672   3.0666669999999998       0.83333299999999999       0.74634362196573611
        3673   3.1000000000000001       0.83333299999999999       0.74699830870312178
        3674   3.1333329999999999       0.83333299999999999       0.74758749266348901
        3675   3.1666669999999999       0.83333299999999999       0.74820873913208263
        3676   3.2000000000000002       0.83333299999999999       0.74869792884564157
        3677   3.2333330000000000       0.83333299999999999       0.74917474105146109
        3678   3.2666670000000000       0.83333299999999999       0.74960563259490687
        3679   3.2999999999999998       0.83333299999999999       0.74994137350383760
        3680   3.3333330000000001       0.83333299999999999       0.75032842637871588
        3681   3.3666670000000001       0.83333299999999999       0.75061782437194169
        3682   3.3999999999999999       0.83333299999999999       0.75092775722576943
        3683   3.4333330000000002       0.83333299999999999       0.75112683712988848
        3684   3.4666670000000002       0.83333299999999999       0.75138824879074706
        3685   3.5000000000000000       0.83333299999999999       0.75157361392511579
        3686   3.5333329999999998       0.83333299999999999       0.75174772809539325
        3687   3.5666669999999998       0.83333299999999999       0.75190985521076625
        3688   3.6000000000000001       0.83333299999999999       0.75204709440335016
        3689   3.6333329999999999       0.83333299999999999       0.75218066621783031
        3690   3.6666669999999999       0.83333299999999999       0.75224752250106752
        3691   3.7000000000000002       0.83333299999999999       0.75239951912276459
        3692   3.7333330000000000       0.83333299999999999       0.75242622401730919
        3693   3.7666670000000000       0.83333299999999999       0.75254359266391613
        3694   3.7999999999999998       0.83333299999999999       0.75259620879475109
        3695   3.8333330000000001       0.83333299999999999       0.75265816562542676
        3696   3.8666670000000001       0.83333299999999999       0.75265431903367375
        3697   3.8999999999999999       0.83333299999999999       0.75273758813250580
        3698   3.9333330000000002       0.83333299999999999       0.75276153748313290
        3699   3.9666670000000002       0.83333299999999999       0.75281130818115694
        3700   4.0000000000000000       0.83333299999999999       0.75282444664705728
        3701   4.0333329999999998       0.83333299999999999       0.75285137681752901
        3702   4.0666669999999998       0.83333299999999999       0.75287874960298706
        3703   4.0999999999999996       0.83333299999999999       0.75284386299480388
        3704   4.1333330000000004       0.83333299999999999       0.75290204796769344
        3705   4.1666670000000003       0.83333299999999999       0.75290697548814633
        3706   4.2000000000000002       0.83333299999999999       0.75290389646635658
        3707   4.2333330000000000       0.83333299999999999       0.75292652928498438
        3708   4.2666670000000000       0.83333299999999999       0.75290528301110515
        3709   4.2999999999999998       0.83333299999999999       0.75291834625643594
        3710   4.3333329999999997       0.83333299999999999       0.75293514134185358
        3711   4.3666669999999996       0.83333299999999999       0.75290208084074139
        3712   4.4000000000000004       0.83333299999999999       0.75295640704057265
        3713   4.4333330000000002       0.83333299999999999       0.75293963905694761
        3714   4.4666670000000002       0.83333299999999999       0.75293099220935511
        3715   4.5000000000000000       0.83333299999999999       0.75292889577088884
        3716   4.5333329999999998       0.83333299999999999       0.75289929315711968
        3717   4.5666669999999998       0.83333299999999999       0.75296654111743022
        3718   4.5999999999999996       0.83333299999999999       0.75294168273345330
        3719   4.6333330000000004       0.83333299999999999       0.75291438487102547
        3720   4.6666670000000003       0.83333299999999999       0.75293526716481429
        3721   4.7000000000000002       0.83333299999999999       0.75295182932977389
        3722   4.7333330000000000       0.83333299999999999       0.75291637962327684
        3723   4.7666670000000000       0.83333299999999999       0.75298111117308442
        3724   4.7999999999999998       0.83333299999999999       0.75292413971771099
        3725   4.8333329999999997       0.83333299999999999       0.75297241629300660
        3726   4.8666669999999996       0.83333299999999999       0.75292063197870263
        3727   4.9000000000000004       0.83333299999999999       0.75296351355153623
        3728   4.9333330000000002       0.83333299999999999       0.75296541154076224
        3729   4.9666670000000002       0.83333299999999999       0.75298224261185398
        3730   5.0000000000000000       0.83333299999999999       0.75293410732448995
        3731   0.0000000000000000       0.86666699999999997       0.86666699999999997
        3732   3.3333000000000002E-002  0.86666699999999997       0.86195133797246615
        3733   6.6667000000000004E-002  0.86666699999999997       0.85722702888589397
        3734  0.10000000000000001       0.86666699999999997       0.85247516123710954
        3735  0.13333300000000001       0.86666699999999997       0.84769933479215664
        3736  0.16666700000000001       0.86666699999999997       0.84287022161188563
        3737  0.20000000000000001       0.86666699999999997       0.83800477338687840
        3738  0.23333300000000001       0.86666699999999997       0.83306604493265446
        3739  0.26666699999999999       0.86666699999999997       0.82805367514209804
        3740  0.29999999999999999       0.86666699999999997       0.82296670125779314
        3741  0.33333299999999999       0.86666699999999997       0.81776013775662482
        3742  0.36666700000000002       0.86666699999999997       0.81243677758564736
        3743  0.40000000000000002       0.86666699999999997       0.80696725339443831
        3744  0.43333300000000002       0.86666699999999997       0.80133533309965277
        3745  0.46666700000000000       0.86666699999999997       0.79551858225457739
        3746  0.50000000000000000       0.86666699999999997       0.78949803506567273
        3747  0.53333299999999995       0.86666699999999997       0.78320196352426263
        3748  0.56666700000000003       0.86666699999999997       0.77662204429416826
        3749  0.59999999999999998       0.86666699999999997       0.76983456655482341
        3750  0.63333300000000003       0.86666699999999997       0.76269713901304736
        3751  0.66666700000000001       0.86666699999999997       0.75518826236622727
        3752  0.69999999999999996       0.86666699999999997       0.74745717198950790
        3753  0.73333300000000001       0.86666699999999997       0.73942941393663653
        3754  0.76666699999999999       0.86666699999999997       0.73109392436754606
        3755  0.80000000000000004       0.86666699999999997       0.72252895518278848
        3756  0.83333299999999999       0.86666699999999997       0.71372308706905652
        3757  0.86666699999999997       0.86666699999999997       0.70479574428724490
        3758  0.90000000000000002       0.86666699999999997       0.69612793943636708
        3759  0.93333299999999997       0.86666699999999997       0.68756626946357835
        3760  0.96666700000000005       0.86666699999999997       0.67922114564381830
        3761   1.0000000000000000       0.86666699999999997       0.67113695631983328
        3762   1.0333330000000001       0.86666699999999997       0.66393847051653876
        3763   1.0666670000000000       0.86666699999999997       0.65717882142879736
        3764   1.1000000000000001       0.86666699999999997       0.65125548803459254
        3765   1.1333329999999999       0.86666699999999997       0.64584428911686653
        3766   1.1666669999999999       0.86666699999999997       0.64161730130057204
        3767   1.2000000000000000       0.86666699999999997       0.63802583190355777
        3768   1.2333330000000000       0.86666699999999997       0.63496222213549847
        3769   1.2666670000000000       0.86666699999999997       0.63318944872747818
        3770   1.3000000000000000       0.86666699999999997       0.63151327297181703
        3771   1.3333330000000001       0.86666699999999997       0.63120474832653939
        3772   1.3666670000000001       0.86666699999999997       0.63129013688944613
        3773   1.3999999999999999       0.86666699999999997       0.63216950586565002
        3774   1.4333330000000000       0.86666699999999997       0.63353015982847127
        3775   1.4666669999999999       0.86666699999999997       0.63574293894893974
        3776   1.5000000000000000       0.86666699999999997       0.63836938108113195
        3777   1.5333330000000001       0.86666699999999997       0.64215223278545219
        3778   1.5666670000000000       0.86666699999999997       0.64590784772182686
        3779   1.6000000000000001       0.86666699999999997       0.65014510858284891
        3780   1.6333329999999999       0.86666699999999997       0.65541223597029075
        3781   1.6666669999999999       0.86666699999999997       0.66038485903580957
        3782   1.7000000000000000       0.86666699999999997       0.66606331534427510
        3783   1.7333330000000000       0.86666699999999997       0.67184479444936784
        3784   1.7666670000000000       0.86666699999999997       0.67780561508342685
        3785   1.8000000000000000       0.86666699999999997       0.68345476728823706
        3786   1.8333330000000001       0.86666699999999997       0.68958098060830475
        3787   1.8666670000000001       0.86666699999999997       0.69540818261197379
        3788   1.8999999999999999       0.86666699999999997       0.70134313466335574
        3789   1.9333330000000000       0.86666699999999997       0.70685720795836626
        3790   1.9666669999999999       0.86666699999999997       0.71242520415828869
        3791   2.0000000000000000       0.86666699999999997       0.71781593142089573
        3792   2.0333329999999998       0.86666699999999997       0.72288807556063617
        3793   2.0666669999999998       0.86666699999999997       0.72802620721400346
        3794   2.1000000000000001       0.86666699999999997       0.73267403513387708
        3795   2.1333329999999999       0.86666699999999997       0.73726885636805728
        3796   2.1666669999999999       0.86666699999999997       0.74161456965706007
        3797   2.2000000000000002       0.86666699999999997       0.74577811027672958
        3798   2.2333330000000000       0.86666699999999997       0.74964230881896687
        3799   2.2666670000000000       0.86666699999999997       0.75337904353437302
        3800   2.2999999999999998       0.86666699999999997       0.75688818337142394
        3801   2.3333330000000001       0.86666699999999997       0.76028406144530791
        3802   2.3666670000000001       0.86666699999999997       0.76330819925798177
        3803   2.3999999999999999       0.86666699999999997       0.76622387461495189
        3804   2.4333330000000002       0.86666699999999997       0.76905109359781765
        3805   2.4666670000000002       0.86666699999999997       0.77156191186649170
        3806   2.5000000000000000       0.86666699999999997       0.77398029745162455
        3807   2.5333329999999998       0.86666699999999997       0.77618559870937021
        3808   2.5666669999999998       0.86666699999999997       0.77834591131484243
        3809   2.6000000000000001       0.86666699999999997       0.78023933844506288
        3810   2.6333329999999999       0.86666699999999997       0.78210076703975628
        3811   2.6666669999999999       0.86666699999999997       0.78380007743656133
        3812   2.7000000000000002       0.86666699999999997       0.78530437524323571
        3813   2.7333330000000000       0.86666699999999997       0.78679200840416519
        3814   2.7666670000000000       0.86666699999999997       0.78814051510956606
        3815   2.7999999999999998       0.86666699999999997       0.78931193327222005
        3816   2.8333330000000001       0.86666699999999997       0.79048124142775256
        3817   2.8666670000000001       0.86666699999999997       0.79155387588585746
        3818   2.8999999999999999       0.86666699999999997       0.79250850891319802
        3819   2.9333330000000002       0.86666699999999997       0.79339841993295179
        3820   2.9666670000000002       0.86666699999999997       0.79417468825257731
        3821   3.0000000000000000       0.86666699999999997       0.79493048004687850
        3822   3.0333329999999998       0.86666699999999997       0.79561544771122927
        3823   3.0666669999999998       0.86666699999999997       0.79620220161030308
        3824   3.1000000000000001       0.86666699999999997       0.79680708130983391
        3825   3.1333329999999999       0.86666699999999997       0.79732315814805932
        3826   3.1666669999999999       0.86666699999999997       0.79777489802348167
        3827   3.2000000000000002       0.86666699999999997       0.79815685516455348
        3828   3.2333330000000000       0.86666699999999997       0.79857251622566472
        3829   3.2666670000000000       0.86666699999999997       0.79893679151114361
        3830   3.2999999999999998       0.86666699999999997       0.79926501781571313
        3831   3.3333330000000001       0.86666699999999997       0.79950401298819451
        3832   3.3666670000000001       0.86666699999999997       0.79980639173363932
        3833   3.3999999999999999       0.86666699999999997       0.79998930555841075
        3834   3.4333330000000002       0.86666699999999997       0.80022955558871045
        3835   3.4666670000000002       0.86666699999999997       0.80040999137920199
        3836   3.5000000000000000       0.86666699999999997       0.80053433291865372
        3837   3.5333329999999998       0.86666699999999997       0.80072240087399171
        3838   3.5666669999999998       0.86666699999999997       0.80084286549372441
        3839   3.6000000000000001       0.86666699999999997       0.80091945292802558
        3840   3.6333329999999999       0.86666699999999997       0.80106119871555814
        3841   3.6666669999999999       0.86666699999999997       0.80115391206701503
        3842   3.7000000000000002       0.86666699999999997       0.80120217769005486
        3843   3.7333330000000000       0.86666699999999997       0.80130156084854731
        3844   3.7666670000000000       0.86666699999999997       0.80135887557741281
        3845   3.7999999999999998       0.86666699999999997       0.80136995025398083
        3846   3.8333330000000001       0.86666699999999997       0.80144807455025802
        3847   3.8666670000000001       0.86666699999999997       0.80150412903140544
        3848   3.8999999999999999       0.86666699999999997       0.80149406542262014
        3849   3.9333330000000002       0.86666699999999997       0.80157212271672262
        3850   3.9666670000000002       0.86666699999999997       0.80155330881836762
        3851   4.0000000000000000       0.86666699999999997       0.80161819462055794
        3852   4.0333329999999998       0.86666699999999997       0.80162767408626812
        3853   4.0666669999999998       0.86666699999999997       0.80160125252235415
        3854   4.0999999999999996       0.86666699999999997       0.80165063063090347
        3855   4.1333330000000004       0.86666699999999997       0.80166508722694385
        3856   4.1666670000000003       0.86666699999999997       0.80165311629324654
        3857   4.2000000000000002       0.86666699999999997       0.80162691525694985
        3858   4.2333330000000000       0.86666699999999997       0.80166357214732276
        3859   4.2666670000000000       0.86666699999999997       0.80168523396193481
        3860   4.2999999999999998       0.86666699999999997       0.80168743672910892
        3861   4.3333329999999997       0.86666699999999997       0.80166799533291844
        3862   4.3666669999999996       0.86666699999999997       0.80169862861500674
        3863   4.4000000000000004       0.86666699999999997       0.80166193436461919
        3864   4.4333330000000002       0.86666699999999997       0.80169177364549171
        3865   4.4666670000000002       0.86666699999999997       0.80167375920029427
        3866   4.5000000000000000       0.86666699999999997       0.80168699863932835
        3867   4.5333329999999998       0.86666699999999997       0.80170721956859936
        3868   4.5666669999999998       0.86666699999999997       0.80167624416268224
        3869   4.5999999999999996       0.86666699999999997       0.80167648663698632
        3870   4.6333330000000004       0.86666699999999997       0.80168798700779242
        3871   4.6666670000000003       0.86666699999999997       0.80171922743846002
        3872   4.7000000000000002       0.86666699999999997       0.80168203281530637
        3873   4.7333330000000000       0.86666699999999997       0.80169461690875155
        3874   4.7666670000000000       0.86666699999999997       0.80168898563015523
        3875   4.7999999999999998       0.86666699999999997       0.80171040145243688
        3876   4.8333329999999997       0.86666699999999997       0.80169926120692703
        3877   4.8666669999999996       0.86666699999999997       0.80170560516673117
        3878   4.9000000000000004       0.86666699999999997       0.80172218265697448
        3879   4.9333330000000002       0.86666699999999997       0.80170526710953405
        3880   4.9666670000000002       0.86666699999999997       0.80168013003035110
        3881   5.0000000000000000       0.86666699999999997       0.80171956206613959
        3882   0.0000000000000000       0.90000000000000002       0.90000000000000002
        3883   3.3333000000000002E-002  0.90000000000000002       0.89644120065242505
        3884   6.6667000000000004E-002  0.90000000000000002       0.89287137434575070
        3885  0.10000000000000001       0.90000000000000002       0.88928809191537850
        3886  0.13333300000000001       0.90000000000000002       0.88567384660405757
        3887  0.16666700000000001       0.90000000000000002       0.88203599098782648
        3888  0.20000000000000001       0.90000000000000002       0.87834854498121062
        3889  0.23333300000000001       0.90000000000000002       0.87460845522080466
        3890  0.26666699999999999       0.90000000000000002       0.87082830417870860
        3891  0.29999999999999999       0.90000000000000002       0.86696756724498791
        3892  0.33333299999999999       0.90000000000000002       0.86301171094312168
        3893  0.36666700000000002       0.90000000000000002       0.85899143653699328
        3894  0.40000000000000002       0.90000000000000002       0.85482079632403929
        3895  0.43333300000000002       0.90000000000000002       0.85056076938897862
        3896  0.46666700000000000       0.90000000000000002       0.84614005171285156
        3897  0.50000000000000000       0.90000000000000002       0.84155430519152252
        3898  0.53333299999999995       0.90000000000000002       0.83679609821298118
        3899  0.56666700000000003       0.90000000000000002       0.83182161208797534
        3900  0.59999999999999998       0.90000000000000002       0.82663989146780092
        3901  0.63333300000000003       0.90000000000000002       0.82119584642808074
        3902  0.66666700000000001       0.90000000000000002       0.81556062978247912
        3903  0.69999999999999996       0.90000000000000002       0.80968451115856999
        3904  0.73333300000000001       0.90000000000000002       0.80354013013938397
        3905  0.76666699999999999       0.90000000000000002       0.79729971186055748
        3906  0.80000000000000004       0.90000000000000002       0.79077908152125864
        3907  0.83333299999999999       0.90000000000000002       0.78417611898844264
        3908  0.86666699999999997       0.90000000000000002       0.77753293211836028
        3909  0.90000000000000002       0.90000000000000002       0.77094862065227254
        3910  0.93333299999999997       0.90000000000000002       0.76440509156130165
        3911  0.96666700000000005       0.90000000000000002       0.75801216773973701
        3912   1.0000000000000000       0.90000000000000002       0.75217819799364771
        3913   1.0333330000000001       0.90000000000000002       0.74651853294460069
        3914   1.0666670000000000       0.90000000000000002       0.74125596426834073
        3915   1.1000000000000001       0.90000000000000002       0.73685772359484103
        3916   1.1333329999999999       0.90000000000000002       0.73285732580166685
        3917   1.1666669999999999       0.90000000000000002       0.72925458862462911
        3918   1.2000000000000000       0.90000000000000002       0.72662563111794698
        3919   1.2333330000000000       0.90000000000000002       0.72442570715679766
        3920   1.2666670000000000       0.90000000000000002       0.72266677502915666
        3921   1.3000000000000000       0.90000000000000002       0.72167799175068637
        3922   1.3333330000000001       0.90000000000000002       0.72103856152998069
        3923   1.3666670000000001       0.90000000000000002       0.72135920197807890
        3924   1.3999999999999999       0.90000000000000002       0.72170311269549348
        3925   1.4333330000000000       0.90000000000000002       0.72302439104172389
        3926   1.4666669999999999       0.90000000000000002       0.72437135275929909
        3927   1.5000000000000000       0.90000000000000002       0.72664935868499436
        3928   1.5333330000000001       0.90000000000000002       0.72918232685939322
        3929   1.5666670000000000       0.90000000000000002       0.73216050558481605
        3930   1.6000000000000001       0.90000000000000002       0.73549637792904399
        3931   1.6333329999999999       0.90000000000000002       0.73919664154037046
        3932   1.6666669999999999       0.90000000000000002       0.74318468738853050
        3933   1.7000000000000000       0.90000000000000002       0.74737019777575697
        3934   1.7333330000000000       0.90000000000000002       0.75172680356332500
        3935   1.7666670000000000       0.90000000000000002       0.75603598499246505
        3936   1.8000000000000000       0.90000000000000002       0.76066146484385422
        3937   1.8333330000000001       0.90000000000000002       0.76512798463140230
        3938   1.8666670000000001       0.90000000000000002       0.76965318832153062
        3939   1.8999999999999999       0.90000000000000002       0.77403878473221321
        3940   1.9333330000000000       0.90000000000000002       0.77834493253619863
        3941   1.9666669999999999       0.90000000000000002       0.78268478786584050
        3942   2.0000000000000000       0.90000000000000002       0.78663579391765825
        3943   2.0333329999999998       0.90000000000000002       0.79069039878834690
        3944   2.0666669999999998       0.90000000000000002       0.79438593409173730
        3945   2.1000000000000001       0.90000000000000002       0.79808977383512747
        3946   2.1333329999999999       0.90000000000000002       0.80164195945105432
        3947   2.1666669999999999       0.90000000000000002       0.80484911560374595
        3948   2.2000000000000002       0.90000000000000002       0.80807492177384310
        3949   2.2333330000000000       0.90000000000000002       0.81112882286102461
        3950   2.2666670000000000       0.90000000000000002       0.81390242389126310
        3951   2.2999999999999998       0.90000000000000002       0.81660015277696862
        3952   2.3333330000000001       0.90000000000000002       0.81909288698304084
        3953   2.3666670000000001       0.90000000000000002       0.82152006996412807
        3954   2.3999999999999999       0.90000000000000002       0.82376322805870472
        3955   2.4333330000000002       0.90000000000000002       0.82585864165259537
        3956   2.4666670000000002       0.90000000000000002       0.82784100400767224
        3957   2.5000000000000000       0.90000000000000002       0.82962775365423858
        3958   2.5333329999999998       0.90000000000000002       0.83139733994004306
        3959   2.5666669999999998       0.90000000000000002       0.83295688330203488
        3960   2.6000000000000001       0.90000000000000002       0.83449363202205307
        3961   2.6333329999999999       0.90000000000000002       0.83583678867102151
        3962   2.6666669999999999       0.90000000000000002       0.83716141530399502
        3963   2.7000000000000002       0.90000000000000002       0.83837389846447685
        3964   2.7333330000000000       0.90000000000000002       0.83943472688718856
        3965   2.7666670000000000       0.90000000000000002       0.84049525811259551
        3966   2.7999999999999998       0.90000000000000002       0.84142827790839070
        3967   2.8333330000000001       0.90000000000000002       0.84229970717025371
        3968   2.8666670000000001       0.90000000000000002       0.84307646588737495
        3969   2.8999999999999999       0.90000000000000002       0.84385661425517688
        3970   2.9333330000000002       0.90000000000000002       0.84448852090071591
        3971   2.9666670000000002       0.90000000000000002       0.84512488188720647
        3972   3.0000000000000000       0.90000000000000002       0.84572120349499469
        3973   3.0333329999999998       0.90000000000000002       0.84619702409831676
        3974   3.0666669999999998       0.90000000000000002       0.84669535105699967
        3975   3.1000000000000001       0.90000000000000002       0.84711643476562271
        3976   3.1333329999999999       0.90000000000000002       0.84751160044414042
        3977   3.1666669999999999       0.90000000000000002       0.84788458818653956
        3978   3.2000000000000002       0.90000000000000002       0.84820752103183628
        3979   3.2333330000000000       0.90000000000000002       0.84848595400426718
        3980   3.2666670000000000       0.90000000000000002       0.84876487949237434
        3981   3.2999999999999998       0.90000000000000002       0.84898299839975389
        3982   3.3333330000000001       0.90000000000000002       0.84922429177681780
        3983   3.3666670000000001       0.90000000000000002       0.84941612011902801
        3984   3.3999999999999999       0.90000000000000002       0.84959557444834954
        3985   3.4333330000000002       0.90000000000000002       0.84975682906129135
        3986   3.4666670000000002       0.90000000000000002       0.84987011493870390
        3987   3.5000000000000000       0.90000000000000002       0.85002682848206246
        3988   3.5333329999999998       0.90000000000000002       0.85012594186442325
        3989   3.5666669999999998       0.90000000000000002       0.85019880124071112
        3990   3.6000000000000001       0.90000000000000002       0.85031781469021550
        3991   3.6333329999999999       0.90000000000000002       0.85036817047975777
        3992   3.6666669999999999       0.90000000000000002       0.85046326382819537
        3993   3.7000000000000002       0.90000000000000002       0.85054211374110733
        3994   3.7333330000000000       0.90000000000000002       0.85057653461535421
        3995   3.7666670000000000       0.90000000000000002       0.85059606601297821
        3996   3.7999999999999998       0.90000000000000002       0.85066338109731376
        3997   3.8333330000000001       0.90000000000000002       0.85069942677769783
        3998   3.8666670000000001       0.90000000000000002       0.85071235705875514
        3999   3.8999999999999999       0.90000000000000002       0.85074825470679238
        4000   3.9333330000000002       0.90000000000000002       0.85077167256652431
        4001   3.9666670000000002       0.90000000000000002       0.85079713263419376
        4002   4.0000000000000000       0.90000000000000002       0.85082352255680571
        4003   4.0333329999999998       0.90000000000000002       0.85081435190424914
        4004   4.0666669999999998       0.90000000000000002       0.85083330795797829
        4005   4.0999999999999996       0.90000000000000002       0.85084844296261464
        4006   4.1333330000000004       0.90000000000000002       0.85082902328896526
        4007   4.1666670000000003       0.90000000000000002       0.85085216877641112
        4008   4.2000000000000002       0.90000000000000002       0.85087252314414452
        4009   4.2333330000000000       0.90000000000000002       0.85085438368064215
        4010   4.2666670000000000       0.90000000000000002       0.85085925469334911
        4011   4.2999999999999998       0.90000000000000002       0.85089868841565097
        4012   4.3333329999999997       0.90000000000000002       0.85087228170251450
        4013   4.3666669999999996       0.90000000000000002       0.85085466877742399
        4014   4.4000000000000004       0.90000000000000002       0.85088680059428878
        4015   4.4333330000000002       0.90000000000000002       0.85086661699385457
        4016   4.4666670000000002       0.90000000000000002       0.85088867892231179
        4017   4.5000000000000000       0.90000000000000002       0.85087732669458971
        4018   4.5333329999999998       0.90000000000000002       0.85085868165766976
        4019   4.5666669999999998       0.90000000000000002       0.85087665818371039
        4020   4.5999999999999996       0.90000000000000002       0.85090363660218826
        4021   4.6333330000000004       0.90000000000000002       0.85088120762205022
        4022   4.6666670000000003       0.90000000000000002       0.85086405039667945
        4023   4.7000000000000002       0.90000000000000002       0.85088451415842470
        4024   4.7333330000000000       0.90000000000000002       0.85091210336048484
        4025   4.7666670000000000       0.90000000000000002       0.85089189945354415
        4026   4.7999999999999998       0.90000000000000002       0.85088597469794580
        4027   4.8333329999999997       0.90000000000000002       0.85086641991779410
        4028   4.8666669999999996       0.90000000000000002       0.85090139141628585
        4029   4.9000000000000004       0.90000000000000002       0.85088947002393389
        4030   4.9333330000000002       0.90000000000000002       0.85089275944236886
        4031   4.9666670000000002       0.90000000000000002       0.85089982400836472
        4032   5.0000000000000000       0.90000000000000002       0.85087633415790120
        4033   0.0000000000000000       0.93333299999999997       0.93333299999999997
        4034   3.3333000000000002E-002  0.93333299999999997       0.93094907801046356
        4035   6.6667000000000004E-002  0.93333299999999997       0.92855924226515918
        4036  0.10000000000000001       0.93333299999999997       0.92615560970316613
        4037  0.13333300000000001       0.93333299999999997       0.92373824856345144
        4038  0.16666700000000001       0.93333299999999997       0.92129493265396811
        4039  0.20000000000000001       0.93333299999999997       0.91882400018944754
        4040  0.23333300000000001       0.93333299999999997       0.91632374563962926
        4041  0.26666699999999999       0.93333299999999997       0.91378013827391869
        4042  0.29999999999999999       0.93333299999999997       0.91118084002599142
        4043  0.33333299999999999       0.93333299999999997       0.90854094884102088
        4044  0.36666700000000002       0.93333299999999997       0.90581828843467860
        4045  0.40000000000000002       0.93333299999999997       0.90303944268958991
        4046  0.43333300000000002       0.93333299999999997       0.90015030969368204
        4047  0.46666700000000000       0.93333299999999997       0.89718924539397682
        4048  0.50000000000000000       0.93333299999999997       0.89411866412128593
        4049  0.53333299999999995       0.93333299999999997       0.89089064068496315
        4050  0.56666700000000003       0.93333299999999997       0.88757099443059129
        4051  0.59999999999999998       0.93333299999999997       0.88405147251152416
        4052  0.63333300000000003       0.93333299999999997       0.88042357421129402
        4053  0.66666700000000001       0.93333299999999997       0.87665210463386767
        4054  0.69999999999999996       0.93333299999999997       0.87266243316957770
        4055  0.73333300000000001       0.93333299999999997       0.86859919484352432
        4056  0.76666699999999999       0.93333299999999997       0.86436962869339895
        4057  0.80000000000000004       0.93333299999999997       0.85996840903604166
        4058  0.83333299999999999       0.93333299999999997       0.85558682257519914
        4059  0.86666699999999997       0.93333299999999997       0.85117549831241379
        4060  0.90000000000000002       0.93333299999999997       0.84670177995696283
        4061  0.93333299999999997       0.93333299999999997       0.84234617273200407
        4062  0.96666700000000005       0.93333299999999997       0.83812511124821432
        4063   1.0000000000000000       0.93333299999999997       0.83407639764197983
        4064   1.0333330000000001       0.93333299999999997       0.83036276553874422
        4065   1.0666670000000000       0.93333299999999997       0.82688834904867481
        4066   1.1000000000000001       0.93333299999999997       0.82374622866607639
        4067   1.1333329999999999       0.93333299999999997       0.82111387003849345
        4068   1.1666669999999999       0.93333299999999997       0.81878118337342898
        4069   1.2000000000000000       0.93333299999999997       0.81672918434985187
        4070   1.2333330000000000       0.93333299999999997       0.81529680146378736
        4071   1.2666670000000000       0.93333299999999997       0.81419171873508589
        4072   1.3000000000000000       0.93333299999999997       0.81342516777886342
        4073   1.3333330000000001       0.93333299999999997       0.81315900789449724
        4074   1.3666670000000001       0.93333299999999997       0.81304133429794789
        4075   1.3999999999999999       0.93333299999999997       0.81354330458130164
        4076   1.4333330000000000       0.93333299999999997       0.81413277467605849
        4077   1.4666669999999999       0.93333299999999997       0.81532876639865037
        4078   1.5000000000000000       0.93333299999999997       0.81662061960800925
        4079   1.5333330000000001       0.93333299999999997       0.81828087153671136
        4080   1.5666670000000000       0.93333299999999997       0.82038341935171843
        4081   1.6000000000000001       0.93333299999999997       0.82262934941480448
        4082   1.6333329999999999       0.93333299999999997       0.82501761213677061
        4083   1.6666669999999999       0.93333299999999997       0.82779598725967007
        4084   1.7000000000000000       0.93333299999999997       0.83055398157019555
        4085   1.7333330000000000       0.93333299999999997       0.83334946680815647
        4086   1.7666670000000000       0.93333299999999997       0.83643763145760008
        4087   1.8000000000000000       0.93333299999999997       0.83945379092787020
        4088   1.8333330000000001       0.93333299999999997       0.84239165518056458
        4089   1.8666670000000001       0.93333299999999997       0.84554750972261017
        4090   1.8999999999999999       0.93333299999999997       0.84840350882482329
        4091   1.9333330000000000       0.93333299999999997       0.85141506686659385
        4092   1.9666669999999999       0.93333299999999997       0.85423040846064546
        4093   2.0000000000000000       0.93333299999999997       0.85704525632909145
        4094   2.0333329999999998       0.93333299999999997       0.85965111707809638
        4095   2.0666669999999998       0.93333299999999997       0.86224491829071370
        4096   2.1000000000000001       0.93333299999999997       0.86471441662515747
        4097   2.1333329999999999       0.93333299999999997       0.86703237153984170
        4098   2.1666669999999999       0.93333299999999997       0.86933531373392725
        4099   2.2000000000000002       0.93333299999999997       0.87143669161280590
        4100   2.2333330000000000       0.93333299999999997       0.87346477398263522
        4101   2.2666670000000000       0.93333299999999997       0.87542858586595151
        4102   2.2999999999999998       0.93333299999999997       0.87718220905567479
        4103   2.3333330000000001       0.93333299999999997       0.87894092156751069
        4104   2.3666670000000001       0.93333299999999997       0.88051019541686726
        4105   2.3999999999999999       0.93333299999999997       0.88207747011449222
        4106   2.4333330000000002       0.93333299999999997       0.88344614232641172
        4107   2.4666670000000002       0.93333299999999997       0.88480543478887719
        4108   2.5000000000000000       0.93333299999999997       0.88606603294611241
        4109   2.5333329999999998       0.93333299999999997       0.88719065929119212
        4110   2.5666669999999998       0.93333299999999997       0.88830498825188209
        4111   2.6000000000000001       0.93333299999999997       0.88928579047009737
        4112   2.6333329999999999       0.93333299999999997       0.89025589420399409
        4113   2.6666669999999999       0.93333299999999997       0.89111426439446739
        4114   2.7000000000000002       0.93333299999999997       0.89190649460468963
        4115   2.7333330000000000       0.93333299999999997       0.89268230492561684
        4116   2.7666670000000000       0.93333299999999997       0.89335565187646304
        4117   2.7999999999999998       0.93333299999999997       0.89401237906106246
        4118   2.8333330000000001       0.93333299999999997       0.89457479726400468
        4119   2.8666670000000001       0.93333299999999997       0.89514215115450868
        4120   2.8999999999999999       0.93333299999999997       0.89562055893893644
        4121   2.9333330000000002       0.93333299999999997       0.89609904534307627
        4122   2.9666670000000002       0.93333299999999997       0.89650066372944082
        4123   3.0000000000000000       0.93333299999999997       0.89688599966138105
        4124   3.0333329999999998       0.93333299999999997       0.89725562399986991
        4125   3.0666669999999998       0.93333299999999997       0.89756321793385085
        4126   3.1000000000000001       0.93333299999999997       0.89783666291189035
        4127   3.1333329999999999       0.93333299999999997       0.89813268752077668
        4128   3.1666669999999999       0.93333299999999997       0.89835125922940184
        4129   3.2000000000000002       0.93333299999999997       0.89858780754083489
        4130   3.2333330000000000       0.93333299999999997       0.89879861214706647
        4131   3.2666670000000000       0.93333299999999997       0.89895363409549800
        4132   3.2999999999999998       0.93333299999999997       0.89913861139526363
        4133   3.3333330000000001       0.93333299999999997       0.89927068457808801
        4134   3.3666670000000001       0.93333299999999997       0.89939875280710002
        4135   3.3999999999999999       0.93333299999999997       0.89954120951298067
        4136   3.4333330000000002       0.93333299999999997       0.89962370584939833
        4137   3.4666670000000002       0.93333299999999997       0.89973648769125658
        4138   3.5000000000000000       0.93333299999999997       0.89980102284245478
        4139   3.5333329999999998       0.93333299999999997       0.89989105338026076
        4140   3.5666669999999998       0.93333299999999997       0.89995434083713066
        4141   3.6000000000000001       0.93333299999999997       0.90000722674738221
        4142   3.6333329999999999       0.93333299999999997       0.90007434102577022
        4143   3.6666669999999999       0.93333299999999997       0.90012117823304916
        4144   3.7000000000000002       0.93333299999999997       0.90014777629819620
        4145   3.7333330000000000       0.93333299999999997       0.90019801044138226
        4146   3.7666670000000000       0.93333299999999997       0.90022711041661363
        4147   3.7999999999999998       0.93333299999999997       0.90025467674276660
        4148   3.8333330000000001       0.93333299999999997       0.90025870560404908
        4149   3.8666670000000001       0.93333299999999997       0.90029244662972263
        4150   3.8999999999999999       0.93333299999999997       0.90032698041526238
        4151   3.9333330000000002       0.93333299999999997       0.90031781706934488
        4152   3.9666670000000002       0.93333299999999997       0.90035189525331549
        4153   4.0000000000000000       0.93333299999999997       0.90034871047354115
        4154   4.0333329999999998       0.93333299999999997       0.90036720664463277
        4155   4.0666669999999998       0.93333299999999997       0.90038094071927111
        4156   4.0999999999999996       0.93333299999999997       0.90036504975371945
        4157   4.1333330000000004       0.93333299999999997       0.90039051808390846
        4158   4.1666670000000003       0.93333299999999997       0.90038412079813446
        4159   4.2000000000000002       0.93333299999999997       0.90037671181779000
        4160   4.2333330000000000       0.93333299999999997       0.90039819576303848
        4161   4.2666670000000000       0.93333299999999997       0.90039311409137190
        4162   4.2999999999999998       0.93333299999999997       0.90039593739159407
        4163   4.3333329999999997       0.93333299999999997       0.90039804339918961
        4164   4.3666669999999996       0.93333299999999997       0.90040139106365213
        4165   4.4000000000000004       0.93333299999999997       0.90038422180006605
        4166   4.4333330000000002       0.93333299999999997       0.90039385873621725
        4167   4.4666670000000002       0.93333299999999997       0.90040319756030618
        4168   4.5000000000000000       0.93333299999999997       0.90040542073211105
        4169   4.5333329999999998       0.93333299999999997       0.90041420823801732
        4170   4.5666669999999998       0.93333299999999997       0.90039861681870514
        4171   4.5999999999999996       0.93333299999999997       0.90040057510700677
        4172   4.6333330000000004       0.93333299999999997       0.90039974673201684
        4173   4.6666670000000003       0.93333299999999997       0.90041207278845470
        4174   4.7000000000000002       0.93333299999999997       0.90041050120111454
        4175   4.7333330000000000       0.93333299999999997       0.90039780895326149
        4176   4.7666670000000000       0.93333299999999997       0.90041118579772494
        4177   4.7999999999999998       0.93333299999999997       0.90040583284890352
        4178   4.8333329999999997       0.93333299999999997       0.90041992962300232
        4179   4.8666669999999996       0.93333299999999997       0.90041042987175601
        4180   4.9000000000000004       0.93333299999999997       0.90039057173931369
        4181   4.9333330000000002       0.93333299999999997       0.90040713129241989
        4182   4.9666670000000002       0.93333299999999997       0.90041643170151553
        4183   5.0000000000000000       0.93333299999999997       0.90042699543860438
        4184   0.0000000000000000       0.96666700000000005       0.96666700000000005
        4185   3.3333000000000002E-002  0.96666700000000005       0.96547147090075225
        4186   6.6667000000000004E-002  0.96666700000000005       0.96427336283278320
        4187  0.10000000000000001       0.96666700000000005       0.96306909975454102
        4188  0.13333300000000001       0.96666700000000005       0.96185595129361801
        4189  0.16666700000000001       0.96666700000000005       0.96062936450719716
        4190  0.20000000000000001       0.96666700000000005       0.95939207873076160
        4191  0.23333300000000001       0.96666700000000005       0.95813602921720875
        4192  0.26666699999999999       0.96666700000000005       0.95685592705767430
        4193  0.29999999999999999       0.96666700000000005       0.95555811021634596
        4194  0.33333299999999999       0.96666700000000005       0.95422464518654404
        4195  0.36666700000000002       0.96666700000000005       0.95286381782605778
        4196  0.40000000000000002       0.96666700000000005       0.95146097141501906
        4197  0.43333300000000002       0.96666700000000005       0.95001866865487483
        4198  0.46666700000000000       0.96666700000000005       0.94852575392290428
        4199  0.50000000000000000       0.96666700000000005       0.94697094468747123
        4200  0.53333299999999995       0.96666700000000005       0.94536629919170068
        4201  0.56666700000000003       0.96666700000000005       0.94368259234536878
        4202  0.59999999999999998       0.96666700000000005       0.94193169073536731
        4203  0.63333300000000003       0.96666700000000005       0.94010260800734091
        4204  0.66666700000000001       0.96666700000000005       0.93818789409702086
        4205  0.69999999999999996       0.96666700000000005       0.93621869882236841
        4206  0.73333300000000001       0.96666700000000005       0.93416341543222237
        4207  0.76666699999999999       0.96666700000000005       0.93202309575253495
        4208  0.80000000000000004       0.96666700000000005       0.92985359067393858
        4209  0.83333299999999999       0.96666700000000005       0.92764217518998959
        4210  0.86666699999999997       0.96666700000000005       0.92541890715349462
        4211  0.90000000000000002       0.96666700000000005       0.92315621877352616
        4212  0.93333299999999997       0.96666700000000005       0.92099923905875702
        4213  0.96666700000000005       0.96666700000000005       0.91891382634980945
        4214   1.0000000000000000       0.96666700000000005       0.91687181303020004
        4215   1.0333330000000001       0.96666700000000005       0.91494703584331394
        4216   1.0666670000000000       0.96666700000000005       0.91327804367258592
        4217   1.1000000000000001       0.96666700000000005       0.91166617802664762
        4218   1.1333329999999999       0.96666700000000005       0.91025955635979483
        4219   1.1666669999999999       0.96666700000000005       0.90914282700901339
        4220   1.2000000000000000       0.96666700000000005       0.90817418316916942
        4221   1.2333330000000000       0.96666700000000005       0.90736821987314664
        4222   1.2666670000000000       0.96666700000000005       0.90674882220335706
        4223   1.3000000000000000       0.96666700000000005       0.90646451191159194
        4224   1.3333330000000001       0.96666700000000005       0.90620793538573707
        4225   1.3666670000000001       0.96666700000000005       0.90627491382781744
        4226   1.3999999999999999       0.96666700000000005       0.90638747260364250
        4227   1.4333330000000000       0.96666700000000005       0.90681404016400990
        4228   1.4666669999999999       0.96666700000000005       0.90727574953738988
        4229   1.5000000000000000       0.96666700000000005       0.90803764920158891
        4230   1.5333330000000001       0.96666700000000005       0.90885346088969476
        4231   1.5666670000000000       0.96666700000000005       0.90982027667916310
        4232   1.6000000000000001       0.96666700000000005       0.91101186888723995
        4233   1.6333329999999999       0.96666700000000005       0.91222678426099602
        4234   1.6666669999999999       0.96666700000000005       0.91355389261056386
        4235   1.7000000000000000       0.96666700000000005       0.91490666374980334
        4236   1.7333330000000000       0.96666700000000005       0.91643086861859602
        4237   1.7666670000000000       0.96666700000000005       0.91790373405460646
        4238   1.8000000000000000       0.96666700000000005       0.91937791819274961
        4239   1.8333330000000001       0.96666700000000005       0.92095114753685425
        4240   1.8666670000000001       0.96666700000000005       0.92246034480043371
        4241   1.8999999999999999       0.96666700000000005       0.92397064427794395
        4242   1.9333330000000000       0.96666700000000005       0.92544302253559729
        4243   1.9666669999999999       0.96666700000000005       0.92687242340857712
        4244   2.0000000000000000       0.96666700000000005       0.92823724032724120
        4245   2.0333329999999998       0.96666700000000005       0.92960446051212731
        4246   2.0666669999999998       0.96666700000000005       0.93093071784199866
        4247   2.1000000000000001       0.96666700000000005       0.93212757724930329
        4248   2.1333329999999999       0.96666700000000005       0.93334677717053638
        4249   2.1666669999999999       0.96666700000000005       0.93445367916269639
        4250   2.2000000000000002       0.96666700000000005       0.93556221638816139
        4251   2.2333330000000000       0.96666700000000005       0.93656069849611756
        4252   2.2666670000000000       0.96666700000000005       0.93753056354933328
        4253   2.2999999999999998       0.96666700000000005       0.93845143245838203
        4254   2.3333330000000001       0.96666700000000005       0.93930843200624248
        4255   2.3666670000000001       0.96666700000000005       0.94012841729604935
        4256   2.3999999999999999       0.96666700000000005       0.94088966701401888
        4257   2.4333330000000002       0.96666700000000005       0.94161286948900347
        4258   2.4666670000000002       0.96666700000000005       0.94227471116475059
        4259   2.5000000000000000       0.96666700000000005       0.94290225772606384
        4260   2.5333329999999998       0.96666700000000005       0.94349543957017457
        4261   2.5666669999999998       0.96666700000000005       0.94402841351739442
        4262   2.6000000000000001       0.96666700000000005       0.94455281600914864
        4263   2.6333329999999999       0.96666700000000005       0.94501160610780133
        4264   2.6666669999999999       0.96666700000000005       0.94546024046746346
        4265   2.7000000000000002       0.96666700000000005       0.94587505690576545
        4266   2.7333330000000000       0.96666700000000005       0.94623679575322772
        4267   2.7666670000000000       0.96666700000000005       0.94659177907080505
        4268   2.7999999999999998       0.96666700000000005       0.94692076378162515
        4269   2.8333330000000001       0.96666700000000005       0.94722114861887718
        4270   2.8666670000000001       0.96666700000000005       0.94748141284623566
        4271   2.8999999999999999       0.96666700000000005       0.94774434905756200
        4272   2.9333330000000002       0.96666700000000005       0.94796370489928350
        4273   2.9666670000000002       0.96666700000000005       0.94818598844931001
        4274   3.0000000000000000       0.96666700000000005       0.94837529475046323
        4275   3.0333329999999998       0.96666700000000005       0.94854486324407850
        4276   3.0666669999999998       0.96666700000000005       0.94871437968517336
        4277   3.1000000000000001       0.96666700000000005       0.94886106226454692
        4278   3.1333329999999999       0.96666700000000005       0.94899348423655749
        4279   3.1666669999999999       0.96666700000000005       0.94911949457180778
        4280   3.2000000000000002       0.96666700000000005       0.94923123511223739
        4281   3.2333330000000000       0.96666700000000005       0.94932470802536939
        4282   3.2666670000000000       0.96666700000000005       0.94942377690511115
        4283   3.2999999999999998       0.96666700000000005       0.94950248248535074
        4284   3.3333330000000001       0.96666700000000005       0.94958075570467637
        4285   3.3666670000000001       0.96666700000000005       0.94964397676580248
        4286   3.3999999999999999       0.96666700000000005       0.94969958454017700
        4287   3.4333330000000002       0.96666700000000005       0.94976301929944384
        4288   3.4666670000000002       0.96666700000000005       0.94980263418143962
        4289   3.5000000000000000       0.96666700000000005       0.94985024777029747
        4290   3.5333329999999998       0.96666700000000005       0.94987997460040030
        4291   3.5666669999999998       0.96666700000000005       0.94992622515778280
        4292   3.6000000000000001       0.96666700000000005       0.94995274476804303
        4293   3.6333329999999999       0.96666700000000005       0.94997808264233241
        4294   3.6666669999999999       0.96666700000000005       0.94999484758300934
        4295   3.7000000000000002       0.96666700000000005       0.95002646561904114
        4296   3.7333330000000000       0.96666700000000005       0.95003555038235232
        4297   3.7666670000000000       0.96666700000000005       0.95006366092775596
        4298   3.7999999999999998       0.96666700000000005       0.95006412408635421
        4299   3.8333330000000001       0.96666700000000005       0.95008380876435083
        4300   3.8666670000000001       0.96666700000000005       0.95009361914805479
        4301   3.8999999999999999       0.96666700000000005       0.95009776426219072
        4302   3.9333330000000002       0.96666700000000005       0.95011584240800406
        4303   3.9666670000000002       0.96666700000000005       0.95011970588315420
        4304   4.0000000000000000       0.96666700000000005       0.95011968370126254
        4305   4.0333329999999998       0.96666700000000005       0.95011889220715540
        4306   4.0666669999999998       0.96666700000000005       0.95013391742485265
        4307   4.0999999999999996       0.96666700000000005       0.95013521185409711
        4308   4.1333330000000004       0.96666700000000005       0.95013208258281334
        4309   4.1666670000000003       0.96666700000000005       0.95013865272146603
        4310   4.2000000000000002       0.96666700000000005       0.95014695358324208
        4311   4.2333330000000000       0.96666700000000005       0.95014432003619231
        4312   4.2666670000000000       0.96666700000000005       0.95014069021797021
        4313   4.2999999999999998       0.96666700000000005       0.95013389821275496
        4314   4.3333329999999997       0.96666700000000005       0.95014424270311582
        4315   4.3666669999999996       0.96666700000000005       0.95014445618710397
        4316   4.4000000000000004       0.96666700000000005       0.95014998005876272
        4317   4.4333330000000002       0.96666700000000005       0.95014316103323815
        4318   4.4666670000000002       0.96666700000000005       0.95014661823390423
        4319   4.5000000000000000       0.96666700000000005       0.95014876368366874
        4320   4.5333329999999998       0.96666700000000005       0.95014249876304813
        4321   4.5666669999999998       0.96666700000000005       0.95015242308754821
        4322   4.5999999999999996       0.96666700000000005       0.95014053623887784
        4323   4.6333330000000004       0.96666700000000005       0.95015457173716134
        4324   4.6666670000000003       0.96666700000000005       0.95014997503838805
        4325   4.7000000000000002       0.96666700000000005       0.95014196625593605
        4326   4.7333330000000000       0.96666700000000005       0.95015284147681944
        4327   4.7666670000000000       0.96666700000000005       0.95014357271322314
        4328   4.7999999999999998       0.96666700000000005       0.95015572658410596
        4329   4.8333329999999997       0.96666700000000005       0.95014548721740621
        4330   4.8666669999999996       0.96666700000000005       0.95015176055834505
        4331   4.9000000000000004       0.96666700000000005       0.95015066754055511
        4332   4.9333330000000002       0.96666700000000005       0.95015069419165621
        4333   4.9666670000000002       0.96666700000000005       0.95015370449784020
        4334   5.0000000000000000       0.96666700000000005       0.95014723443659344
        4335   0.0000000000000000        1.0000000000000000        1.0000000000000000
        4336   3.3333000000000002E-002   1.0000000000000000        1.0000000000000000
        4337   6.6667000000000004E-002   1.0000000000000000        1.0000000000000000
        4338  0.10000000000000001        1.0000000000000000        1.0000000000000000
        4339  0.13333300000000001        1.0000000000000000        1.0000000000000000
        4340  0.16666700000000001        1.0000000000000000        1.0000000000000000
        4341  0.20000000000000001        1.0000000000000000        1.0000000000000000
        4342  0.23333300000000001        1.0000000000000000        1.0000000000000000
        4343  0.26666699999999999        1.0000000000000000        1.0000000000000000
        4344  0.29999999999999999        1.0000000000000000        1.0000000000000000
        4345  0.33333299999999999        1.0000000000000000        1.0000000000000000
        4346  0.36666700000000002        1.0000000000000000        1.0000000000000000
        4347  0.40000000000000002        1.0000000000000000        1.0000000000000000
        4348  0.43333300000000002        1.0000000000000000        1.0000000000000000
        4349  0.46666700000000000        1.0000000000000000        1.0000000000000000
        4350  0.50000000000000000        1.0000000000000000        1.0000000000000000
        4351  0.53333299999999995        1.0000000000000000        1.0000000000000000
        4352  0.56666700000000003        1.0000000000000000        1.0000000000000000
        4353  0.59999999999999998        1.0000000000000000        1.0000000000000000
        4354  0.63333300000000003        1.0000000000000000        1.0000000000000000
        4355  0.66666700000000001        1.0000000000000000        1.0000000000000000
        4356  0.69999999999999996        1.0000000000000000        1.0000000000000000
        4357  0.73333300000000001        1.0000000000000000        1.0000000000000000
        4358  0.76666699999999999        1.0000000000000000        1.0000000000000000
        4359  0.80000000000000004        1.0000000000000000        1.0000000000000000
        4360  0.83333299999999999        1.0000000000000000        1.0000000000000000
        4361  0.86666699999999997        1.0000000000000000        1.0000000000000000
        4362  0.90000000000000002        1.0000000000000000        1.0000000000000000
        4363  0.93333299999999997        1.0000000000000000        1.0000000000000000
        4364  0.96666700000000005        1.0000000000000000        1.0000000000000000
        4365   1.0000000000000000        1.0000000000000000        1.0000000000000000
        4366   1.0333330000000001        1.0000000000000000        1.0000000000000000
        4367   1.0666670000000000        1.0000000000000000        1.0000000000000000
        4368   1.1000000000000001        1.0000000000000000        1.0000000000000000
        4369   1.1333329999999999        1.0000000000000000        1.0000000000000000
        4370   1.1666669999999999        1.0000000000000000        1.0000000000000000
        4371   1.2000000000000000        1.0000000000000000        1.0000000000000000
        4372   1.2333330000000000        1.0000000000000000        1.0000000000000000
        4373   1.2666670000000000        1.0000000000000000        1.0000000000000000
        4374   1.3000000000000000        1.0000000000000000        1.0000000000000000
        4375   1.3333330000000001        1.0000000000000000        1.0000000000000000
        4376   1.3666670000000001        1.0000000000000000        1.0000000000000000
        4377   1.3999999999999999        1.0000000000000000        1.0000000000000000
        4378   1.4333330000000000        1.0000000000000000        1.0000000000000000
        4379   1.4666669999999999        1.0000000000000000        1.0000000000000000
        4380   1.5000000000000000        1.0000000000000000        1.0000000000000000
        4381   1.5333330000000001        1.0000000000000000        1.0000000000000000
        4382   1.5666670000000000        1.0000000000000000        1.0000000000000000
        4383   1.6000000000000001        1.0000000000000000        1.0000000000000000
        4384   1.6333329999999999        1.0000000000000000        1.0000000000000000
        4385   1.6666669999999999        1.0000000000000000        1.0000000000000000
        4386   1.7000000000000000        1.0000000000000000        1.0000000000000000
        4387   1.7333330000000000        1.0000000000000000        1.0000000000000000
        4388   1.7666670000000000        1.0000000000000000        1.0000000000000000
        4389   1.8000000000000000        1.0000000000000000        1.0000000000000000
        4390   1.8333330000000001        1.0000000000000000        1.0000000000000000
        4391   1.8666670000000001        1.0000000000000000        1.0000000000000000
        4392   1.8999999999999999        1.0000000000000000        1.0000000000000000
        4393   1.9333330000000000        1.0000000000000000        1.0000000000000000
        4394   1.9666669999999999        1.0000000000000000        1.0000000000000000
        4395   2.0000000000000000        1.0000000000000000        1.0000000000000000
        4396   2.0333329999999998        1.0000000000000000        1.0000000000000000
        4397   2.0666669999999998        1.0000000000000000        1.0000000000000000
        4398   2.1000000000000001        1.0000000000000000        1.0000000000000000
        4399   2.1333329999999999        1.0000000000000000        1.0000000000000000
        4400   2.1666669999999999        1.0000000000000000        1.0000000000000000
        4401   2.2000000000000002        1.0000000000000000        1.0000000000000000
        4402   2.2333330000000000        1.0000000000000000        1.0000000000000000
        4403   2.2666670000000000        1.0000000000000000        1.0000000000000000
        4404   2.2999999999999998        1.0000000000000000        1.0000000000000000
        4405   2.3333330000000001        1.0000000000000000        1.0000000000000000
        4406   2.3666670000000001        1.0000000000000000        1.0000000000000000
        4407   2.3999999999999999        1.0000000000000000        1.0000000000000000
        4408   2.4333330000000002        1.0000000000000000        1.0000000000000000
        4409   2.4666670000000002        1.0000000000000000        1.0000000000000000
        4410   2.5000000000000000        1.0000000000000000        1.0000000000000000
        4411   2.5333329999999998        1.0000000000000000        1.0000000000000000
        4412   2.5666669999999998        1.0000000000000000        1.0000000000000000
        4413   2.6000000000000001        1.0000000000000000        1.0000000000000000
        4414   2.6333329999999999        1.0000000000000000        1.0000000000000000
        4415   2.6666669999999999        1.0000000000000000        1.0000000000000000
        4416   2.7000000000000002        1.0000000000000000        1.0000000000000000
        4417   2.7333330000000000        1.0000000000000000        1.0000000000000000
        4418   2.7666670000000000        1.0000000000000000        1.0000000000000000
        4419   2.7999999999999998        1.0000000000000000        1.0000000000000000
        4420   2.8333330000000001        1.0000000000000000        1.0000000000000000
        4421   2.8666670000000001        1.0000000000000000        1.0000000000000000
        4422   2.8999999999999999        1.0000000000000000        1.0000000000000000
        4423   2.9333330000000002        1.0000000000000000        1.0000000000000000
        4424   2.9666670000000002        1.0000000000000000        1.0000000000000000
        4425   3.0000000000000000        1.0000000000000000        1.0000000000000000
        4426   3.0333329999999998        1.0000000000000000        1.0000000000000000
        4427   3.0666669999999998        1.0000000000000000        1.0000000000000000
        4428   3.1000000000000001        1.0000000000000000        1.0000000000000000
        4429   3.1333329999999999        1.0000000000000000        1.0000000000000000
        4430   3.1666669999999999        1.0000000000000000        1.0000000000000000
        4431   3.2000000000000002        1.0000000000000000        1.0000000000000000
        4432   3.2333330000000000        1.0000000000000000        1.0000000000000000
        4433   3.2666670000000000        1.0000000000000000        1.0000000000000000
        4434   3.2999999999999998        1.0000000000000000        1.0000000000000000
        4435   3.3333330000000001        1.0000000000000000        1.0000000000000000
        4436   3.3666670000000001        1.0000000000000000        1.0000000000000000
        4437   3.3999999999999999        1.0000000000000000        1.0000000000000000
        4438   3.4333330000000002        1.0000000000000000        1.0000000000000000
        4439   3.4666670000000002        1.0000000000000000        1.0000000000000000
        4440   3.5000000000000000        1.0000000000000000        1.0000000000000000
        4441   3.5333329999999998        1.0000000000000000        1.0000000000000000
        4442   3.5666669999999998        1.0000000000000000        1.0000000000000000
        4443   3.6000000000000001        1.0000000000000000        1.0000000000000000
        4444   3.6333329999999999        1.0000000000000000        1.0000000000000000
        4445   3.6666669999999999        1.0000000000000000        1.0000000000000000
        4446   3.7000000000000002        1.0000000000000000        1.0000000000000000
        4447   3.7333330000000000        1.0000000000000000        1.0000000000000000
        4448   3.7666670000000000        1.0000000000000000        1.0000000000000000
        4449   3.7999999999999998        1.0000000000000000        1.0000000000000000
        4450   3.8333330000000001        1.0000000000000000        1.0000000000000000
        4451   3.8666670000000001        1.0000000000000000        1.0000000000000000
        4452   3.8999999999999999        1.0000000000000000        1.0000000000000000
        4453   3.9333330000000002        1.0000000000000000        1.0000000000000000
        4454   3.9666670000000002        1.0000000000000000        1.0000000000000000
        4455   4.0000000000000000        1.0000000000000000        1.0000000000000000
        4456   4.0333329999999998        1.0000000000000000        1.0000000000000000
        4457   4.0666669999999998        1.0000000000000000        1.0000000000000000
        4458   4.0999999999999996        1.0000000000000000        1.0000000000000000
        4459   4.1333330000000004        1.0000000000000000        1.0000000000000000
        4460   4.1666670000000003        1.0000000000000000        1.0000000000000000
        4461   4.2000000000000002        1.0000000000000000        1.0000000000000000
        4462   4.2333330000000000        1.0000000000000000        1.0000000000000000
        4463   4.2666670000000000        1.0000000000000000        1.0000000000000000
        4464   4.2999999999999998        1.0000000000000000        1.0000000000000000
        4465   4.3333329999999997        1.0000000000000000        1.0000000000000000
        4466   4.3666669999999996        1.0000000000000000        1.0000000000000000
        4467   4.4000000000000004        1.0000000000000000        1.0000000000000000
        4468   4.4333330000000002        1.0000000000000000        1.0000000000000000
        4469   4.4666670000000002        1.0000000000000000        1.0000000000000000
        4470   4.5000000000000000        1.0000000000000000        1.0000000000000000
        4471   4.5333329999999998        1.0000000000000000        1.0000000000000000
        4472   4.5666669999999998        1.0000000000000000        1.0000000000000000
        4473   4.5999999999999996        1.0000000000000000        1.0000000000000000
        4474   4.6333330000000004        1.0000000000000000        1.0000000000000000
        4475   4.6666670000000003        1.0000000000000000        1.0000000000000000
        4476   4.7000000000000002        1.0000000000000000        1.0000000000000000
        4477   4.7333330000000000        1.0000000000000000        1.0000000000000000
        4478   4.7666670000000000        1.0000000000000000        1.0000000000000000
        4479   4.7999999999999998        1.0000000000000000        1.0000000000000000
        4480   4.8333329999999997        1.0000000000000000        1.0000000000000000
        4481   4.8666669999999996        1.0000000000000000        1.0000000000000000
        4482   4.9000000000000004        1.0000000000000000        1.0000000000000000
        4483   4.9333330000000002        1.0000000000000000        1.0000000000000000
        4484   4.9666670000000002        1.0000000000000000        1.0000000000000000
        4485   5.0000000000000000        1.0000000000000000        1.0000000000000000
